mean_R,mean_G,mean_B,std_R,std_G,std_B,mean_L,std_L,fundus_pixels,image,mask_touches_border,outlier_mean_R,outlier_mean_G,outlier_mean_B,outlier_mean_L,color_outlier_feature_count,color_outlier,outlier_features
127.96132912589637,68.93397791955427,12.327006414335093,26.205648296290583,17.690272005501104,12.41358808145412,90.96368936045812,19.866538644366695,232604,1b3647865779.png,False,False,False,False,False,0,False,
159.93676619064632,72.10534486471951,3.0789797038805764,20.069064561484996,14.004084950355148,6.994128525397439,105.73399920573365,14.55915760555467,803257,1b398c0494d1.png,False,False,False,False,False,0,False,
149.20963649943982,74.71809784638367,11.027780405825968,21.482885298922483,20.847425581094644,14.42189237839514,102.81627038466327,19.533532737707187,803300,1b862fb6f65d.png,False,False,False,False,False,0,False,
90.00459207713625,35.40419596056937,11.154764978823204,19.326986838977227,13.843338720881471,5.802915694729962,55.18311606375134,15.963547212662935,375647,1b8701231c8f.png,False,False,True,False,True,2,True,"mean_G,mean_L"
162.28010581471491,81.89816141341421,6.194501014533992,18.771953833576205,11.94051450555149,9.332369908641198,111.9172940458721,13.270011363927054,804803,1c13a1483f4a.png,False,False,False,False,False,0,False,
105.91504251129334,76.66438978798989,51.35031653883442,36.291322500933084,20.81185326043084,12.737798256075767,89.52027220247325,24.64769048760626,860242,1c47815f4a6b.png,False,False,False,False,False,0,False,
151.75749448774883,81.95630073600199,6.999874538057824,20.104957304499482,11.95598065299764,8.744341872430217,107.89976460358373,13.883642142898472,805025,1c7a013eeba7.png,False,False,False,False,False,0,False,
124.4315770339011,65.77578397997722,30.55924926612203,21.131943594664975,13.60323101541923,6.702309301290792,88.0934986073595,15.804358599758556,3328210,1c9c583c10bf.png,False,False,False,False,False,0,False,
167.23228573877591,87.35944804077582,5.584400741875335,20.94668851266252,12.403807893471468,9.52686924864889,116.90815379627249,13.953130832316319,804987,1ca35d483772.png,False,False,False,False,False,0,False,
84.61425814549216,56.41284421482071,47.35879198643183,22.054261221316473,14.600024138289246,11.344081603429741,67.97388256965195,17.14532990353858,2472257,1ca62b3e4fd3.png,False,False,False,False,False,0,False,
175.99356070439734,93.60802154381615,31.657071486863664,20.512871652968865,13.67288372791068,15.094844112922317,124.02977428927393,14.626419479998082,805057,1ca91751be4d.png,False,False,False,False,False,0,False,
145.81653352783468,54.005446701733334,23.986469128303682,21.51127966224846,15.643324622983496,11.535472260613748,90.97259721541108,16.01827123881371,803422,1caba2fb38f6.png,False,False,False,False,False,0,False,
156.2114724852477,99.05743961849869,15.460644812680115,22.13234065963199,14.373041816518077,9.063961143513017,120.0116517428297,15.561573040735823,233184,1cb6961d141c.png,False,False,False,False,False,0,False,
105.46011646349739,70.9261130961134,49.37362280953939,22.868164749003025,13.846220233414243,8.665850808299334,85.30190168712424,16.433541110277645,3175759,1cc58b15f466.png,False,False,False,False,False,0,False,
82.30619015956093,37.564821751305566,0.5232936666682514,20.910800887497576,14.575626598582758,4.536201128263766,52.662718790942115,16.868954511086564,1472353,1d0b93317aa8.png,False,False,True,False,True,2,True,"mean_G,mean_L"
120.32510815193234,38.3449868214288,7.882382034571055,25.009683027803533,16.935554395990565,7.61377446740777,71.35244445279191,18.94483469518548,798645,1d2472849dce.png,False,False,True,False,False,1,False,mean_G
75.48193258976887,60.716391636532094,50.21520382233699,19.736112354603655,11.567780693477903,9.505544584147735,68.63686577537615,14.163469890124553,4012833,1d29cb2f4296.png,False,False,False,False,False,0,False,
175.03493117752956,98.09554762907553,35.04114936445284,18.27150454991025,8.737201585856075,10.15324408540523,126.33864208712419,10.804433725016159,804897,1d37f1c8b6d8.png,False,False,False,False,False,0,False,
183.86149405506688,92.06428032698685,5.199568093061283,19.050845822778932,12.62208372489324,9.103214152593791,125.84008633168614,13.425327664651117,804803,1d3e9b939732.png,False,False,False,False,False,0,False,
186.01316577420516,81.02843369901477,23.979598454447192,24.149435983813017,17.778781638586153,17.47462856044296,121.26548348221496,17.86839341161107,804890,1d46f1326394.png,False,False,False,False,False,0,False,
144.64316972655033,80.30762818547589,17.41795152840442,36.06242291764941,27.331134043932305,19.17302876511814,104.21644686329144,28.21976678932603,1474348,1d74c4713e21.png,False,False,False,False,False,0,False,
172.8320445817788,89.27599196196589,29.29540396337677,20.361383042104993,17.141330961867787,19.029406094365548,120.43371850983392,16.567733568093875,805172,1da4a17c18c9.png,False,False,False,False,False,0,False,
132.13312816098139,83.38137092435166,26.11275583772732,31.416331346930967,26.465569955784392,20.848656787015546,101.68473474658344,27.03082280111738,232325,1db0393cdbc1.png,False,False,False,False,False,0,False,
184.83103691213876,92.97981990623792,27.646851465513922,21.264316880643822,14.077621402422023,16.43514214421858,127.01603125236859,14.73159743048909,804803,1db6bb46c102.png,False,False,False,False,False,0,False,
163.21965067037323,98.35190944147281,24.444834826957713,20.134239635657426,10.918141178412027,13.963615079115847,122.40977679464783,11.185898809517742,1479176,1df0431bfa73.png,False,False,False,False,False,0,False,
119.45717679956083,70.32894736842105,7.481253859877857,21.88880407305231,11.874468812376774,7.2143770754962375,88.68689957455568,14.93150965962136,233168,1df0a4c23c95.png,False,False,False,False,False,0,False,
163.0180127132488,79.44938738141113,16.604119072730366,19.77180993527026,15.935814502968324,14.512170771450183,111.00075529170036,15.802192620939799,804987,1df1530b9b8d.png,False,False,False,False,False,0,False,
136.00147604317746,87.7742980238135,24.392516247170917,27.651217185502997,29.482817498555438,24.593313392145465,106.4098394321726,26.986391322802085,233733,1dfe599d12a9.png,False,False,False,False,False,0,False,
49.327332821746595,41.50113592449567,36.818964385669084,17.868150309915436,12.264615713981495,9.995463645979866,44.638915992990775,14.772616163441471,4357684,1e036f2e7095.png,False,True,True,False,True,3,True,"mean_R,mean_G,mean_L"
133.64709025581956,115.75151640413415,102.44560416086424,23.872699185718517,34.291349103168386,41.29528563739982,127.85957713339441,30.28305627645521,793489,1e742358e0b9.png,False,False,False,True,False,1,False,mean_B
93.80210676117315,78.80683776494757,68.04711003904234,23.475151684334737,19.43732000614597,19.277900810421425,88.385735832952,20.672013738557087,2465016,1e7ccd4a1c87.png,False,False,False,True,False,1,False,mean_B
169.57689290451586,91.31571464631466,18.432074201659045,20.64391621297558,15.15227637705062,16.305638919607684,120.15231335748649,15.576100417708194,808176,1e8c31e29dd3.png,False,False,False,False,False,0,False,
97.30211608238585,45.07257611534233,15.865008904636534,24.17082539559509,22.50822635117325,12.844513090068839,64.14006500783981,22.498222713406673,375647,1ec95179cdfe.png,False,False,False,False,False,0,False,
140.75301336765722,71.6010706834987,3.8038035696660857,27.544425084278245,21.554429616996867,8.770261519369257,97.86971097359323,21.260425945611388,1479242,1ee355480567.png,False,False,False,False,False,0,False,
152.37797598706715,81.98035373162709,0.27110199237102506,19.715440146754702,9.549144421139236,1.4557362901598048,108.14068536264021,12.042642110513528,1477787,1eee55494271.png,False,False,False,False,False,0,False,
92.52485048043742,56.94181139056417,6.701068098670357,17.813808876357648,13.37623329082872,9.146289610393286,70.04345279742229,14.468493151999033,1473553,1f15ca672675.png,False,False,False,False,False,0,False,
176.90379526575074,88.67610670357546,1.8032179850688679,20.892733379731506,9.551658700020674,3.5253734662238467,121.32269467353396,12.408310217903798,803422,1f31701dd61b.png,False,False,False,False,False,0,False,
185.00852240266676,98.5909818026459,35.25267272085964,19.86350689257413,14.987022252323696,13.906006707430917,130.17079704709056,15.190920686486853,805172,1f3f32efaf20.png,False,False,False,False,False,0,False,
96.01201445177675,39.438005590244245,17.01820999195629,27.57036684013914,26.27644208239996,13.871798930262518,60.382156951891076,26.096613921567645,371719,1f4fb37e0854.png,False,False,True,False,False,1,False,mean_G
138.20751536790385,84.55244621488002,32.722923967961236,27.726482843415216,21.01736987604453,16.568779462549962,104.811229303437,22.288907366574925,1474339,1f5496352859.png,False,False,False,False,False,0,False,
131.95466607029962,74.57816350491788,17.904179873472707,27.727437421009093,19.453564096748426,13.149912407223042,95.9909383749285,21.29532268121433,232519,1f9ccda4ddf2.png,False,False,False,False,False,0,False,
167.826000916785,92.36937490916003,15.805219214720237,19.630296935248847,9.52682314665367,11.253907070753371,120.12500450317832,11.78721859481898,804987,1faf8664816c.png,False,False,False,False,False,0,False,
181.53957676599117,91.45630297103763,20.84015964155203,21.91258057564058,15.992649775574302,16.24037392235749,124.76065695580161,16.4072680788963,804803,1fb455685328.png,False,False,False,False,False,0,False,
73.65933698132874,57.39812156690088,46.921556118628736,21.561497797486943,12.597905504941677,8.610285094665441,65.22836585979478,15.89498204767214,2671056,1fddd7c98fd2.png,False,False,False,False,False,0,False,
192.72811759221605,95.4843277327594,23.40955436755502,22.706328249302395,14.054811696556522,14.522448752587069,131.31551828451842,15.00691246790449,806584,201f6e10c108.png,False,False,False,False,False,0,False,
107.38908955402654,50.53636593513355,26.165932471818895,27.404144903200727,29.74598900989055,19.464227478088464,72.01101159184977,28.051430382363957,375695,201f882365d3.png,False,False,False,False,False,0,False,
160.3625108072386,86.23738658610512,39.86932309419937,19.341898742724158,15.056919337574715,15.502713079955472,114.23692199906586,15.034812029992075,805016,207dd0487264.png,False,False,False,False,False,0,False,
84.05874182646785,70.70676444626152,64.13613518452797,23.26976662772254,14.09788756471189,13.272297250953274,79.63438536408833,16.42056425927258,3429209,20f86e068276.png,False,False,False,False,False,0,False,
151.36001490636937,87.10782025402938,13.675400142852707,22.067092928540646,12.786375519376334,10.675857371039916,110.87965218471476,14.967771443095605,805025,21037f5c7790.png,False,False,False,False,False,0,False,
105.06226926168611,80.34696416827029,65.13540593866465,30.405605377860248,22.458972166778032,22.85752307474957,92.48257764353397,24.219995988968343,2052650,210bfe0127c6.png,False,False,False,False,False,0,False,
89.60380335906993,41.88660642971246,18.121552737841675,17.31181662294063,21.802729434565492,9.54368701391499,59.330421325878596,20.45246983953899,360576,215d2b7c3fde.png,False,False,True,False,False,1,False,mean_G
134.8144216939572,87.3458106191664,62.8927450238373,27.558417311202778,21.710229702027082,20.30488071846286,106.49928682963872,22.43493537718569,3181568,218c822a3dd9.png,False,False,False,False,False,0,False,
105.43988952082721,83.33466505250895,75.00222815877031,26.45663111199299,21.06575517129913,21.241037875532786,95.26205696117232,22.08861822055101,3413132,2209daf71aab.png,False,False,False,True,False,1,False,mean_B
139.56616558428297,86.05767103704612,65.2768683576359,32.653508011191455,29.37073950871154,30.426702032685427,107.24161646857003,28.968149143109997,3060375,2221cf5c7935.png,False,False,False,False,False,0,False,
165.69242136477916,87.044763685231,34.06606077586421,20.381282168199547,13.68916533621414,18.06530780058309,116.71075057398876,13.933674952509541,806636,22449af52060.png,False,False,False,False,False,0,False,
185.55899023298971,94.27440665691995,26.318166291330925,23.85638064683496,11.857255090470735,15.036989337892352,127.94125384910633,14.49856458014671,805057,224c14366e11.png,False,False,False,False,False,0,False,
85.70883676468895,39.4889145244812,0.03395474821493007,20.00545725401127,9.496077546094641,0.5239846384937284,55.50642097117824,13.394995787017244,1477113,226c6ceb9185.png,False,False,True,False,True,2,True,"mean_G,mean_L"
149.4202364175374,69.123759588969,1.8208211790993585,28.29229022234904,20.3327790661884,6.942229089292813,99.53709296758004,21.77294698922762,1472395,22d843b2bbd1.png,False,False,False,False,False,0,False,
81.5771373026409,54.93709590248663,41.06537892422565,20.18757063758513,13.678469690577147,11.026437101215285,65.91239617166634,15.157376542516555,3811580,233d948e2544.png,False,False,False,False,False,0,False,
100.79391199808096,76.10741678890584,58.2145922947469,25.675298111035563,16.91634739600397,11.370058585956672,87.91195506149678,19.02202974371718,2138567,237aa50edc34.png,False,False,False,False,False,0,False,
142.1463235005701,89.22376716247527,26.378851285824616,25.68602557843951,17.518632404053047,10.940265066038162,109.04061171518576,19.15486781713146,1478662,2399d68d407f.png,False,False,False,False,False,0,False,
162.6559991055845,78.43119895154628,32.048422661010314,21.941110727870974,16.05253195551749,17.48495214977839,110.54483443996547,16.779678570048052,804995,2408799a09b2.png,False,False,False,False,False,0,False,
121.58948777223506,101.56857171299318,65.87181585904058,24.707251500544412,33.932716526167155,23.840829577665325,112.50715083675298,30.37126463858806,90409,240b25a7debe.png,False,False,False,False,False,0,False,
163.98782526049527,62.5811682561223,5.0426808125307145,22.70868122219454,21.74572918177221,11.750758410748073,102.98834413065549,19.49685149139502,801742,242fc19be06f.png,False,False,False,False,False,0,False,
134.42988623016316,89.5764538447689,20.37426589734137,28.97550301301744,24.302622854872546,17.03288342977789,106.6645890311131,23.945749594023454,233278,248dec89b3a2.png,False,False,False,False,False,0,False,
157.62808550549843,72.01803627710088,6.780888106733452,19.66068461288892,16.06030752046486,10.397217043400948,104.86596705052428,15.226496764027365,801773,24de56d433cd.png,False,False,False,False,False,0,False,
104.73446681753087,83.5542991391473,65.12998039393543,30.480412184949625,23.888578042834048,22.384693055302353,94.55699521844485,25.357856556331924,2546661,24f271c87e73.png,False,False,False,False,False,0,False,
94.86364163975036,71.73529409791321,62.68067231965175,15.302283786054323,11.084970745717447,9.759191343882073,83.35708477196391,12.199092409020732,2980844,24f3e70f0419.png,False,False,False,False,False,0,False,
172.9675078770289,87.06127806657456,42.99857741355147,24.720297898323814,17.84865004258839,16.482945576266513,119.50605810613365,18.385187475360503,804872,252305189b3a.png,False,False,False,False,False,0,False,
115.65974805208381,49.299600894218045,19.54299173731474,21.319479532826147,12.07134201832887,7.3061582202190145,74.659177600571,15.754942170044755,3328942,253e96488cfb.png,False,False,False,False,False,0,False,
90.88048257004945,39.4358713209907,0.049141725755560396,19.118951140989005,11.27639839714518,0.6394413260095837,57.82078869838761,14.028394647118228,1472781,2585bbc91909.png,False,False,True,False,False,1,False,mean_G
180.05150727967728,82.09020650957616,39.98983944505919,32.15789492385345,16.358379222001428,18.7010107281639,119.77215985541467,19.56670750739313,803401,25a0a1e41afd.png,False,False,False,False,False,0,False,
157.71174229373975,94.79039580082281,19.58986617487114,18.092011208162276,16.188475770449703,15.496255322354209,118.30310547257632,13.801168195597862,1480290,25b4080f598b.png,False,False,False,False,False,0,False,
78.68469841563346,45.22406488656001,2.598469202541404,23.25730981494784,13.859191463783036,6.244241965635347,56.207251811355285,17.741155996264535,1470998,260a455692b5.png,False,False,False,False,True,1,False,mean_L
150.76736411866608,109.14241554785622,54.27738739714162,25.969811269267137,24.493415347349465,21.52812208685667,125.64483948679081,23.40528913109144,1477760,263d8851e33b.png,False,False,False,False,False,0,False,
172.04783824077526,80.16655112436328,12.417541309479438,21.697038271007308,16.61386989680894,13.55172428612538,114.94283886197043,16.694238706952817,804900,266fbefa58fb.png,False,False,False,False,False,0,False,
61.26472524159813,50.71578015697887,44.67468557574754,15.230875416687509,10.480091009324633,8.393536224067738,56.23784791987538,12.405062954132525,3526207,2682e6da9050.png,False,True,False,False,True,2,True,"mean_R,mean_L"
158.63848079252196,75.84412409552499,16.805445793608893,18.093383509062406,15.114869507576051,15.016111373774216,107.35763361386293,14.64082410404828,805025,26cd40b57ad1.png,False,False,False,False,False,0,False,
89.27394921722245,36.76286627381707,12.818101646462331,16.071767058688426,13.029381382325697,6.771048475493817,55.71812457018029,14.219864325708867,370795,26d60db3bbfd.png,False,False,True,False,True,2,True,"mean_G,mean_L"
139.9165983281024,70.05565693038912,2.1284020797822327,29.80332502960751,14.656808803909255,4.724208023766563,96.42969571807015,18.447050868424025,232909,26d9576e8043.png,False,False,False,False,False,0,False,
152.24190925191448,73.53403926264062,9.299249170595425,23.088094733933996,24.074457120462654,16.3233302198552,103.42681034697797,21.798443856433337,801780,26fc2358a38d.png,False,False,False,False,False,0,False,
169.99670279020478,83.396102484337,14.068709677820115,31.485782644763116,17.778178778688627,16.167136665872818,115.76346681608054,20.958879212251095,804923,274f4de2a59d.png,False,False,False,False,False,0,False,
81.75213169306353,74.28393391431204,72.88081224274694,16.071149282566907,13.391430623683824,12.83913451366289,82.22118488225401,14.666427272866658,2341566,276b14f72328.png,False,False,False,True,False,1,False,mean_B
173.34980749089635,92.06956542265657,13.842321439886097,23.01544843789611,13.33003948442815,12.799524811277962,121.9046536389128,15.330302700333274,804897,27933cdbe0cc.png,False,False,False,False,False,0,False,
83.75568131859347,31.802432129258825,10.708973139466414,14.926494647535296,11.63185875628041,5.574371795349659,50.305417669173934,13.19355232618835,375309,27f82ada84ac.png,False,False,True,False,True,2,True,"mean_G,mean_L"
180.6310428618636,93.12629478805106,56.4902951458337,24.67348090719301,16.1038565133641,18.81599139591694,126.09159359867223,17.281589792583095,804958,2821998fc002.png,False,False,False,False,False,0,False,
127.26883580658529,76.80953003247413,12.936898219746112,28.25535068272185,17.586885528249972,13.339197629987494,95.99025031350128,19.15742019375443,1476868,283c3aeba594.png,False,False,False,False,False,0,False,
180.9841508027701,91.58076208813391,19.657225552001492,16.806606480880575,8.408599107035545,8.332363486720348,124.61723424738362,10.321122582834562,805025,28503940d10b.png,False,False,False,False,False,0,False,
61.94101886087088,63.259264941210795,60.821842958289075,19.44309043419766,14.570505472766225,16.673447467311757,67.92729195825716,15.917878593590189,4386860,286e9981dd9b.png,False,True,False,False,False,1,False,mean_R
222.1764185439314,85.5893111918182,40.715944736956075,19.56194602209155,14.67731619696946,15.208258748037366,138.8974812376645,13.403510148800828,808135,28751f290ba3.png,False,False,False,False,False,0,False,
128.94811273757261,77.45769833217093,6.13858089143827,28.661182698054358,18.57263576677718,9.501780729878682,96.52035290983882,21.199620588747866,1475391,289a47dcbb82.png,False,False,False,False,False,0,False,
162.89491427315085,84.33354656875227,20.8407876709351,19.63572706317824,16.1828395168396,15.142464423131853,113.7066692172107,15.912387295091966,805057,28dc010a0780.png,False,False,False,False,False,0,False,
122.16669737862705,84.07885545808675,22.993391928896813,24.15475596314959,16.78701455367439,16.625257388957102,99.2736478523769,17.512411009160257,233351,28f73575e1f2.png,False,False,False,False,False,0,False,
133.5724645603747,45.19585284945769,3.2071314092608927,20.868421266114822,14.072696980470914,5.059620126517439,80.93652176073749,14.942259697986117,804890,29192375ab1b.png,False,False,False,False,False,0,False,
142.52506612868686,74.55588163122734,18.060877737241075,21.682770616557722,7.711438940258704,4.307188222120161,100.24687422379323,12.043111538431853,3329493,291f581d365e.png,False,False,False,False,False,0,False,
147.92345818748527,71.99287843804265,32.236278984733204,20.45063522663285,12.30599806127418,7.067276026362828,101.25785696482666,13.735614411046873,2920848,2923971566fe.png,False,False,False,False,False,0,False,
168.08612622686047,75.06168840849794,2.878873151944341,24.54544418530988,14.85888339296533,6.041498282772573,110.66164616722574,16.44209646576055,804900,2927665214e1.png,False,False,False,False,False,0,False,
170.69166365385883,61.81098699585164,4.987377266904958,18.156613689662183,15.663542391968013,7.3202680554087385,105.57184832345008,14.339169273407412,804897,2974c6ad1d58.png,False,False,False,False,False,0,False,
152.80535014440545,71.5746169373622,1.8633880935374678,21.85589906436224,14.367304221900401,4.457467911070604,102.38640042234714,15.851599981210622,805025,29a13e666266.png,False,False,False,False,False,0,False,
158.8615355944838,83.42060380171449,29.13209715492608,20.975537584733654,14.11158472108046,13.663664802333997,111.76851907069201,15.249430667238254,804900,29d059522fa1.png,False,False,False,False,False,0,False,
153.75701275514584,89.82594290226777,15.981545381195172,22.52538484276418,13.714585228395363,9.13354355375609,113.55715352526137,14.762634676657607,233004,29f9e1ac9507.png,False,False,False,False,False,0,False,
96.15465456666432,71.39019096785063,50.69614928199348,19.68974240932619,11.005754118873114,8.16628141404177,82.90459321815074,13.133704090055438,4368484,2a2274bcb00a.png,False,False,False,False,False,0,False,
158.5478642724489,81.0656264945745,12.587975080590562,25.25478741988759,21.208657820012995,15.991204297885561,110.01022490822925,21.10042550507238,804995,2a2a6435f7f3.png,False,False,False,False,False,0,False,
157.84783853936926,82.70577520213021,29.054151140092667,25.155753432468344,17.22410136310295,16.058636087531845,110.88295769275214,18.695553370909654,804803,2a4520f1f9a3.png,False,False,False,False,False,0,False,
98.96691973823889,38.58824493744877,17.109563417944344,26.355221730287546,23.168695467788677,12.363527474667762,61.244279014767734,23.676264118929513,372095,2a7373eeb352.png,False,False,True,False,False,1,False,mean_G
164.73668662942438,82.94934652092735,21.54784540105019,20.777733811023307,17.294777787294514,16.272999920837595,113.62502562114985,17.04294097858721,804999,2a93334f663a.png,False,False,False,False,False,0,False,
114.64940563356016,68.55194245843742,8.98831940735636,27.394310665134263,21.814498851120884,12.090007635083905,85.54679128262555,22.99151650982957,232180,2b10f138e67d.png,False,False,False,False,False,0,False,
137.9938492000301,87.73876277915599,31.42018562852746,29.127157534737535,23.019600077678373,19.688638355127154,106.83957098221032,23.84010495952965,1475743,2b2f5a0f880d.png,False,False,False,False,False,0,False,
195.08665850277953,97.4545078567064,19.882277327080423,27.921549570334,16.3652737651009,15.442328709282654,133.25282299930947,17.77642802376427,805172,2b3a4a81d748.png,False,False,False,False,False,0,False,
179.5647132490244,89.77815422345965,4.370482185919441,20.631750946213355,12.20379187604504,7.901457591334299,122.93029045952464,13.70543679056089,804897,2b4c7b5f1f1e.png,False,False,False,False,False,0,False,
166.61836126745573,104.52736305590847,18.122236474402346,22.3221224525366,20.890069053929558,13.637581721509282,126.93435266552679,19.400436540922318,1475018,2b5bb6d33959.png,False,False,False,False,False,0,False,
67.60498874927991,51.09774931054463,39.51453782679639,21.07729966815294,12.491412484444528,10.197801367851419,58.36905718420259,15.035583631464998,2383403,2bb3c492d6d3.png,False,False,False,False,False,0,False,
44.15121186487076,38.116814710227125,34.05197474095911,14.506748269053277,11.040790611742242,10.100553535292697,40.126436320705615,12.815498524221844,3890409,2c77bf969079.png,False,True,True,False,True,3,True,"mean_R,mean_G,mean_L"
130.95265518600573,73.72452462180419,5.180868661057725,35.22806005115205,24.849684962067847,9.13789154156748,94.62864230084406,27.742272624581876,1471460,2c8101f14723.png,False,False,False,False,False,0,False,
184.35083104178932,91.25153204311331,28.074857104531667,18.959453775187065,12.675109920656512,14.516518183402397,125.93308318863693,12.937378912655893,805134,2c827005b8f8.png,False,False,False,False,False,0,False,
171.82187939160266,87.5433553304349,32.75729215721115,18.604080901557133,17.85661869614435,18.55356461169696,119.16147429867931,16.41922710364248,804803,2c9dfc270f1b.png,False,False,False,False,False,0,False,
169.96115369802084,86.51665320727056,30.802534507820944,21.116140906116865,13.836387722826254,15.15276306372899,117.81927716830872,14.781796630636123,804890,2cacdb0dffae.png,False,False,False,False,False,0,False,
125.16550201648406,82.62355957754767,35.86715686485047,34.26581845621091,28.90180558196241,23.637781191130884,99.13890761968982,29.754157557184755,232831,2cdcc910778d.png,False,False,False,False,False,0,False,
166.90005836532353,104.77829447169891,19.35880438533044,24.233163832630247,21.46417138756905,14.277958899937433,127.14133491866477,20.543668052588764,1475191,2cf18033da31.png,False,False,False,False,False,0,False,
88.19794144454572,62.94727911703842,39.82947205176062,21.64391921250356,12.055564751923749,6.755357671612775,73.57534972148899,15.351126320763514,4138436,2cfe8703f265.png,False,False,False,False,False,0,False,
132.87813097978642,68.00833574188779,14.794663906812971,28.762904264007403,21.920189137524325,17.99432126429556,92.63625908961379,22.815381226905476,1477373,2d04cead4d3a.png,False,False,False,False,False,0,False,
78.97433990656587,60.76152524055335,40.21335722255412,14.450655941682024,7.440074037435263,5.35030194238033,69.29731398030161,9.111113000934647,3426371,2d07162a13b1.png,False,False,False,False,False,0,False,
144.72327418710609,82.94269427877032,19.301280185224048,27.488733675370554,21.819870555404748,15.230816144917934,105.98965561595797,21.943363786624502,1477130,2d3f4094c08a.png,False,False,False,False,False,0,False,
79.55248398443047,35.97126811242186,0.658377999373577,26.499393000035973,17.00009002172814,3.9148306368210437,50.41242817707523,20.687061239743716,1471849,2d558de2cabe.png,False,False,True,False,True,2,True,"mean_G,mean_L"
176.1738423884009,94.24749220390363,21.24615040564549,20.383602084265224,13.317091829294563,13.642880872744957,124.25439873771572,14.559972645171142,804890,2da82d14e1b7.png,False,False,False,False,False,0,False,
109.3315600854182,82.06596775300595,65.18046023726767,36.13225883562647,27.279395853964665,26.832197669868002,94.75255865175575,29.09324826669818,1296679,2db0cd3e30da.png,False,False,False,False,False,0,False,
84.3398138143725,63.21415380252042,55.249123941395304,31.07027662024362,19.51251850136235,16.335667382564218,73.19772872008602,22.874752433827958,1537283,2dc647e00ad3.png,False,False,False,False,False,0,False,
206.4152017361771,95.06608429701349,18.09704504544794,24.122183927430175,15.909667440390901,14.083761559114592,136.55818044266553,15.271483258434113,804987,2dd28ac497d2.png,False,False,False,False,False,0,False,
165.1775270904996,75.65790379223516,4.056041898813273,23.843546096761496,14.245547879570942,8.154070670119523,109.73523050682806,15.884596869538223,804987,2eba4279e503.png,False,False,False,False,False,0,False,
84.89551711534463,48.190102408091555,4.854568145471937,18.81806834146682,13.901639939846948,8.385739840639504,60.869862781037995,15.954712377714735,1471954,2ef10194e80d.png,False,False,False,False,False,0,False,
182.05107982760526,91.82982915826497,39.77688449578021,22.089826213573954,18.15639011489798,18.625250192041044,125.4818169281287,17.811243287399385,804897,2ef4a04aed1b.png,False,False,False,False,False,0,False,
115.32848995402288,65.2076854188716,1.98483997994661,21.351776681621892,13.108968379618645,4.54248484791268,83.89852898957481,14.726793323693913,233377,2ef955d6d9ff.png,False,False,False,False,False,0,False,
105.35260881117065,81.36522989283736,63.02365902154495,37.276402098963565,29.349555812720702,28.75083596652142,93.33501253435303,29.67354106896786,2179211,2f143453bb71.png,False,False,False,False,False,0,False,
157.75533584761476,92.4901338052071,34.079625987652605,24.52431724364857,18.218881679226044,15.634563342914708,116.8466222839765,18.376754048937126,1476101,2f7fbdcc9a4b.png,False,False,False,False,False,0,False,
143.5884053749577,96.96139265719438,47.46862109289664,24.359090117730098,25.894051520777186,23.69262739089569,115.34070241119197,23.40774150046589,233453,2f81ee5f2926.png,False,False,False,False,False,0,False,
60.64810521521823,37.18585336185173,29.396669516957097,12.87385372572025,7.694271034984293,5.233583267659144,44.633838562803014,9.842346035414808,3442924,2f8d14a7d390.png,False,True,True,False,True,3,True,"mean_R,mean_G,mean_L"
168.68387317164064,99.10183410453091,44.35012328809664,21.659257364055094,14.782329211172396,18.326082312964235,125.00050930095338,15.070554142941116,805025,2fdfb80ea53c.png,False,False,False,False,False,0,False,
146.61945473241974,95.46161714560755,20.681058474136243,24.85859217414325,18.754719436220928,14.933963627184118,114.67632717137958,18.95731776667806,1477183,2fefb720869a.png,False,False,False,False,False,0,False,
61.13136799682385,51.11130964877811,48.169226616428446,14.855217323246341,9.982108823763374,7.886867467309673,56.76230669477486,12.018989015185445,1967161,30263a7d5609.png,False,True,False,False,True,2,True,"mean_R,mean_L"
103.97097570433364,92.62780055357214,88.21958308262131,31.2909188573145,22.63745227408076,21.880092426403735,102.52344070493535,24.54237572988544,1869675,306c841af3fc.png,False,False,False,True,False,1,False,mean_B
192.90780479320156,69.43157201605189,1.1757730870056777,14.767270315524343,8.658539347600588,1.9011645865812867,118.79524655542994,8.775410781211876,804890,3079490a4b9c.png,False,False,False,False,False,0,False,
152.6154766869772,91.75743809359116,17.76649543437056,25.399622687975125,21.576086513023448,14.296221379210097,114.14128868408828,21.127707060511938,1474605,30db694bee42.png,False,False,False,False,False,0,False,
167.60217714556168,70.96827822146363,1.8604172179095875,17.56381981091915,11.580436172133206,4.923837841184063,108.40027503139756,12.063613351438804,804999,3132556f5352.png,False,False,False,False,False,0,False,
84.37176333561598,49.12355125512523,29.333523634061013,18.697662426770382,12.095966506257058,7.905231302229029,61.980527722780785,14.63249645523316,2792072,31360e44ac64.png,False,False,False,False,False,0,False,
169.54689709152802,92.22004497508976,14.1952999788791,19.389979134314824,16.011178112195907,14.666561567129088,120.60502553143908,15.656388521908196,804890,315c1a0d87fd.png,False,False,False,False,False,0,False,
173.72799354592834,101.28352009225759,40.36659028028687,18.6344265721075,10.690601468784754,8.350441641566148,127.80719822018085,12.0768249884823,808172,3178559fbf57.png,False,False,False,False,False,0,False,
145.1477162300056,88.09428432412707,17.029378492894264,26.12207454253431,21.142859357210362,19.03815119827532,109.75497266504031,19.896894585394648,1479790,318eb706a134.png,False,False,False,False,False,0,False,
190.9755818532104,87.48139200081485,24.79104336711562,20.45298057206608,17.854993902636117,17.830651282983577,126.54493656970872,16.52427691368508,805057,3232b34cbe99.png,False,False,False,False,False,0,False,
184.35220591432244,88.545990968888,15.299508692600575,21.239401645876374,13.987471425872993,15.102387823471208,124.23781265722147,15.030292855283356,804995,3254e48c8aa0.png,False,False,False,False,False,0,False,
104.47222859734909,45.292623723212095,14.755250929493497,20.687005221588382,20.12812627831578,9.678431792298435,67.47098927268652,19.85403225173976,370363,3286073a976e.png,False,False,False,False,False,0,False,
170.51508089521386,84.6274074773414,29.83433251510574,19.01204262291966,19.489292027153667,19.20708884135757,117.12513913181746,17.13683335920656,804992,328d141ed3aa.png,False,False,False,False,False,0,False,
173.36568452155373,89.59206538743021,5.037374363664151,20.106661493590057,14.098931497570641,9.20002585671771,120.43452869832741,14.858533062603525,804803,32d7d360d891.png,False,False,False,False,False,0,False,
163.88238713958302,88.98074622387712,24.28695297103966,23.64661438258628,19.525472620144708,18.174175997525346,116.6764367193637,19.574102504878553,803271,32ed318235b8.png,False,False,False,False,False,0,False,
139.0809966837864,76.26477290319427,14.578893155997838,32.44583774307402,26.984080362655696,18.846300245414636,99.58659364297336,27.18330039564656,1472764,331121c65e88.png,False,False,False,False,False,0,False,
166.78545285128587,89.60635482668654,21.292064852776743,20.8798877950529,12.017711516941864,12.864722895955875,118.13468753882469,14.044032087565737,804900,3323fd59782e.png,False,False,False,False,False,0,False,
171.67922611099033,95.10459675165367,12.949349399086985,20.847047670773875,14.133074641186692,10.255236533901064,123.0177037980187,14.88973322060715,805025,3325b1fe55d2.png,False,False,False,False,False,0,False,
155.05298562308434,92.28119011735221,30.368840871759268,33.95458339102898,27.06385442280214,21.700897608255932,115.46161651397897,27.667284737349405,1476325,33596a635b53.png,False,False,False,False,False,0,False,
127.83708506055213,72.91781580974911,12.924422421651185,32.97504330543765,27.929784717909033,17.26199443890332,93.22440845016929,28.838455525956302,1474432,338326891d84.png,False,False,False,False,False,0,False,
132.077969989814,93.28611536716684,47.74971111130132,27.19963418063873,21.855052536827653,19.06202995852651,109.16714458130397,21.832613781645872,233654,33b91def2035.png,False,False,False,False,False,0,False,
80.41470620373431,43.80149434750061,2.9510125768705304,23.059669389565123,14.75994669614185,7.8610269829782355,56.19486989104932,17.38979469325421,1473419,33b978734eab.png,False,False,True,False,True,2,True,"mean_G,mean_L"
160.87447934149998,109.03952985896714,34.77504648525541,21.070247719039386,31.37392964469869,31.481753494747995,128.64722131979627,25.856529951145635,1480577,33d72035c27a.png,False,False,False,False,False,0,False,
86.2046886769625,78.11688571651366,72.63864050555777,24.081281159111064,18.2988531230132,19.46085207833579,86.34571918262479,19.65898251431516,2487866,33e7bf536fc5.png,False,False,False,True,False,1,False,mean_B
129.08509505344207,70.59475499100353,17.992931648265763,27.401305276306264,18.44131431750776,14.106508789900744,92.6388913938738,20.222220591966416,232869,342edf9b889d.png,False,False,False,False,False,0,False,
134.67742134109164,96.61929429685685,79.86914889558616,38.6719003386132,38.57085722705538,41.2667267159893,113.00126025589284,36.71636635131094,1494141,345b1f0abbba.png,False,False,False,True,False,1,False,mean_B
163.45072336492944,81.63534383279693,7.3216530009676335,25.652233089835722,20.54591366735482,14.487946626237902,112.19481477709031,20.411228659651563,805057,348598d01e18.png,False,False,False,False,False,0,False,
122.83524524123143,119.49605720720312,109.8259089727168,29.524795365226886,28.355216021628138,33.61779638047804,128.34929903236193,27.134113317250943,1872911,3486f7096276.png,False,False,False,True,False,1,False,mean_B
146.7753429605094,95.27677576726954,40.01902873285028,27.4013469320469,21.864876520957008,15.537919494831934,114.73785033500047,22.45115869547021,1472983,34a7dbd3f05c.png,False,False,False,False,False,0,False,
142.84691711650672,94.13697249027798,25.89231698221399,29.212191117491194,21.503044977614277,17.303860684990504,112.62470593883528,22.11503307933495,1478859,34acae864963.png,False,False,False,False,False,0,False,
66.0457135816718,54.56290305703915,49.16007861721398,26.28788559740304,18.016172260365472,17.53106375616972,60.839273184853276,20.815836278671142,2207659,351e842842a2.png,False,False,False,False,False,0,False,
194.23237833741257,114.21333101417585,57.580003478736224,21.054180913691187,11.429201256102946,7.467476704620241,142.8807886791984,12.79337033138913,804890,35362d43e753.png,False,False,False,False,False,0,False,
133.02928628172847,62.52832661755481,2.7741141345625016,21.90831277385145,11.106747002866744,4.052611290948842,89.40217349281592,13.793182142319957,801843,356304d15a5c.png,False,False,False,False,False,0,False,
101.82075756398565,89.92962661574258,77.83235887852506,25.371790207841475,17.448804762567846,17.48389443252675,99.51253951183209,18.78876423166556,3668205,35777eb7859d.png,False,False,False,True,False,1,False,mean_B
171.81921753283058,88.92616009641068,21.06092633776044,19.328921243586212,13.066996336666117,12.885119740126328,119.66610716992383,13.93762861691067,804890,357f02a779d7.png,False,False,False,False,False,0,False,
145.55848513723538,50.940876919885056,10.341727427568326,19.704055978469942,16.510886767174707,9.764687942951502,89.48366009011953,14.909210520769472,804931,3580a545016d.png,False,False,False,False,False,0,False,
73.13209457827642,57.21924113501768,42.12167591662774,23.9366805689313,15.14458488358759,11.196939623388396,64.62280425312433,18.097286179304543,2960553,3599029efeb3.png,False,False,False,False,False,0,False,
156.69536660410142,75.68066460217966,2.914671880989958,22.406470120351536,15.037868368452342,7.770661954191707,106.25151102525678,16.147921788866928,803428,359bab5d784b.png,False,False,False,False,False,0,False,
161.03102011810208,73.86039828698578,8.778273493378656,21.422065558370903,16.300601320412724,11.340364905605393,107.18238731166845,16.219477607414845,804897,35ac70c0d08f.png,False,False,False,False,False,0,False,
159.40914121608782,73.17336784848774,9.244622430461446,20.682705143820755,16.080169156473023,11.100266516547643,106.33013811444407,15.140057035933046,805057,35beb47fe159.png,False,False,False,False,False,0,False,
165.76211330600074,85.83369362653745,29.7221965461548,18.219391289651252,17.325199916714276,20.15343233624676,115.883301031184,16.044861142305358,804900,35cd9832fc0a.png,False,False,False,False,False,0,False,
162.14419808367046,83.08747850589907,10.356156009899712,20.20181013066653,11.341952444625123,9.920928421244124,112.5967868182767,13.274637839245532,804872,35df2bc6ae95.png,False,False,False,False,False,0,False,
69.3629396498611,63.33935693189619,62.911422137926216,17.16082680802427,13.833342139166852,13.88806339926044,69.89746690036573,14.84232611142287,3807746,3601dac9bed7.png,False,False,False,False,False,0,False,
129.88244054005338,53.92472126138344,0.8972593921395281,24.70395779799924,11.738464605918892,1.5649159151160013,83.24971890101024,15.823747824220675,233014,360832d84ce0.png,False,False,False,False,False,0,False,
175.87191093301468,91.43995518329758,13.143484250183528,19.23002602786786,12.116078232654065,12.418156247827682,122.53138970284091,13.182948754420792,805057,369229040a34.png,False,False,False,False,False,0,False,
93.74777309449284,64.66404665367916,52.600781852962676,24.60821891646453,16.92507951155976,12.642349095343329,77.11885459561113,19.117472854947106,2842734,3694e8c8e09a.png,False,False,False,False,False,0,False,
93.73503610546771,36.730812759473544,16.423485668227187,23.58008616558344,19.38399159286165,10.043193404289081,57.9093692032506,20.587654517328918,362272,36e4b704b905.png,False,False,True,False,False,1,False,mean_G
162.8109957336195,83.93194457066667,8.934075893518513,27.645518576074085,24.553442809288722,18.004140755917394,113.30892478994892,23.255546579101164,803257,370f575adb23.png,False,False,False,False,False,0,False,
166.8836616537711,87.28256756974972,13.667855816420452,20.31587253864601,16.03935191049012,16.49483302397857,116.82334045912278,15.97792532105038,805057,3710ff45299c.png,False,False,False,False,False,0,False,
175.95272388207752,89.28235229932945,18.966401569257627,25.911898402322127,16.842246667076953,17.174669580938424,121.43560538427965,18.25287334893704,806496,3730c322d35b.png,False,False,False,False,False,0,False,
109.0326527883386,79.8287599169949,63.96917282481887,27.418569253625765,23.559583016697022,24.45479190807177,93.15271876248572,24.081310287517564,3126073,3732de8b416f.png,False,False,False,False,False,0,False,
171.8298763692746,74.22416532798607,12.932019873350255,21.288070504463295,16.417559985685656,12.071815302933645,111.91027547624105,16.06655083990181,804897,37c523296d42.png,False,False,False,False,False,0,False,
139.84881654119243,81.35013134489313,26.865837863907995,20.59966990478893,13.172409429134248,12.611848898071361,103.45814778637454,14.60731485258177,1476266,3823acc4e464.png,False,False,False,False,False,0,False,
121.1903642518325,74.09794089058617,21.053921987286635,26.333973994327536,17.58854492328973,13.693488220821772,91.82682481776563,20.215630857279496,1475298,38373431d996.png,False,False,False,False,False,0,False,
187.62080505647918,90.6913266922323,5.967260340850225,20.294210262559574,9.09105832548423,6.634136105201979,126.62874183061341,11.658052816678495,804987,384db24ebbd7.png,False,False,False,False,False,0,False,
71.2303857094791,53.96837243446609,47.72048134552392,18.00582850637878,11.820184291509385,9.664854905558826,61.95431657878177,14.005793499154217,2909677,384e6c915722.png,False,False,False,False,False,0,False,
79.98426299700704,31.0004899506854,9.314769350389298,13.270491067822025,9.712044818604848,4.180217515423854,47.99531617795861,11.309792489765142,375548,387138ddf43d.png,False,False,True,False,True,2,True,"mean_G,mean_L"
147.69410408367446,95.92383287057515,35.33085573121325,27.010550933081444,22.187529494661327,18.305743476045087,115.53099350874115,22.05117364752812,1476293,388279491b5d.png,False,False,False,False,False,0,False,
166.39425789883674,70.37561203483179,2.2602246001662323,16.87937763638318,14.3005393047692,6.814543821297448,107.64517696053035,13.127131501910872,804897,389552047476.png,False,False,False,False,False,0,False,
146.1417009653521,72.7378645014842,28.535134326124375,22.596057407923595,19.643441822774207,15.77904591182691,100.72368979021677,19.339696474022208,801780,38c7153457e2.png,False,False,False,False,False,0,False,
94.08319135756258,73.68750426749963,64.22097832891707,23.725596259431782,17.137313935330592,14.874808801497078,84.4386500140262,19.158107530132703,2431166,38f1901f214a.png,False,False,False,False,False,0,False,
161.69730791297604,81.1698798884385,7.811542707370103,21.77085367791102,15.406503870877545,11.407408387626905,111.27919995320491,16.316409374964106,803503,3908b3cfd620.png,False,False,False,False,False,0,False,
180.15841778513277,84.30981106899392,3.398913152863037,16.753940398058305,7.017356805612977,5.251799603227484,120.31583668469382,9.402071686167089,804897,393fa5a023a5.png,False,False,False,False,False,0,False,
177.4307529860434,90.69900434164187,29.54856241343114,22.14582435766271,17.476183681535222,18.859706786763017,122.90259318380859,17.56383023130986,804995,39f8935185e6.png,False,False,False,False,False,0,False,
175.21752910335573,87.07140975785511,12.387044192374113,24.32432319164,14.978769761453496,14.291998440293753,119.7990582564077,16.89373084800801,804890,39fd8ef3a45c.png,False,False,False,False,False,0,False,
173.1680075809889,93.05010233838236,45.53915064110525,19.42884879370051,12.45415351903384,13.602583041544023,122.9652558707953,13.545222149075242,805172,3a4cfea0a766.png,False,False,False,False,False,0,False,
87.93954627648364,37.158464223861856,0.056891764043035455,23.396458328791446,13.6442443589894,0.6889453440052843,54.91738736889063,17.78459852133513,1466047,3a643599f852.png,False,False,True,False,True,2,True,"mean_G,mean_L"
168.47468930807295,90.38510393255287,19.814881904144258,20.120429353145074,15.638593881996583,11.912120023190662,119.21943304547041,15.486752502924062,804897,3abac0961bfd.png,False,False,False,False,False,0,False,
185.46834139233184,99.13608824281285,4.689191177617344,22.664416368817417,16.665925241990372,8.884899908525856,130.39927268979332,16.34145167635397,1474749,3ac92ac3d65a.png,False,False,False,False,False,0,False,
190.13969915042105,96.08960890051641,35.159181452619734,21.375135251343014,17.169472925416713,17.450604803797464,130.80601177410318,16.584392375858787,804987,3af9aaa880e9.png,False,False,False,False,False,0,False,
180.12268572287428,85.42141984977461,16.1163557363019,21.150227860157262,18.67606678536553,17.27370291227767,121.09371882984684,17.134954736535036,805057,3b0190bbe615.png,False,False,False,False,False,0,False,
105.24904772605582,48.64020551916616,22.720529444892954,22.99925249762559,23.3446084583494,13.798443289442282,70.0954049487728,22.228253727877213,360453,3b10191dfd25.png,False,False,False,False,False,0,False,
152.35573136826665,78.75835591970933,35.224636009065314,14.081777869897145,11.807841602348528,12.439542247322423,106.84532957815344,11.338767079449205,801737,3b2b91590590.png,False,False,False,False,False,0,False,
200.56644202759023,88.17075509785775,24.074369406021155,30.633064930988745,16.183341677478225,15.197656143679831,130.72717967192344,18.834715146887657,804995,3b5dffe159b6.png,False,False,False,False,False,0,False,
167.68935233141315,86.24359547603257,11.603297090919027,18.360586571199743,11.243168833656012,9.608718388871058,116.5136113988479,12.378396840868119,805134,3b9817a39adf.png,False,False,False,False,False,0,False,
159.94084526675013,83.92344483911356,29.27096800690989,21.071039773454405,16.24515064052588,16.982091654418788,112.48048752560716,16.561352416936238,803486,3bf2deaa5ef0.png,False,False,False,False,False,0,False,
184.76677055165038,94.6146409508892,25.00933846920156,19.921184718812842,12.839824241173721,16.077885641105183,127.78484753253497,13.859914311410046,805057,3bf3085ac167.png,False,False,False,False,False,0,False,
188.76237414621963,99.13384269193827,12.181120100198434,22.414211500611277,14.326379142274538,12.194751396390513,131.63638182263236,15.084939049157525,804803,3c28fd846b43.png,False,False,False,False,False,0,False,
197.12553600803344,138.15917400121666,63.35777694622428,28.83484858978095,29.792618119645446,29.03947933100829,158.35801987112123,26.734426782202696,1477823,3c326543fff6.png,False,False,True,False,True,2,True,"mean_G,mean_L"
211.69431244946853,104.27060196322549,59.348887935438746,26.704827891339388,19.779441513546228,16.504450729230623,143.87139955457897,18.89532607144112,806428,3c42512c81e0.png,False,False,False,False,False,0,False,
167.45390422454028,91.86577795666265,16.27399448686749,21.117156059780015,12.51214108059386,10.676715777126704,119.67504195719931,13.962563104130606,804987,3c9529918097.png,False,False,False,False,False,0,False,
170.51855240532254,89.12706063795628,19.18914043642071,25.116636724937656,13.916965870747918,12.306815352962927,119.35719253614214,15.838343866908104,806607,3ca12e02dd4e.png,False,False,False,False,False,0,False,
122.77928339881068,78.5481204783066,14.11454026319744,24.903239367242108,20.278965867759688,13.581190609336861,95.24289731864924,21.01029963225986,232905,3ca8be3b40d6.png,False,False,False,False,False,0,False,
167.15020445997342,85.71398342202998,15.673443066191354,19.872005221065773,14.929009741233376,15.386350165967757,116.07152309322903,15.082642887203832,804803,3cab32dd6ef9.png,False,False,False,False,False,0,False,
190.5551184575604,94.34564110720264,9.962377128315874,19.571441320362855,15.240915152367416,14.007084405614483,129.71603485573488,14.813197054312496,804803,3cd9713c0ecb.png,False,False,False,False,False,0,False,
145.34523206388735,86.13861148082951,13.67669056717187,21.682775687091937,11.803784711112892,6.186296109593839,108.09863895925464,14.497937545480267,232910,3cdef7c591cc.png,False,False,False,False,False,0,False,
129.84995702491878,65.65880697923447,0.7977543234150865,26.417743188971993,16.60959531515201,3.651724209455132,89.600382542567,19.396466625134487,1476437,3ce2f8a77a32.png,False,False,False,False,False,0,False,
143.91028650741973,95.42468470475342,25.622665272970288,22.435707598487586,17.360601045662374,15.241976752308886,114.00442527159944,16.684281960138573,233432,3d2ecffe0386.png,False,False,False,False,False,0,False,
172.9304755763781,95.23033878868974,10.361730755612209,20.025425522824175,12.227321391959276,10.753802694755661,123.60843934068583,13.185847845998069,804897,3dec415b188a.png,False,False,False,False,False,0,False,
85.90360914537521,39.909612629431045,3.664970314976013,23.2745159433361,18.282663964020045,9.00979466525836,56.425362108450734,18.696178021658252,1474144,3e61703b5ab2.png,False,False,True,False,True,2,True,"mean_G,mean_L"
111.36553527986301,79.43465010606539,29.01579978319732,28.890714896460466,17.92167919927847,14.37184754782272,92.59208460315021,20.39650376787493,1476919,3f0d3629d69e.png,False,False,False,False,False,0,False,
164.18804131904253,72.61463951479327,4.435449275110046,22.32911700630731,11.307080654904933,3.9583998816590733,107.73088030904948,14.149335427294888,3332023,3f44d749cd0b.png,False,False,False,False,False,0,False,
202.34064609600114,85.40806259420008,13.012417945758154,22.043605576913233,17.534482350747602,15.195322947049327,130.0857377519716,16.39411692072418,804803,3f6bccf21ce8.png,False,False,False,False,False,0,False,
172.29040398706266,94.75858067129471,6.497736713208077,21.055791920795052,10.57930870598757,9.201918896814938,123.04622994695596,12.858439278299757,804803,3f6c627e2ff2.png,False,False,False,False,False,0,False,
149.13340916785157,93.97008599092695,21.85757735797955,19.04449145999338,17.915952853413366,17.578077631665355,114.70053287290948,16.39704470970357,1476900,3f82631e9080.png,False,False,False,False,False,0,False,
172.79950353896214,86.69971064620691,3.8569344897545896,20.571023921988385,14.26433214069996,8.984254992951419,118.70965229091424,14.539010200258808,804897,3f98be586fe3.png,False,False,False,False,False,0,False,
185.575341971343,97.1681350287429,58.15198076422863,19.859779817273886,14.513869447986924,18.911056438173297,130.17424950498008,15.13448832919139,803503,3fd45879afe6.png,False,False,False,False,False,0,False,
132.26707163803937,89.63173439463762,29.260705163722854,23.17978254792431,18.11534876587617,15.61928408683573,106.4291721285998,17.84036342697566,1479940,3fe282197c1c.png,False,False,False,False,False,0,False,
168.14614292263482,91.33015777173974,23.843071846459857,16.84600316988277,14.427473340943473,16.957278025726428,119.73139296083846,13.999817450587008,804897,401fdfd0db07.png,False,False,False,False,False,0,False,
85.83643071988799,51.193590729819164,3.3355963384902174,15.438881337185787,9.427353246649515,7.280338942510453,63.57842710287855,10.765577532073532,1474146,4036471a1bb7.png,False,False,False,False,False,0,False,
137.8924514811469,82.07500567284185,24.113452555775808,19.464139490218205,24.59940694510635,23.805181920119672,103.64265805821834,21.007573821257537,233569,404ede327e98.png,False,False,False,False,False,0,False,
185.08354115642373,90.6292742420253,24.165292633126835,17.912726475982453,14.668237628016913,16.846790368372368,125.8507722573562,13.755296388545398,805172,405085b53d7b.png,False,False,False,False,False,0,False,
191.13114886500173,94.84572249357917,3.6271820557328938,22.890388295431556,9.299561491379922,6.8422421633494634,130.16089900261306,12.782464744154787,804803,40c24aded50c.png,False,False,False,False,False,0,False,
158.4116647481596,89.89988570068992,14.340235452523203,17.215663373992623,9.285290060221008,8.144503418824664,115.21336659796992,10.941837153874307,1479449,40dd4e6e4444.png,False,False,False,False,False,0,False,
85.06760597563579,33.97768919631066,0.10618936299744414,25.048525756492285,14.365564115004544,1.0483061131647666,51.721025645221,18.687999235554635,1466823,41345cec5957.png,False,False,True,False,True,2,True,"mean_G,mean_L"
115.64325389619691,95.86527042404872,86.18772754551443,23.8975453630046,18.290167538073398,19.2761313235325,107.88263137799727,19.484426821054853,3755842,4134b290f5f3.png,False,False,False,True,False,1,False,mean_B
150.4431483696994,93.36192158171308,26.546980844408633,23.66709290013738,18.59760817388223,13.646493480638417,114.66801767707595,18.35931387151129,1474452,4145dcb25053.png,False,False,False,False,False,0,False,
200.99897943943844,142.57942948175437,116.72077711953004,46.38565095458868,58.43967424171072,54.252810154878226,163.47824463583413,51.43002315254091,80348,4158c340fa49.png,False,False,True,True,True,3,True,"mean_G,mean_B,mean_L"
192.3852010925967,107.86274098936293,47.937041780788796,21.240793740447806,13.951355707746751,10.765851157743622,138.29869724085856,14.793255922801952,806519,415d5c5e785f.png,False,False,False,False,False,0,False,
152.9473484376945,81.52286194447902,29.640012448649323,23.49729793424335,15.880976562607415,14.340923811067945,108.41241130337359,17.252131943348193,803300,415f2d2bd2a1.png,False,False,False,False,False,0,False,
147.75556716828746,98.68440285891164,72.83746610658379,32.15278215932352,25.154945400601076,22.08993497878661,118.37776961019539,25.497966561941727,3792772,41960d5f58c2.png,False,False,False,True,False,1,False,mean_B
127.22705748263478,81.12675856433195,31.698071009225607,32.33796413763061,24.913232553003766,17.949553162144802,98.60845143115202,26.429815756715104,232505,41ab357d103f.png,False,False,False,False,False,0,False,
185.4135049509871,127.35108399905577,73.92605946154133,22.14699678594508,6.346452014041634,5.410558536350713,148.5706344966393,9.972260892036422,804890,4205e9deb058.png,False,False,True,True,False,2,True,"mean_G,mean_B"
167.49920313033758,64.46724884320362,23.494148628924567,19.020235301855,13.089269965487128,11.676999310333677,105.54306139560883,13.218337695073464,805025,4210809074c1.png,False,False,False,False,False,0,False,
133.1495573730226,73.82280034725395,7.893163251980369,24.655613145291284,16.231100622879605,10.038922093418552,95.94947428108217,17.971603609366447,1477881,4276b82e4489.png,False,False,False,False,False,0,False,
135.68743229074215,66.28064092641132,11.97662466928148,18.27794543550526,6.690216068455998,2.9243110840661712,92.64625695263513,10.399724903440909,3329493,42985aa2e32f.png,False,False,False,False,False,0,False,
103.64447367661384,74.7847426188615,64.25117125214878,17.582785488023998,12.313790451693057,10.302016655770391,88.17599942038797,14.0448898325201,1766699,42af7282349b.png,False,False,False,False,False,0,False,
182.8940224649862,85.21387581268162,21.72584815199957,20.836427405388168,17.217903822627942,17.75057105484017,122.07084633189092,16.60446942842079,804897,42b9c1977681.png,False,False,False,False,False,0,False,
102.87338926986139,43.87765638892579,2.983211547043574,30.779658239548986,18.972008104220414,8.714909238317276,65.96217709600167,22.137981285551923,1467735,42c65af5ab16.png,False,False,True,False,False,1,False,mean_G
150.16070446758664,87.89573148436548,26.04918001706323,22.139559944030157,15.94231153345387,14.555641829542212,111.31206749454924,16.100423120900114,1476860,4318b6adeb97.png,False,False,False,False,False,0,False,
153.12097821211907,73.61842943879776,4.861881706603453,19.667624711382288,14.672790810795512,8.495665859869922,103.71436096792509,15.027402980926873,804897,4350a1b2f3cb.png,False,False,False,False,False,0,False,
154.33411368746107,91.46879892732346,21.542873879242624,21.286502523849048,16.418422103421825,12.028728602329203,114.72115556518678,16.696961160642044,1476680,435414ccccf7.png,False,False,False,False,False,0,False,
160.9718720392642,116.19783428532969,42.11387345782877,39.18574693283834,33.931200055776934,28.927736642374892,132.55503224312923,34.16156553710207,1352071,436e7a7af761.png,False,False,False,False,False,0,False,
65.26831822751113,28.344209118065695,1.2938613549559383,28.894472971060868,18.843359418659418,6.808126436017744,39.076543858470224,22.82270610155833,1473273,436fa3fd145a.png,False,False,True,False,True,2,True,"mean_G,mean_L"
148.0649338093767,110.6144474784959,60.575002856395315,26.817271407051454,25.65932747952326,24.610516802524877,126.27097016706364,23.555890266210632,1479137,43823561c3f0.png,False,False,False,False,False,0,False,
195.74166107591006,96.13720959125357,9.998740216175923,25.30719982535698,12.325323521775777,11.578135962021234,132.8604944713629,13.833007712603276,804900,43bc7c066dfb.png,False,False,False,False,False,0,False,
102.31836936224751,74.74602570129662,65.17494366515302,29.661881473793038,21.756513432035117,19.98782666412349,87.60864943441915,23.521183634176328,3046072,43e9c66eb0f3.png,False,False,False,False,False,0,False,
152.4253133585165,95.54993561126373,25.212384100274726,17.761205124723574,9.04376832109916,6.311473393247869,116.73721668956044,10.91842979004335,232960,43f22d1be8dd.png,False,False,False,False,False,0,False,
175.78898314245848,91.96637686489737,14.308658143669941,18.611585174756858,14.081807069427303,14.263382210270416,122.77678885391829,14.320120453834274,804803,4403538fb50f.png,False,False,False,False,False,0,False,
154.25095167101503,91.7342415206858,24.054037768666916,22.40244879006649,10.39917872780141,9.116241680484652,114.91980618710399,13.597090469586607,804900,4409965eb2a4.png,False,False,False,False,False,0,False,
83.82036190795192,40.09928410598315,20.2196941300944,17.01323085738746,14.255586864237422,7.198948489510327,55.506136804076846,15.634132001261088,376173,441848e0f308.png,False,False,True,False,True,2,True,"mean_G,mean_L"
125.35452194831201,66.78361712984602,2.1045080121951742,16.64383884936281,12.375384471152252,4.346042103412668,88.6959996912614,13.130521386049619,233207,44271f3cb18f.png,False,False,False,False,False,0,False,
177.89186194009918,84.94960224724406,6.795529117390175,19.55594575181973,17.14981638291369,12.770475963633656,119.78720755574938,15.998066008397014,804897,445a8a6da55c.png,False,False,False,False,False,0,False,
101.62788897610068,75.72394479312082,61.20753661259667,21.003736548066296,13.148872832842816,8.183347630995916,88.07739425346533,15.433772901114635,4228531,4464bb62bf20.png,False,False,False,False,False,0,False,
155.9815210707742,69.33663675041147,3.99731064252663,22.27210521557772,15.294206278721969,7.408894342927724,102.56849911493431,16.40880704841065,805025,44878f34e31f.png,False,False,False,False,False,0,False,
96.77992512146486,76.79158311849518,58.95462002360798,25.89686336819909,15.791451344858505,11.018603800915365,87.17787319221131,18.730186320319593,2890548,44976c3b11a6.png,False,False,False,False,False,0,False,
158.84728978023898,80.9620893511936,12.751899523560079,22.6575293470078,19.709573242277465,16.479511109526946,110.12030731622141,19.19622482324943,801780,44a4d04162cc.png,False,False,False,False,False,0,False,
181.1612533772243,91.68865811620758,12.119649700319865,17.928261829784628,11.941125821158957,11.555101382732984,124.76109934474084,12.000284221092963,805025,44a86263117b.png,False,False,False,False,False,0,False,
79.22136877558337,49.0526777288254,31.24024528306952,20.770804669613124,9.025211759941296,4.963773281369454,60.31588773323526,12.86536987173998,4097633,44f7f3ef9d50.png,False,False,False,False,False,0,False,
164.52250641044827,70.80774392129865,13.451876739800653,25.0329582069197,22.46093260453333,18.36989182748206,107.13881863170603,21.144173705486093,801816,4528fbbd43a3.png,False,False,False,False,False,0,False,
181.8344899310763,89.98348912715285,35.91788922257994,21.92611470002002,14.535067231430201,15.104531087883462,124.28706528181431,15.762707669420022,804803,45369821d6a3.png,False,False,False,False,False,0,False,
157.44155371415465,111.08044014097611,54.609701342574766,21.811129846479613,17.629552258554178,15.759313319646667,128.93774074226934,17.4141049715595,1477981,454792eb6e05.png,False,False,False,False,False,0,False,
142.91789061227288,89.82771733072683,24.10208263669179,22.3303378801933,16.56452942400064,13.955922651028956,109.78810093371402,17.148441559141627,233262,454a944eb557.png,False,False,False,False,False,0,False,
82.54020764283261,89.46356634057531,90.77499873158288,11.505850409486332,25.20987794550648,31.09264369434537,95.57583069522238,23.365269530190414,1695026,4554062fa836.png,False,False,False,True,False,1,False,mean_B
169.55003559461645,83.74841998417189,16.751036468020132,27.671127256705066,15.601847400975373,16.16292283102309,115.85679161433077,18.31636705054553,804897,45693d027798.png,False,False,False,False,False,0,False,
160.6799054114055,73.08343103164428,26.147081273354054,23.198891385582108,21.274438214873626,17.793532696838398,106.85726401492664,20.083111693159122,801788,461fa5292fda.png,False,False,False,False,False,0,False,
195.72800221567564,86.31430675681717,11.471026066480205,28.24819046498844,12.771026993353976,10.936210282292382,127.84877516853543,15.553158838473228,805172,462937ece243.png,False,False,False,False,False,0,False,
168.02884765281857,90.70544363968396,23.261144503034966,19.733270910264178,11.098133725028347,11.15593876653961,119.36222387738387,12.438070529582363,808246,46acc506fa61.png,False,False,False,False,False,0,False,
141.40977795239837,90.33051485732697,23.673942272789688,28.749460995013816,23.13022257978786,16.698149896977444,109.37765629864471,23.687813208234868,1471126,4704dbb59536.png,False,False,False,False,False,0,False,
119.95246546636446,69.39260146260104,7.427182140871573,32.413807334686865,21.546110396095756,10.588215183656006,88.37525125090878,23.681802789115366,233830,4731e708ede3.png,False,False,False,False,False,0,False,
167.07775624301155,86.01196173437694,16.588725307491615,20.325784661650435,14.312610949555728,15.102137240755699,116.1815505031681,15.090067525904413,804900,475300735b7f.png,False,False,False,False,False,0,False,
105.54593890538032,86.00589599974968,72.29467551370364,23.620107793407538,18.210022029295807,18.01229471817572,97.1677940942349,19.411034997382053,2908243,47536db39f00.png,False,False,False,True,False,1,False,mean_B
175.96430576324065,101.15570461963407,50.61641363584427,21.094931268788258,14.117772108447657,11.11186561527418,128.74402860506822,14.917011926378176,805172,478fc46eaa49.png,False,False,False,False,False,0,False,
103.63108368789517,64.11363178682217,11.905133829437391,21.7407339910948,15.57449345995431,13.027617053073913,78.9936819622667,17.27209372727032,1474825,482088e6be44.png,False,False,False,False,False,0,False,
161.39243184022996,88.87189354294168,18.783247645818868,23.523116232058236,11.880777693906612,13.451826489594394,115.82991018027295,14.15096568574512,805057,4826d10030b3.png,False,False,False,False,False,0,False,
152.2993058850643,95.60788945677372,32.67013204452097,24.82052268832074,20.656408700569276,16.557258771635723,116.7541999376381,20.40914046875743,1475260,484dbeb9bf2a.png,False,False,False,False,False,0,False,
49.580308465788576,36.99924029170704,30.902513485558668,15.847190606815314,11.866744119635996,9.720070496172836,40.553182526381946,14.002892490961571,3055120,4860f7813654.png,False,True,True,False,True,3,True,"mean_R,mean_G,mean_L"
99.16037594065676,43.621872081414445,15.670423926228892,22.627407050123338,18.87981604335943,9.431437664185577,64.15990359945467,19.73445352773379,372612,486e852a3b4d.png,False,False,True,False,False,1,False,mean_G
153.71111797088028,90.64428238239783,13.441417571298725,23.458206922986033,15.318950076713335,9.359027733715182,113.91816724117234,16.53089149936158,233244,48a45619d1a3.png,False,False,False,False,False,0,False,
172.25760341350616,84.38621128400366,16.96750509130806,23.245315017467682,19.180094813953694,14.918091331905657,117.30869666241304,18.604156951773195,804803,4926dea289f8.png,False,False,False,False,False,0,False,
193.5571336113461,91.25748976085684,14.501604349819068,24.712588055040342,18.654002243258734,14.90458272201795,129.4498229190347,17.675579370558786,804999,4927945ecfed.png,False,False,False,False,False,0,False,
103.64858297491162,74.94040384838932,60.42139124607674,24.322257616108196,15.568588804680813,13.481789573032943,88.39330238028487,16.764997602570862,3656075,493d99f030e2.png,False,False,False,False,False,0,False,
180.85445479243765,93.55192195650365,23.95168369178633,21.078258836519137,17.023362898731715,14.623829142213793,125.69479879799302,16.602648283708202,804987,495106ae3b68.png,False,False,False,False,False,0,False,
185.02793577839196,79.98353964162604,10.603699263998012,21.84947738081112,19.402346967181604,14.3734698010402,120.25775721250893,17.773770417161295,805025,4958bfcc9f38.png,False,False,False,False,False,0,False,
156.65289776594318,73.87744357727293,15.754079873617066,20.750677974989134,15.336803777417586,12.211544018884828,105.34896767398767,16.072086861683356,805172,496155f71d0a.png,False,False,False,False,False,0,False,
173.29919940559367,93.3113967804344,18.320698589841363,28.274900970603028,20.31245461496332,14.645487663170355,122.54928991316011,21.223176310396305,1477777,4982378d72f9.png,False,False,False,False,False,0,False,
53.42470300764301,39.68498753853389,35.377518039095435,8.485821874072151,8.714472305075919,7.27155666716404,44.539248137110405,9.171529996432128,3238383,49e4b95ee2dc.png,False,True,True,False,True,3,True,"mean_R,mean_G,mean_L"
162.65230373960267,83.66734979720904,2.9678971609266513,17.0963814127488,7.930071872105094,4.341668034388704,113.09940623496253,9.991332738984505,232752,49eb73968c44.png,False,False,False,False,False,0,False,
95.53919828765731,41.26082067816357,13.397537152688406,25.81967876243109,25.427179357244423,12.692046447628734,61.09276724873674,24.99258801986436,369085,4a05f81b3aba.png,False,False,True,False,False,1,False,mean_G
131.9383956182527,77.90617587894437,17.359701306889587,17.67997988859292,14.591438343983729,11.181303715672973,98.23709730687243,14.629034744133357,233149,4a1afe4044f4.png,False,False,False,False,False,0,False,
152.6157612563458,88.82826845783148,5.746877774690082,36.373957521517326,22.76627661957436,8.902966635432795,112.1695084011685,25.39495964835705,1475390,4a4cb731f91a.png,False,False,False,False,False,0,False,
177.45719219778854,77.8467536339918,2.1387153683687417,25.598922834951694,14.907849437897507,5.11115119197786,115.8801031183998,16.97799143761154,804900,4a589edaea60.png,False,False,False,False,False,0,False,
166.12608942510656,90.10076071845218,16.17392163220884,22.78797992484341,19.866694146013383,15.960750098176277,118.10800015405698,19.142933671901595,804897,4a5a6efc0bef.png,False,False,False,False,False,0,False,
140.6000883668856,77.33502631703122,8.181958570515487,31.723338803048314,24.524256351096763,12.143299954701329,100.91929872725947,25.01582739880652,233119,4a96c28f3f07.png,False,False,False,False,False,0,False,
164.96134040226036,91.50701716971037,22.52676851010016,23.244219853721674,18.768302002503802,19.148709091873283,118.57844351405991,18.899630593564112,801819,4aa3d771c5e4.png,False,False,False,False,False,0,False,
149.82605443164022,80.3614702747602,5.272773671858972,23.74339089670058,17.786487432440442,9.497339049577628,106.18177405715372,18.56674250571417,799388,4ab8c0cece7f.png,False,False,False,False,False,0,False,
123.3093241530736,61.0930965079322,1.8152273944010355,29.1540198789721,17.662322043889343,4.102843300738602,84.28883595481253,20.7318626862515,1475630,4ad8d3ec8789.png,False,False,False,False,False,0,False,
167.64167727749862,83.26077180603606,13.402443493437847,22.035905607477066,17.35374470640552,15.31730473074883,114.83009832359207,17.441863312930543,804995,4b237b958555.png,False,False,False,False,False,0,False,
214.89337154614933,129.6713697824809,48.696061140505584,29.950967035726592,40.4509853257043,18.439138549789767,158.88396531452088,32.17201409119852,13608,4b6895d0cf8d.png,False,False,True,False,True,2,True,"mean_G,mean_L"
134.34097064726134,71.17708724240892,5.642178177704537,27.07628201864076,17.61300249627477,7.822027906150477,94.67278114071584,20.36090988183042,1470936,4b6cb0bcfd44.png,False,False,False,False,False,0,False,
166.12874050248453,82.39185902351102,18.511350962448095,25.70525550989326,20.725106989927937,19.15262080689049,113.80370888559166,20.734275024925484,803368,4bcee3cbe232.png,False,False,False,False,False,0,False,
155.34411651050007,79.22223947972361,14.340408770842057,23.22470770316153,15.314468150387707,13.877864504113164,107.8134947310087,16.666544723468192,804803,4bd5d0b30198.png,False,False,False,False,False,0,False,
157.97019046433462,82.06798456367484,18.739714925930535,25.313177650281492,18.8133837989779,14.865761790595757,110.38215735092743,19.86399410357677,803300,4beeca5cc859.png,False,False,False,False,False,0,False,
194.70408608657266,106.56967749775558,43.50276026605691,22.104671423077114,14.353202120369446,13.948656649111905,138.27178824568105,15.558238576451597,806444,4c17e85686f0.png,False,False,False,False,False,0,False,
166.39113969492536,99.60248652090276,26.24309247067111,25.31229108381224,18.185052761628143,14.357489017739418,123.91198759110245,19.059192115306757,1476360,4c389d033cb0.png,False,False,False,False,False,0,False,
75.4805693091174,39.7970456760206,1.3130751635363818,25.885505459737487,15.511270548533147,5.883683166698276,51.053408746495165,19.761816911177952,1471538,4c53cc97ea13.png,False,False,True,False,True,2,True,"mean_G,mean_L"
171.63087367070227,115.50330854214671,37.21241037175933,20.40091025960327,12.630591186850342,15.619794892394891,135.9226477014428,13.14538023818953,1475121,4c5ab774a381.png,False,False,False,False,False,0,False,
88.77884838109337,38.49337980207299,18.31244725008187,25.62686667593329,18.23497334515256,8.418733311057741,56.47741305082896,20.779233424704113,375593,4c60f6fcea75.png,False,False,True,False,True,2,True,"mean_G,mean_L"
144.315045589922,75.68256215158115,0.8995319258325256,24.354420062193576,14.390003953508447,3.681545853972385,101.28064373254726,17.055778728537717,1474339,4c635a01593d.png,False,False,False,False,False,0,False,
101.03308274721284,44.23833564195323,13.419857717290443,23.640621323025943,20.322153647295377,9.58629140957074,65.22034992401727,20.927177879053882,371795,4c6c5a1bf5ab.png,False,False,False,False,False,0,False,
150.40093131233144,90.79690622916645,19.55890042876916,22.77508284437588,15.42504902493389,9.99250227283082,112.85823612422462,16.634333188089244,1477485,4ccee4db09b6.png,False,False,False,False,False,0,False,
88.29438595269534,37.81673527655095,18.33973275624252,21.80209365206735,15.541305751105455,7.373546316047808,55.95443089507107,17.879352998044375,373367,4cddfc22b0ad.png,False,False,True,False,True,2,True,"mean_G,mean_L"
186.72735062136127,85.11975110627748,32.36077990690806,22.6377695473313,20.62786378381773,20.654632078413243,123.74749933897739,19.127572501851482,801788,4cde86044ad1.png,False,False,False,False,False,0,False,
127.48105124196864,77.57912776898067,9.42632359048291,18.1380859754174,22.79920621482509,15.721016391635334,96.48311820732452,20.568414073691738,1480915,4cf4d528c08e.png,False,False,False,False,False,0,False,
157.39463789520494,97.32328518353359,27.88019233420739,22.82352205858575,8.412456895551701,9.69954277507315,119.62067033762827,12.281016235366671,805057,4cfd22ae43d4.png,False,False,False,False,False,0,False,
184.6710724911335,87.26555444443754,49.030074720961,18.07160673523696,13.963480644249282,13.805021805888046,124.43240517021844,13.27544774677615,804995,4d167ca69ea8.png,False,False,False,False,False,0,False,
107.87253217854665,90.05562146663321,69.28777934816301,42.95587870772617,32.68679340492571,32.49699656896556,100.07383814043426,34.4592665356165,1083952,4d17559ac1e2.png,False,False,False,True,False,1,False,mean_B
83.24609563973777,73.59438290178225,67.57184450363337,25.53557044550657,16.773255992634333,17.760111730522443,81.89247798791118,18.92681874205309,2362679,4d1e7def7624.png,False,False,False,True,False,1,False,mean_B
166.22217207921824,86.77210376626307,18.50734953172771,25.726044244246257,15.693119998481256,14.560904448969307,116.25355760480646,17.735480489236306,806582,4d3de40ced3a.png,False,False,False,False,False,0,False,
132.689009687744,66.90762319910073,7.966298835582938,31.445943041973713,21.22889702787786,12.492556631507371,91.65944447781429,23.675365882647657,233078,4dd14c380696.png,False,False,False,False,False,0,False,
148.6159620423483,82.7955017847004,22.52847382957074,27.10072958486881,17.984301139134345,14.31792443828441,107.38545428793995,19.58720910668199,804897,4dd4a4bf2421.png,False,False,False,False,False,0,False,
180.35064571500135,145.32486131677237,91.76786674622996,46.036929839735876,54.46477762920864,38.744260768197364,158.32232707877503,48.612030007244414,135741,4dd7b322f342.png,False,False,True,True,True,3,True,"mean_G,mean_B,mean_L"
186.52652114479406,90.82950560088081,28.622900829462303,18.3765505012126,15.4767580975316,15.40356788279651,126.50312053491349,14.701770892713713,808355,4e1e252317b5.png,False,False,False,False,False,0,False,
160.99652479568238,72.6665409518973,26.05019006579488,23.686640285202433,19.814220818705504,16.592941039710308,106.75295429708018,19.314254553372095,803406,4e231670b48c.png,False,False,False,False,False,0,False,
173.330535939643,88.38165070704406,36.093868468150035,20.64105248076575,17.81980841525779,17.86736118470522,120.21853025441638,17.21394926559648,803486,4e4a6224a04e.png,False,False,False,False,False,0,False,
177.82014593171547,89.75255840188248,11.491836843720376,16.9922814622922,8.843578349460138,8.008786254431328,122.34458321996479,10.428119609829041,804897,4e54ccfd49b2.png,False,False,False,False,False,0,False,
101.87852179253709,43.80671410218931,14.749434769898379,22.724021272953774,20.75013779644626,10.419822550469581,65.4368216233033,20.5885984685827,372857,4e8585a96739.png,False,False,True,False,False,1,False,mean_G
122.4512875205592,77.90027926260964,10.352025082236842,25.922332940738745,21.455847417954867,13.216736334013625,94.87294836211623,21.195873471034776,233472,4e85aa647534.png,False,False,False,False,False,0,False,
88.14352335968842,40.272823940658974,0.579680425447543,18.780708142290045,12.031379323818543,2.0825684001938356,57.17866406646803,14.27743757961887,1472708,4eabad7948cf.png,False,False,True,False,True,2,True,"mean_G,mean_L"
163.81666182301677,89.67789936101241,8.832667071620744,23.254580120568107,15.356300514728341,12.554006013468982,116.87116847544769,17.000272608872944,801737,4eaf2f81819d.png,False,False,False,False,False,0,False,
163.24611449758228,112.90021148166979,47.01524182469197,18.144334700778952,27.969699591443778,26.90097469515632,132.21089820213538,22.25913668961435,1479088,4ec7796df40e.png,False,False,False,False,False,0,False,
90.72651152815014,50.81658766756032,2.8727120643431636,23.42557033693577,13.868025314951954,5.945619824750913,64.9904600536193,16.62511305394484,233125,4ef16a53d899.png,False,False,False,False,False,0,False,
166.05437585743772,80.37294060996246,16.626118855774433,17.758595871149414,10.184642688599233,4.114727982020827,112.64933692484648,11.969439568871941,3328959,4f5dd7660b17.png,False,False,False,False,False,0,False,
154.32640658645656,81.20519307209342,3.094064013180865,19.977707038452266,13.084733925844656,6.918562462773992,108.44336067335733,14.111202578524315,804803,4f6abc40c72d.png,False,False,False,False,False,0,False,
165.11679885717834,86.16479239775163,17.448989782925995,21.01228897938907,13.883022110600562,14.327880796550874,115.52637371510201,15.111523937216335,805025,4faf4063db8c.png,False,False,False,False,False,0,False,
158.89809599739388,97.56101209611741,22.48136289209509,14.313895650692931,8.849024362370704,5.999579730876499,120.18028015670944,9.378284851316488,233298,4fd5ec0dca09.png,False,False,False,False,False,0,False,
150.51219200065003,89.01296390339027,16.17694922369606,34.04069461088286,36.30183886493161,22.413072305716522,111.56620352502252,33.40268273187153,1476870,4ffa38550c95.png,False,False,False,False,False,0,False,
130.76153815458514,94.49526462056433,38.84545274393646,32.94403200982798,27.777298863661617,23.266158889638508,109.029919833675,28.291849744186184,1478551,500aad15b7c8.png,False,False,False,False,False,0,False,
204.4115816247957,86.98432260436279,11.695760657350231,23.62859718304304,15.850503688839378,14.383218230710701,131.6321084190707,16.063042762910992,805172,501c319f7a9f.png,False,False,False,False,False,0,False,
162.7847898610666,88.94389753755276,30.032934890341235,23.56805080757439,21.184170546252084,21.202501566102804,116.38584384711116,20.508803545745188,805134,504a69096fcb.png,False,False,False,False,False,0,False,
105.51310987412064,47.02884412585266,21.14497083283275,24.870034256331557,23.519044007246876,12.681046731813021,68.99233777848971,23.314945490915512,374565,5056fa7d505f.png,False,False,False,False,False,0,False,
93.94719634372608,52.355949817071064,9.728333072345226,17.78761419848419,15.425415999389488,12.101704379476995,67.89029212365007,14.513532748865101,1475163,5069feccd866.png,False,False,False,False,False,0,False,
186.70892957229518,89.28190922122305,18.686175357495376,21.823719495067,13.676943682569439,12.72130846393594,125.96427526275848,12.63298744981517,806444,5077cdb88aed.png,False,False,False,False,False,0,False,
98.52379873556724,38.32505304007591,10.13496433787861,19.979728317597974,14.787608077138788,5.862715407639719,60.81357612716825,16.37163409094407,375188,5078caaf1f57.png,False,False,True,False,False,1,False,mean_G
196.35915398350767,128.19591708606322,34.002316891638735,19.693921753079884,26.94989251184186,22.315534492878413,151.46978893468216,22.4507365450495,1481295,50915e2329a1.png,False,False,True,False,False,1,False,mean_G
196.27767032262634,91.79518551231263,10.008022489804183,22.84311433429422,16.90751859125134,13.503018687135887,130.68760489299828,16.36054944601877,804987,50916d67bb51.png,False,False,False,False,False,0,False,
161.70605231658897,107.12284245242991,43.977392602151824,29.256597752005355,29.217288270959415,24.309095378364344,127.15534816951583,27.479429954586408,1475402,50d8249f7bc9.png,False,False,False,False,False,0,False,
105.62559830985091,69.41708600536384,54.28348949430518,28.64529544632747,18.75004533130192,14.814438029234603,84.5114624213435,21.05914849427325,2459428,50ddd7d976df.png,False,False,False,False,False,0,False,
158.1352652651364,86.48030090417154,6.694044998304946,29.492226208580178,16.4622127048348,7.393672816427105,112.98670563143959,19.02554480019929,233031,50f5201fd18a.png,False,False,False,False,False,0,False,
110.84840814033043,93.35436227139974,78.92936714839217,29.858877252059266,24.054645750550335,25.44375246343927,104.09865665693135,25.75178241639398,2142714,511fd66b2df8.png,False,False,False,True,False,1,False,mean_B
121.15525856918308,78.40984638161478,19.992014252819743,19.36258374657663,12.603913343397508,11.021432987490593,94.9543434764457,13.72506144067933,1477883,519c6e8f78dc.png,False,False,False,False,False,0,False,
154.03758311040093,85.29241317440417,10.632050327844205,21.025882585980508,11.380170892332158,10.02199022548581,110.79089168405187,13.601563823703515,804803,51a078d6d43a.png,False,False,False,False,False,0,False,
99.81708045599035,42.604474953414446,12.83576948372246,20.41964417377262,18.3148663051918,8.318468354505207,63.88762194453579,18.48158431839406,364920,51aa3361294c.png,False,False,True,False,False,1,False,mean_G
154.2535902109214,82.0318947641748,3.2777448543105514,21.70399191046774,16.07268719561092,7.29905498182682,108.8706803479203,16.54809822707087,804897,51af8a689511.png,False,False,False,False,False,0,False,
163.1578472741061,67.81725303933834,7.325509487525211,24.304877678554497,19.423453249480147,11.654280573804922,105.08144566110832,18.600554675853406,801737,51cd8d2057fa.png,False,False,False,False,False,0,False,
140.02140315813958,77.7954057942299,9.911062103186568,27.572489054635522,16.519733617604633,9.850857924131027,100.90755162343535,19.595619526675783,232162,51e656e5a541.png,False,False,False,False,False,0,False,
93.98957100174756,42.240912027822226,18.308416483454536,29.87258496837314,22.58803826110508,10.221461051644757,61.17593134640319,24.32825979810035,230607,521b5377a727.png,False,False,True,False,False,1,False,mean_G
120.60464168079051,61.11637512924648,31.54885783420208,21.670622377453178,20.42075415412138,13.029002418159942,83.8987240574334,19.86074318387139,375252,5257cb536da2.png,False,False,False,False,False,0,False,
103.3920890743202,47.92075895986496,23.682421785187554,23.41825625872705,24.570652792585804,16.253561406082547,68.94201813563029,23.32888868679267,356646,525d0dd8dc45.png,False,False,False,False,False,0,False,
105.94789509914476,48.29500753998334,17.375426886268123,20.031248800605354,20.026918185450896,11.377522566895681,70.11619609849387,18.94935033829573,373343,5264a54e1830.png,False,False,False,False,False,0,False,
138.9922427707947,77.99607631018614,1.6520880554983173,17.537360522876384,9.398121124402916,3.1057153257836636,100.74347482656776,11.35559839244531,232944,5288f7441f64.png,False,False,False,False,False,0,False,
174.12138149090978,80.03527917991872,33.81635432291634,23.325738031153573,17.575844193991028,17.706283975447622,116.02151406324883,17.97024972138523,803335,5293576816aa.png,False,False,False,False,False,0,False,
194.31541302800235,103.35937268992181,60.86804274335722,19.022925962604198,14.833678756625353,15.596248417397351,136.8536259918971,14.637743264581205,804897,529906ff9dfa.png,False,False,False,False,False,0,False,
171.61735977624338,83.31036912138747,6.982939924428711,19.86629530843237,10.613966038286703,7.722344588338083,116.45790709030658,12.137778299319761,804803,5299a532f0e0.png,False,False,False,False,False,0,False,
171.02856071060808,91.16127305271552,24.49849016901909,21.271208775692763,14.93141118969538,16.799952559296322,120.71339172257368,15.522074438314025,805057,52ddde91a349.png,False,False,False,False,False,0,False,
162.48138206363026,74.9302620808216,3.255753319330184,17.66786901631829,15.636149381483637,7.749005524704144,108.31563727785735,14.409808988607036,805057,52edbe29d655.png,False,False,False,False,False,0,False,
174.74803856891006,88.76020658543888,28.02718235997898,22.154317451029804,17.26328192838622,20.36522796964304,120.85085669346513,17.29365371512524,804897,5321ab64f9ea.png,False,False,False,False,False,0,False,
169.18668916492607,88.01048579590285,17.72812601344677,23.47890313309143,16.232204511140015,15.34365885176052,118.07696417632638,17.28138563719956,804803,53273d664cd8.png,False,False,False,False,False,0,False,
180.17395561398254,78.50475333715207,1.4710196159805566,14.88150428474905,11.44282418536907,3.760455669544627,117.4167641025195,10.828640825691288,804803,53327edb9e4d.png,False,False,False,False,False,0,False,
170.2020721213271,98.98514281322022,43.01972569249442,20.594400217696812,12.023678419810535,15.620778687145608,125.4129514401578,12.963717436789386,806613,535682537302.png,False,False,False,False,False,0,False,
98.82228344361766,45.51014301203544,15.581797792024625,18.247430976349225,18.798463798500908,10.047722203076914,65.45515246702197,18.002511673904902,349551,537e5c578f40.png,False,False,False,False,False,0,False,
150.95968924039468,95.09942361067466,24.373245371280824,34.087569545347996,36.445033880845344,29.693476160593793,116.60484115672531,32.04090261141484,1479729,53c874dbc594.png,False,False,False,False,False,0,False,
143.9419998144319,87.73295397979204,21.623115959058534,26.4196175283475,16.585704498784377,11.272576626899713,108.71423056631451,18.664346460107,1476547,53ddae6a619e.png,False,False,False,False,False,0,False,
160.74261725751842,90.6729921828321,33.45034729137622,25.828977247761827,19.506945880286278,18.515089411155685,116.61541027683728,20.478141190211083,803360,54038e56131d.png,False,False,False,False,False,0,False,
145.55950786921574,100.15140807412763,30.76109582946539,21.352310766779095,20.396583967767757,19.65098364219881,117.78191641819139,18.260576427427008,233759,540e4973829e.png,False,False,False,False,False,0,False,
160.58563804099433,75.63540603513943,17.02967658582972,20.43593300347316,18.556834709633964,14.757371021922875,108.010361849475,17.516891139719075,803428,542964865b1e.png,False,False,False,False,False,0,False,
151.45065490497913,109.2550476979497,51.56150187217071,36.25063223157995,41.54234987399117,34.641116543592574,125.68545842672788,37.29989915411043,1479833,54334705a34d.png,False,False,False,False,False,0,False,
136.23122930240729,98.55442115827987,66.97112302091814,24.767431460414777,15.96039409134831,10.326748463280184,114.56968357089828,18.01967510622113,3705443,5445255635f0.png,False,False,False,True,False,1,False,mean_B
157.88476810495845,76.22545689473095,17.062850824336245,22.51810596598001,14.930867321644095,14.309374154717469,107.14267166942066,16.401081118722495,804890,549381330191.png,False,False,False,False,False,0,False,
156.45291679957631,90.20425893305215,16.661569031408668,17.46723549755174,13.280232839334323,11.486784002854822,114.73656325788129,12.998284651661512,1476567,54b322c66d01.png,False,False,False,False,False,0,False,
128.2237299704668,82.67925849333307,23.974366928207935,21.815686729464932,17.365236780033914,16.846082787511396,100.3269921402456,17.47576394252493,1479690,54bdcdecd8f3.png,False,False,False,False,False,0,False,
143.7604813257693,97.11968156867731,26.336456017890796,37.90246833168563,39.8742974464188,26.72144864907714,114.45151881759514,37.05131387123674,1478749,54f57cf26126.png,False,False,False,False,False,0,False,
135.9115396112184,84.81005905809356,20.284433891605048,19.10008517644696,13.530139579877025,9.969978637508538,104.06948154544722,14.663897389601045,1475327,5511f114e7ee.png,False,False,False,False,False,0,False,
160.1509634856937,98.16401123134838,51.932475245064545,21.566876716395413,13.31063576728167,11.39040009675519,121.47563517996248,14.976762790225438,804890,555d0bef3c5b.png,False,False,False,False,False,0,False,
174.13268413030272,84.04222428436732,7.362787225135313,22.140392240722967,9.24447928465393,7.871017547253405,117.77997408653805,12.799086878648199,804987,55968f0e63c4.png,False,False,False,False,False,0,False,
183.64944347415081,122.37198752644291,91.40383429305942,59.742879669574165,51.418833912466056,44.650967736438744,145.05645956181155,49.158366505453486,173487,55f7f018c61c.png,False,False,True,True,False,2,True,"mean_G,mean_B"
165.75126706815337,84.23534176057878,35.48595541907658,20.669961573856845,17.18682945608924,16.838292244122847,114.99890808538548,16.90284846405053,805008,565f3404f9b2.png,False,False,False,False,False,0,False,
142.13295808537606,82.55111177949169,4.869121533074098,26.126634414393823,15.75829771145168,6.537218725020908,104.57961200507015,18.395028553053468,232735,568455854a11.png,False,False,False,False,False,0,False,
192.95084500481352,98.27485730256824,41.55617030527002,22.509699185480187,16.68918528565358,15.022391093645211,133.12137759696904,16.71392918059882,805025,571bbdbf585e.png,False,False,False,False,False,0,False,
176.70616047215668,84.03629748058043,17.16490204189633,22.265882379010897,17.51653356331761,16.04377166655446,118.86534813605685,17.45638380479232,804987,5728b8aa98ef.png,False,False,False,False,False,0,False,
146.4553392387023,98.00450407205433,28.99896423920936,19.753059739576017,21.57840100155739,18.304048373505786,116.57302654441264,19.085991369792655,1479106,573ea80a53be.png,False,False,False,False,False,0,False,
139.81403563651727,87.49788748415614,37.02590472553544,20.28407439138785,15.456162395125125,13.240049986313187,107.48593890495846,15.941549075617603,1476912,57a5e4274275.png,False,False,False,False,False,0,False,
173.00147878908584,89.35116635132444,27.62183578968333,19.59020864996623,15.828392869191141,15.645851510348978,120.46050463055168,15.610903473973849,803360,57a710de68a4.png,False,False,False,False,False,0,False,
206.49963167107046,96.89843686916683,15.648232828604685,21.525222876293245,10.207427815118388,11.842422949180987,137.3268549678442,12.193026343646943,804987,57db4781e7ec.png,False,False,False,False,False,0,False,
106.35299130364655,65.00497318512346,34.18410731327034,19.92488396398612,22.532657625882287,12.41548230947923,80.97885724270488,21.8552266679314,371995,57f5ad4b5b29.png,False,False,False,False,False,0,False,
103.68534916741964,61.01181962910374,15.408179510348091,22.683675683707488,14.906330965703141,11.152729653787896,76.87061228002237,17.08622518823674,232410,58059e73d2d4.png,False,False,False,False,False,0,False,
179.09957701600632,85.66528363530209,2.317033025049845,24.710719832975034,14.138964834271949,5.677361950138702,120.49334095242827,16.484423128585426,804995,5814cbd2e9bf.png,False,False,False,False,False,0,False,
166.8599728939722,91.62222992420996,16.297915370061876,20.939548132820438,17.0792566871389,14.33424157569432,119.31674673007142,16.591518917415744,804987,586f5c56081e.png,False,False,False,False,False,0,False,
169.76099872674763,90.11435918139188,34.859186981770755,25.935167612208527,22.043988080013506,20.950314687321914,119.69789012763579,21.76621260150229,805025,5889a0c75cac.png,False,False,False,False,False,0,False,
185.20444808098395,83.77963900970266,37.54164759354354,25.669069836184082,18.04147799872118,20.148305503711562,122.5276230793313,18.75637465071534,801739,58a9e0d7f7af.png,False,False,False,False,False,0,False,
185.631870910191,92.9509067619832,18.648702877511035,24.09099132819017,16.357639012964917,18.45458729764826,127.12470912427304,17.17749964800017,804897,58af2c054ced.png,False,False,False,False,False,0,False,
190.15315561506824,87.9618287897627,13.066582863076777,19.547655885496965,13.019532914176798,11.999643599590419,126.2336492943978,13.670890069923322,805057,58c12863f33d.png,False,False,False,False,False,0,False,
71.71133216969208,31.225470682906852,0.6462188235070043,24.426664659113428,14.543454716934967,3.532155421675932,44.14520664608754,17.96315607316413,1470098,58eb3809f456.png,False,False,True,False,True,2,True,"mean_G,mean_L"
144.30573683047734,96.02231398760762,30.008425764963654,22.734161944915407,14.176916157868419,15.889666120199081,114.77257123321823,13.885085996561662,1480103,58f07741ee3b.png,False,False,False,False,False,0,False,
176.2389885046025,89.41983656245915,28.307241415794813,23.87165362614778,18.82741332843574,19.870085844523018,121.70418303012951,19.063495699606584,803365,596f4fdb0004.png,False,False,False,False,False,0,False,
125.22632062589638,67.33502374593142,9.192900267088053,31.95980322510755,20.973347700484553,11.522190407104002,88.8980470796369,23.868718443078563,232882,598b8f5b3822.png,False,False,False,False,False,0,False,
145.10458464965052,82.86210173068862,10.410089376184347,22.39643839241565,16.808233846717574,12.6313367786097,105.99728303995681,17.25464116094943,1474442,59928f999ae7.png,False,False,False,False,False,0,False,
142.51118188170562,84.76655872948444,8.175398033861205,28.259117121801232,27.257732872346082,16.141708166880377,106.23944940537594,25.687691254692158,1478329,599498e9e4bc.png,False,False,False,False,False,0,False,
164.5526394258963,87.25506788657079,24.549217763818348,20.025580995325065,13.973081572350868,14.43172331411208,116.04588679939171,14.73054969254705,804872,5995321563b7.png,False,False,False,False,False,0,False,
167.6458716097784,87.40547379561963,30.48608631811965,25.50925797790725,24.007408982584618,20.54855737340144,117.3837296692294,22.47352142993981,804999,59bd19c1c5bb.png,False,False,False,False,False,0,False,
158.95619137719632,85.96581376387186,27.877724735010922,22.3088836416181,17.995830512720932,16.77725898677808,113.27557494693994,17.709494105514704,803335,5a0fe0ee4301.png,False,False,False,False,False,0,False,
174.56508982035928,122.68008982035929,70.96964071856287,55.22259433413041,67.24976877277669,51.36573312425196,141.6440718562874,58.711440582532745,33400,5a179c123fd8.png,False,False,True,True,False,2,True,"mean_G,mean_B"
167.17275414041154,122.77254224056209,68.50998159817097,45.24974274654998,60.6536906923403,50.58353870760187,139.38167066302347,53.06027782505655,35866,5a27b9b2a9c1.png,False,False,True,True,False,2,True,"mean_G,mean_B"
166.90395910552024,89.74898950426378,14.84855051484649,22.82650195900158,13.31434685572689,13.354181381888226,118.16790941385656,15.510156681390937,804803,5a444c32cd9a.png,False,False,False,False,False,0,False,
79.86676617180629,33.746035342093336,11.96145419654042,26.06183254111754,21.442792308378444,10.81886321426339,49.357506863189315,23.079615507371916,375190,5a93c0f783c4.png,False,False,True,False,True,2,True,"mean_G,mean_L"
182.5890733716375,93.81368318814012,17.96132196628139,23.24257365949477,19.184533056175265,17.224439059388732,126.41637541080118,18.608312810569235,805134,5ac7a414560e.png,False,False,False,False,False,0,False,
155.27805193191702,82.49030314324762,10.997625792023854,19.52957837330907,13.223163965005243,11.116776686376106,109.63783451360418,14.060721892689832,804900,5ad3dabeb2cd.png,False,False,False,False,False,0,False,
191.7673881083068,123.83550684687168,41.56912070330763,32.10762119062403,32.68440711987807,27.783100768991687,147.81710528804967,27.907785307348323,1480092,5b1c4cefeb24.png,False,False,True,False,False,1,False,mean_G
131.35743520243713,74.1813234558068,16.579794687781707,29.688484537844815,15.40381243725455,15.269127638653334,96.23478969957662,17.28170133395825,1476483,5b2648ad455e.png,False,False,False,False,False,0,False,
153.21629777169179,79.67604879870534,9.26607120627412,23.61475051665516,14.808888701965005,10.602491449444775,107.09676459604133,16.761085259472186,803300,5b32ece9c627.png,False,False,False,False,False,0,False,
162.52762884600097,85.13564234178725,30.414339521386548,22.357510955287097,21.600154031262715,21.035795025138615,114.19349881737955,20.17503250398617,804992,5b3d41626ec5.png,False,False,False,False,False,0,False,
142.0638950761136,78.57433038492405,11.911873892200664,28.259903833866332,23.04406947818865,14.41141128046626,102.20814825305678,23.385246139445204,233007,5b47043942f4.png,False,False,False,False,False,0,False,
183.1163442439059,82.70889156384045,27.034368986793773,22.958847052008593,13.209083433426716,12.88312894019757,120.97884966316728,14.744748019682282,804999,5b994ff78547.png,False,False,False,False,False,0,False,
173.35631224386614,86.06045473348414,26.103993918004868,24.208845713321743,23.05595924063526,21.838334864230504,118.82131903269445,21.307470328394785,804999,5ba156a35ff2.png,False,False,False,False,False,0,False,
140.7131010752688,67.5517935483871,1.3459913978494624,24.688789558566924,14.268921232078833,3.290415154368525,95.10259354838709,17.318116045951236,232500,5baed382f062.png,False,False,False,False,False,0,False,
182.4892813182327,92.77410419926889,15.60567324999536,18.9939217368697,12.069417378729208,12.342189725688447,125.8541667955292,12.697787649828697,808355,5bea250d8bf5.png,False,False,False,False,False,0,False,
113.73355935276622,61.64967484053249,3.81597909128551,22.003168820976818,13.434405011198276,8.391961900445196,81.36399795946535,14.480851938511634,1478044,5bf3357a2823.png,False,False,False,False,False,0,False,
212.979692121179,106.05077156027461,53.93708271588223,27.15045267121836,11.066525210471555,9.93147721662918,145.09868369568863,14.53666083164721,805057,5bf6f2958e53.png,False,False,False,False,False,0,False,
156.51634297487163,74.51596384828451,25.444300193429388,24.92284205092966,16.767642421182533,13.79658363036251,105.77860254438836,18.412714746633466,801843,5c817060c0ed.png,False,False,False,False,False,0,False,
186.05885524730087,79.53140056405223,6.094460112561965,27.57873238615879,16.699950332788383,8.936185514188354,120.26395532308763,18.754949083140023,804890,5c85d22bd0de.png,False,False,False,False,False,0,False,
160.34035938151814,107.8627445403373,30.436463530915965,26.66058748682551,21.25675984689223,15.156658218453183,127.22692070148065,20.784779426701263,1476648,5ca73d28f17f.png,False,False,False,False,False,0,False,
160.22071459809757,77.11676390780148,6.327612340844259,20.669269465989135,14.33699505295988,9.377369540707667,108.52805415022513,14.9415045910575,804872,5ca779ace6e7.png,False,False,False,False,False,0,False,
167.04906166186535,83.81336096110869,18.723239008828713,20.11667659620833,17.335159961910346,13.665931050784792,114.98977871692338,16.633449373187954,804987,5cbe88914a72.png,False,False,False,False,False,0,False,
160.9884283947363,91.26667207364302,8.244642024371945,19.987264355543576,20.59050457627789,17.02967238219549,117.20217630798138,17.510530658342258,1479570,5ce5eeaf757a.png,False,False,False,False,False,0,False,
70.92708188961268,27.32914432231308,8.239997014829898,20.25941951254522,14.943420148191588,5.9883963042806485,41.29769342303059,17.347899837822986,375188,5d3c8c1f57da.png,False,False,True,False,True,2,True,"mean_G,mean_L"
165.40765877629016,99.33295755815605,15.50921889738631,23.121054700736046,20.398084560495732,21.448921612058545,123.71790404064326,18.072305322988857,1477834,5d4e5fd34d91.png,False,False,False,False,False,0,False,
171.57085287796062,85.83669009325416,28.244740841042287,21.182529931862728,16.98173620247525,18.04808003427227,117.99571501288732,16.91979577288229,803503,5d5b5da5f939.png,False,False,False,False,False,0,False,
154.29250644389927,81.83029346914692,6.603517903170709,20.27945420629045,11.596351168955495,8.09699358397732,108.8095810689109,13.535164429351438,805025,5d6239c0fd39.png,False,False,False,False,False,0,False,
139.8440697268478,89.83371238183686,36.361925453417705,27.419825863478838,24.17201139405855,17.985696269525352,108.82498127353519,23.985235922842858,1475185,5d9c841eb245.png,False,False,False,False,False,0,False,
156.756264529518,75.7220459556806,2.7827905654165046,21.26058439126571,15.494149550427176,7.562069541449336,106.30735355742465,16.05694900858875,801816,5db2e3a4594a.png,False,False,False,False,False,0,False,
143.20152788129278,80.97729114438647,3.2812636357476794,31.985928239814722,27.693182221397517,10.093590756024566,103.90053323395894,27.355692054560762,1475900,5db895d3f1fc.png,False,False,False,False,False,0,False,
159.59296009144674,75.85761517817205,4.875036032006362,18.176658209710283,14.467868927689317,8.862059923522903,107.65420083494855,13.841641250213021,804840,5de4615a5161.png,False,False,False,False,False,0,False,
140.14491354245226,106.87260292815273,57.09108483403362,24.77952912288011,24.08574577674718,19.679198745955382,120.92784983985077,23.26060286497878,1475811,5e505e25cd3e.png,False,False,False,False,False,0,False,
172.10129728803074,78.18061409687361,27.592892804480073,21.137270639193243,14.02764069210488,14.012899521109041,114.16274548533082,14.985038758479977,804987,5e5275ddee29.png,False,False,False,False,False,0,False,
104.63879219861194,42.35237715277183,14.590954609716391,21.330945521803017,18.6868977224435,9.20197541516933,65.92688073001456,18.885913822889947,373472,5e97cb2b0888.png,False,False,True,False,False,1,False,mean_G
163.6961993966427,85.56475761166092,17.411212638642745,25.501536941131416,15.948723724818143,13.843216481068763,114.60412144805751,17.820257895682463,803504,5ea9e447bb62.png,False,False,False,False,False,0,False,
89.60068305937855,41.97635769417982,19.46302546629367,19.66035112307814,14.928094383062264,6.86117466372587,59.04300813573465,16.745854879377617,373906,5ead17e894ae.png,False,False,True,False,False,1,False,mean_G
159.83913271941952,88.5053062177717,24.164587782096625,24.51065350274692,16.655925195099908,17.38541555276823,114.90556758455601,18.318512680836015,804999,5eb8fb1aad41.png,False,False,False,False,False,0,False,
167.52187687483553,75.62092307078257,24.52004335586358,22.008355170546064,15.427158834005267,14.385586472568189,111.01352064330322,15.675962902211115,801737,5f4a8c074bd5.png,False,False,False,False,False,0,False,
176.62177148131997,98.02349244685966,34.601454596053905,16.930410464775825,7.928040081497538,8.351765675772095,126.82522981201322,10.154824948505043,804897,5f51192841f7.png,False,False,False,False,False,0,False,
164.3899937266691,90.72794116733644,19.425689600556524,21.299068694862058,12.941531723618695,9.43632368408967,117.94504686364512,14.090978075562777,804995,5f6db235c04d.png,False,False,False,False,False,0,False,
106.03059167463115,45.45651388230759,15.789705327240164,26.220937743370094,28.631285867567485,18.960639370935475,68.2789124387939,26.764792723447137,373533,5fcff7280019.png,False,False,False,False,False,0,False,
103.1413464447394,46.51945588391609,22.713491429708345,24.624176174653197,22.052872833656377,12.01113272261236,67.74299209336426,22.441118706094546,366907,606daaf0bfc7.png,False,False,False,False,False,0,False,
94.22765323401732,42.499573334609344,14.499395225069316,21.78007392393842,17.96576192738521,8.008683960698663,61.32520409492441,18.966648911122498,376173,609be3ca5ddf.png,False,False,True,False,False,1,False,mean_G
92.27286895259743,68.6945677428997,57.59445912903848,21.075358229712624,17.427078723430533,18.82659138735757,80.02922390617152,18.539685951025206,2877165,60aa4e649abf.png,False,False,False,False,False,0,False,
92.78509271925824,54.7110102762035,3.352683321390572,14.620656593995763,10.742563601329488,5.978020319725922,68.42091381126095,12.033852011909204,1473696,60edda7b4871.png,False,False,False,False,False,0,False,
138.79347628599035,104.54662846788138,75.52065176978213,28.07692231118514,18.26082130223046,11.666034890423953,119.7660508897341,20.205703671072907,831091,6107a2e9f60e.png,False,False,False,True,False,1,False,mean_B
167.24443736299574,83.2091788022919,15.309931773284655,24.059429133581197,17.21306691384956,14.19260756741937,114.60442197744199,18.319291823704102,803351,6110ecb3bb1c.png,False,False,False,False,False,0,False,
179.93454251213743,89.11449645213494,9.061029503298892,22.45207025810998,18.327069912652096,13.230527314398913,122.76959292916719,17.8044910486768,803300,6155cf375354.png,False,False,False,False,False,0,False,
171.26177926570972,90.78161355039472,20.472307281411688,12.511687688970573,11.83653267698263,12.566170940900799,120.65936682836539,9.993612184678655,804995,6180920bc224.png,False,False,False,False,False,0,False,
82.4514464555882,38.36412969331924,0.7551284844609789,20.2857253518722,12.983520609131359,3.6785824067836836,53.28503466049816,15.804803218074671,1473291,61a62b1dcc36.png,False,False,True,False,True,2,True,"mean_G,mean_L"
204.44567977464007,99.26054266910674,7.507693433118587,22.379526618042107,8.461143724393377,7.724719604665505,137.7746189859795,10.891774524921289,806532,61c667663f2f.png,False,False,False,False,False,0,False,
147.85592194104964,76.181349650894,3.076696370854472,27.815199593853475,17.88791222415555,8.802937518452019,103.04984143852654,19.483151747376034,1477345,61d9c88a3a4b.png,False,False,False,False,False,0,False,
108.75921624229396,54.0121058145027,31.060265204721826,27.641460160438104,16.98096809753949,6.33615618612874,74.70924320078667,19.94041949498734,2273866,61da799bf0aa.png,False,False,False,False,False,0,False,
141.51223208515952,80.77244644407011,8.999024596657536,23.635286852963628,19.06297084926306,13.030934722323945,103.61554710461353,18.347212710186646,1479388,628b581aa905.png,False,False,False,False,False,0,False,
146.50045023798293,77.70194674327858,1.925599245315381,27.83905735808114,16.25220268423456,4.296670625953065,103.44572702714292,18.524703260178683,233210,6294b378d09f.png,False,False,False,False,False,0,False,
169.1246855812694,84.16298970135034,17.019729037819683,22.181738880312665,15.04859164360455,12.846757108801887,115.9398825176354,16.039507833205707,805057,62b4be2799ca.png,False,False,False,False,False,0,False,
177.897590758051,97.51916275892053,27.488856867799136,19.71230989103141,11.856825590270887,13.681084234252207,126.94487997267166,12.824769962263836,805025,62b826899151.png,False,False,False,False,False,0,False,
167.66563858211282,76.82198403342869,25.433067472241095,22.29410439431348,15.283984057861161,13.700301162933929,111.61419253543538,16.05714716492971,805057,6324d77cf926.png,False,False,False,False,False,0,False,
95.53317757506733,74.90812609459961,57.54038279361061,30.97764030580782,21.187796542558374,16.71639425838523,85.27710983946282,23.479084512976595,2442674,633fe9dbaf39.png,False,False,False,False,False,0,False,
167.77892975051037,90.28596439128582,29.30137810122477,20.296368255390473,17.56937829783324,19.733588145997686,119.06464563377622,17.0725886839393,804803,639915f58a2f.png,False,False,False,False,False,0,False,
156.63944993447166,83.54488537195883,5.801372679333412,21.119988908631818,15.74047375287837,10.554621706069987,110.66723147348742,16.17393585914352,804995,63b71347e95d.png,False,False,False,False,False,0,False,
163.521597210746,80.2243207343909,22.820905240164365,24.60751621628319,21.10332594265059,16.83032209502111,111.63073944803884,20.60128102295255,804803,63c0eafd6aa9.png,False,False,False,False,False,0,False,
87.53830539102673,69.53768518670482,56.4504747845481,22.053664793764195,15.955954986627829,15.099078298082503,79.31613921945818,17.13039913641362,1157683,63c7b0265775.png,False,False,False,False,False,0,False,
120.64102053206497,96.77102157654004,85.85875472666308,25.996288396866817,14.79857081522649,15.604041757347291,110.24382926056953,16.17467459351167,3628617,63e041a757eb.png,False,False,False,True,False,1,False,mean_B
106.52029030269799,70.6808677242342,13.972396344275923,19.76038757249878,17.61170903457452,12.590574217661601,84.33447398963477,18.805254500993183,1469914,64ac539f58cb.png,False,False,False,False,False,0,False,
185.38485101054957,98.72304942382962,10.634651956321106,20.836076682318964,13.356121904364807,10.569075389029951,130.11508626097282,14.256598640383881,805057,64b9206afb3f.png,False,False,False,False,False,0,False,
99.12703486137526,69.69595721685694,56.58323205150867,29.740902585328474,21.509758123605184,17.811859343448287,82.52238715032088,23.35110823875882,2822981,64c6c6ee0d98.png,False,False,False,False,False,0,False,
171.1479274472728,91.93146802135603,32.46966077579285,25.504428438195536,19.04852939693286,18.77734995609636,121.2075129491755,19.785000406079888,803333,650104ede84c.png,False,False,False,False,False,0,False,
183.8893592593467,81.03720537821057,1.8842735427179074,22.209858978064766,10.887304934943211,4.78643915868229,120.12131540265133,13.623513086207216,804803,6504b703c429.png,False,False,False,False,False,0,False,
118.99416441973175,61.96972980876326,2.0387676905809347,28.816834767007396,17.720231517520503,5.081018717588329,82.98292759494106,21.277374108667228,232539,658ad9f09f5d.png,False,False,False,False,False,0,False,
108.30191975933978,45.40084725185094,16.525448437349564,24.85367192975193,14.681081973418385,7.144299612249806,69.08750969598361,18.84906736820993,3302914,65a3b13ad9a0.png,False,False,False,False,False,0,False,
156.189945774938,79.43374449130869,17.72504769739503,24.0259672411455,15.66521854258032,13.142877427626628,108.2239680499015,17.366490100346756,803503,65a7fe9482fe.png,False,False,False,False,False,0,False,
139.4128094147178,81.57928194724423,11.951159861942688,26.294607545853562,17.24991668904237,9.943761889689327,103.05539055347572,19.27484477973354,232657,65cf00be6fb4.png,False,False,False,False,False,0,False,
91.94107295402928,54.79372304647941,45.21240389615492,25.386897180074257,15.022331686429482,10.947268412575019,69.33238597208452,18.38257606007776,3003782,65dda202653d.png,False,False,False,False,False,0,False,
95.37323372312053,63.274806006393426,43.29702937955888,20.344096084176385,14.537434880330407,12.125809068272067,76.35397664454992,16.34201376121744,3398179,65e6f1bd9875.png,False,False,False,False,False,0,False,
173.6500199427686,84.38700650966759,7.976414103824165,18.150450649654438,13.060962049934755,9.777079660013715,117.774657897647,13.301833609971508,804803,65f5d2a6eb7e.png,False,False,False,False,False,0,False,
179.39852240970455,85.91791593793374,21.03549204254763,24.149700475777454,18.95081858354125,16.00792320528544,120.94726359488881,18.953018310103076,803335,65f69234c8a7.png,False,False,False,False,False,0,False,
97.16701181312281,67.84205614035771,45.53880277962711,25.866160642446218,13.56389970981768,7.261529999429919,80.23121880157092,17.474274444116695,4103572,66366a90d1ef.png,False,False,False,False,False,0,False,
156.29089981654215,79.21810658016335,18.513479974907057,25.196882370340386,20.80050434366611,18.120315050021787,108.1692314599679,20.838766311838647,801819,66393d8c60ba.png,False,False,False,False,False,0,False,
69.74404743276617,28.398466531053767,0.18652125698190997,18.19576848602868,12.349451465613152,1.3652079286931194,41.38357950022791,14.738045785915585,1469870,66460ecab347.png,False,False,True,False,True,2,True,"mean_G,mean_L"
156.4858030301144,70.73230296164428,2.913303123482764,22.612507138779797,17.274686715793866,7.719920707025516,103.5354376486113,17.473622401809482,803270,6653ad026901.png,False,False,False,False,False,0,False,
176.4151177107133,82.44548929863076,14.025484006028101,20.64738587103992,15.378837235852094,14.573829523216755,117.95419786631085,15.38480943031584,804897,668a319c2d23.png,False,False,False,False,False,0,False,
135.49225179409785,81.8974851712148,13.048637871857823,30.400128867230016,23.96586113571695,14.97781673216766,101.70350515856217,24.943312025694286,1471631,66b88a4bc474.png,False,False,False,False,False,0,False,
178.28566424054054,96.19549756704146,56.3680879318548,24.07928862756551,16.69516151244061,18.26071458587374,126.8984666833129,17.54254749696632,804987,66bfec8d6bcd.png,False,False,False,False,False,0,False,
142.35674621877544,93.4669008954968,30.791893397317793,26.283458796745723,18.217570711823566,13.869339145359822,112.09569818758301,19.12154017564499,233390,675de69373f8.png,False,False,False,False,False,0,False,
142.51321573518263,90.18016782767687,25.048671652134562,29.37148581314503,20.22874689415146,14.305916787774251,109.77952616151263,21.82031055380513,1476157,67d8f94f04e0.png,False,False,False,False,False,0,False,
134.1002086245833,78.10968491235617,24.325914614474673,25.70985489106779,17.215757186125842,12.045202784021763,99.1963393913324,18.903843856448105,232475,67ed8cc78b97.png,False,False,False,False,False,0,False,
150.17992259263434,110.1285293137331,83.52108401544243,34.270534590002725,27.669300172464787,23.842830604034933,126.97387220806195,27.978731328384047,2049159,682312e82ee3.png,False,False,False,True,False,1,False,mean_B
172.09855576585332,122.65244599041725,43.0944379081624,29.75702537331665,37.580397967999176,33.69000221147593,140.4958736167238,32.98287792709053,234588,683023cda6a5.png,False,False,True,False,False,1,False,mean_G
92.4337512863565,38.18344256079727,18.57698369712398,22.244846528819142,16.879103747972607,8.379373463997242,58.16418241889184,18.382321669948205,369260,684dd88a0d49.png,False,False,True,False,False,1,False,mean_G
167.91726796984562,80.30944641186898,10.368901829311465,22.081424618868496,18.237140599161652,13.76051019695877,113.3567002088051,17.727937126937988,805057,6852f4531591.png,False,False,False,False,False,0,False,
172.33914741198154,91.55458461049317,9.227825855841981,22.723317552662085,15.841536638468092,13.352160485854522,121.15228671637861,16.870380497122504,805172,68987fb159ab.png,False,False,False,False,False,0,False,
184.4604745169798,86.65425031708587,13.338494907371174,23.150459003450898,17.08157580364693,15.199498965085409,123.31023855043622,17.178906903736852,804987,68ddb15a74de.png,False,False,False,False,False,0,False,
159.36345431665356,76.84510681538957,7.951494868861237,18.805585645730545,11.919004327508272,8.568749415824833,108.01334679938931,13.204826492859059,804987,691eeb59b4cb.png,False,False,False,False,False,0,False,
191.77775990716077,119.78516205419169,34.83896525828334,19.895005008847267,18.443513411921288,14.55560837510391,144.86206990408016,16.880476871988122,808279,692e946b1f85.png,False,False,False,False,False,0,False,
208.63432775567443,94.54525828605925,25.34633696744454,34.15836117295319,16.85591958928228,15.023494799516241,137.19569918651723,19.80857594396965,805057,6966abf40b8c.png,False,False,False,False,False,0,False,
169.10995444137572,86.24343611667084,21.529500047832208,17.308467818380347,9.670189685038522,9.915387265393166,117.179194356545,11.258725335587958,804897,69b3a00927fc.png,False,False,False,False,False,0,False,
159.2781615792156,104.33770767036572,28.41446272319612,22.312262954519575,18.662432802326652,17.21532566171902,124.74150580556186,17.63495648887633,233483,69c4cbb630de.png,False,False,False,False,False,0,False,
162.99232981198793,103.30036342452252,43.88539223091175,22.605721941014497,16.28267195577502,12.967086633606431,125.41065277547274,17.13359968274081,1476235,69f43381317b.png,False,False,False,False,False,0,False,
164.0633560322183,89.1761835995369,27.80600545271204,22.857238819913526,18.156534896389967,19.06617001478206,116.96532423718052,18.397537851793707,803270,6a2642131e4a.png,False,False,False,False,False,0,False,
102.5994853023137,101.78192065389224,92.5061294262089,10.803723557357438,25.752267145248545,30.09620456062142,109.41126590733977,23.342145165643966,1229071,6a2c3f4ef329.png,False,False,False,True,False,1,False,mean_B
158.6288772365268,79.04643180573102,33.96174348157175,22.562389037079505,18.335940683600217,17.338324830423893,109.50320812634241,17.671846026200498,804987,6a57a3db3eff.png,False,False,False,False,False,0,False,
203.13007779704213,91.02444446652392,33.45032738346589,28.467415863240323,12.26322636805031,11.947149457585295,133.36443145067142,15.615016038622281,805172,6a905a7202d2.png,False,False,False,False,False,0,False,
69.02906773594896,67.04966324048912,60.84035393253174,13.718905726648314,18.090887561848145,22.785996856392227,72.70345493198839,18.005840743581835,2887669,6af071b0ac6e.png,False,False,False,False,False,0,False,
142.94174732270756,89.05587519685226,33.23743416507863,25.138925042059732,20.74771004183271,15.906436996325878,109.38855501118236,20.88467475924042,1475091,6b30767595d8.png,False,False,False,False,False,0,False,
178.39544613763948,97.58899957390616,15.738127448020899,20.673614149280674,10.744416274042715,10.378034039056374,126.9239615049684,13.106059604544967,804987,6b3860e8f64f.png,False,False,False,False,False,0,False,
139.1257387378098,89.14658349026142,30.044458584553936,32.34999011822986,24.787399346111336,17.30723131034921,107.97050204323075,25.633843154774866,1474136,6b664ed2a938.png,False,False,False,False,False,0,False,
158.13851461739824,96.86634687419632,46.46703988212156,20.642810065067277,15.027599013834958,16.541288003582643,119.85681770462556,15.852070591818435,804897,6b66b0e86f7e.png,False,False,False,False,False,0,False,
130.37851058463642,85.99632059814179,29.67769538050995,30.836811273441608,18.374565305974453,11.168891565769785,103.08206822114107,21.456571923729104,1474968,6b91e99c9408.png,False,False,False,False,False,0,False,
183.49100816626228,86.54952000069574,18.647402089956852,24.212007543264644,14.522024055273626,14.198723988584296,122.89899577212985,16.314404678748435,804897,6bb30ec3231a.png,False,False,False,False,False,0,False,
127.65768008161334,86.12897532379206,74.04758227866816,28.83917465257345,20.198746741677454,17.986003361889846,103.91891744041635,22.128507856902992,2705440,6bcce181be65.png,False,False,False,True,False,1,False,mean_B
46.08888369208925,41.33667866457629,38.90804073894026,11.317481700496526,8.048216168821073,6.89346669276524,43.837009355913736,9.780226397159028,3583402,6bf26b777e3a.png,False,True,True,False,True,3,True,"mean_R,mean_G,mean_L"
138.32943477326455,90.00463356973995,33.2457253384913,26.72410690921784,18.75523922846991,13.828936539396514,108.41089189770041,20.35465426234008,232650,6bf2a81a5d91.png,False,False,False,False,False,0,False,
166.4276181686514,73.26840459743845,4.324608071229739,17.751145307184643,19.38360655845978,11.090624304655988,109.19841079575733,16.486864031243556,805057,6c00dd8bf708.png,False,False,False,False,False,0,False,
134.99709731716533,80.62682061763594,20.99325426814606,19.57931412416469,13.066950055369448,10.384609050197685,101.16424633300127,14.303740210727828,232888,6c30dd481717.png,False,False,False,False,False,0,False,
180.00312066660527,91.48818951545645,25.62133878713494,25.689145533270143,25.041498789982423,23.629856886994872,124.35876836363546,22.79133880316151,803354,6c3589d7ed8d.png,False,False,False,False,False,0,False,
62.00346311144989,49.8683724475586,42.25701554918717,15.531353775021437,10.163987632760442,7.513577157235002,55.60584111464548,12.476669383694038,2183008,6c4ec95dd8ba.png,False,True,False,False,True,2,True,"mean_R,mean_L"
88.46732420534167,35.04228824548595,0.41704170253571465,15.523427696432336,12.391688231295415,2.518072476336118,54.34622053743639,12.965560943529495,1468304,6c6505a0c637.png,False,False,True,False,True,2,True,"mean_G,mean_L"
167.41625482418857,71.35912747058816,2.6555308443154537,21.145468346548725,18.01415175722041,8.13570285499827,108.5060304690835,17.109232010159783,803503,6c9c902a97de.png,False,False,False,False,False,0,False,
71.12872819581555,28.707293581998073,0.6837928749844016,20.941138135337738,15.128623214547133,3.1449523066331295,42.09457092095167,18.20787182165755,1450467,6cb96a6fb029.png,False,False,True,False,True,2,True,"mean_G,mean_L"
183.2654696241173,127.09513016363803,63.107904149252555,34.394570951765566,49.569591437670994,26.29783957248346,147.28405413549595,41.247010597971844,152654,6ccfdb031184.png,False,False,True,False,False,1,False,mean_G
109.4238287774236,102.05095113628911,89.54840974096648,33.92629740191951,27.586264650616677,28.09342068941486,110.61983199372231,28.38236450142662,2272177,6cee2e148520.png,False,False,False,True,False,1,False,mean_B
149.22180557825118,82.34418136626732,14.157035597258178,26.587517650764752,15.884026534565281,10.229910903555291,107.27382969391002,18.044785481640034,232546,6cffc6c6851a.png,False,False,False,False,False,0,False,
124.76870635454175,44.57003166731731,2.2669246781819794,19.924868602469193,12.746528381783728,3.4449568516200704,76.32769998490845,14.456806317008079,801773,6d10709053ae.png,False,False,False,False,False,0,False,
158.06517372330237,74.5508697655987,9.049559806555882,17.513877737583552,10.388503717105705,8.950473755063385,106.27367398479727,11.89913297056492,804987,6d4f6c9a8406.png,False,False,False,False,False,0,False,
69.14604630902092,48.62194997127705,33.501319113619125,11.65223828105041,8.71346411667276,6.5030472274834406,56.413281272315835,10.293843046434118,2520632,6d5a8362dd1e.png,False,False,False,False,True,1,False,mean_L
159.29265384519445,75.16847888448203,29.316790141934195,26.864507843987266,21.10368474223111,17.187074885809434,107.32000673501459,21.55714662404177,801780,6d6be4cfc73f.png,False,False,False,False,False,0,False,
164.22176162584861,83.04789470742054,13.478593034739346,20.580770094070875,14.49820367579979,13.002193467107077,113.40346958676761,15.215447252837341,804995,6d6fcf49e515.png,False,False,False,False,False,0,False,
62.78395679202882,51.931790457541354,43.69409856993013,15.763743384201744,12.475163846274127,10.768715035958218,57.48168507735562,14.218971312189455,3579895,6d9effbcde78.png,False,False,False,False,True,1,False,mean_L
173.15974599216068,80.92710253212978,3.7023592474651377,21.027563004184582,15.330690896530063,8.311970154339967,115.71683814141575,15.585666601941114,805172,6dc0281f11e3.png,False,False,False,False,False,0,False,
151.9965903035437,63.08056448176961,5.386719201249104,17.409071324310325,11.26111725869581,4.916474717451434,97.89445343621632,11.482946939961915,805057,6dc07f968794.png,False,False,False,False,False,0,False,
145.7584003117014,88.12695337602091,20.031193813593372,23.22538415446717,18.128806771374645,14.13352689140302,109.65185634137795,18.223388859400597,1478338,6de39b94f634.png,False,False,False,False,False,0,False,
80.59550022380228,56.02701544235676,35.6329549488599,17.334080732832046,13.223799292204673,9.115188945088516,65.80805707472423,14.690035968588065,3109888,6df8b7b6e837.png,False,False,False,False,False,0,False,
128.44208338303292,98.26931161987889,85.50746616335609,25.94314811351904,20.238473450092393,20.92712430786088,113.01366305789242,21.482479448634397,2850460,6e018411ba4a.png,False,False,False,True,False,1,False,mean_B
152.32964010598928,85.45422596886658,28.274672758690514,20.172226893504217,12.973379342187437,13.177240070092136,110.4612608650823,14.509854165198092,804987,6e092caa065f.png,False,False,False,False,False,0,False,
123.24568242150247,80.56077488652843,63.399481671388585,29.008515686870982,27.204592160489323,25.473938963935588,98.12580009955289,26.702194536238693,2509219,6e0f78e188ff.png,False,False,False,False,False,0,False,
108.93002643593336,63.70828987770077,13.801039275759788,18.706929115515162,12.310545737090903,8.967737158299268,80.61563332052536,14.271658614849153,1475643,6e1db8711879.png,False,False,False,False,False,0,False,
93.84980439680203,36.89440409478961,10.887214355620982,25.20596657218466,19.269688856816284,8.002464636048947,57.719296533363696,21.268492616057888,368859,6e3526053de0.png,False,False,True,False,False,1,False,mean_G
178.88011509547184,82.07726081722258,15.54445227153288,20.46270029122275,15.100636381272626,13.532852182378434,118.75515376501589,15.194478014456225,804897,6e44f6d04fc9.png,False,False,False,False,False,0,False,
159.70787322776138,89.8013804240917,13.791282797957281,22.01571245807409,18.73936349110418,15.393344475079452,115.73003131080158,17.491225388296744,232827,6e861bc3bd7b.png,False,False,False,False,False,0,False,
154.59456659590563,82.18347023875329,9.977139506892058,23.47179965171387,15.275045661629495,11.833543617390797,109.10999718032387,16.935591868037505,805057,6f0e5848d9ce.png,False,False,False,False,False,0,False,
85.56607133825108,40.145562190034795,15.293938191972783,18.738779832407037,15.031326486367583,7.923480643708912,56.11895742545528,16.676076201686747,375647,6f3b62e5b7f5.png,False,False,True,False,True,2,True,"mean_G,mean_L"
158.52003838886276,78.42475334782252,2.675840658834542,21.218266174404715,14.11305071743964,6.947522359825982,108.51088306832072,15.116016820597673,803358,6f460f9968c7.png,False,False,False,False,False,0,False,
184.6722396849259,84.4419535588714,15.15015343711563,23.291433453575376,16.841134392202495,16.48749204132884,122.2960329982979,17.103726234996948,804890,6f689fced922.png,False,False,False,False,False,0,False,
110.14816148694939,48.097250692539525,14.460747969769262,20.5443782590751,16.92806791975496,7.6008441323678255,71.52601321985523,17.517355701332765,369293,6fbaaf8eb67a.png,False,False,False,False,False,0,False,
181.82167407755279,80.32995029177647,5.493880583478383,22.418907302390945,13.955696962396027,9.33627216258367,119.07637002001498,14.566428183081497,804897,6fe4751a3b42.png,False,False,False,False,False,0,False,
160.41032988920702,82.26646084899788,12.68240383418399,22.420947836408637,21.81983899045245,18.044450360675093,111.4958844765343,20.343236755874514,803300,6fe67fd7f5d1.png,False,False,False,False,False,0,False,
168.8430718154596,80.90371018895786,23.69293693464485,23.30482873190102,18.476512852625703,17.688315385943085,114.18122543865886,18.51690885531216,801819,705f508d1e42.png,False,False,False,False,False,0,False,
70.09188000473713,40.71985497080286,30.84261744905303,14.83634011183833,7.353966985275501,4.961337042018493,50.86953931366208,10.4994182310492,2744275,70d0392397de.png,False,False,True,False,True,2,True,"mean_G,mean_L"
105.24869083789076,41.96497198028492,11.769168860981702,17.667932831100984,15.91355145598124,6.819823922228919,66.07245155627574,15.731496754000414,370275,7131bf4c9e6f.png,False,False,True,False,False,1,False,mean_G
105.59667937101426,45.55908057306161,14.882910197314677,26.759468663542584,27.272101837196068,15.420715615095576,68.02482570581445,26.251830336809572,373363,7179f85bfd6f.png,False,False,False,False,False,0,False,
139.29181557240673,75.33914460246564,17.48124802172919,26.789448123720476,17.87684560774158,14.24676726120677,99.48016791968423,19.269282827547354,1478564,71c22da3d6c6.png,False,False,False,False,False,0,False,
166.93381920932086,79.09990913164708,15.564423172674767,22.391070892731754,14.869407453695237,13.408949066949157,112.305866610237,16.232388505842053,803360,71e43b4f8ba6.png,False,False,False,False,False,0,False,
84.096765809677,28.704248752888155,0.24813443498281393,24.04114223853297,15.625305468410364,2.1204267092936604,48.447541019297915,18.742801428021277,1469796,720b5f62ce80.png,False,False,True,False,True,2,True,"mean_G,mean_L"
172.83123826844408,64.49726144645814,4.853162846108074,18.47606812976397,14.215110043834661,6.461768729139457,107.6695362782256,13.807595794939125,804987,721214151233.png,False,False,False,False,False,0,False,
69.83998158401917,31.20657589247461,0.735110461882048,22.53878235890667,15.372864067486807,4.728928290346751,43.149630524284206,18.221386825752994,1470462,7214fc7cbe03.png,False,False,True,False,True,2,True,"mean_G,mean_L"
71.09067507972047,37.5034018590135,2.2685494266910915,25.01752169260711,16.921807778559717,5.8368401413019555,47.86609403623041,20.143043619180975,1473900,72606afaf3da.png,False,False,True,False,True,2,True,"mean_G,mean_L"
69.14429171732434,29.74282628454066,0.4561078388555106,23.082307894468354,14.79863206726053,2.7050095368360845,41.85154673095764,18.334066015130247,1355504,7269a1d84a57.png,False,False,True,False,True,2,True,"mean_G,mean_L"
90.3363867371065,38.9981390392087,19.77481035604598,18.69537411994148,16.506097725508752,8.514166746835125,57.743934472759015,17.054211263835057,373463,726dff37edc0.png,False,False,True,False,False,1,False,mean_G
85.70017331946778,37.29695491027385,12.51404420979655,13.628811437901,13.90898589409973,5.878804123064367,54.527541796656266,14.071499404391155,375030,72a867980067.png,False,False,True,False,True,2,True,"mean_G,mean_L"
174.09579195501087,76.51543893727055,20.367691623653084,21.29179558217697,14.843498792821949,16.10694713169399,114.06603682194611,15.366768132933533,805172,72c31aa48e2c.png,False,False,False,False,False,0,False,
202.34528164771208,100.70959819626209,29.83531823179026,19.130285988298045,13.875070131427817,14.886666197437169,137.77329175957615,13.877400990140245,804995,7347bd23ba80.png,False,False,False,False,False,0,False,
145.55419763598485,75.47632672191045,30.294981068739006,21.18088562305418,18.226767365691494,11.4290690276515,102.06739952199486,18.414520997263182,3260216,735836b1ffa6.png,False,False,False,False,False,0,False,
181.21955715661005,93.89403931554921,28.810353715723114,19.83767568525684,12.241016195471136,13.276341174996691,126.07893916338001,13.592657068020552,805025,737ef6226677.png,False,False,False,False,False,0,False,
129.01446457466855,67.73519097959937,1.5193726580909337,23.73183964897141,16.03116510308134,4.3223880317272165,90.54740045411039,17.963792165173537,232983,73a07e2ea23e.png,False,False,False,False,False,0,False,
173.9280783845119,98.32588624159531,45.31142391159881,21.238695582341926,12.244897125812487,10.46688211034361,126.26559858494491,13.806380110346776,805057,73ba798fee25.png,False,False,False,False,False,0,False,
164.1540839088415,82.35184129418384,13.18794594621509,25.50011190963492,17.035758055283555,13.785169176340165,112.90551043881356,18.69123320054152,803348,73d40ce06a67.png,False,False,False,False,False,0,False,
78.79042308146857,68.20767656292465,59.648038736444015,25.378902062795547,14.741231182039046,9.298845428715001,75.82104605321547,18.078742632180003,4349186,73ef3c3dcbe4.png,False,False,False,False,False,0,False,
67.09999529507112,66.93362369827139,65.11097295652418,27.543636312905743,18.340862586955694,18.351628695474275,72.24421540378535,21.13844072045486,2635534,74211a2b6dcf.png,False,False,False,False,False,0,False,
100.67084574238709,77.29837624568725,59.35833280271959,27.18016800789549,17.302893212964,13.341805578389819,89.04760882570159,19.004066874885535,2622749,7435e9a3e36e.png,False,False,False,False,False,0,False,
81.94160977323358,57.87781548854167,48.370569894373496,21.39311188782435,14.188025053508825,11.303708362246272,68.22436740829957,16.737579753418217,1833252,74898f372d2b.png,False,False,False,False,False,0,False,
146.94753034409715,95.77788628450192,38.47667522764417,29.03691414239179,23.382481195095426,18.999419722670392,115.10292392911646,23.8170225647919,1477635,750e0168399d.png,False,False,False,False,False,0,False,
159.13352477025092,78.4435633056097,6.113759900413127,23.795230852538065,15.60139005390074,11.021238722323154,108.91348514380087,16.176828820112902,806532,75238d945315.png,False,False,False,False,False,0,False,
151.9219893746654,68.54045738376288,6.6814946022455555,22.35410444776325,23.65282884669184,15.091149810636155,100.6942291042746,20.94258325813536,805057,7526c59c36d3.png,False,False,False,False,False,0,False,
86.84913222974869,36.8770024182666,12.504167167688752,21.687487978945637,15.959238733435052,6.924512042414065,54.60811254960119,18.16335370978677,374235,7526cf435753.png,False,False,True,False,True,2,True,"mean_G,mean_L"
170.86211269144977,91.59224737074811,8.425078119954494,19.630052826089365,14.104491783372822,12.008957751135467,120.7314697977575,14.31087938932534,805172,75369248dba0.png,False,False,False,False,False,0,False,
85.52037306251152,49.23108513005317,3.941625203901254,22.388620339117015,16.557118159086862,8.311107071188687,61.77181282718046,18.593865553887227,1465170,7569ac24762e.png,False,False,False,False,False,0,False,
150.1448030811281,68.32334078767549,17.661782830165237,19.801710249375162,15.015235038480254,13.11730553740396,99.83663684929805,15.146301406166272,804900,757e39293591.png,False,False,False,False,False,0,False,
169.63485869958149,89.55282507667826,24.203257940811465,21.588599517181947,14.547870851024186,15.19609016855583,119.24107097381697,15.565483262551139,804987,75a071608ea6.png,False,False,False,False,False,0,False,
115.62138626986103,50.32797005570089,10.041549878271665,21.498873263433385,7.356390240587561,3.2421256754619603,75.18401814973532,12.811654463850124,3328313,75a4343b12f9.png,False,False,False,False,False,0,False,
183.3547572817946,88.84269186955814,45.05041696325531,20.605567867571587,14.056289299645053,18.692963746721066,124.55065237078362,14.875691711901192,804987,75c180e04f65.png,False,False,False,False,False,0,False,
169.82150456427308,89.75041146154868,26.419338009606772,21.65345013422658,23.61854571314648,21.238921438919462,119.5114706163663,21.01597526240804,805057,75ed83dbccce.png,False,False,False,False,False,0,False,
172.07735855410448,78.2563094541722,11.849706837222007,22.63908179800265,20.159940400654165,13.97736756242677,113.99804807595167,18.959407259953096,801773,76095c338728.png,False,False,False,False,False,0,False,
136.07891875107626,86.21180503295598,21.78167292430227,31.75954373364805,25.64160023760872,19.090614618375085,104.93734499978983,26.505641264257637,1474998,7635921c5efb.png,False,False,False,False,False,0,False,
180.6211720278606,83.63122146601812,2.846989400419204,20.346189452996775,15.873821272725147,8.202973927623127,120.13288185126731,15.524412672937679,803428,763ad1236efe.png,False,False,False,False,False,0,False,
159.8454988363612,83.90279111782635,3.792273388642935,22.987886389193218,18.901247933544433,10.71697426589193,112.10238281914953,18.483159849857376,804803,76516f828d88.png,False,False,False,False,False,0,False,
165.9956999680403,101.35267289148771,28.159410644268302,16.152103294330015,10.072096509978373,11.96320550421746,125.21594484823873,9.226875235235639,1479989,767d777ee889.png,False,False,False,False,False,0,False,
112.19778151839067,56.3567250392019,9.849197733405434,20.68991767967473,13.467305375538656,10.34855380134601,77.19475446806723,15.575785683939337,1475694,76b950c6ed5e.png,False,False,False,False,False,0,False,
163.57538304419907,96.38325888261619,28.15754588945355,22.892744396301445,20.239891645160228,17.57156168112571,121.3668291579529,18.262057341529697,1476592,76bc31e0d3be.png,False,False,False,False,False,0,False,
85.21075597607123,35.107244192594486,10.75268981014225,23.3887666613192,18.682904593284565,8.016673776392246,52.8413562900071,20.164916779852454,367591,76cab26493f1.png,False,False,True,False,True,2,True,"mean_G,mean_L"
143.6379906593001,82.44163552310019,14.365682915945213,25.17242621514127,17.38941640988642,10.099517488223968,105.21826115632638,18.510747479008682,1476763,76cb010f7aa0.png,False,False,False,False,False,0,False,
147.35660873695363,91.2691336524136,19.66095217990823,23.600380238484263,17.727521431743604,12.327717019411368,112.11450827403014,18.245625406367047,1477998,76df141d966b.png,False,False,False,False,False,0,False,
164.12457514647332,74.87333949189386,1.652116859930928,23.24657427286424,14.376120342427996,3.9221865950716364,108.78650752348678,16.202555305079898,803218,76e5b50f95a7.png,False,False,False,False,False,0,False,
137.5164424428231,73.61754176328377,2.647064475378456,21.520106369201734,13.317631073332103,6.440804204702072,97.49820659267495,15.023965543782552,1477913,76f3473df8a6.png,False,False,False,False,False,0,False,
114.55064434655185,83.30758320964878,64.26069160101872,27.973601106357695,22.405204881229547,20.766195660335274,97.5292455073214,22.760819600988974,2653929,77a1f1398fdb.png,False,False,False,False,False,0,False,
176.67214751782734,117.42725887739992,34.132854807942614,21.057513100137786,24.39266818288324,19.794055982549125,138.5276894649022,21.50002385184758,234331,77ab222bf85c.png,False,False,False,False,False,0,False,
179.82986146053472,93.79845247280086,11.173408523078107,24.918167853898872,18.022993811319747,14.990513523125362,125.27140863986324,18.463470930304343,804897,77acc2cafee1.png,False,False,False,False,False,0,False,
163.55235514606215,84.65099012668702,14.883250900425768,22.223074575190505,14.60306778375564,13.861897266759872,114.06033070069834,15.763574524487339,804897,77b7b71ebcc3.png,False,False,False,False,False,0,False,
180.25611489453624,134.2270371075115,55.27579442334349,27.332524835766847,32.11793548867174,34.16497224069743,150.88328932943202,28.252704671339295,1476763,77e15f213b04.png,False,False,True,False,False,1,False,mean_G
166.83249906509778,86.23768010068369,2.7059710745598506,22.155371654564128,14.835576327946448,8.1081434915063,116.18724134889308,15.241558188108137,804897,780be525036d.png,False,False,False,False,False,0,False,
180.15926963192732,107.3481534377956,54.68671732330615,19.87669868753833,12.768104241072978,7.998366348795347,134.0123281846054,13.08081906802396,806607,780f9c237c56.png,False,False,False,False,False,0,False,
166.21442390249538,89.00148732049955,25.912774927528847,20.482067556087628,16.768924194019668,16.625841382591474,117.65571077642603,16.667523428166287,804803,780f9daaa24b.png,False,False,False,False,False,0,False,
164.75833092073464,86.19855293779969,24.907807252209547,21.649076889625647,16.708171361366308,16.34741206700862,115.50869591688898,16.94172933540329,804803,7828dd083cdc.png,False,False,False,False,False,0,False,
185.31963428344275,94.7206044758042,42.05925751091622,17.52807476459521,15.196366157719527,17.139881290523913,128.41693923564742,14.136680812839531,804995,7831ce1d895e.png,False,False,False,False,False,0,False,
158.65128288744893,86.22842292095561,27.376722320275025,25.29433323644554,17.500384647764786,16.395454651062117,113.18521026309959,18.920683681856815,803422,784d6d302f98.png,False,False,False,False,False,0,False,
157.96510883620226,78.29524746435492,13.928727000915023,18.711307472380824,13.959133796073619,10.869163944460732,108.44385924968103,13.658982160254123,232781,78937523f7a8.png,False,False,False,False,False,0,False,
151.11975747492636,76.73805919910124,1.5415821587990377,18.83244682990345,12.449260272598298,3.1254715017043235,104.79044907445125,12.610007883688581,233213,789c60cba801.png,False,False,False,False,False,0,False,
174.73824725399646,83.44954820306201,21.391780563227346,22.31774163446229,14.583407191712583,13.179609276964282,117.87702028955258,15.523894338912834,804897,789f0ec1eab8.png,False,False,False,False,False,0,False,
181.4606177678122,92.76678364461891,2.9704184498040362,19.929106155331965,14.769554850023685,8.096549095816735,125.34730029379064,14.510485704929714,804995,799214e8b07c.png,False,False,False,False,False,0,False,
88.6605201757542,29.807105806866627,0.04226223574177651,19.030250403184468,11.259305468887636,0.5082540933503916,51.34030707923113,14.49579525363229,1467504,79ade634c633.png,False,False,True,False,True,2,True,"mean_G,mean_L"
171.3413176479357,92.00875906061529,12.3125510096336,21.2359050140865,15.709855087778617,12.21467255007649,121.08569991117957,16.144795019427388,804995,79cbae28d8b2.png,False,False,False,False,False,0,False,
154.3431173196432,73.28219119888405,13.151951973586963,18.358468966295952,12.776710609853742,10.75932097564009,104.12090324039167,13.557621169790911,805057,7a06ea127e02.png,False,False,False,False,False,0,False,
88.96512246938177,58.624710324557974,33.652923265573875,20.551579033817514,13.278923187632191,8.195613669605496,70.4212961738903,15.878296153630712,2798822,7a12f49e29df.png,False,False,False,False,False,0,False,
174.91035790012384,94.43080676275096,24.622246623531005,22.475153188886708,18.792669560126065,17.67219593284039,123.93354880461881,18.415664789782316,805057,7a39c91416e2.png,False,False,False,False,False,0,False,
164.54551990090565,74.25791959480532,13.893043982510699,27.797574663618946,22.91471154531759,17.75717820498052,108.81574237473244,22.561005322819426,798431,7a42443ed106.png,False,False,False,False,False,0,False,
150.1521975800952,79.17679341531945,7.279964239570082,22.400242050403627,12.417621877351056,8.976812597956433,105.74124278653602,14.52248776274122,806478,7a46cfa69bae.png,False,False,False,False,False,0,False,
117.40607257978701,83.33936516934875,67.15357451260499,28.699079608476204,18.826919129159613,15.154529805056205,98.4085096725651,21.438177210101863,1061921,7a6495a39d87.png,False,False,False,True,False,1,False,mean_B
179.4950291344159,85.81075550696369,19.440048950788306,23.0375416198151,15.088469782376409,12.129296744188961,120.96842425673073,15.927281065159708,804890,7a77c3eb468c.png,False,False,False,False,False,0,False,
173.5169692519664,87.15829727281876,18.131959741432755,19.303025700972853,14.356273952031968,15.360460098920349,119.34543674532269,14.580521779137209,804897,7a9f45fdf29b.png,False,False,False,False,False,0,False,
144.34960524595488,114.89284930434836,96.3820219468806,34.626245718354504,24.236502375209763,23.959842673144742,129.38907545850893,25.58742202477932,2118661,7aabd768abff.png,False,False,False,True,False,1,False,mean_B
113.21676707077806,58.36029359823466,14.795796043133137,26.786233663161116,14.90372233662813,3.4669809076133125,78.70399218690585,18.844864586907413,3326723,7ad0c4975890.png,False,False,False,False,False,0,False,
165.1700167847563,88.77403692646388,21.065269220782287,23.346550604006048,20.853518434826558,19.612954233552728,117.073482694059,19.959862226801704,804897,7adfb8fc0621.png,False,False,False,False,False,0,False,
174.6956711893047,89.4510834451568,13.682612693206103,21.977009363370062,14.17798909144902,13.199845022024798,120.95968515481339,15.388501226945465,804840,7af4d8704032.png,False,False,False,False,False,0,False,
113.49733172092473,61.23581355164534,26.895663040756308,23.94591178744412,13.805452782965853,6.021796479297861,80.93967179067457,17.103541140782276,3318431,7b691d9ced34.png,False,False,False,False,False,0,False,
181.2798206679114,88.93286226982548,16.98755880529748,20.01306587590405,16.345268607976227,14.02960822933431,123.28246046209442,15.831813179747037,804987,7b87b0015282.png,False,False,False,False,False,0,False,
94.1054717178894,89.4240531855442,83.31304178981489,30.180555255688105,22.46423188605423,25.90371447794961,97.67015369961508,23.354456765097098,2070337,7b9d519cbd66.png,False,False,False,True,False,1,False,mean_B
101.4060138653305,45.353200343004296,20.663006341278525,28.496621062850977,26.934629577996162,14.121246028880662,66.18300193275932,26.64096123668998,372007,7ba6b23c4b46.png,False,False,False,False,False,0,False,
152.15980359154693,77.60155864740013,5.7041961004003445,20.463499609131894,19.335942064046325,12.396108973496046,105.60622415555669,18.06131600335359,805057,7bc00e58d419.png,False,False,False,False,False,0,False,
165.97694736096668,91.28421524741675,24.09242424807149,21.404353487986906,11.859353314831173,11.843794336420522,118.86816822525118,14.058010772944478,804897,7be1b9aa78aa.png,False,False,False,False,False,0,False,
179.74834579717327,85.53597789997472,21.87966491421799,23.634343355727687,21.920598555776284,18.529997445616182,120.97447143317767,20.345836532968598,803257,7c2e852171c0.png,False,False,False,False,False,0,False,
162.54224715624568,90.05577788996278,13.450033112672655,24.40812075919313,18.000601700623506,11.539679334972334,116.64018806369576,18.873756073031753,1473756,7c3747c0b2c3.png,False,False,False,False,False,0,False,
174.01469196431898,95.0440137914931,45.330074248510186,19.01045727084975,11.335581801554767,12.790944095738428,124.39904537629761,12.763299426586897,805134,7c6594b50690.png,False,False,False,False,False,0,False,
162.0747984289323,83.63852023414425,20.734010683359777,24.278606821024347,19.458437457513455,15.796759469642284,112.92174482450984,19.583362776097015,804803,7ccf9d25dc48.png,False,False,False,False,False,0,False,
173.09672541952574,85.90423619419627,11.792183347682995,18.60685466720992,13.36600180751061,10.7780522584441,118.38776017304077,13.758472388237568,804897,7ce671f952be.png,False,False,False,False,False,0,False,
162.75635279689564,92.70665492052092,25.23819245206591,21.22672535428954,13.272746901077038,13.148921082067876,118.54190652867845,14.68180518475721,804803,7d0a871c45db.png,False,False,False,False,False,0,False,
157.20510167648538,100.62846968639607,25.50456042975153,24.220129808316624,22.372222015726262,18.04708137372583,121.68964733758541,20.461498504388963,1478808,7d11dbc1e738.png,False,False,False,False,False,0,False,
149.39296314830835,94.80690056654909,20.27034163808258,26.579525758554936,26.46782293715587,21.1959396712822,115.5667017172063,23.54581084721191,1480719,7d48f8cdfb69.png,False,False,False,False,False,0,False,
170.28761955162008,99.48754079258423,33.103999195018055,20.04971731435454,11.319870376725795,10.490471396383441,125.37493524740151,13.147202655950544,804987,7d94a000c2d0.png,False,False,False,False,False,0,False,
127.38550931888372,70.73060737499085,4.3739915490409755,26.573917348910303,18.38020460819328,6.67789571901605,91.70137360389037,20.492921273736002,232163,7da558d92100.png,False,False,False,False,False,0,False,
165.52573409646723,82.70535297651338,1.6293416446388624,40.851252282381076,14.16354224611352,4.723305259302627,113.78617486927234,21.893920049442233,1476543,7ddcfcea7369.png,False,False,False,False,False,0,False,
165.0460947225541,90.79986473821491,4.0931876445542565,20.952967153789658,13.855007888992219,6.350742991638588,118.02467511081505,14.8252432208304,1475657,7e5a76c4e103.png,False,False,False,False,False,0,False,
151.88500743157073,102.3683367752528,33.36938355154697,23.48629935296716,26.234208004938797,26.1074405794486,121.4395621932533,22.68516518443536,1478826,7e70344b0c25.png,False,False,False,False,False,0,False,
153.59170379202482,73.46318727643717,3.6025058993150307,20.464744061896543,14.56981839696072,6.006911629926969,103.87949308295958,14.935412720451179,801788,7e77b61e1639.png,False,False,False,False,False,0,False,
181.21138043707836,91.44193368037868,20.26825528954267,23.356163810601803,12.971309510707348,14.48562727657399,124.63003640248978,15.136584738389258,804890,7e9081e95bf6.png,False,False,False,False,False,0,False,
177.78071043919527,88.26549978571296,25.60356648177939,18.0214107418886,16.369835296672047,17.07906650951003,121.71973614742949,15.24262444919926,804995,7e980424868e.png,False,False,False,False,False,0,False,
179.59529607412247,96.98421259725605,29.41290139771535,23.248113654840658,10.499499010922907,9.64744298490722,127.30058922808892,13.182795794390714,808176,7ec0e61a7e29.png,False,False,False,False,False,0,False,
168.9488291100639,81.27310973530196,39.5925248255552,24.199408900717668,19.86438842160439,18.903040263125057,114.8088376238166,19.300026414436356,803406,7ed4128b2a4e.png,False,False,False,False,False,0,False,
172.78339153303097,90.76506825576065,20.788266145912914,18.05783279199598,12.840303916972934,13.049974006798717,121.10812100071182,13.0506827476499,804987,7ee6de71c140.png,False,False,False,False,False,0,False,
155.58863906530843,81.15911047292303,6.40042630521814,21.60441185176256,19.114017468874547,13.932507037101859,108.87119172928128,18.552903804338225,805057,7eeb191ad06b.png,False,False,False,False,False,0,False,
47.53123090270258,36.59605439382042,31.087366075008717,14.936699926268918,9.883494684949556,7.828731030355991,39.84717573351848,11.90178714107977,2331809,7eee3d1f1268.png,False,True,True,False,True,3,True,"mean_R,mean_G,mean_L"
100.0140412721801,87.82192768865963,80.70421842686528,26.094424295068972,18.7212697239488,17.07866554875588,97.57316747611738,20.464444010007036,4334009,7f0ffeb0a333.png,False,False,False,True,False,1,False,mean_B
169.64153425842065,90.59552464476822,16.789727132788418,19.249714538563417,13.935025563314442,13.206968300509066,119.71308999785066,14.5132620179882,804897,7f1f3269f546.png,False,False,False,False,False,0,False,
136.44911331529906,73.8787453304135,5.533273219116321,26.637559641871572,17.587259724637672,7.926477566582162,97.14814290008158,19.734247956528257,232890,7f2123bc89a3.png,False,False,False,False,False,0,False,
162.00138169687312,84.48028903604859,15.194749551882095,24.332112289960204,21.54133306966749,17.054958591105578,113.38772032463653,20.532984096216804,803360,7f2cce721e19.png,False,False,False,False,False,0,False,
165.08619400575282,72.26769187204721,23.004669809680415,19.270275438733357,13.100023668966372,13.608382605336615,108.17101687589732,13.925973003225257,805172,7f39c36469b5.png,False,False,False,False,False,0,False,
100.61575864468213,42.8087005064643,15.095154878831519,28.045621127745974,29.02113808593377,17.47758510241969,64.28938043073737,27.825246139032547,370806,7f43becd3e83.png,False,False,True,False,False,1,False,mean_G
70.33240913379421,34.69919481722685,0.23906656753515576,25.952235660507625,17.005803267278,1.122726959801032,45.40509733684964,21.500255470766337,1470101,7f6690fa390a.png,False,False,True,False,True,2,True,"mean_G,mean_L"
164.94431337177303,82.90135011063528,19.255790492448103,22.378995709491903,18.454248867286143,15.112450518761118,113.63804312849967,18.24689106368433,804897,7fc3a8bb40de.png,False,False,False,False,False,0,False,
159.4580787227501,75.51501896431323,2.7577136270447165,21.74418162208752,18.237606867716572,7.2385868203650405,107.38608279568956,17.44472361710513,803351,7fdb177b8f7d.png,False,False,False,False,False,0,False,
166.22378892722816,83.66105494139559,20.953205939838693,24.967565792786196,20.754851732229792,20.69231452118407,114.60575445171054,20.4463054402931,804803,7fe7309d0b4f.png,False,False,False,False,False,0,False,
165.57995254009865,84.32299071922871,21.83552038166706,22.65818609252624,24.349589273807148,21.297500190370744,114.80425896706382,21.79927812179321,804890,8010c931321f.png,False,False,False,False,False,0,False,
179.11566100431665,97.14933697711251,28.94795689574858,23.371332211651882,11.700903714629423,12.668109791348796,127.18638178938542,14.04920211264448,805025,80b5697f2a5e.png,False,False,False,False,False,0,False,
168.9939738157262,93.18303028496112,14.440070460765204,20.932606382723808,15.187215706479126,14.351776969413613,120.95707384094402,15.621299761084481,804987,80c67efc8101.png,False,False,False,False,False,0,False,
165.58011247386602,92.32418908628338,34.719867525810976,18.68080028664992,15.373426030488421,17.144669544560035,119.53312413740844,15.15543530178835,804987,80dbeb0fdc75.png,False,False,False,False,False,0,False,
146.9742064820394,73.9157176189378,3.3709257895506806,20.45973165389128,14.116828296980982,7.014089805660388,101.54961579374113,14.355789109233699,806598,80e6e425f966.png,False,False,False,False,False,0,False,
91.50882524624559,39.059054041366814,0.058894844047857164,19.018722850103124,12.179180570674841,0.8691542433769809,57.80835023954434,14.676963372485742,1469874,80ed04a84a16.png,False,False,True,False,False,1,False,mean_G
129.8609573636827,76.51252114829285,13.204612875828095,39.639241185135745,34.16967881128584,20.54463629692466,95.8784630541872,34.943874263255296,1471750,80f6b30ece8c.png,False,False,False,False,False,0,False,
152.2772427565944,84.49394830760161,13.542726239594693,21.277450999963605,12.276267522926677,11.599845966407717,109.93316400448089,12.989247433460603,1479173,810ed108f5b7.png,False,False,False,False,False,0,False,
134.85978942844864,76.73779114740009,6.83886549204985,27.584357340239222,15.40853115161602,7.808530617879158,98.25731843575419,19.02543005478923,232700,81371b0c01ad.png,False,False,False,False,False,0,False,
148.84843956762865,89.55494392608001,26.59842165803627,32.41666789814803,22.23283042423515,19.17375742763677,112.20473908089323,22.032178876958454,1479654,81704925f759.png,False,False,False,False,False,0,False,
174.26243156721785,88.58498087546755,39.08631195286384,20.94164656434814,15.81111705853988,16.537440088783594,120.72849623658519,16.110058271393235,804987,8185ce1cdcef.png,False,False,False,False,False,0,False,
169.46074284429437,83.3245903349992,5.80704160439858,21.167099008891686,13.653890399123465,9.327010390649697,115.515303973853,14.913530960107908,804987,81914ceb4e74.png,False,False,False,False,False,0,False,
67.39372418281252,51.448808384805965,40.100880952652794,16.463307042426383,12.380534983081175,11.505346910208358,58.541365271101874,13.881911392386467,4379350,8191ae701985.png,False,False,False,False,False,0,False,
88.00179215764523,73.89841467479208,62.65448839207984,12.796282258230457,17.114492348689943,19.79206171585636,83.07650737986609,16.221387576590804,3588412,81d79d53ed7b.png,False,False,False,False,False,0,False,
164.53352743967199,92.0001614792493,20.53605272670134,23.415792893011652,13.370192235929835,13.336959201245678,118.72703050839878,15.348224084104956,805057,82088c6734e6.png,False,False,False,False,False,0,False,
192.27881357301104,83.7646566923831,24.066570328390924,24.095537491100995,14.983071391888025,14.062883753720671,125.19355295643778,16.014351264867265,804803,8241e43408a8.png,False,False,False,False,False,0,False,
108.46123604207366,68.95638233237672,54.568098100620325,31.158683185093903,20.481225768549216,16.319243829431155,85.21986631368944,22.747799144658266,3667092,82d364726a58.png,False,False,False,False,False,0,False,
166.58267526389164,88.45664708225453,6.270218830910177,22.498399301155267,18.057682701047018,12.953947040666637,117.29662791276638,17.743764766567608,803360,82e5bc01f8a4.png,False,False,False,False,False,0,False,
182.616498720957,95.84491152507982,39.7547025836046,25.710471732262445,22.924854364225812,28.58657526707623,127.91535785195467,21.917348044355602,803335,83038ca49b6d.png,False,False,False,False,False,0,False,
146.23123996653933,101.93257785153321,47.19719658679603,31.712802252286288,28.453224173765598,22.247205729452553,118.98071815890565,28.02395573603248,1477556,830e297965a1.png,False,False,False,False,False,0,False,
181.83816173638633,84.60016151275329,21.078602044999936,20.642548811474697,15.767485259112949,17.550341532189876,121.33015815825765,15.678422243733907,804890,8329e80c10ac.png,False,False,False,False,False,0,False,
157.70917272644823,80.9183162566142,8.362137018773831,17.912440297807876,11.570450245257215,9.068044352599983,109.64065961234792,12.598360402320315,804897,8344c783da65.png,False,False,False,False,False,0,False,
134.91913926140808,48.924785145848894,7.417088310013557,21.98734908352702,18.634345791321845,8.520086176442275,83.39253800402334,18.015184473328475,801823,83517eaeccb9.png,False,False,False,False,False,0,False,
194.35950314139572,110.89961324243971,52.22200977267899,19.942016118949816,11.055537990925972,7.927169372938584,140.87651960437174,12.353968775283263,804897,835b9f6e12ba.png,False,False,False,False,False,0,False,
168.79753343153396,115.96493660283626,64.38647719723883,61.32429935138477,63.90786234637362,42.923109941919975,135.10946480663142,58.34330837469992,34623,837acf120946.png,False,False,False,False,False,0,False,
114.0527882524116,92.53979312171403,84.13239888381132,32.648056371251805,25.508854581950963,26.400835837289506,104.79826318621046,26.73371231330017,2050191,838b3e4d0bb4.png,False,False,False,True,False,1,False,mean_B
161.37982691896886,89.61599509173195,21.82372089441759,24.278790068632382,16.633327492592827,16.193586065681735,116.09651726587612,18.019362822116552,805172,83a63c4a3e4a.png,False,False,False,False,False,0,False,
136.31518938518366,84.37892898758898,12.709567583433262,29.124632816825606,20.99074979518057,10.564297183049556,103.60798551539058,22.62324690973786,1475221,83d81ba5959c.png,False,False,False,False,False,0,False,
185.430734906278,105.30774658472745,26.64526756332711,20.249179573353132,11.62342236269512,9.701049108512471,134.0806050284042,12.788219144918614,804987,83df53d58f28.png,False,False,False,False,False,0,False,
101.05087636883492,84.54961645759872,72.50935400557427,28.412797857513844,22.03583230877341,21.28474875132454,94.7370860736239,23.533703511767808,3052596,83fda7c0500b.png,False,False,False,True,False,1,False,mean_B
173.6187757541051,81.38759445765434,13.575066913989069,21.32872280173503,17.935616863063455,14.904266191152077,116.29291396417145,17.07845764831109,803270,840a06a9c690.png,False,False,False,False,False,0,False,
154.1584798698515,104.57901477153015,36.975413915233084,25.33386324261385,38.523212261492446,33.03563856300932,123.49259056910218,32.43143200417335,1478926,8433a032b96c.png,False,False,False,False,False,0,False,
152.96956552106042,67.44345013893947,5.917030436973365,23.87550299093287,22.642058097032702,13.005419856830969,100.47991738464532,20.95918312562797,801788,8448af27ba07.png,False,False,False,False,False,0,False,
191.66236504367058,92.14779535091752,52.01309744188647,25.52016283170341,14.253988209151434,16.95957564655158,129.93405558523526,15.000138395181821,804890,847b04287c9c.png,False,False,False,False,False,0,False,
131.39838966125743,76.77499041327323,55.43859781035112,34.01100468807036,20.070720461143896,16.400332829194372,98.25829678423878,23.7928971865408,1728953,848e66b9e199.png,False,False,False,False,False,0,False,
85.49937052681449,37.22898983527232,11.744582937417324,23.94863718519596,19.39996522936553,8.226959243868222,54.06670020308162,21.038684194692465,375711,84b472c49cfa.png,False,False,True,False,True,2,True,"mean_G,mean_L"
165.47126600973596,77.22522877262107,2.4808367606268873,20.950649453084598,11.129925090585006,5.271489077294735,110.62635564935154,13.482452439667082,805057,84b4da14bc23.png,False,False,False,False,False,0,False,
178.19582978776265,94.70105404381394,13.740340002111814,22.762164301827145,13.208989271268504,11.992618158264234,125.18029925651712,15.202935112663692,804995,84b79243e430.png,False,False,False,False,False,0,False,
95.87289606803091,45.044941749595374,15.371240164735669,27.112104438492675,23.820805666792577,11.078008648097407,63.40612630803006,24.42251717118179,374418,84b88e8d3bca.png,False,False,False,False,False,0,False,
174.92374580693254,95.25864455211827,11.673732140638588,21.037348974272277,10.195973105235543,9.919668322483867,124.32511989066965,12.764235812083733,804900,851e40a21f81.png,False,False,False,False,False,0,False,
177.162912944626,90.63486314900173,25.750523674042416,19.55667539303824,14.579532024291975,15.662417975330047,122.69806930139522,14.964147103736929,804890,8564b7aa3c1a.png,False,False,False,False,False,0,False,
151.5798505984246,82.30195731568135,48.48242087401429,29.87277829450625,23.97028919335157,19.57454579202973,108.68555199769158,24.348171892923194,1857544,85f99e7e4052.png,False,False,False,False,False,0,False,
184.068237404308,102.84850141045914,20.54985547607188,18.041132915253815,11.783649730074426,12.141636096943769,132.1403813643009,12.018651047468287,805057,86410aa13b3e.png,False,False,False,False,False,0,False,
127.19148289038537,78.18273531074898,13.600982710464539,33.22093650282333,27.763228886451905,17.6105609950094,96.59231652358676,28.058612396502838,233436,8650d32f4a9e.png,False,False,False,False,False,0,False,
172.27873340828205,87.2927918806949,33.33142069205399,20.144666483213438,14.981428351612227,15.703589360014941,119.15736122584612,15.356967320346461,804995,8660e1864665.png,False,False,False,False,False,0,False,
84.04213252613964,36.867924176374665,11.454944416614262,16.787439503626594,12.220681011541018,4.493639018282193,53.342498641058164,13.979806983046712,375292,8693ab1fd2be.png,False,False,True,False,True,2,True,"mean_G,mean_L"
113.11319875219621,57.84843187875745,28.52687439492273,28.818861281565045,28.826338012955247,16.148049135224298,78.85642188676539,27.689004661485242,334668,86d58f850a0c.png,False,False,False,False,False,0,False,
168.4299632620693,77.18460467820387,3.03769777294191,24.404536400749265,18.740200452910113,8.03437507458038,111.7257664732458,19.201553033376303,803257,870f433e8f37.png,False,False,False,False,False,0,False,
180.4471298305586,104.3898146342433,26.993806649715484,23.27703301607675,13.712310950299749,13.600608200548246,131.68123002470634,15.740761333345446,805057,870fbe6eaa68.png,False,False,False,False,False,0,False,
167.05394263180693,85.83965958484985,8.169307618388492,24.70257390654496,22.523778435901455,15.867507584462421,115.95519136838227,21.383598098205013,803372,87295c5fa1cc.png,False,False,False,False,False,0,False,
198.97255176749323,91.08586316013105,21.39845222432187,22.1239052213537,18.39408668755991,17.679547594451567,131.43190122462875,17.564629787538383,804897,874f8c1929f6.png,False,False,False,False,False,0,False,
166.92663036388507,83.22671969208483,25.88982316992112,21.350381483826396,18.20864114553546,16.29461788251551,114.70566917257736,17.718021140475162,804897,875d2ffcbf47.png,False,False,False,False,False,0,False,
135.52982446611696,67.8466985983767,1.4124214578375829,26.52122680297655,18.371317170735235,5.13514469555441,93.38312349153222,19.988909254412384,1472935,876deb29f000.png,False,False,False,False,False,0,False,
170.39494655246307,94.60354412139206,19.322031813862196,23.655797147130176,19.43353713853566,19.57825174896699,122.28117317498867,19.364907956068983,804995,878e356c8fc9.png,False,False,False,False,False,0,False,
167.06310733277272,89.95167671357432,11.848378437800056,21.742239495301593,15.269347175975815,13.134256261430314,118.31574161829535,16.12276230746681,805057,87a9f4d20f07.png,False,False,False,False,False,0,False,
180.03933106994273,101.40161518136318,67.99502476437507,21.876084819500267,16.50130703013271,17.960009903980104,130.83273767154003,16.87787976248023,804987,87b671c6d4c5.png,False,False,False,True,False,1,False,mean_B
70.20865109194506,24.531307278100048,0.25468165308416707,15.808423057830034,12.4089649433418,1.4970859847683202,39.44455050705175,14.00782742892339,1456163,87d46b1cc4e9.png,False,False,True,False,True,2,True,"mean_G,mean_L"
175.43092698984503,83.00215024378124,16.4743281264557,27.471878830342742,11.551962920063236,11.934561994891437,118.05684916617497,14.942145389010314,805025,880edb2cdb69.png,False,False,False,False,False,0,False,
175.28877253191155,92.25971324659575,15.766144012882656,24.359285593004618,22.49694420709104,22.017809642468492,122.81936573298061,21.02467342487646,804803,881ec6186e68.png,False,False,False,False,False,0,False,
152.7941755581146,81.32275676501608,8.774388903174835,23.818496777663093,14.736507971522505,10.398862792505867,107.88830751304059,16.83323547279335,804987,883c6a184f16.png,False,False,False,False,False,0,False,
180.18903286636927,90.63811962180756,5.094479786630095,19.035509172608773,13.338843059818803,9.524684549630962,123.69004095718316,13.635449925990688,804987,883ddb650967.png,False,False,False,False,False,0,False,
206.54281000683105,142.5245853042391,115.88806114426386,43.71476214222496,59.96433113172547,57.27166332303706,165.49916867516464,50.87579493553238,77587,8846b09384a4.png,False,False,True,True,True,3,True,"mean_G,mean_B,mean_L"
155.76604709475487,79.97916633014539,5.03010798916008,23.99923748097729,16.01513209590592,9.897588012612323,108.2672219164193,17.30517064031608,804803,885fa5fc5da8.png,False,False,False,False,False,0,False,
173.40941406507187,87.3566554490942,36.650447771206245,22.053405583780883,17.993515502663644,16.808362345717896,119.65045025571841,17.88873977818129,804987,88e4399d207c.png,False,False,False,False,False,0,False,
104.2645577307318,67.50604702609941,12.876159996096069,31.103091128428478,18.923027595651483,11.31207281693023,81.24414545937607,22.686078068326573,1475436,88e5051f65bd.png,False,False,False,False,False,0,False,
174.428530724151,93.00290480666996,17.27696641266528,21.73203996240681,16.84667513424585,12.550190798376237,122.88106197349533,16.796577058694343,1477551,8906c9ed54a2.png,False,False,False,False,False,0,False,
188.91784946129673,94.3319793788045,22.38096652224209,23.82619947669408,17.39996230006176,17.967784257393514,129.2063498769264,17.461332229519204,804803,891329021e12.png,False,False,False,False,False,0,False,
85.37530044069172,36.26834695694069,0.6174569992133422,23.479320430718708,16.91004414717802,4.858748215777094,53.22178987797276,19.128608243444607,1469508,894a37fc3738.png,False,False,True,False,True,2,True,"mean_G,mean_L"
171.526770516779,106.00886171689592,44.82993540600586,27.759559095963365,20.02993439785485,18.243911541803456,130.1365667764431,19.91734804852835,1478156,895fe2bfc5b6.png,False,False,False,False,False,0,False,
162.01472996106628,89.92651169377781,12.343267599054858,20.4263879482954,13.695221240304203,12.961202467335834,116.43243871108803,14.894519681173588,804958,896ad584a841.png,False,False,False,False,False,0,False,
130.72125637270852,84.1019152022996,23.581081191018548,21.41929646215605,18.493659702748797,17.336358245205968,101.97381087970496,18.605650053201252,1475040,898f0bc8acfa.png,False,False,False,False,False,0,False,
186.79078121275813,116.28121411237026,31.71538265693051,23.978130242378466,19.471332822831428,17.26717382836478,141.12830572468636,18.4847755479573,1476832,8a3eb86ae4bd.png,False,False,False,False,False,0,False,
180.16001614856683,76.96260488804695,3.6195944225334618,22.667036545591657,14.903300128456765,8.102023598764111,116.61501319834788,15.751511988836352,805025,8a482c024fc2.png,False,False,False,False,False,0,False,
166.38676275090222,96.72719743251653,16.563929403685847,24.494900040785847,17.536739472009945,13.47891840588535,122.30330734833109,17.303394479254493,1476621,8a7765e785fb.png,False,False,False,False,False,0,False,
176.4383715965489,89.88852775727308,28.82756594663025,21.93112998372285,18.647747346271583,18.23869589889258,122.10408183842686,17.987312160132163,803339,8a81f62320d6.png,False,False,False,False,False,0,False,
127.43922843426407,76.5993713805946,12.141512561624078,30.423182491214483,20.694223574699123,11.804886169758095,95.39797636218812,23.670470291108376,232255,8a87dd2a784e.png,False,False,False,False,False,0,False,
177.95922977424289,92.17722597952542,20.067338218172647,23.794224383366167,13.412575801384385,12.959112699534744,123.78584821378648,15.487256327913652,804803,8a8a251770cd.png,False,False,False,False,False,0,False,
180.52020218960058,84.17793330823976,8.537301844626063,19.345128304952993,14.144417099340078,10.89961427829392,120.40789354362245,14.34065285506182,804987,8aa3c4681542.png,False,False,False,False,False,0,False,
150.18930669513662,92.91435912790887,39.67289605033546,31.933169651750283,31.062153394570693,27.326187244963787,114.23828256251286,30.199406559837346,1476176,8ab3faa3701f.png,False,False,False,False,False,0,False,
173.2320045920345,87.35832405649595,14.775891073363217,22.971558095973304,14.802535089087618,13.989796721146513,119.27928415946883,16.020234069191833,804872,8acdf12f412a.png,False,False,False,False,False,0,False,
129.20118110530527,95.76723105559418,71.4724705284325,29.342231153591214,17.705487201764218,11.978012626920211,110.7989878376055,20.349769675347503,668865,8af50c9d0a86.png,False,False,False,True,False,1,False,mean_B
167.83836377436495,78.68563936104269,0.990927939040918,18.99735556225372,5.049973051884717,1.6132122767722719,112.41334212837532,9.603765098399062,804999,8b079e79035f.png,False,False,False,False,False,0,False,
159.78250828895372,83.53753290425809,15.587137432033064,18.953488150998535,13.270096958215285,11.72031353814708,111.96145155139152,14.18214438292266,804987,8b568d47a1fd.png,False,False,False,False,False,0,False,
133.3947554409516,90.1149913690081,24.46380337615276,22.950537046842808,23.035017269404435,24.147287516079356,106.96849152535113,21.656084365659435,233461,8b58f9a338e8.png,False,False,False,False,False,0,False,
105.46333698616988,50.02296487677676,20.80061378319215,23.728502775140104,17.83272593794402,8.212353672902276,70.65527621576798,19.715606410132274,375051,8b8fe3fc8950.png,False,False,False,False,False,0,False,
128.13742754155834,109.07342480232685,103.67473189213531,31.711098424103717,24.916498631039932,25.30520114609102,121.34045409461142,26.12522928778336,2686885,8be6629a6039.png,False,False,False,True,False,1,False,mean_B
156.73113444026248,85.73389428053346,22.12220742325948,25.852579791669335,18.262836877044325,17.240595735842028,112.03680202729161,19.92473159774188,801858,8bf05909e1e1.png,False,False,False,False,False,0,False,
185.29857865837974,107.96842332844187,34.91516930230131,20.240031492944038,12.687971734081763,10.132912587628331,135.67765651967002,13.503120943114217,804803,8bf2d925dc0c.png,False,False,False,False,False,0,False,
163.20000273292266,79.81039727999662,10.944596204467334,21.158321295483823,15.715345821738069,12.895828363621533,111.28318296047573,15.68726211662579,804999,8c29a76fa08c.png,False,False,False,False,False,0,False,
117.72993166293192,65.05335130892395,3.719571974888398,25.09544762125042,16.100231623432123,8.471405922553583,84.47764167300421,18.832411074494175,1475334,8c4ceddeb1c6.png,False,False,False,False,False,0,False,
185.73377608933615,138.2393182048145,75.40055007220847,45.58954165015237,56.57266355087718,33.50169644051679,154.71777064380524,49.32461096334412,108713,8c84e96d9b01.png,False,False,True,True,False,2,True,"mean_G,mean_B"
160.88823193231374,84.93137944315372,12.3577259004336,18.84483217559924,15.391943615904175,13.791284849572401,113.38850774640012,14.22065946544031,804890,8ceff4c4c860.png,False,False,False,False,False,0,False,
176.49394327175142,79.26572326653331,3.587205705127409,20.897328005024185,13.19962209800615,6.511481820633671,116.26231907465616,14.12099537037369,804890,8d13c46e7d75.png,False,False,False,False,False,0,False,
160.85198598566265,84.52246269676601,7.985242703971971,20.689883542035552,13.719819460517678,10.316518146860371,112.88662922883873,14.78220116093073,804890,8d4d14a4ab07.png,False,False,False,False,False,0,False,
193.7022312161563,96.74257845157747,12.568725954580634,20.87541899019532,14.555353927669502,14.707110819885838,132.19773238574038,14.917943325939207,804987,8d4ff745a409.png,False,False,False,False,False,0,False,
168.74515469091008,85.04020336448227,24.41417067362932,21.873495178736967,17.106772920519955,17.698535332016625,116.3464909938054,17.41853075407063,805057,8d9516ea3587.png,False,False,False,False,False,0,False,
165.10239304258627,91.53611847322314,8.437625655587604,24.219633811331875,18.071008159327747,12.63042305988159,118.44706686402245,18.56470810967257,803287,8dafa62f9322.png,False,False,False,False,False,0,False,
179.97226142790407,87.93965624347723,44.65804376348041,24.745340767054753,21.24064225875022,24.11724632685409,122.72624591239352,20.55464669212567,804872,8e2a3978c244.png,False,False,False,False,False,0,False,
129.31941042063892,93.68541606301851,46.62416983603058,23.888991277666715,24.583480476745066,26.79773924502078,108.85041210173574,22.470284820321222,1480581,8e4a354e3da2.png,False,False,False,False,False,0,False,
150.64761892929468,74.96417398650748,16.668512467542147,22.393403086842003,17.397891228293595,12.976984725454143,103.5262495496279,17.8849653997906,804890,8e67f2d7e0ee.png,False,False,False,False,False,0,False,
110.9078305166234,93.5612249032168,78.9790084723167,28.950306452894566,23.86131209761364,24.447990105345404,104.39157637876276,24.550432953181417,2591617,8e6df9eedcd8.png,False,False,False,True,False,1,False,mean_B
163.22943680992722,92.63886559398283,48.33328487992873,21.99910286567945,16.94816850649332,17.9560776171902,119.10876422697562,17.610268139067657,804897,8e76054f0831.png,False,False,False,False,False,0,False,
64.16532472839242,53.638815365926924,44.01818643967157,22.131152859687287,12.444741175215015,9.28358160666942,59.37805453416407,15.814474352103367,3418811,8e7981855125.png,False,False,False,False,False,0,False,
139.83700725413811,83.43914937037324,13.449749129131767,30.300354256863177,27.59931090729837,17.924269383343567,104.53898955633868,26.77511533986451,1479845,8ead17dfb6a6.png,False,False,False,False,False,0,False,
171.34714328837674,110.74182825071833,47.44565645423162,20.521135110960543,10.364112357776484,10.12529621876012,132.96084715633188,12.320906021849723,804999,8ead8f37423c.png,False,False,False,False,False,0,False,
169.5048971687719,81.72191782693648,13.093639332370255,24.39824895186809,13.113064269326328,11.965062480149815,114.74613723003465,15.729347439213518,805057,8ed586c43023.png,False,False,False,False,False,0,False,
129.0815750038755,69.12787433039944,6.607803537902406,33.93656120696787,24.24603826500637,11.31309801008195,91.15660471605491,26.845254538430563,232228,8ee50c26fc13.png,False,False,False,False,False,0,False,
150.55210160810876,91.54942071196022,22.906833497046726,26.57093284232718,21.52947918424828,13.670917615855851,113.26358570932223,22.0619544200617,233131,8f06ca4642bd.png,False,False,False,False,False,0,False,
213.05192652040853,104.67335459582256,53.18673830769765,24.423042982336636,12.843918665100889,13.263251847981426,144.42291438293313,14.271737629492819,806428,8f10e41a2f02.png,False,False,False,False,False,0,False,
136.33063197472939,90.35941667403974,21.29635428028796,22.86756445023071,19.192976859332816,18.121708628357275,108.27222778673428,17.78789574626263,1480613,8f14bca04b47.png,False,False,False,False,False,0,False,
160.38900287750224,78.95014075688162,18.79708433064708,23.600702781410835,20.16421237648735,15.635686709909752,109.67221545219941,19.702888372831858,801737,8f9819752ca0.png,False,False,False,False,False,0,False,
122.42237814216374,37.833876253997076,6.273997425907543,24.261939217226605,17.958249774655602,8.260742935954285,72.3051758713752,18.630804596406488,801836,8fbb2ca39911.png,False,False,True,False,False,1,False,mean_G
113.76817098976564,46.70864930329123,15.386148338412807,28.256914217653165,25.74868740144891,12.29522000060437,72.34273546360745,25.308265671352846,375695,8ffa608170d3.png,False,False,False,False,False,0,False,
158.89317899229496,75.35078013109631,16.137236245383868,21.144780420341153,13.981986331303846,13.168036450464612,107.08941727107522,15.349917468782742,805057,901a3552fe26.png,False,False,False,False,False,0,False,
180.93450053975224,94.9059986409921,39.60134733086625,24.645503912864804,19.40221784944422,18.2479155744923,126.71509032930476,19.308235947651053,804999,902dc5a91a3f.png,False,False,False,False,False,0,False,
85.47959582426171,35.73069040042746,11.943953978621538,13.880861354430179,11.280820030245476,5.760359063984994,53.470456412342195,12.154353689710657,376173,9039cbfcbb2f.png,False,False,True,False,True,2,True,"mean_G,mean_L"
60.98769727487628,43.39932983211212,38.16445460727544,12.645005538735553,8.619785648892123,7.793331307808402,50.062159433131875,10.236501566128911,2717528,904b03ad5594.png,False,True,True,False,True,3,True,"mean_R,mean_G,mean_L"
139.353465620419,83.8249095274184,30.466245971412405,25.34492895526622,18.760071969281054,9.847433800775026,104.71885814031216,19.988494476146094,3333054,906d02fb822d.png,False,False,False,False,False,0,False,
89.88409032861182,75.97898709284479,68.85513432826274,27.30925623882473,16.39556643647571,14.197297685782122,85.53701537627859,18.66678922495226,4377262,9095d43fb132.png,False,False,False,True,False,1,False,mean_B
97.50246968310066,57.827399252664314,10.370481882377408,22.10350027865231,13.47742598461088,8.988012766682935,72.25226547246201,16.75816714914403,1461726,90960ddf4d14.png,False,False,False,False,False,0,False,
165.88817420377262,81.37305817887358,18.426754780345068,22.73707484015004,19.060168489493133,15.043829170695432,113.18704078134859,18.58206686504157,805172,90a786abe58e.png,False,False,False,False,False,0,False,
91.4032437627648,35.037107044171236,10.112143419700185,20.54177631063205,16.405071672952182,6.934515119435554,55.65120339593929,17.59774491935347,374565,90a9a41eec6d.png,False,False,True,False,True,2,True,"mean_G,mean_L"
168.08592475729662,86.7436095876372,11.198101851564296,17.59646173665119,10.69574407775378,9.779601898608865,116.95140466710973,11.81063156463724,804995,90bde2ff8953.png,False,False,False,False,False,0,False,
155.95770763215666,98.17474782487697,39.828033897504895,20.965099051111963,12.236349323065541,15.861196245378354,119.83851846882271,14.030614426988443,804897,9122b31414d3.png,False,False,False,False,False,0,False,
175.3623128626272,83.59800096907652,35.46047907167439,19.475815976917936,12.437346275718879,13.925376278055127,118.44822149610506,13.462216738996824,804890,912fbe06407e.png,False,False,False,False,False,0,False,
183.97617438407732,85.16974866130775,11.571312850203133,21.94034452118318,17.037681566515733,14.489195557417727,122.3339549503659,16.809650178280346,804890,916915f01e17.png,False,False,False,False,False,0,False,
90.58952749303546,36.9473561788332,15.392096935601655,23.07740500414173,19.13291516620827,8.375442816641389,56.54458659021448,20.232781813268677,369730,91b7a4179ecf.png,False,False,True,False,True,2,True,"mean_G,mean_L"
192.31638943832064,102.05163181226331,57.638040582850444,19.545175677048082,16.553328574872918,19.923040431432774,135.33924151914837,15.908042650667701,804872,91e82fe4e434.png,False,False,False,False,False,0,False,
131.52837567130646,101.41999313001145,80.12813144783468,33.29027037260415,19.482088802857437,14.279003825250818,115.82989269108695,22.34540006102209,2596802,91f3c4c1e72b.png,False,False,False,True,False,1,False,mean_B
169.92576536847935,77.0417554213081,11.833865029756709,23.452904089520743,17.769914936938118,13.620080101531535,112.4318501538968,18.09306048343263,801836,922586d86cd8.png,False,False,False,False,False,0,False,
189.62354837828238,93.54681705157154,20.18505118402651,24.090796486616807,19.787393825305173,19.088393692976894,129.07823294010686,18.78125772806235,805134,9232dc06cfdc.png,False,False,False,False,False,0,False,
129.99664446316143,81.98152224023319,15.21623406559385,19.527604256117147,15.30385210008545,14.479543836326673,100.53101640860218,14.314730729606332,1479346,92587e494d51.png,False,False,False,False,False,0,False,
179.9297006298933,90.75152194192461,24.795641799276325,19.934222520445466,14.089462978742008,14.149312096877374,123.82710292563135,14.595918036681816,805057,9274e75dc4d5.png,False,False,False,False,False,0,False,
155.14129389145705,101.40098600167974,31.20970004762441,25.448041885019318,26.54526219938176,21.56112496333542,121.25013330764419,24.30064865413066,1474034,9287e57326d0.png,False,False,False,False,False,0,False,
131.3795558706618,120.70738110966595,114.39464733846076,31.709671302564676,18.025802393700392,15.893669153451915,131.4635847634474,19.81742854629202,4380886,92889b863ae6.png,False,False,True,True,False,2,True,"mean_G,mean_B"
158.53867872735353,82.49831874921415,28.46155780552267,22.376867162746265,16.29332742532838,16.146257447315048,111.1380717092986,16.97185670244669,803271,92e3d608fd3c.png,False,False,False,False,False,0,False,
144.1420046049199,105.68189872281312,38.49775457842573,29.150357148808666,34.77483328894649,31.84834005519449,121.41196752660721,30.47404403069376,1481459,92fcf50b3562.png,False,False,False,False,False,0,False,
170.18409986745127,92.22363218287997,26.12624179024009,21.346255737599822,17.045328591683187,17.955749170019832,120.95975214506569,17.15691945912866,804987,930fee99213a.png,False,False,False,False,False,0,False,
168.89051519984835,81.95283102397731,18.93825408444873,25.65846667831177,15.398794899658453,13.21259141980468,114.57290402714611,17.901752935832718,801883,934104859e68.png,False,False,False,False,False,0,False,
152.4281220709288,84.28875771905562,14.880840560190896,24.636854412728333,17.956120081960883,14.528529332385013,109.52602228863698,19.160273879713312,803369,93421787f520.png,False,False,False,False,False,0,False,
147.00504162772552,91.00447573073592,22.31753251764141,27.1238550569976,21.137286667559902,16.320093619744114,112.0481355409032,21.030344567558792,233258,936299166bea.png,False,False,False,False,False,0,False,
196.40303383781352,100.92488822800865,13.037763342762057,27.551087131710734,11.95784746169536,11.292257267544313,135.6619187639055,14.601322301878495,804987,937bc1b924b1.png,False,False,False,False,False,0,False,
172.0580604851582,93.47137656091432,23.504810218406895,22.11897813429214,13.740444678766398,12.25066240495057,122.3277656116275,15.270431985362263,805057,93802d1e3c41.png,False,False,False,False,False,0,False,
164.87632951793833,84.39167868683819,28.505079531915264,19.620408835702516,12.548795474555883,13.566590809189625,114.59818709723108,13.926657734864337,804897,93a1b984de84.png,False,False,False,False,False,0,False,
173.33088888223733,77.335681752422,13.035094086423818,21.303848783550876,22.154297842858906,15.656403728187348,114.16278672413621,19.459088933860485,801816,93d6d20a5ee3.png,False,False,False,False,False,0,False,
171.18752041938149,85.5090391865788,7.885007981416034,20.86046687618897,15.742518132630643,12.310538088635946,117.3463512195728,16.195686718615214,804995,94076a9fb9b5.png,False,False,False,False,False,0,False,
141.3824105538841,92.60952076253761,19.17316318910846,34.98795920239152,30.004200445951877,20.692732029547003,110.83446786866085,29.972975241089788,1478432,94145d1f42cf.png,False,False,False,False,False,0,False,
192.65266244253945,96.48211703317182,19.034179401167847,34.017716112304065,18.664148801419262,15.464955662225679,131.78148217169834,21.22682648194103,804900,941d874c8afb.png,False,False,False,False,False,0,False,
178.5429392027449,90.60941232591334,24.507369684230927,18.872950408478985,12.315115078354703,15.041051075882255,123.25043758470633,13.103992911154771,804987,942f544c4e15.png,False,False,False,False,False,0,False,
154.4976617922946,81.00670774888493,11.646297009529253,22.823893506535338,13.55355412378816,10.033889053031873,108.45196486476414,15.591939917412777,804890,946545473380.png,False,False,False,False,False,0,False,
169.254118228792,86.43764108948102,12.057806154079342,18.58268182833551,14.904181837103163,12.717663146593143,117.24564757975244,14.486447579777543,804897,949710bead24.png,False,False,False,False,False,0,False,
139.85291174533668,82.80091171112612,21.837529827322253,16.39454034346064,16.71382500649374,17.1018258919031,104.65565372082482,14.18237701921918,233846,94b9ccc73bb9.png,False,False,False,False,False,0,False,
105.07408346211606,48.53479041801923,23.88650765746245,21.47519837495179,20.21700481255965,11.578092575174573,69.98796937560132,19.912348842311786,366897,94f9ecf4b8d2.png,False,False,False,False,False,0,False,
160.5712432770901,82.92958229438052,13.776248389545495,21.13221789473957,14.3294644610324,13.002726436905963,112.0950208535999,14.471296872938233,804897,9519a590985d.png,False,False,False,False,False,0,False,
129.38645323934438,55.02080410598248,20.084470260643638,19.875223016827405,15.251361958941661,6.99367846154407,83.87799982430313,15.963188913994292,375647,956765d5f46d.png,False,False,False,False,False,0,False,
169.45061064244803,88.88624781025979,19.042886605623128,19.411335457584503,13.661443633493352,14.223584942566191,118.75748487370944,14.20664487584444,804890,958c1fa044ba.png,False,False,False,False,False,0,False,
158.17989150678832,93.42035339501548,28.830229959368566,20.76986248194216,17.40433032692306,17.561781803797746,117.75480277269945,15.607304713555425,233563,959bb2d01091.png,False,False,False,False,False,0,False,
167.37360210296748,95.28497820457663,22.432125047013717,24.569016750659245,14.768542919258387,12.066936847455468,121.88098630040615,15.642155586408933,1478292,962c0fc85e13.png,False,False,False,False,False,0,False,
165.37565168783578,79.80860842830968,13.97785286171237,21.847944862099702,18.447842011240823,16.030064690853436,112.10279308096023,17.94761611003294,805025,966c07831334.png,False,False,False,False,False,0,False,
105.09458837535516,52.827989318400405,30.66618623352358,25.0918392062834,31.389418516919037,25.06329824706243,72.68659591530782,29.042151319042514,362867,96793edb1003.png,False,False,False,False,False,0,False,
157.41680318685422,90.15050417029752,19.534196439686294,22.35792948415848,13.960295641849118,12.948417308602302,115.01370845263288,15.522613544013705,803300,9688c6ef5dc5.png,False,False,False,False,False,0,False,
193.14061176061324,101.11909204984532,31.516040701213832,17.761079619176858,15.421934378475243,17.17796936957621,134.64219582800135,14.1557532272385,804890,969f92a390db.png,False,False,False,False,False,0,False,
189.04789226104486,98.94298291922186,16.318001085637416,17.866319427573046,9.667858971172967,8.677010841504687,131.69199572204204,10.88275558775646,805057,96b5474ae604.png,False,False,False,False,False,0,False,
160.2772482412861,77.66888756677636,12.459711386707957,23.648833002890424,19.759793210479348,16.38112105118591,108.93478071463778,19.220776689277233,803428,96c699221180.png,False,False,False,False,False,0,False,
150.375491365387,51.49398434588148,6.652235060255933,18.227157884046544,14.710435285511846,7.002423752789087,91.73250962852528,13.979635967800116,804900,96ce10a1dbd7.png,False,False,False,False,False,0,False,
127.32766897288082,66.19653766505505,10.580808624408558,32.50779433764565,22.099752291547002,14.14584022761322,88.84705796246625,24.974178698398095,232271,96ea316ed0ab.png,False,False,False,False,False,0,False,
135.74402964884328,96.11239419562911,46.523140612988975,28.39214180719969,22.47959133879358,16.13738609754193,111.94062930786441,23.087917108230812,232859,971bb98ab935.png,False,False,False,False,False,0,False,
159.95958671249366,78.48320926344346,25.996492173846075,22.211174905095614,19.005591010313644,17.6233091334819,109.40506075967292,18.483272172543934,805057,973b0facfa9b.png,False,False,False,False,False,0,False,
183.53486843658257,98.16207788077232,18.973822737567662,21.956054773766187,12.41471291298094,13.816865818416789,129.1510628067939,14.53758557435175,804897,974c7d7b9c64.png,False,False,False,False,False,0,False,
174.04271126143863,91.98704687991037,10.293045088732848,19.106468356664244,12.694096438801049,11.304496728816515,122.20807470775361,12.93133175577008,805057,976082127e2a.png,False,False,False,False,False,0,False,
100.5908308916427,46.2154431332491,22.961178462944545,22.077649446951416,19.213788884182414,10.24684469675981,66.52883524636435,19.56760518754824,372010,97a235367f9d.png,False,False,False,False,False,0,False,
106.34908173051406,81.81946640714081,65.22106963821949,30.74644994442737,18.061324170567456,13.378176383661941,93.9863257049568,21.50326791404857,4371048,97c6cb55866d.png,False,False,False,False,False,0,False,
156.88549258002848,84.71491335396128,34.50838387840861,19.645894402919275,12.689922618592671,14.119853849887903,111.91482093814476,13.847626286981784,805057,97d02a9b94f7.png,False,False,False,False,False,0,False,
125.97367629383459,103.47537560737689,87.79229299282093,28.087064681940127,22.059948108862645,24.34288038664625,116.214500965824,22.442789443274837,2124093,97f290d31813.png,False,False,False,True,False,1,False,mean_B
111.13355036620943,58.1185826124997,26.331429598954376,25.072631731673763,26.097326275739047,13.927242161795107,78.20615618315571,24.747961624251026,372601,97fdee242fea.png,False,False,False,False,False,0,False,
140.95809374556134,86.15222729129275,35.619595215878746,42.91713962188986,39.655423482424276,34.77286326600268,106.1802853102142,39.77318601287897,1471451,98277aeb96a7.png,False,False,False,False,False,0,False,
167.22961519206856,75.87881475629162,2.8451426647734968,25.699700759611225,17.141914985392987,7.466709156998177,110.64525918665737,18.233231163943035,804999,983c98354e9c.png,False,False,False,False,False,0,False,
176.6824405220251,80.68382656128132,6.1841755550366875,21.6615343027558,16.41362093303069,10.038458748217016,117.12818006587412,16.023687645863838,805172,98441214557f.png,False,False,False,False,False,0,False,
136.93687812250724,83.19586830248014,17.711748143593688,30.097488155045287,23.525677466418568,15.492867562521413,103.15346043887436,24.411719213483128,1476778,9858cc2ae073.png,False,False,False,False,False,0,False,
132.51801246455074,75.48976718121148,3.868653522848846,28.511576248997574,23.646805536748268,9.919598843203152,96.45891894645678,24.235030640084542,1472175,9870ce41cac4.png,False,False,False,False,False,0,False,
165.23177693530303,94.25183822409994,13.977094851483942,29.342288153496614,27.643361731170206,18.850938604139973,120.27385631573,25.713887917640946,1477921,98d41bce73a8.png,False,False,False,False,False,0,False,
168.65005725951005,82.35450234017128,3.4637808703445527,20.15212733571464,17.003261327069485,8.587593595251251,114.66167222664808,16.40440044698398,803360,98e44127872f.png,False,False,False,False,False,0,False,
163.18083115915022,96.32386880357808,45.310740464653996,11.047311308466549,7.364961490862696,8.643023994543862,121.31781215057771,7.726863912688288,804900,9910c827e2fe.png,False,False,False,False,False,0,False,
130.03540964990387,71.7169808885964,19.11194129362222,29.214845847439012,21.80531230322601,14.807209398131743,93.57775971162987,23.118725644251658,232479,991a0b7a8c87.png,False,False,False,False,False,0,False,
194.27567772394087,104.00603553236427,34.55302273574357,21.211117769033404,25.009798370045964,32.00770449585,136.88751770406262,21.11040772787297,804900,99240ee00485.png,False,False,False,False,False,0,False,
95.05458967889781,69.81489929128993,52.915409613425815,22.663711371254102,18.391204130085004,17.5534726564505,81.50115017290362,19.185939285897437,2515274,992599744a23.png,False,False,False,False,False,0,False,
64.7324833748592,60.88443491976265,58.92840347787984,12.010448106768187,10.495788090794978,10.690526757684783,66.44468794512146,11.394441375202442,3322829,992b9a07b25f.png,False,False,False,False,False,0,False,
169.74072017480768,86.85387559487651,34.139885888057,24.606918398338877,17.439710363204167,16.792167935785702,117.84146191485952,18.666509630339444,804999,996f9bba4ef0.png,False,False,False,False,False,0,False,
175.7111496050423,90.51820147706951,17.270146335136644,24.928468317477844,22.756928831642238,21.860035856601762,121.99653305198676,21.455171046056382,801858,9985375d709f.png,False,False,False,False,False,0,False,
176.20910334578772,91.13774923801229,9.531897868173951,20.3517816468984,12.316858409389152,11.130121972179651,122.40256559679823,14.01284225773977,804803,999ad827ed35.png,False,False,False,False,False,0,False,
150.75239311260935,95.0019969445731,30.434731782203528,28.45300357979026,22.034264315557326,16.112975842816166,115.71889665591458,22.62223943255192,1474753,99c626e58464.png,False,False,False,False,False,0,False,
174.27681298065573,106.294036452186,44.80228851147362,21.01730877808814,9.873214729137855,7.6479202677703055,131.11767198002212,12.320482431132914,804890,99c6a123ed6a.png,False,False,False,False,False,0,False,
166.06064186182007,81.06145853693151,23.412646263898104,25.291065520358387,21.156136404482854,17.00738361830069,113.09219465252093,20.874580261276538,803257,9a1029536d78.png,False,False,False,False,False,0,False,
145.8032510778356,84.90583188336234,20.650391277888726,18.929943195247418,17.385239719785197,16.149110271606432,107.95604230772527,15.775105542888161,233338,9a159d4674cd.png,False,False,False,False,False,0,False,
73.41563888087026,57.04157155554744,45.76043248127919,24.327889660882732,11.237449963602533,10.34148414893734,65.37663387077819,14.196598182638024,4382155,9a326446c431.png,False,False,False,False,False,0,False,
147.63916690122548,91.68774899320141,27.73789879508942,23.828091431792647,19.341035663792404,15.118378826931425,112.67679870523536,18.897787753565062,1477952,9a56cfb980ec.png,False,False,False,False,False,0,False,
103.50689374298794,63.09110519940498,5.4464835241472285,25.024569539711557,15.740417358894126,10.494012604507803,77.97261190356411,19.03343567959229,1476919,9ab18a4a957f.png,False,False,False,False,False,0,False,
175.37363179638254,99.2068870175021,28.46040206712195,16.751282438450712,13.44117289359182,11.822104820845839,126.96044298304345,13.077285526885396,806532,9ac2e3e9fca5.png,False,False,False,False,False,0,False,
172.1803243248616,97.90376730709976,34.46570510590504,22.607527876386268,13.653785123744747,13.929565391436396,125.12076702879465,15.40196798921567,804872,9ac41b9a809e.png,False,False,False,False,False,0,False,
69.1017755559904,58.74296951592716,46.63767677864629,10.749237091577221,9.079832934057649,9.086174076103127,65.13191832012055,9.758663186911658,1998191,9ae54843c69a.png,False,False,False,False,False,0,False,
109.0914807030869,57.82034429335278,4.241570681983937,25.9687447758255,16.95349844662638,5.682722012311444,76.48963192805141,20.359219532378397,231721,9b4fc15df3c8.png,False,False,False,False,False,0,False,
83.22081562786262,59.91740980363236,44.78191178355403,26.50543143471234,12.428560864094132,8.165044176621919,70.21595424078765,16.507371495233773,4345879,9b57e43b44e7.png,False,False,False,False,False,0,False,
110.06178407557356,50.820839406207824,21.749994601889338,29.16426874433805,30.03409535740625,17.919004285251724,73.08009176788124,28.62021988242638,370500,9b70f84400af.png,False,False,False,False,False,0,False,
100.20187121361901,84.15038932630546,74.39892356927197,28.2457193232025,20.626958001378412,20.752729714130407,94.51352187726121,22.129050016212176,1977647,9ba469af2980.png,False,False,False,True,False,1,False,mean_B
171.55881128673724,78.22411198765413,3.1999147617491484,24.594869886876207,13.233796049290099,7.206904504325142,113.61653721469726,15.881234164450703,804803,9bbb6c455913.png,False,False,False,False,False,0,False,
164.6110899188994,81.8963733982105,22.29432047345748,20.084514292984043,13.415715869167482,13.46096681631494,113.0079522566392,14.542811987328216,804803,9bd008aab548.png,False,False,False,False,False,0,False,
135.6561917412773,72.74618533302927,8.581035916639994,22.4923695633702,17.97198038524963,13.833907134935993,96.6018163695211,17.49877322468804,1477783,9be0683649ff.png,False,False,False,False,False,0,False,
149.08580801814057,71.83749780647987,6.593640596239218,22.506142512585093,17.657896848796746,9.639583492385421,101.13514448608157,17.792595457106263,803503,9be71d6d7e59.png,False,False,False,False,False,0,False,
139.7117088564734,83.50755217856513,4.094355504990993,28.023978813900403,22.90896389636943,8.844134675399632,104.27166984952528,23.142319042513403,1476660,9c14ce27cbfc.png,False,False,False,False,False,0,False,
166.9734840438417,86.32394808860268,19.75260097368032,18.787594548350437,15.324247241574946,16.309852408151393,116.37875891163459,15.097099343551259,804987,9c514d2d5b3f.png,False,False,False,False,False,0,False,
136.432514360021,84.4063089363681,27.548647531454257,30.466685156219086,24.220295811684704,17.70758746466657,103.95503827903653,24.864926524114978,232242,9c6512166557.png,False,False,False,False,False,0,False,
168.53041353159261,87.90370642785437,15.242670884314524,18.653598189789157,9.669221584814776,9.523562811407306,117.82035404387281,11.565061364545475,804872,9c893e16c055.png,False,False,False,False,False,0,False,
182.43370236421535,98.14390962427903,3.6704033423914395,18.67229306836933,10.992889051261816,6.259725878833513,128.79966516471015,11.28802680286571,805172,9ce46d400cd6.png,False,False,False,False,False,0,False,
143.0172216772806,60.686198260280726,6.667785318442319,24.517358418222464,19.00183398234234,11.464255992592514,92.65697057813053,19.265266183127704,803348,9cf7c1349673.png,False,False,False,False,False,0,False,
171.37367540435025,99.48976407881678,34.86200728644059,20.899079989560178,12.258339216983972,12.65972401662481,125.76242675984433,14.1886927493909,805057,9d1feed37610.png,False,False,False,False,False,0,False,
146.81690254375604,100.19039574495186,83.68900312612392,31.60076341109334,22.821543258046432,23.640441832256865,119.7339484258777,24.011234656679495,3250351,9d62478042b6.png,False,False,False,True,False,1,False,mean_B
173.12634012250064,89.40623955819278,31.34678289860221,19.97063234314242,14.883824387837626,14.48837349732031,120.61514029441393,15.026020323542774,805057,9d75de31f1b8.png,False,False,False,False,False,0,False,
186.61341140543448,93.86213142799637,23.876607814416005,17.218996674471565,9.28747297707764,11.272109490886903,128.0586273771675,10.9457909263447,804897,9de9421f17e3.png,False,False,False,False,False,0,False,
171.643485984385,84.87757936384698,2.1960273045174192,20.735437219228437,15.45809934462287,6.526919193606135,117.2027602655917,15.545343835872012,804995,9e2058917304.png,False,False,False,False,False,0,False,
166.95743430525894,88.91100227731002,34.90395417053362,22.351086081821567,15.489204095524512,14.13680366829483,118.01982365445517,16.48670031495023,804897,9e2a8135f471.png,False,False,False,False,False,0,False,
87.64238799945001,56.46934399169872,8.179036290325312,28.72798755659797,16.42201140644147,9.908415642813024,67.5953688670881,20.435685853279377,1476399,9e2ba2b979f1.png,False,False,False,False,False,0,False,
121.22056435372123,71.47762994452586,20.628790365980375,24.69452932317247,23.273973253193187,22.02387294022924,90.46119078161333,22.765872255937584,1477265,9e5737f771c3.png,False,False,False,False,False,0,False,
127.72884064002017,82.24418745768442,57.44137815761671,28.727085896998275,21.10255032188233,18.3519865743645,100.53178478548763,22.742739091963617,3188837,9e7a63b2fc6a.png,False,False,False,False,False,0,False,
143.368957413199,71.39448769155665,0.5901031408078878,25.010937878813294,13.445154852984933,2.2195351076281113,98.40886836259143,16.795024387749724,1476913,9e99ae6ee7af.png,False,False,False,False,False,0,False,
96.45544725898142,38.74905423926793,15.770097232127396,18.824342210498507,17.824415511205043,8.536595454792547,60.43752696408604,17.529996983082622,340731,9ed6c2b25767.png,False,False,True,False,False,1,False,mean_G
121.96938486494837,52.76905184918162,0.9958802173185365,19.52639343235873,11.058228450727036,2.631536778543452,79.18806807940881,13.309398567378425,233022,9f1b14dfa14c.png,False,False,False,False,False,0,False,
167.8607514747403,85.52710677629038,8.584484080009242,19.63199328762241,14.355796961191123,11.874068801801142,116.11739665638582,14.791210637948794,805057,9f285b3e57ed.png,False,False,False,False,False,0,False,
128.2409181564528,42.569822772305635,1.8788293417916349,22.339950103194376,15.85599767484547,4.156003119194009,77.15111439287448,16.697989198107916,801737,9f8112c710be.png,False,False,True,False,False,1,False,mean_G
117.13012615585576,68.95503764050737,2.991311745900794,22.48794428925813,10.540433270690015,4.96177182167001,86.92799749063285,14.211946382661008,232728,9f935fb38440.png,False,False,False,False,False,0,False,
159.93717581255737,80.47051734569764,28.674796899479063,23.57713904754985,17.173653765835837,16.204124333055375,110.46926252675809,18.078749147013884,804897,9fa02dfb5553.png,False,False,False,False,False,0,False,
100.13697684399082,46.599545249779425,15.33368696871393,15.042757123621003,13.900441980219723,6.007204563785753,66.44704132469326,13.998278453368947,375151,a02dfd67a925.png,False,False,False,False,False,0,False,
158.22601825377288,94.26716160323743,18.003851335084413,29.242496195946806,16.30762679159638,12.697905632316242,117.87720631794782,18.769765699218663,1478708,a0445785e2f7.png,False,False,False,False,False,0,False,
169.16904302795973,91.10745062568955,3.245691240346291,16.174567310043702,8.951126577589601,4.719380347225542,119.75130579769205,10.473700042188256,804872,a06a63d866b2.png,False,False,False,False,False,0,False,
132.61788348057672,77.56113721010402,8.663754469687241,21.095064090228373,16.373072210516966,11.72307874484435,98.38849135804138,15.91898538398749,1479410,a06b353e7bed.png,False,False,False,False,False,0,False,
80.9112309772661,46.834983832331666,5.224469448506265,29.18776322193365,18.771366847699184,10.177633991788335,58.13219386531901,22.564116246730602,1472383,a06e5ac695ce.png,False,False,False,False,False,0,False,
95.93364102281494,42.939658877989636,21.049085197839744,29.14577888772583,28.9765072805713,16.6683759214516,62.39543701091149,28.4475647918595,362920,a07d571bf7ba.png,False,False,True,False,False,1,False,mean_G
169.40318387393688,89.15764101175445,19.893996325726004,22.180655866670165,14.284519313406996,13.881682500869184,118.82705572400464,15.809451550716263,805057,a07d9a5045cb.png,False,False,False,False,False,0,False,
119.89232630988133,76.00221679739482,18.68391029584475,24.773123323802402,18.593504817240625,13.87078005184435,92.66536264177564,19.796048232493597,1484123,a07efb1ecfc0.png,False,False,False,False,False,0,False,
186.10947982981895,89.56219620508679,8.935395795161641,32.217141236318945,11.83339654412526,9.295121279769333,125.54571224496134,17.19670966981458,805025,a08a0133754a.png,False,False,False,False,False,0,False,
165.39134178158778,87.31727046838117,50.73172568020872,24.15370069215475,22.09801726751063,20.44444859275822,116.89040998881849,21.239228286518852,804900,a0adbe677508.png,False,False,False,False,False,0,False,
162.13164782121018,80.32196353798551,11.722887944580322,20.710647736310623,12.897723827786049,10.603884473973384,111.13191115660133,14.014068312997919,805057,a0b7ad98df57.png,False,False,False,False,False,0,False,
137.1779634455784,65.20186507408346,0.8485485996917304,24.042507696336877,12.53176373423173,1.8382191059199444,92.39068235779025,16.064327540927852,232913,a0e635689259.png,False,False,False,False,False,0,False,
163.4894443319423,86.44863173247627,54.99116188753458,18.563548188144196,15.421524733258325,19.31323442245052,115.98121186747055,15.17697647834163,804923,a0fd94e2ad76.png,False,False,False,False,False,0,False,
114.28118826083838,84.95758974659911,68.44926222720663,38.03663033198257,32.66035041018341,32.964301034625535,98.34706799883794,32.925515102982345,1380303,a11c62cb3f86.png,False,False,False,True,False,1,False,mean_B
127.78556922490644,72.60434676769162,9.180525390387936,32.47295480526738,23.2807138368779,12.851549221188908,93.06283026761805,24.96805626673551,1474751,a12ca80bb8c7.png,False,False,False,False,False,0,False,
195.71907907897958,97.39315087046147,9.170436740419705,22.046361427004147,12.156430956724122,9.969426384271816,133.30479135887913,13.69359649809144,804803,a1822dd8d05d.png,False,False,False,False,False,0,False,
145.95479824952943,88.2270795981856,28.6367536505954,27.448346617563683,20.938329393366097,16.79553087528475,109.8869096039496,21.3775060740469,1476403,a1872f9c0cba.png,False,False,False,False,False,0,False,
170.8275872170531,122.70165845999979,102.44793662309485,38.34264150180754,29.996462760123734,27.754877613572383,141.9436871984007,30.763825950221268,4369415,a188c60b93fb.png,False,False,True,True,False,2,True,"mean_G,mean_B"
90.07048748353097,37.23002976626165,15.723520768609335,22.695041925726596,21.46329231052453,10.366484124113363,56.684358344583785,21.09056375311829,368874,a1b28bcbce00.png,False,False,True,False,True,2,True,"mean_G,mean_L"
80.72808423042245,36.004315261196865,15.743737575632489,26.15576463044563,20.655897559733443,9.032147768492646,51.42236874979632,22.417416595226605,368228,a1e236fbc863.png,False,False,True,False,True,2,True,"mean_G,mean_L"
163.37213638288966,73.45270459110348,1.2748823996313305,18.490803671254596,10.812186129383669,2.7209665838100086,107.872594114454,11.932328934959521,805057,a1eb88562239.png,False,False,False,False,False,0,False,
167.235615995021,79.55135024117007,13.26801680410767,23.263501477065667,17.408842135540556,12.463501937453916,112.64147129298273,17.980468455247486,803375,a1edf0e66592.png,False,False,False,False,False,0,False,
165.63326279625574,78.37701777534356,18.396533310097592,23.640586164892888,20.101370808821198,16.883361071808107,111.50925861382194,19.398101807454303,803360,a1faeb4d5f10.png,False,False,False,False,False,0,False,
179.15260346134255,92.79574600255935,16.77331063872082,19.642159197935598,9.237170388922559,9.96561559018274,124.53024388425747,12.03038960471893,804890,a2163f0c2af5.png,False,False,False,False,False,0,False,
168.5142163575252,78.71180131955683,20.186594049545626,22.27565053614398,16.849050879138893,18.873062648982565,112.83836798207395,17.303933536848177,803300,a247961a5cd9.png,False,False,False,False,False,0,False,
83.76243749629957,33.46511903288139,11.555517280355673,21.63293473274229,16.20434907437414,7.5188612791837395,51.10783469419611,18.37005890678,371578,a26f50218b84.png,False,False,True,False,True,2,True,"mean_G,mean_L"
160.0900688824154,69.89924409468382,4.310782054546923,19.643437033343925,13.590981731548009,6.951393512963432,104.70421431189014,14.031974318413825,804995,a2811f512c1c.png,False,False,False,False,False,0,False,
83.53226059048411,62.12899909752585,46.41343828349702,29.92865047152269,21.584639690844046,19.072818905772433,71.56534284721299,23.91313379485061,2796756,a2b97d98f130.png,False,False,False,False,False,0,False,
171.62363658722302,87.17179901547344,3.1093301468094805,20.521046148069473,13.009895953980333,8.26482320283914,118.4915676778166,13.87911389891911,805057,a2b995b81692.png,False,False,False,False,False,0,False,
145.18554704292248,90.00530074447366,24.980689178019038,26.557813905625935,19.969016954010463,22.95924463067908,111.49738449217446,17.969215698714052,1477151,a2dff8dbc9f8.png,False,False,False,False,False,0,False,
147.85072385684495,76.81574575713131,14.25323765053329,18.61748042939293,14.23644786356104,12.933705977623257,103.52354904367087,14.72233263840753,801816,a30a143a53a3.png,False,False,False,False,False,0,False,
137.59377900164287,84.6702732779751,12.805639662435262,21.856320293468947,15.957282357692302,11.555012463211295,104.59744315085695,16.332470483622505,1477287,a3132c8828e4.png,False,False,False,False,False,0,False,
172.92984195493335,97.47844631052172,28.214473404671654,20.176078228543332,10.436660033353716,10.126704708015664,125.04121148420232,12.781208740621842,804897,a34fc5376669.png,False,False,False,False,False,0,False,
165.23351076714764,75.36563581140256,3.2433791514233006,21.721428236095836,17.502410810175938,8.303492877261684,109.62624861023981,16.96504060620064,804995,a384e688e228.png,False,False,False,False,False,0,False,
70.70791032881743,52.87543975145236,45.059210237575506,29.7303959496468,16.019792649765655,11.096888776460991,60.626833789542985,20.498837162209295,1731660,a3bd2e034614.png,False,False,False,False,False,0,False,
139.353465620419,83.8249095274184,30.466245971412405,25.34492895526622,18.760071969281054,9.847433800775026,104.71885814031216,19.988494476146094,3333054,a4012932e18d.png,False,False,False,False,False,0,False,
125.05105306052417,57.10204177926479,3.6173122292283275,29.536892529072567,19.997112939663186,8.026185036467883,82.9107150516879,21.988219426887834,233130,a419fcb2dfb5.png,False,False,False,False,False,0,False,
167.79327676175083,75.5087788220739,3.040486844862163,22.599161529231964,19.608764862948075,7.972579729417816,110.74999875283108,18.584165735632993,801816,a44345b27804.png,False,False,False,False,False,0,False,
101.56360066488305,43.68778701835001,13.90476125276236,25.153020011014085,21.211835990997844,9.920837323570462,65.23588287323682,22.058275857044798,365177,a45c30da0c72.png,False,False,True,False,False,1,False,mean_G
155.30444278792396,77.93993788048205,7.925937383525904,20.29999524196844,13.724999085491767,10.822072661203281,106.98610510622437,14.793015975596482,804900,a484bdf85b4c.png,False,False,False,False,False,0,False,
187.79909479101053,96.87078222430945,19.86656056613455,17.09699285819267,8.707805273737444,11.327362615603246,130.10490534813772,10.45305770849613,804897,a4ee03ecff60.png,False,False,False,False,False,0,False,
158.06908435078373,60.71816967442835,5.252220430328815,26.218534369319794,21.385864251906384,10.925953778785562,99.43686818607587,20.720141254238165,801759,a528be013a04.png,False,False,False,False,False,0,False,
160.83195629246185,77.05025422770802,22.575656501285113,22.22771970247657,19.36116103638047,16.344153732355345,108.90307296888024,18.660981423444955,804987,a53d6d2472a6.png,False,False,False,False,False,0,False,
187.03181400850048,99.84622877212861,19.075640734156046,19.159735250525543,16.65711845194918,18.089475968866083,131.4459663783068,15.816725310386396,804897,a5bb85afc6e8.png,False,False,False,False,False,0,False,
167.83417504742826,81.49320662511522,28.602658976696848,21.024655975076257,15.718732368311448,16.33723898836715,114.19772319351608,16.07217788366263,801737,a61723fc38c2.png,False,False,False,False,False,0,False,
159.75569256908958,88.43533404557488,13.82992015171603,19.614900973220156,16.429288903695944,12.627598099583308,114.87553364483175,15.61066089754515,233067,a627eb8c08c5.png,False,False,False,False,False,0,False,
132.26532115487956,71.15859840715149,0.8744430688456694,20.999908763608637,12.704065943437516,2.959862388767805,94.07138815534915,14.484751976428623,1475721,a62e995f167c.png,False,False,False,False,False,0,False,
110.05765106893867,73.59618367795734,54.409158043637184,22.902306407811132,11.789125047990131,7.013050460850055,88.98696946823496,14.840607595654308,3365020,a6356a3c5d11.png,False,False,False,False,False,0,False,
158.44815378404397,77.9953603925344,2.2008968665569393,20.216701736968183,11.749927455897938,5.833408796010798,108.2087376168442,13.574059319635094,805025,a646c084928c.png,False,False,False,False,False,0,False,
161.94914824711455,84.73097329522092,9.080319309504377,23.298012810780968,17.474432481565966,13.55107000355487,113.40125120032994,17.889022321116336,804987,a654b25124c3.png,False,False,False,False,False,0,False,
167.61271699280553,89.18475680282462,25.490080417630008,25.251285421245893,13.916110176485901,14.849877072434836,118.31723531319145,16.278841925337357,804923,a673193cd5a9.png,False,False,False,False,False,0,False,
119.43240135537755,43.134860564973444,9.248108420226902,25.14000219621489,21.288388744957416,13.571898278753338,73.27670254650847,21.148801016661494,801843,a6731dd737af.png,False,False,True,False,False,1,False,mean_G
180.57312665845467,100.25357127353038,15.540228887092136,20.70629431562312,16.5333975750673,10.706476316019799,129.28134513221514,15.91332663360488,1474264,a6b6d27c1b32.png,False,False,False,False,False,0,False,
179.16979105085622,88.60040463404093,39.26106720054845,21.597960552696325,17.936513866712286,18.33680152701964,122.71478764785661,17.153170962677603,805172,a70d0f12a641.png,False,False,False,False,False,0,False,
106.45952349857274,53.65193113944024,27.11012465584379,21.5437740830261,21.470871863306584,14.009448125658647,73.6221198156682,21.33134987390776,375193,a73c3d516c59.png,False,False,False,False,False,0,False,
184.75375411702643,92.36701614884524,34.262477037561744,23.67404670015668,13.369478207596115,17.60415039695212,126.7326068493851,15.41916155625106,801853,a73d012c4c38.png,False,False,False,False,False,0,False,
164.95386075847134,85.12612651791805,35.02799318591009,19.55610926352639,15.074930248981412,13.624397932457061,115.15541940077262,15.297815960530698,804803,a76132e79688.png,False,False,False,False,False,0,False,
97.23460874760887,57.8084186483076,36.392995848698206,32.917533743387224,21.143024081391427,14.28908848322081,72.66262869704414,24.561091000614972,1794136,a7673ac44509.png,False,False,False,False,False,0,False,
177.06547242332093,129.4973912909251,73.25265887655712,38.86977494729785,49.907603421945346,39.06208374950271,146.8354738125743,43.69221210964467,129566,a77eb914b383.png,False,False,True,True,False,2,True,"mean_G,mean_B"
145.1510880119507,70.66569027760488,29.15618697871281,20.427449769720575,17.883991416838732,15.211624927257724,99.28809784638366,17.29441511668421,803300,a7b03e58a6e1.png,False,False,False,False,False,0,False,
155.10471098607678,81.09778859379959,27.570358567720813,27.512192733933006,21.668423738896447,16.665864187617867,108.80651658399049,22.343932101198362,803335,a7c10ca6c117.png,False,False,False,False,False,0,False,
134.4095652361162,71.88172871939534,17.834660522405738,28.09893079347151,20.392435738844807,13.338101049523287,95.25958784642219,22.048687323414594,232195,a821b6ecef33.png,False,False,False,False,False,0,False,
63.81698768834437,57.51189228050205,52.87536171105054,32.72377529928965,23.38029328457987,22.02086264764662,62.52931631868516,26.45751233268579,2002980,a8263d248523.png,False,False,False,False,False,0,False,
92.32169228663226,41.51515053910635,13.025448181640053,23.83518791195302,19.17234294603253,8.217799679328289,59.78349048880586,20.56764475327782,372561,a82a12ad3fb1.png,False,False,True,False,False,1,False,mean_G
153.4063376878904,84.35345323374618,2.3852186863787286,20.796639936159686,10.603468328075591,5.344889642417157,109.93358110046866,13.102152709658364,805057,a85cda5f725d.png,False,False,False,False,False,0,False,
178.2758287361463,91.42951891059093,30.777755827245166,21.570297412091758,17.526311341728672,16.184606312487283,123.64540529794742,17.251914794403145,804840,a86128b601a7.png,False,False,False,False,False,0,False,
176.56449550934542,84.41497507266583,16.71814871753378,24.26370356519523,22.302701022598775,19.19818078995542,119.09752593874286,20.627499956420593,803335,a88365134c3c.png,False,False,False,False,False,0,False,
143.78614292692504,90.55402747554736,22.568451424561136,29.405697724820214,25.805187938251347,18.730985157712208,110.2569617922628,25.7098732227304,1471927,a8854768549f.png,False,False,False,False,False,0,False,
156.28933730252697,106.5840384290112,36.30811474577991,28.801735018813826,29.795550919479957,28.103932653554747,125.14855113155848,27.7448882305122,1478050,a8a6588c8eb7.png,False,False,False,False,False,0,False,
140.26079708592243,76.09522605528177,6.453306192414828,23.680961177980404,19.005230746360727,10.243023562840376,100.19468180844225,18.800830712596515,233350,a8aed92940fb.png,False,False,False,False,False,0,False,
81.22547160475335,36.98079345677659,13.07051136318046,19.00672845003955,15.955246715200358,7.495122264343667,52.27019682627988,17.287470533326477,373883,a8b3c0961d42.png,False,False,True,False,True,2,True,"mean_G,mean_L"
144.6027468040519,75.85756879769903,12.105659034820672,25.103571181686064,16.05092497807382,4.937106671617252,101.59758104708206,18.16970434433688,3330780,a8b637abd96b.png,False,False,False,False,False,0,False,
80.28105334723459,54.05950020986981,41.898433544546556,25.728676577221346,14.721951412749114,9.990173828596232,64.5157340531574,18.917611038222947,4366993,a8c9fcdbc0be.png,False,False,False,False,False,0,False,
163.70377562430116,87.88086594608026,27.610708162504658,25.056158961583876,22.61956053327284,20.858548147442256,116.03752515840478,21.871702121605782,804900,a8dea22ef903.png,False,False,False,False,False,0,False,
91.15577713333577,55.81883474401055,5.612461682590169,23.047756111781503,13.44306121752867,7.74350517491744,68.41615520296534,17.073846630663294,1475178,a94da3d3b5c0.png,False,False,False,False,False,0,False,
160.62140822535184,62.07828581153517,9.012591319989218,21.583108817966686,15.769539594240873,8.747987090680148,101.11051566523685,16.133671716857748,804999,a95d9d61ddd4.png,False,False,False,False,False,0,False,
143.55481286257213,69.45826000296856,11.19188586780952,27.729494832857714,21.153150850790762,12.858350652884935,97.42296912828022,22.13807486655283,801737,a963ac561580.png,False,False,False,False,False,0,False,
174.15545247359506,88.51132206954189,14.225658976438291,20.079602289561198,11.300147164569234,9.623104226438068,120.26590557956943,12.963802802421434,806478,a96ff96bbae5.png,False,False,False,False,False,0,False,
178.60854166796068,88.82815421213796,9.751489139684097,22.725265198238922,14.344463451647314,11.963336486430922,122.12425791464543,15.459142655754523,804995,a987aa7aac37.png,False,False,False,False,False,0,False,
179.67820270285438,92.09614125575358,41.30732903267643,21.83990705444296,17.1401778966465,21.4860304844138,124.77241851468962,17.210716070588546,801893,a9a3225cf4b5.png,False,False,False,False,False,0,False,
142.08980674661376,85.87375549995686,27.381403675265293,34.79844880364067,28.816547280251243,20.896897444331618,106.60850228625658,29.526073651720672,231820,a9b3177f01c0.png,False,False,False,False,False,0,False,
104.43786051245375,46.79661114855107,15.676628752974185,18.945055522954956,17.73547161878275,8.456009769091997,68.53184337564814,17.3549480693575,363545,a9bc2f892cb3.png,False,False,False,False,False,0,False,
76.26672236051242,53.5394873413879,42.11886491409143,28.771515774177434,18.791894343990588,14.707183062984399,62.70208390504523,21.84667408674146,2058875,a9dc80cba9a4.png,False,False,False,False,False,0,False,
137.33138942727112,70.18014293511193,10.024895463120936,26.44417354334537,18.35131591248649,12.264959431083147,95.33803767195404,20.209147958410885,232693,a9e3d186cd1b.png,False,False,False,False,False,0,False,
164.09402542872937,82.12628525643017,29.850174224684626,21.275453573780535,18.093640620112303,22.320439722543927,113.13122938651793,17.64695237473378,804995,aa10a4b2e709.png,False,False,False,False,False,0,False,
188.17411296103725,85.9775698008565,16.796875873558978,20.540212643272966,15.760941225552036,16.334145132993548,124.56689613702126,15.262710949357949,804897,aa4407aab872.png,False,False,False,False,False,0,False,
93.46093645569103,61.178474320122916,43.08371888401555,24.498767034653838,17.472782821007083,12.820955048905153,74.10051589354713,19.487317899832174,2543548,aa60813e1a8d.png,False,False,False,False,False,0,False,
193.25015874133354,132.52889701512137,63.33326744496178,31.95703374826921,29.166704482180833,22.861374241879847,153.4726220277462,27.606833690045224,1477246,aa6242f9e08c.png,False,False,True,False,False,1,False,mean_G
188.63958452631303,87.21978940621595,5.642759456783805,29.06713602712513,17.52921331756714,12.235289960939106,125.18469623889986,19.32365275221106,805057,aa8a1e814811.png,False,False,False,False,False,0,False,
168.71841309672882,74.542915334228,7.1034824666869545,19.323158414242148,16.551394959910173,10.140951078616826,110.70168797737058,15.615254191623364,801788,aa94cc4bfd84.png,False,False,False,False,False,0,False,
184.88061049433097,99.20900089069761,19.694768983846945,19.836328805051547,7.916310291385051,7.882086558684179,130.30653911181173,11.048955963231585,804987,aaaadb174012.png,False,False,False,False,False,0,False,
179.84792966091294,91.8195713649894,15.77379194576789,17.47771659128693,10.893887324224497,10.71675259360936,124.32104854036724,11.524801010738384,806607,aabd867043cf.png,False,False,False,False,False,0,False,
175.62298477273404,84.3533692313809,16.16798820185073,19.640086524019456,16.92570613453684,16.708854098942407,118.68188606387102,15.98134473085772,804872,aafb0c944f14.png,False,False,False,False,False,0,False,
158.60196176060546,79.118779874527,16.032833349930293,19.638848002408704,14.510683704788127,13.069398804685866,109.0434076877116,15.06078272264672,803360,aafe980edd0c.png,False,False,False,False,False,0,False,
157.30025457355373,63.96962522357301,2.01094551150728,38.469041009850216,22.243474750331682,7.190236317506215,100.39303136218861,25.89912603183319,1476587,ab03d50bba2f.png,False,False,False,False,False,0,False,
128.50826748385367,98.74100873448053,79.95381733227381,33.07531009157184,23.63815375339025,25.086852799601907,113.33211099465778,24.280048691133572,2769827,ab32db41c409.png,False,False,False,True,False,1,False,mean_B
158.03950360432776,94.5599238298293,22.752790828630012,24.906785989629896,18.38179217314847,12.720645545563816,117.84947794202986,19.18070557664787,232637,ab3c505b624f.png,False,False,False,False,False,0,False,
189.37313399462107,100.23165982397406,19.82369704159653,20.055563856728543,11.699514366462656,9.270268460110024,132.59486456437617,12.474393271074321,804995,ab653b8554c0.png,False,False,False,False,False,0,False,
182.37248676065576,91.46139378648351,42.19934607639627,19.430522638364863,16.10264265189996,19.45043159675497,125.53906709052444,15.476025367420473,804987,ab686895533e.png,False,False,False,False,False,0,False,
106.37471075899903,63.55187809876196,21.708496615479774,26.548179232002024,19.335872293445046,14.419073109357292,79.39663456515288,22.468214167079374,1435654,ab724603ee93.png,False,False,False,False,False,0,False,
181.87068033352017,93.2636416394272,33.34355949942214,19.712911474683274,11.052442703001955,13.986162362396788,126.12826935572673,12.49895529112058,806428,ab78a66dee6a.png,False,False,False,False,False,0,False,
86.12464682057949,41.817520385032715,13.339745173662216,16.58664092028944,20.038911310559467,8.839309293727158,57.625092659239606,19.21785938622945,372332,ab7991df166b.png,False,False,True,False,True,2,True,"mean_G,mean_L"
102.63019995917678,46.46969554152135,0.2890141463980291,25.35190887678705,15.12164945544517,2.736427702301781,67.06497876446699,18.240483049696625,1474651,ab88081e5654.png,False,False,False,False,False,0,False,
161.20503006766785,90.11149605042289,31.80253610988479,25.469078135290665,19.496340248721022,17.457165919538536,116.43385362495604,20.256175576674103,801858,abbb8791785e.png,False,False,False,False,False,0,False,
182.31411964486912,83.59128147985277,5.144028750346274,17.265697580804346,12.250932495134983,7.537027659469491,120.89986695635646,11.89863999501257,804999,abe940882578.png,False,False,False,False,False,0,False,
98.35324134869204,46.09678713463117,15.892223384139736,20.430425605077097,18.10520981812187,9.116493329091474,65.34300874825824,18.39530020102921,373903,ac0a48ccbf70.png,False,False,False,False,False,0,False,
161.88178194182018,76.0205009521893,3.951199211912739,20.708385878444645,17.003896352722393,9.221936343149698,108.66697226166386,16.188555225242602,804987,ac1667fac512.png,False,False,False,False,False,0,False,
192.016577124934,83.3153107046365,10.37233129405919,18.237926704283442,12.058289264005204,10.582129162105469,124.79077295736157,11.904719936790872,805025,ac17cc18a994.png,False,False,False,False,False,0,False,
77.07657506502937,68.1111548443164,56.799667115076694,24.095102542081086,16.833728946514444,14.94506377865042,75.16348191379814,18.950322208608025,2688016,ac81fc200162.png,False,False,False,False,False,0,False,
145.9623059972008,89.13375939727496,19.171352557872595,26.463733012186495,19.91293114887643,14.245666253723817,110.25088253846216,20.538190464797903,1477556,ace2281f00c4.png,False,False,False,False,False,0,False,
115.00251676229995,58.42270279827501,27.348459691744964,23.252990875768035,32.20799217463216,24.279448315748155,80.1102071148953,28.52890977667282,361973,ace287a5c991.png,False,False,False,False,False,0,False,
168.47911973489164,86.52597095189755,30.08203125485367,21.40537528461458,17.22260776623996,17.143724821819116,117.19166926564638,17.217927674892117,804803,acf976efd7ce.png,False,False,False,False,False,0,False,
172.0025011844346,122.52904745848076,36.863480573138304,15.879607647352882,26.717839039075383,25.169167534491482,140.87542308857863,20.56092175396568,234289,ad029ba7fa8b.png,False,False,True,False,False,1,False,mean_G
105.92742095040929,68.69484636444109,22.562855267040323,26.69233159728186,18.688185973525044,16.039667299068757,83.13662724028323,20.279269524458723,1460697,ad12cde115ab.png,False,False,False,False,False,0,False,
185.12608871990548,94.27836301017744,9.18470834311107,24.441726429590563,12.79040855911295,9.115896091907663,127.62496286720771,14.829891374686047,1474438,ad1aa75d5630.png,False,False,False,False,False,0,False,
173.94534538198104,77.89395978334343,2.18624198461594,22.33931581556457,14.675703685808408,6.127061016195373,114.43705021417928,15.755703196551949,803299,ad20080452de.png,False,False,False,False,False,0,False,
169.62141418458927,85.41072163001381,18.007134665253485,24.949890967892905,14.90142576469572,15.757533862437345,116.8057040045825,17.055421999286033,804803,ad312ca98202.png,False,False,False,False,False,0,False,
149.91204675873269,93.37500118618495,23.52387959748339,27.872238059040715,20.66626442915715,12.047544925794005,114.28960603747802,21.317336769797063,1475318,ad6b07d5c338.png,False,False,False,False,False,0,False,
161.48884599363265,88.03211689329247,16.485627609668047,19.855856264031498,13.016990218580608,12.408492820887126,115.259326618862,13.850362438996267,806616,ad93d88c87ea.png,False,False,False,False,False,0,False,
138.42731832962636,90.99003238258777,22.55957111662464,30.617618544869902,26.061078163580827,20.933437583420346,109.04539646698531,25.63902843492106,1479190,ad944bd56bb6.png,False,False,False,False,False,0,False,
205.51605290060206,93.05357136202778,11.964987572308544,22.733647651791205,12.64319776844446,12.008492671925767,134.9182095180838,14.353065153050494,805057,addf66a50f42.png,False,False,False,False,False,0,False,
98.1760615266336,47.121000421780984,15.601555784539324,22.824498907901095,21.095374425884927,9.958573115774188,65.82556953780279,21.320367756746272,374602,ae20112e7a1e.png,False,False,False,False,False,0,False,
199.60840377890545,91.37875638979123,12.791981316654141,25.759577287327446,14.761513616630461,15.064223137941108,131.81146094075118,16.220175816490435,804995,ae2c3f6312ef.png,False,False,False,False,False,0,False,
157.33839552233763,91.91032648720523,14.327232446296023,18.045971422552658,18.60381740168885,16.809280070237197,116.41850995028574,15.4746449340619,1480058,ae2e888905ba.png,False,False,False,False,False,0,False,
164.86005598803735,86.18102467547307,20.474607909862737,26.59315959571763,15.800275608469757,15.283637109558818,115.43933097524504,18.050204867189308,805172,ae49cc60f251.png,False,False,False,False,False,0,False,
191.5909687823411,88.19286318622135,36.43037183639646,31.940007513514534,18.681683041848707,20.140370089127977,127.2645108628806,21.014168390831976,804897,ae57c8630249.png,False,False,False,False,False,0,False,
153.52194969555455,83.96612639838293,17.51882682704611,24.09881803450162,17.762178369257235,15.239369289414647,109.75361575648347,18.89541399524268,803428,ae58ccb5905e.png,False,False,False,False,False,0,False,
128.25289014953157,65.79076696407138,11.649342143411024,24.70100871918102,15.58549171172545,3.691985804455528,89.14509017831364,18.516055807246445,3328461,ae5d31979f19.png,False,False,False,False,False,0,False,
159.53663321328358,100.25790109560054,30.700346214103455,34.579427169409826,32.65044794697232,24.95042422143643,122.05158982490414,30.990940582868475,1478276,ae61e19fb766.png,False,False,False,False,False,0,False,
116.87657122789786,110.71552804215202,102.90590521606075,13.560058371662993,27.330055534830258,32.65118083989985,120.01062689809258,24.517530919318794,2272347,ae94ce412de9.png,False,False,False,True,False,1,False,mean_B
170.61173728229144,93.65071825030473,13.24576324889445,23.120254630214525,14.766074518526803,13.530563297847882,121.7437571679032,16.341289310910263,804803,ae975c43bd8b.png,False,False,False,False,False,0,False,
170.1272307865117,97.79374182084418,14.280825690432401,15.701881473927472,14.922071354779968,14.708642788591012,124.41385547304786,11.997709437668938,1477842,aeab0a63bcaf.png,False,False,False,False,False,0,False,
139.77104776825334,89.11917440526442,18.108931586466653,36.3690250311815,30.57335873097952,18.585893422954157,107.94874870121437,30.484644492182497,1478304,aeb6f4fd2eed.png,False,False,False,False,False,0,False,
148.2743520465182,102.41849252600164,49.9874669761029,29.11785730727205,23.16015789178843,19.58797315993106,120.25928415752131,23.133906877171835,233543,aebe87a423c8.png,False,False,False,False,False,0,False,
131.51894652668506,71.14485258080326,18.820788299326747,25.042357990756102,17.300830233278152,11.730438859922094,93.92075304597553,18.58426389546821,232602,aec51513cf45.png,False,False,False,False,False,0,False,
168.34196113019337,70.02053304678911,4.376111652867409,22.058730920400873,18.2084866348954,10.785306489669434,108.3075447673588,17.278416983984695,804995,aeccef0bdc26.png,False,False,False,False,False,0,False,
166.86546939809864,87.71167790270547,33.16035920541516,17.254968263678183,13.094945836791576,12.475725898260698,117.38614954801186,12.792213229984526,804999,af345c68e836.png,False,False,False,False,False,0,False,
104.60599501754574,47.720819158340255,23.772794728241944,22.123058959066487,19.686599612853186,10.856869028824633,69.18728402668025,19.985383681426466,373310,af5a0bc4e1fa.png,False,False,False,False,False,0,False,
154.15527153429795,85.53803704361718,1.9452523710003566,24.255655028847045,19.45428761936401,7.35542134550947,110.80011175199736,19.531326923382846,1474694,af6166d57f13.png,False,False,False,False,False,0,False,
116.21739931159092,92.982668105164,79.08073514999973,34.7518038877292,27.997043940154423,25.84402126599293,105.28842306780045,28.591767214769625,3904074,af6a1508cd95.png,False,False,False,True,False,1,False,mean_B
176.9718085205498,96.33628656078609,13.312503804371456,20.24613671461454,8.317810205977887,9.035073924136434,125.72289020428698,11.4566601552002,804995,af7a36454670.png,False,False,False,False,False,0,False,
163.02439684411777,92.01677842562631,23.026283645528206,28.641602042173133,19.95034800905414,12.75863585474468,118.00513003805479,21.571233201400787,1474453,af87d48ffe01.png,False,False,False,False,False,0,False,
111.06325938236847,84.28440503322334,59.75423490055617,31.30627147763934,19.985341661741177,17.54108064463374,96.79620879877122,22.9662612349364,3095114,afc345cc9145.png,False,False,False,False,False,0,False,
161.44348763714422,100.9382242307998,43.64421509778979,19.072842431519238,16.460653201592898,18.3213634646728,123.41863148950549,16.353774873319722,804992,afc744fad65e.png,False,False,False,False,False,0,False,
171.4254262448835,94.07057062466227,10.55675749538817,21.416124975785547,12.857963314928918,9.728237104914813,122.32947161162491,14.259549801006848,804995,b05922e7abd3.png,False,False,False,False,False,0,False,
170.2961513664196,90.49512725050218,12.707267322329429,17.953149387515,18.198498438028334,14.747098668875473,120.00306837253272,16.0139095676156,804987,b0619ca93a5f.png,False,False,False,False,False,0,False,
102.2682335685231,45.988124188922455,17.234511826737478,15.2911542754995,17.473360588849552,11.832703536860054,67.41819976226567,15.651568234547884,366796,b085caa513a8.png,False,False,False,False,False,0,False,
162.61208317649852,84.82447045728689,7.633863652456499,22.227374446996546,15.555423111239291,11.37518667852783,113.71326120794497,16.368144739262622,804987,b086c7cd3868.png,False,False,False,False,False,0,False,
159.78928608842705,77.03424391022602,12.62175058241336,24.011473269069427,19.175882767996566,16.237057862377895,108.29751719803052,19.385682503252468,801836,b09101adb478.png,False,False,False,False,False,0,False,
112.82223766860886,82.83238081647964,65.53718773324029,28.921660653640437,21.287788941327968,18.594316907406252,96.56412223058953,23.20666979135425,1794019,b0acd3593310.png,False,False,False,False,False,0,False,
162.36993799518598,57.433066662020245,9.921950102428667,21.461855373585113,16.53653827065749,8.781582168988082,99.91739495149885,16.030542683746287,803486,b0b3b16fc305.png,False,False,False,False,False,0,False,
68.03679386446522,52.131950816887354,40.16159178634216,19.73436204233601,11.491675390207275,9.187004770873338,59.22846349101591,14.109971983105414,2460682,b0c9a492e068.png,False,False,False,False,False,0,False,
171.43596347372343,90.22530749161386,27.405425518697974,19.382681557192466,17.93010436867647,19.68828937743111,120.40402782954405,16.852019153833126,804900,b0f0fa677d5f.png,False,False,False,False,False,0,False,
109.49709783202385,59.249242255950506,19.025411442318415,17.85390099561432,6.34840205649797,3.012139216812282,78.15872900403438,10.077230544653252,3326651,b0f8613305a3.png,False,False,False,False,False,0,False,
156.303786695689,81.68501808305908,9.353076232114171,18.716008086588264,12.449263124305876,10.919828864710597,109.5357182347555,13.384239019130776,804897,b10fca20c885.png,False,False,False,False,False,0,False,
121.5087485977088,75.06254546042092,58.78422725711425,23.966509048391075,14.31207672961869,10.624293610332675,93.92724661186669,17.049059646199098,3589661,b11dcdcbc8c8.png,False,False,False,False,False,0,False,
153.45301923179835,100.43995101110717,46.30397431876514,29.644211170316016,24.813420188809385,20.97817331735803,120.33931582188148,25.18058560358765,1476253,b16dd4483ca5.png,False,False,False,False,False,0,False,
176.08303115454038,87.00167207669192,1.7121878986865626,23.093848029083627,12.124162041267933,4.37553618967035,120.03893851701953,14.782723227548885,804987,b1c6f0997e27.png,False,False,False,False,False,0,False,
164.08981894577815,76.62488989274404,10.763010670930566,20.25268092554896,12.503604792742822,10.510155369258218,109.87118724507607,13.779155906046181,804897,b200c23b299b.png,False,False,False,False,False,0,False,
151.13941781758513,100.77281895255025,23.819016648434296,13.360370241939028,18.097327320109358,16.185749001965014,119.90779690277589,14.429519268273019,234016,b21abe5d9722.png,False,False,False,False,False,0,False,
182.05140437526504,93.01884057971014,36.699915188705134,25.502627678724316,20.392111813000685,23.43209361203603,126.08645513731946,20.138564903724895,801780,b22cc1bf0b8a.png,False,False,False,False,False,0,False,
170.6045609331576,89.11347545044681,34.27030535840074,21.824257616136766,13.633555450612576,17.061696235039186,119.58724126407122,14.92497263522413,804923,b294927b14b0.png,False,False,False,False,False,0,False,
176.32420561525458,86.50460650612317,9.303017053450874,21.329315593684974,11.587986128589531,9.65728613042095,119.96241632580053,13.651893436883949,805057,b2b79b37d314.png,False,False,False,False,False,0,False,
153.6825638178008,81.05342198072763,4.842934109494936,19.6379825389836,11.84628552467658,7.112062605460941,108.08121621839855,13.6143501111057,804987,b2b7ccd34cbd.png,False,False,False,False,False,0,False,
154.83506936033461,76.59390632783395,22.668162320698535,22.497505050398704,15.581190831534858,12.603748056711428,106.23076426181896,16.654012868895187,804999,b351ae99413a.png,False,False,False,False,False,0,False,
124.2192503140221,80.56372166468351,51.324102540457666,32.244652177616025,9.914035142598191,5.1426065197231905,98.58279877865202,15.97908585957544,4381061,b35cad8fe2d7.png,False,False,False,False,False,0,False,
166.80810215468563,84.39060153038214,20.481926258887782,19.83364101453257,12.41651158278254,13.052506730485485,115.25486863536577,13.652907404389737,804897,b3a994760537.png,False,False,False,False,False,0,False,
160.97020573003041,80.9816133676693,31.352953525957563,23.546258975619327,14.900281171984677,14.579213058035768,111.21534757704161,16.691413529174515,804987,b3f31c371e59.png,False,False,False,False,False,0,False,
89.56315256194341,59.21710121244182,39.05516504858509,26.790642543519947,15.712589969403396,9.63769664087865,71.17798463025844,19.572256448366364,4221151,b43440c6ebe4.png,False,False,False,False,False,0,False,
168.91507682064747,92.54931265736464,16.010026619233173,17.957346198060137,10.446858469308674,11.698940428123109,120.58254011827734,12.076299708382443,805057,b460ca9fa26f.png,False,False,False,False,False,0,False,
184.3848239157006,83.89897090196683,38.410587462130735,26.854014159509923,17.394519910954227,19.29234971435443,122.16054576548812,19.227267944274235,803422,b46b09a45f39.png,False,False,False,False,False,0,False,
143.87308306838776,42.653118167179514,1.4154130344489526,18.968596475575662,14.688784479607934,2.63115531771058,84.86334795575108,14.376343488427057,801737,b4b04d81acbb.png,False,False,True,False,False,1,False,mean_G
87.46380004231811,63.52451869901255,53.3834164337504,16.49856767195541,11.660808800634554,9.962995046625576,74.72527329097379,12.32460876929781,3700543,b4e15102cd7a.png,False,False,False,False,False,0,False,
164.9331134236208,90.52336934873532,25.297700906193985,25.062374238398203,19.73505075294409,17.722463659876112,117.93876219876519,20.113783252267396,803360,b5204c0decc7.png,False,False,False,False,False,0,False,
171.73974926853055,94.16349087017772,12.3799929562202,23.18376541310618,18.474764808245343,16.15152542446104,122.87680429128739,16.609381325069783,1476480,b532dedd928c.png,False,False,False,False,False,0,False,
162.45144171104658,84.94820995775055,22.147596030216864,18.66109613368273,9.124278626800443,10.701583314346042,113.96182270140538,11.182354366662123,804981,b549af91bd30.png,False,False,False,False,False,0,False,
180.40148467492452,100.94356992881015,13.272634769968567,22.267488635080703,18.563638601782575,15.15300471378808,129.56810744325313,17.903789978195462,804890,b553e7909535.png,False,False,False,False,False,0,False,
208.85103684073863,95.21228181990988,10.434474224652346,23.67817421192868,10.493392948211294,10.654091904476664,137.3539508781869,13.296944253517967,804897,b598bc9753c2.png,False,False,False,False,False,0,False,
178.08216405979226,87.01265486274933,47.33581536099341,22.235846952779607,18.293569809977075,19.118663082613516,121.58617095679806,17.839610983861466,804987,b5a3ca5c0a80.png,False,False,False,False,False,0,False,
161.9371261167578,85.48971856026299,25.409302059766652,22.795722399543962,15.57626132265924,15.931607871152762,114.05643827719571,16.593939668207693,804897,b5b913358b32.png,False,False,False,False,False,0,False,
166.84955156450306,84.44696261508439,13.761110463660236,19.01109832288599,9.56791755806349,8.823847475556112,115.18059044213732,12.052220279561107,806582,b5bf7b84fc66.png,False,False,False,False,False,0,False,
172.3725921555231,97.34558802521661,28.905297351013942,21.23865412746475,10.095717061566123,11.745748166596352,124.81647029595354,12.782688764098395,805025,b5e6ae31493c.png,False,False,False,False,False,0,False,
128.45391265251345,72.41924802804914,20.034753327550703,20.050566078340662,13.21403201844218,9.738588002917114,93.53434671531117,14.954375190849603,1476837,b64e1eef3d63.png,False,False,False,False,False,0,False,
168.51649811241688,78.3008284912181,21.89117369381369,21.8022449215218,18.961367231130847,18.233055514616694,112.73429789017221,18.05468595680215,801819,b66f23ffa730.png,False,False,False,False,False,0,False,
90.06327318866269,40.657343309760606,12.72476949281756,24.945906173204218,18.92848131042534,7.393856474721521,58.16406726891305,20.91806729524528,375151,b67ae80f7eba.png,False,False,True,False,False,1,False,mean_G
125.56727959046162,108.85673197474179,99.89745842972741,27.031189845486217,22.26317216688746,24.25887771216334,120.51005853528284,22.987159216148456,1917476,b69c224edd6e.png,False,False,False,True,False,1,False,mean_B
178.54359305611626,95.2773491506475,4.209792242476942,23.011926632218053,12.075199323850008,7.2666684375554125,125.67362628489798,13.988601121349369,805025,b6bf847fbcb2.png,False,False,False,False,False,0,False,
142.3945591657324,97.13076463450943,37.445244746660265,30.429769211023743,28.595764101357446,24.711418654277495,114.55101282314746,27.908582228372925,1474443,b6d9974443ce.png,False,False,False,False,False,0,False,
78.42040841901088,54.60153593008494,37.63244686357519,28.660376101219857,8.729480299348934,5.387548194183313,64.74604902553709,15.184679221516946,1835370,b6fd109b1bc9.png,False,False,False,False,False,0,False,
174.90004782638403,85.64232572873124,26.45546990975099,23.30042105812778,23.178084969471293,22.264100199771747,119.25200280747086,20.967083446741636,804995,b70e7c26f51e.png,False,False,False,False,False,0,False,
178.99733630514214,92.18099085970006,33.50670209977177,24.002565312501407,19.455446647242784,19.22785053861291,124.38640596250204,19.166928343301784,804897,b72a86d61959.png,False,False,False,False,False,0,False,
139.89877405443525,80.37210566999823,14.072322651514124,27.15674783895532,18.45908417943429,11.80962069274171,102.43266317688062,20.52216146455662,1474780,b72f59b85f7c.png,False,False,False,False,False,0,False,
89.11171908270852,51.225855712853864,1.603431884955714,19.004718425022165,11.98966535089225,3.687599988239225,64.55080936218904,14.778636729456242,232467,b73d0bcd3d33.png,False,False,False,False,False,0,False,
172.123939652757,100.58243603400692,28.550552862717602,28.518145836297155,22.2022421277922,15.307377063385513,126.45853631135192,22.419451147736563,1477582,b74de20d73de.png,False,False,False,False,False,0,False,
178.20381413986837,86.31252445479016,4.85755542775232,19.06865157906817,13.056711637282026,9.297638890764679,120.58318603527452,13.501326598315424,805057,b759cbef90c5.png,False,False,False,False,False,0,False,
174.34083307656374,81.68160154658132,9.23539022353865,23.7633039349974,15.25628857547406,11.294639140585833,116.58668583327535,16.753791305483137,804872,b77b88926843.png,False,False,False,False,False,0,False,
165.741911076821,81.93440030215046,15.192660675838026,17.96420043442371,12.203639358313085,12.174892156221393,113.55760302249853,12.099771117087592,804897,b7983cb3f270.png,False,False,False,False,False,0,False,
157.128788038812,81.71345037232715,17.7248394948826,22.625753243462203,15.32413305562308,15.21681006204926,109.95485106293093,16.560692967500696,804803,b7a1bb106051.png,False,False,False,False,False,0,False,
96.38529509614744,44.37078714485328,17.087359105728925,26.221679113544923,24.035996036956604,13.611549581891397,63.3697597977244,23.96886740322352,375725,b7aca95b97b9.png,False,False,False,False,False,0,False,
176.3667239410757,93.52261221000948,30.95282998942722,24.793775480750966,20.315213881365285,21.49959583777832,124.0207330875876,20.349839743350095,804897,b7bd4a6627b6.png,False,False,False,False,False,0,False,
165.3924254693407,83.32477781144898,24.768466861738858,24.147058601756783,17.012389693105728,16.51879963826259,114.05402075581367,18.262240536972453,805172,b7ce561a7328.png,False,False,False,False,False,0,False,
89.11282689918525,74.77331863507501,65.4048202753613,24.476409606680892,19.015252222171195,16.495670197836134,83.8563257450029,20.90720603357496,4371493,b7f0bc7d399e.png,False,False,False,False,False,0,False,
161.68961812567846,87.90012842582725,14.409431225112838,22.324909995151376,15.027032972135574,12.39456489996743,115.18834380364014,16.005150299991758,805134,b8297a2291f5.png,False,False,False,False,False,0,False,
161.4821544806575,112.76611896922866,48.121537784235926,18.294141505283807,26.518373551535333,27.340562547358434,131.55937995446283,21.3585321013581,1480988,b82dfa63a75f.png,False,False,False,False,False,0,False,
174.92363770515627,80.48561281996182,10.040558618830717,20.924360236649765,13.437069056407852,10.709282931017363,116.32104559056067,14.13338748527032,805057,b835b6e31a59.png,False,False,False,False,False,0,False,
145.6794173106625,81.06752176320174,6.551064843579737,25.279083176367728,19.426912364836923,10.669106650033138,105.07005443000106,19.737027298383236,1477494,b842b43cb7fb.png,False,False,False,False,False,0,False,
101.20480765872671,78.99682606535835,70.61626301383573,30.66067119527088,16.596858309484176,13.459191967330801,91.03103278238193,19.88447918198622,3836878,b86fb2d5be1a.png,False,False,False,True,False,1,False,mean_B
163.84785220731035,90.54859139441578,23.072925921001787,22.71962367293423,15.55977699957994,14.416437139458665,117.57484378164594,16.840164721917677,804803,b8dab47a260e.png,False,False,False,False,False,0,False,
143.20840042584157,99.6482676954396,82.77597261267059,29.775797673162508,20.041077263232825,18.642259342105046,118.14197979372008,21.846440462932343,3680242,b8e20c076b03.png,False,False,False,True,False,1,False,mean_B
187.50778691330515,85.42988541517549,32.22513023831901,23.460777907641887,19.01637339297334,19.139451550426617,124.13913249142637,18.631352261008935,803335,b8e9a8f4617d.png,False,False,False,False,False,0,False,
171.37669302293804,98.90231616345443,37.25952707780794,19.981847273938527,13.502338936896402,12.066812665441306,125.4684625370344,14.456012567329113,804995,b92eacd1392a.png,False,False,False,False,False,0,False,
165.05373906584188,118.07111845391324,44.63153221227529,22.275639786639037,32.70574908256347,30.393732898193758,136.07547717541186,26.46741394599131,234243,b9519abce0c1.png,False,False,False,False,False,0,False,
78.44752196275967,34.70274451429407,11.719296660065655,13.728430944462907,10.004846344458688,4.092549545032,49.5356255233184,11.816080789818566,376205,b963a11638f2.png,False,False,True,False,True,2,True,"mean_G,mean_L"
168.70530207320118,81.26274337349547,23.305766428526177,20.320357180070072,15.37813668634842,16.236660169744408,114.38109932210085,15.349832110092498,804987,b9bc81fcb075.png,False,False,False,False,False,0,False,
172.44104184897822,86.06570684180193,21.66103311047239,24.612165209710373,18.846462061008243,17.411327729906336,118.31028542051259,19.235513091683604,803341,b9c7c5182075.png,False,False,False,False,False,0,False,
132.2774637914387,78.80730822873082,13.248745842720739,20.2753478357841,13.07672287979341,8.752970883383911,98.88175946786825,14.41223822811674,233025,b9d0b83d70c3.png,False,False,False,False,False,0,False,
99.482433569337,48.46996416240549,20.466339430094838,17.839353542875582,21.77288257496083,10.261845597592393,67.55347231327302,20.30159233434723,366096,b9fe7da14a32.png,False,False,False,False,False,0,False,
166.83036317651502,95.03993997575179,27.86713423965973,21.90251699433142,15.473075654595695,15.067898195806924,121.39475135650825,16.304299858187413,805008,ba0107fb1bfd.png,False,False,False,False,False,0,False,
161.48743402677692,75.49246339790675,2.630407070937988,22.08279800728602,16.24238074961012,6.2456358291848355,108.4040741881939,15.279217482411683,804872,ba2ea9182090.png,False,False,False,False,False,0,False,
178.46438158911667,81.52995944010165,35.060970525312285,24.65648814498209,15.059107778864373,16.110394377352527,118.49792222306576,17.21738332891549,803503,ba4e62c11cc0.png,False,False,False,False,False,0,False,
174.50737028558225,87.44328414012921,1.75501858874589,17.703045140847326,7.663717119958587,3.363690457870581,119.76184543454687,9.988399378018427,805057,baaca2f7e1f0.png,False,False,False,False,False,0,False,
140.09339674979364,84.56042379876324,32.94447519045235,18.9684944031549,11.745016903942245,15.873527549408664,106.02843795245118,11.598658814211056,1478060,bab776139279.png,False,False,False,False,False,0,False,
150.3159902671301,68.02206483009257,11.859504451752827,21.616114073904495,19.083343886023762,13.41621566781981,99.68196563064731,18.210267425041085,801819,bac1744955c2.png,False,False,False,False,False,0,False,
151.00663214499104,69.64252016530571,2.6506062039434375,21.955370413907037,15.252503710553288,6.097614101883154,100.63760456084445,16.31585862095853,803360,bacfa2b8e706.png,False,False,False,False,False,0,False,
147.92345818748527,71.99287843804265,32.236278984733204,20.45063522663285,12.30599806127418,7.067276026362828,101.25785696482666,13.735614411046873,2920848,badb5ff8d3c7.png,False,False,False,False,False,0,False,
89.98260612658268,37.07678057635338,15.115837607497332,25.077738760010362,19.31637761367111,8.866334083827171,56.192200305024926,21.083759747050074,375707,bb08949dd70a.png,False,False,True,False,True,2,True,"mean_G,mean_L"
177.51610135460393,80.84735950754373,8.261712173477099,22.244398776626557,18.09067470715845,12.809883251505196,117.49342776401807,17.497190490620394,801858,bb2f89488ecd.png,False,False,False,False,False,0,False,
177.77637085110143,85.5524753362559,20.63337963619888,20.90458296811336,18.793757403769696,18.822912436771723,120.27694590281875,17.293923563074507,803406,bb752b179751.png,False,False,False,False,False,0,False,
159.04028646648428,108.2570190521485,46.03223188311539,30.643565329495136,22.97362316230642,14.072354282416104,127.08240213433926,24.0441457824432,1476054,bb85097857fa.png,False,False,False,False,False,0,False,
179.5159019955273,107.96515799758015,19.303264220323868,20.708880198591295,16.37698681550614,10.091753589228265,133.4062207802144,16.124810539778423,1476953,bc34f52c37c7.png,False,False,False,False,False,0,False,
176.3153134908408,86.17379160910058,17.581196761721117,20.9297350786663,11.545707538265615,12.448745097204117,119.89001232494111,13.432433461679578,804872,bc7bf19b84e3.png,False,False,False,False,False,0,False,
150.59195325643134,83.97142635865707,21.04769444575913,24.613427771542057,17.34925761131662,12.487613022395392,108.80778084219313,18.389014315701836,232417,bc8c6a778cde.png,False,False,False,False,False,0,False,
201.85162573596372,102.45676651795199,15.283115727850893,19.46338448155003,12.455159836917744,11.589403343762303,138.3542167507147,13.068664496666866,804897,bc92a61a1f9c.png,False,False,False,False,False,0,False,
62.404534488849286,53.67192838262679,49.02956719631759,12.53339676767921,8.69021866512342,7.538782175984515,59.33693041519402,10.100863983247049,2816635,bcb0498ed2c1.png,False,False,False,False,False,0,False,
167.81210763613234,78.92317153623382,13.477152977337473,19.524501330345355,14.975343415359516,12.505834011529501,112.63858853990014,14.774744144596228,804897,bd06028eb7dd.png,False,False,False,False,False,0,False,
171.52584740656258,84.83834453352416,14.327581044531163,20.376322013766494,16.84122816130531,13.780275458159444,117.25177755663147,16.328765144156737,804897,bd34a0639575.png,False,False,False,False,False,0,False,
141.02392972056774,80.83262698351308,7.567864543681732,23.482549516712165,17.539405540309755,10.708768362816212,103.14359800077895,18.42039058529188,1473774,bd375ba756b1.png,False,False,False,False,False,0,False,
192.48745939567095,83.83963106735816,18.66775938635446,22.687831888055406,13.22515824748447,13.304525872672645,125.30566504145834,14.242191828920559,805025,bd500a73beae.png,False,False,False,False,False,0,False,
138.22636989113707,111.84645055942948,87.05837918381968,26.883932324766683,25.97253023008825,26.052213747518525,125.48007036160294,24.241419731249994,840231,bda91b76095b.png,False,False,False,True,False,1,False,mean_B
150.30612745064852,98.73902988237428,47.58925445040073,24.002768166582023,17.144855340812278,14.549840642782447,118.51485655945805,17.922085768897073,1477058,bdc6c60e9133.png,False,False,False,False,False,0,False,
116.24337772973978,88.73160570877351,78.47010012435642,21.865663556449768,13.523707865394929,12.223282804069068,102.58610752763153,15.631038636194171,3441720,bde1063a5dd7.png,False,False,False,True,False,1,False,mean_B
178.12126396296668,88.73837273589044,27.85117598897747,20.594992301627848,17.624851250511796,16.60725397744656,122.08821128666152,16.97331802856348,804897,bdf47b9f10c4.png,False,False,False,False,False,0,False,
162.11518353337922,74.05554516248117,14.011794476538258,24.914858263065423,22.818720135607727,15.173055189511269,107.69981891107187,21.661661873600465,801816,be197b663520.png,False,False,False,False,False,0,False,
114.5925177591705,63.70687031918642,1.649510048536867,25.399899720187488,16.58729236272391,6.42603597639124,82.51446295440087,18.712897959908737,1472901,be3a7d9e981e.png,False,False,False,False,False,0,False,
90.75940307307633,43.52019828412171,19.875717565232584,21.982767003943472,21.489355574366336,11.529295101572329,61.02623224682879,20.710881440719298,366343,be521870a0ea.png,False,False,True,False,False,1,False,mean_G
156.35317922877198,91.14978439872708,21.030348277936113,21.678942279898216,11.933418903902982,8.325006948046068,115.29297768447148,13.971562215738405,1474713,be6cbf6e5b10.png,False,False,False,False,False,0,False,
158.7605009732956,88.56432137827854,4.772882591739365,20.51784137905697,14.725247302564647,8.140919841395473,114.53399094476632,14.63769407826068,1478482,be7f791a7877.png,False,False,False,False,False,0,False,
191.5283199109564,89.4464179458608,14.335108490818001,25.59677841049812,20.20316268016114,15.711364613717997,127.60719205862368,19.50772641171555,804999,be8697eb2078.png,False,False,False,False,False,0,False,
93.2233387951607,62.65381241609257,44.70118307854904,20.448468485576406,9.087445900518981,4.780477141241688,75.40653393820259,12.489534174327998,3850970,beb00fa6e7c9.png,False,False,False,False,False,0,False,
71.76957104164735,56.0552475289879,54.719318216926226,14.267269931625519,9.685861615195792,9.052446288696533,64.19089949831147,11.930294934321273,2524674,beb2ad14fd2d.png,False,False,False,False,False,0,False,
191.00021117356604,96.64629421446539,44.502257693860436,22.3640275215024,17.43761463497523,17.319440449383958,131.56941461445297,17.245256881601968,805025,bebfbd907cac.png,False,False,False,False,False,0,False,
134.3907140428564,84.64152984220429,27.303434010671428,32.99421145403216,24.327237741678438,16.12616798345448,103.35153129161118,25.76967550619263,1476466,bed8296c8dfe.png,False,False,False,False,False,0,False,
94.25862223855609,41.50672002395633,18.579751453033335,23.650606330314485,20.273997953578018,10.55795254334589,60.89885799066248,21.024813997480255,367335,beeca5f14618.png,False,False,True,False,False,1,False,mean_G
107.24919635984969,62.19783381878732,16.806718884411644,26.6700900114248,31.005269927720942,23.10550822371846,79.02737155591775,29.85659185484005,198783,bf6cbccacf39.png,False,False,False,False,False,0,False,
123.59667333109535,99.20017692081457,84.48431833040864,31.060294656710028,20.110830252037395,19.607199235166647,112.46907050758358,21.84524140732346,4375969,bf7221a016b5.png,False,False,False,True,False,1,False,mean_B
154.7010539363018,83.9911459911671,19.700707426487757,21.971531865984648,14.00353020603193,11.729612865017344,110.32195978002215,15.631162817669923,805172,bf7b4eae7ad0.png,False,False,False,False,False,0,False,
179.50985995288693,82.12923421363894,33.88060337544355,18.794130437859405,13.117839940802018,15.578887326825962,119.34808143406653,13.464110024095751,804872,bf811911acf9.png,False,False,False,False,False,0,False,
170.65095142331538,91.0767684772631,5.078213095470258,25.62233224364275,21.94958698146453,14.109749740797112,120.30061598122866,20.881777584680556,805057,bf87aedf2489.png,False,False,False,False,False,0,False,
193.52709915841123,96.43982360796248,13.93409273003944,29.55417967791793,14.904113225256818,13.577931910698219,132.0096307568088,17.824164134559943,805025,bfa30ebf63a8.png,False,False,False,False,False,0,False,
96.01508260952536,73.3579220034672,66.49403427093542,25.320386691239154,18.254591812325415,16.70494347592113,84.88963079150385,20.388895097043232,2483854,bfb578c0e8d8.png,False,False,False,False,False,0,False,
129.14590324224326,91.63126196389143,66.24961440119719,49.29274823802427,35.35970331464109,24.442763462003256,107.51018738265631,36.60726513117429,871372,bff51afc76d4.png,False,False,False,False,False,0,False,
158.71155775766553,83.23692033811794,15.871760429245459,22.409321241090925,13.73014585562884,11.598759084990405,111.50244251621497,14.898829403398556,803270,bffca6eeb2bf.png,False,False,False,False,False,0,False,
165.42997360227426,107.76321104643293,51.17847163936646,24.00230849529697,18.20742863013632,13.84581747239662,129.2428800595641,18.085779994316155,1477400,c013e869acce.png,False,False,False,False,False,0,False,
197.5687488853942,87.04990690313561,46.140539475440015,32.022476537794375,19.622850505600898,20.381540447194784,129.30366787927463,21.568581903990818,801853,c06024f05a16.png,False,False,False,False,False,0,False,
155.71526961760605,74.15119622585142,2.7619423421629157,20.442402408506926,14.331668385760679,5.487376927837137,105.06939977096197,14.96806822254262,803360,c096131ad065.png,False,False,False,False,False,0,False,
134.06870220739555,93.24094445226697,34.23500557806035,35.067821040288266,32.85382507950912,28.298640575076863,108.8661353519052,32.894272564864394,1477216,c0a117de7d0a.png,False,False,False,False,False,0,False,
126.86566455685488,87.50311054470252,33.04991430511982,30.787469398987284,19.170881966698136,12.745632998478648,102.9687367741752,21.991572620007933,1476751,c12e9ca420a5.png,False,False,False,False,False,0,False,
146.11705494225765,131.70354167892032,111.88899361396655,34.255814967779116,42.42670352688033,45.12367782082191,141.86906992238988,39.0475077573917,2074214,c1437a7a52c9.png,False,False,True,True,False,2,True,"mean_G,mean_B"
144.48323286425682,80.86327800391774,27.052293191662205,20.519721873959007,13.65743836125429,11.679421101694548,104.70828152540751,15.474069572245222,805057,c1819db0aece.png,False,False,False,False,False,0,False,
168.62239644918859,84.70545242724248,31.107019723134293,20.456884624585932,18.95273525670697,17.865958398569695,116.2965116713259,17.829313270104837,803422,c18a006f7f1d.png,False,False,False,False,False,0,False,
113.63263392434683,74.66022315706162,27.3091852272434,26.93313806675833,17.121172802968704,12.531714358161189,89.83245154463572,19.705677507255,232482,c21eb81de9fc.png,False,False,False,False,False,0,False,
141.8457768520855,88.08920559050202,22.978599641613673,25.62907188381368,22.090208598336076,17.129723605843957,108.28555773449513,21.420446747143757,1478293,c23ff6dcf15e.png,False,False,False,False,False,0,False,
164.34683080146672,86.28002569283345,28.080835141809473,22.683503835407013,14.66795022795223,12.57224104410777,115.40303948714111,16.254890225738354,801780,c24bcf7a1bc4.png,False,False,False,False,False,0,False,
156.02961444337393,79.68644614231762,9.57994816756664,21.558768388479667,16.93095839170226,11.840925209368498,108.32791980661175,16.905588720266323,803358,c25e02b39c01.png,False,False,False,False,False,0,False,
152.74052047279736,86.6347502256385,13.544315265087965,41.467203406843666,25.684146391010962,18.400976076723836,111.18737752505062,28.40971131461963,1475812,c26f98f58350.png,False,False,False,False,False,0,False,
168.16040868296017,91.13911866091115,7.976177137355982,20.432168587237243,12.065977312620282,9.805281219683343,119.43636036147946,13.465733679816339,805025,c2a58b2cfd0b.png,False,False,False,False,False,0,False,
186.3680470917397,91.66533730402772,25.231770027717833,22.753105343211693,12.060984909877684,11.678418050506028,126.78536632637469,14.353111443667709,804897,c2f3281cf528.png,False,False,False,False,False,0,False,
160.2614694804061,78.37209458953828,15.977107186510015,23.64988625246154,20.556023292387543,14.836537590251694,109.27201351991818,19.887485534482465,801780,c334f8688b77.png,False,False,False,False,False,0,False,
156.78023171030125,86.00901675285104,7.713569349747906,20.47723014221211,10.90358496644434,9.683040543496904,112.22077194534052,13.095538200441943,805057,c365c598ad4e.png,False,False,False,False,False,0,False,
142.98825935464325,89.11065625879196,24.96649520094358,22.198929098194586,19.540452611605076,16.40518924042092,109.48148481290714,18.418520496242866,1478624,c373b73a80c8.png,False,False,False,False,False,0,False,
135.46763125721074,84.12594923630603,29.941298021455754,23.233640649680993,12.94622390806816,8.93767789084721,103.64790866667815,15.771589497952267,232292,c3789c1dab96.png,False,False,False,False,False,0,False,
181.51947061395663,88.19450614155387,7.537180996959036,29.426625147762056,20.423638856176904,13.95323376191197,122.92658582274959,20.945279806163285,805008,c38dec54a9f7.png,False,False,False,False,False,0,False,
121.12319321781028,76.28587249142174,4.763589323899786,19.6132943647522,14.968633356317294,9.308497498549766,93.42846892365095,15.006654681422475,1477281,c3aa424eff9a.png,False,False,False,False,False,0,False,
159.97986086621134,102.8346469700944,22.058356085130946,22.20394487260232,24.587345721083636,17.612566219588903,123.65817618353739,22.30103534403719,1483033,c3b15bf9b4bc.png,False,False,False,False,False,0,False,
172.62434300181246,95.88933610107989,31.98258108516038,20.347727667467375,12.82170122122787,12.533247700230792,124.07421858986542,14.159284868064365,804987,c3c8fdda50c0.png,False,False,False,False,False,0,False,
143.49061184226056,45.33096657087801,1.9437741723475177,21.692861151392815,15.182070313693467,4.336740711340215,85.67317930120251,15.897233905186798,804897,c446985355f1.png,False,False,False,False,False,0,False,
168.57903053295718,80.29546620554808,3.618843004773919,20.61935100956039,17.28718184554893,9.779350653143547,113.55648267886048,16.57163385664534,804999,c4aef0d88d1b.png,False,False,False,False,False,0,False,
91.103120103263,41.455574100201126,19.097306456938732,26.841591731291995,9.112797392673404,6.210901066464224,59.65557920331402,16.019560781629945,3331300,c546670d9684.png,False,False,True,False,False,1,False,mean_G
166.55578073143366,89.33515282621958,15.27229023748669,22.80403253327352,14.445471979632023,12.239212443030723,117.77425655719475,16.186785751145095,804803,c56293f53191.png,False,False,False,False,False,0,False,
75.36117299137584,57.08152596040555,44.09124666158087,20.696969216068602,9.66392891038693,6.733056110775558,65.61743389733984,12.92354795889496,4333638,c57c164bca05.png,False,False,False,False,False,0,False,
72.44090867883476,57.763385032636286,41.6695285114227,12.630006424272617,16.23686816796693,12.771742764110622,65.06731951831259,15.786647564819091,2647360,c58971bcebb2.png,False,False,False,False,False,0,False,
167.91316359588973,92.91890018484288,18.4642165046807,22.06685472130467,15.930019600229368,14.948345578137253,120.41410023254427,16.614473287326284,805008,c58e5c0c5b33.png,False,False,False,False,False,0,False,
136.6596548300444,84.36298276796114,61.87846454867351,24.426482684667157,17.31362328304377,13.628683024563294,105.19468281366895,18.85023171520343,3023554,c597ef460944.png,False,False,False,False,False,0,False,
79.59737515783588,45.53214831179211,1.0421666923365547,21.052002069072433,10.710083483800764,3.561824539981332,57.09551165967021,14.032688568204879,1473841,c5a0e84e955d.png,False,False,False,False,True,1,False,mean_L
152.64705578579083,83.940491713682,14.201328909373373,26.32572201934463,19.437915008002175,13.716003813103752,109.30396219838104,20.912001777707555,232371,c5a6f432a1ec.png,False,False,False,False,False,0,False,
149.433883464756,77.475094011157,2.9132739037034177,24.061087997807704,9.552460627473438,3.9802700345797124,104.46557926737759,13.644152419005781,233217,c5b58cc992af.png,False,False,False,False,False,0,False,
161.06881994846066,86.62096555330088,6.429655035044257,22.66767642319823,16.395150592866955,9.231762656239914,114.2272187433864,16.63059053366322,803270,c5bec7f1e5f3.png,False,False,False,False,False,0,False,
171.29865006043485,90.7093474650279,27.340906013547844,21.874511505098262,12.523975636473265,13.273678277846736,120.56428268854992,14.547958509730277,804999,c6229222bf22.png,False,False,False,False,False,0,False,
171.02477158243218,79.47654333256729,26.510035466058795,20.218557768455074,17.856362718588436,18.65090625943275,114.40768203529214,16.92393271006739,804995,c62cef02efa2.png,False,False,False,False,False,0,False,
156.57004868886958,103.41500587437378,34.87777440507568,20.509720893785893,15.144817716281331,12.077361936345818,123.22471884989653,15.500975525203058,1475902,c639d837f5e4.png,False,False,False,False,False,0,False,
170.86285865486028,88.99961117384504,21.941259920967667,17.50948997614958,11.279720432612539,11.68139069982179,119.42075462088208,11.941833117932108,804987,c64c0966b4cf.png,False,False,False,False,False,0,False,
161.98756762464362,81.37308430487145,24.146610848514587,24.31785460582155,20.744676243657224,18.244444747618513,111.71376592401195,20.27980497031441,804995,c6916bc42016.png,False,False,False,False,False,0,False,
173.32601768724214,93.71331710946885,15.464760300476902,20.798402930041767,13.681634328194093,10.674124646962278,122.83069912930272,14.758925694688534,804987,c6a8f8f998a2.png,False,False,False,False,False,0,False,
157.52171525751348,84.98649046506341,3.6019724542135463,22.39286826031222,15.514278700314232,8.313195423334546,111.81000190065181,16.459695495820505,804987,c6d4e4a3bd4c.png,False,False,False,False,False,0,False,
158.22097027462885,72.9012313959188,25.210000835647996,24.041385568022875,18.559967166671044,16.326070488837903,105.6393754840834,19.043633655325312,801773,c6f5b5b5be41.png,False,False,False,False,False,0,False,
157.22450608461847,72.46876379608359,23.038116474488003,23.12354504769275,16.381777237554775,14.376892814979305,104.96388387968942,17.4653668563639,801858,c704bd669f36.png,False,False,False,False,False,0,False,
155.73923041420625,100.815101919932,36.90672650541741,29.841760932425164,26.138358597931095,21.59626007259666,121.29573621791896,25.395088617400294,1475521,c755a0c4edcc.png,False,False,False,False,False,0,False,
136.51273010318627,87.48496951497683,67.20183935997761,30.381805828030124,12.367906035576327,9.000344926791119,107.71884592310975,16.716163459962292,4230602,c7c3d363bc86.png,False,False,False,True,False,1,False,mean_B
132.05812568666502,62.360027585071634,3.0712697488286946,22.87565733921896,13.119007489089048,4.786790817584961,88.83084564705824,15.632397742924699,801883,c7d0deb71576.png,False,False,False,False,False,0,False,
81.1478820473389,76.56598462538254,65.58881765669328,33.984366061836454,24.30458239429826,22.069115221155673,83.11667931827373,26.534693098987805,1629569,c80b0f27541a.png,False,False,False,False,False,0,False,
172.82950896644584,93.7546782401743,27.45490691963426,22.5110750269288,12.524228377028908,13.584325495326539,122.91589166978238,14.284289703287852,805057,c81c6911f5e0.png,False,False,False,False,False,0,False,
80.61378607152974,60.833247138987176,43.062940558985076,17.73189254614198,9.134880043194691,4.727081232756536,69.88039862453581,11.90163138829433,4352567,c85b79d70079.png,False,False,False,False,False,0,False,
141.30873881920442,81.4833469250385,23.311224159579563,27.925442524451455,21.009874366643217,14.117367640306469,103.75456400830173,22.18119003144818,231759,c90c6b94cf40.png,False,False,False,False,False,0,False,
169.03280104809525,99.56995527991523,20.755525012441055,20.134984334093833,15.276758839002108,14.061270363683356,124.88674477729668,15.15102785422746,1476965,c947bb6cf9f6.png,False,False,False,False,False,0,False,
193.29988932460682,91.99997515703858,8.93413137206434,21.190372521048406,14.758144156031829,10.927646661296663,129.5415554426581,14.921896714000498,805057,c94f37085d0f.png,False,False,False,False,False,0,False,
121.35773392743475,62.074130782596725,5.174217661327782,22.573427202828622,14.358273625771034,7.020538122789534,84.1890386567344,16.800860709205743,232508,c97472ef2c66.png,False,False,False,False,False,0,False,
167.57277515011236,90.66524909398345,18.691399023726017,20.4598095814729,17.843204035341586,16.547753531474594,119.00362903576483,17.285519365441186,804897,c98f623d08d1.png,False,False,False,False,False,0,False,
156.7641439024786,107.85516933202814,36.509319075407106,30.43631765849423,32.3448757075671,28.005615720608375,126.0982914014375,29.704975230649353,1479224,c9c563864ab1.png,False,False,False,False,False,0,False,
162.50598629857967,78.97320945089993,9.823468774373675,21.29461264897468,12.74603939067235,10.786392776360216,110.4590919704113,14.436381284895953,805172,c9e697117f3f.png,False,False,False,False,False,0,False,
164.98283622620173,93.31811508482689,42.9909717210645,22.220795719642716,17.222595990316613,17.742977371918627,120.1456552415105,17.042415615528963,806466,ca05f7e7801b.png,False,False,False,False,False,0,False,
203.32176569918352,104.01774223008611,31.440231957385844,29.45111894602688,11.682985378051093,19.026401290853492,139.9612228085631,16.33396815574984,804803,ca2b54b95ade.png,False,False,False,False,False,0,False,
128.3275386208729,70.7976748851812,20.84789150910146,23.63057094367321,18.52663534200468,15.471975186187638,92.37815446722445,19.76719763752457,1475368,cad5b1a82e60.png,False,False,False,False,False,0,False,
169.598599736193,91.96249444191899,31.97187548904903,20.04385926062022,14.726119837055473,16.950023965416964,120.6999493252055,15.388322554763908,805134,cadde4030858.png,False,False,False,False,False,0,False,
177.76695893342378,100.43280587310277,35.664152199857085,23.99933413622998,21.372396081760865,25.978319296037927,128.71176329011476,20.357452971684044,801893,cae33655ca00.png,False,False,False,False,False,0,False,
156.702209980707,84.48134506847315,20.349517285558633,26.348346565478778,17.23004144965914,8.049824075613364,111.57352041898132,17.99693106319539,3334373,cb02bb47fdc5.png,False,False,False,False,False,0,False,
117.3617117378204,62.44265782211532,16.705370187899668,15.086312862507114,6.157957039635166,3.0361715206514677,83.27951963611126,7.885445546133987,3329809,cb0cc98d7e35.png,False,False,False,False,False,0,False,
157.64150233038396,76.43799414266597,7.4594465974903175,17.190758752548525,12.008807852536737,9.117785267474424,107.141664481867,12.510092001700611,804803,cb2201c226d6.png,False,False,False,False,False,0,False,
159.38068779999398,86.54812150588923,8.18428278609274,21.61249133371661,17.58019986568439,11.570261754618002,113.55450275661437,16.890442779719518,232713,cb28adab4e8a.png,False,False,False,False,False,0,False,
196.07695001813278,77.39018495427064,9.541228458018908,24.461964635807004,14.693691280254766,12.015877218752541,123.71042087901715,15.677378815289126,805172,cb39761f0712.png,False,False,False,False,False,0,False,
169.69687674323546,90.90476545446188,14.84757552829741,24.78756870624704,14.675882281149688,13.646472069282671,119.86566728413698,16.844304847368704,804897,cb68fce07789.png,False,False,False,False,False,0,False,
139.31249712543388,92.19719658785621,23.91954799646124,26.067064482646646,17.078140482635387,13.652131023353906,110.34204969414617,17.516786764759996,1478484,cbc23af521f3.png,False,False,False,False,False,0,False,
192.58785938919215,96.9133017645312,6.997470188356654,17.96360379659393,5.6980781161384755,5.833946889777259,131.92361857498045,8.572385636829994,804803,cbe633765ea7.png,False,False,False,False,False,0,False,
186.36617840725555,87.87632252453722,30.192100882097154,21.02122263480341,16.351037492388397,18.658298877580037,124.92281649894397,16.24862420373175,804900,cc671a73e1cb.png,False,False,False,False,False,0,False,
164.15088350439106,80.98028593301673,13.968476413949348,21.046919639069035,19.260226615688705,16.087503681741957,112.28939608009112,18.074016705761196,803335,cc964bf04dbc.png,False,False,False,False,False,0,False,
64.0304483216808,27.308550963678307,0.6662538687071521,24.715798009018645,15.626641666641799,4.4127519023073125,37.8702227071032,19.4798565937653,1472068,ccd6dcb2f568.png,False,False,True,False,True,2,True,"mean_G,mean_L"
169.66070983827566,105.53430618797273,38.650997985890406,25.219419507388466,28.77454779803074,26.234010961157317,129.1347991575391,25.201716800579476,1477576,ccea49708830.png,False,False,False,False,False,0,False,
120.92442874896464,99.1138821535901,92.52734415092415,34.48305451859106,26.092030665935653,27.208180044823393,111.8138342347266,27.414094753797286,1529669,cd01672507c9.png,False,False,False,True,False,1,False,mean_B
162.85257591316622,85.5644296656759,17.587595137005415,34.878342277862764,25.085879197891128,18.467040153692597,114.26833444874049,26.15548842065165,1476292,cd01f4f83336.png,False,False,False,False,False,0,False,
172.42564702169352,90.81542936594421,2.5731328039284147,18.79800525991854,13.69389728157207,6.835134297024645,120.80328850662833,13.85896547225177,804803,cd1c98ec48b1.png,False,False,False,False,False,0,False,
156.0918497844357,101.29340613290262,38.9326448023847,29.127631031276337,25.72192228019578,18.41433221936771,121.57134506968714,25.063368918833273,1474734,cd314653a4d8.png,False,False,False,False,False,0,False,
98.84076979784116,65.31984009493614,51.246918171520356,23.978539043466473,16.676106792764575,16.17808373592497,79.5328728371162,18.28790348355039,3336980,cd48cfab4e44.png,False,False,False,False,False,0,False,
94.33893852974077,39.35660207985195,12.876161803090776,22.916511998039717,19.370129966791794,9.559421966933751,59.46443397920148,20.237971694461553,362045,cd563556cb57.png,False,False,True,False,False,1,False,mean_G
131.0566686506832,81.99544389872095,12.990129874578754,22.474099509597995,16.311237739994514,15.12235913126234,100.8484668119709,16.049277892853162,233533,cd66754e1b3b.png,False,False,False,False,False,0,False,
162.7257235211884,70.64520743206252,6.924416088751766,22.531863057113267,21.99695952296553,12.40474121409382,106.44076086482092,19.215386883993173,801877,cd8da43e3069.png,False,False,False,False,False,0,False,
152.65718452233816,75.31638008240411,5.839831216920044,21.970445642710185,14.062957201263258,8.990819227068888,104.42134780518647,15.677422801337068,805057,cd941e5bc659.png,False,False,False,False,False,0,False,
171.30734118775445,80.09621852236994,5.835737988835839,22.17904173451963,16.04672457394422,10.326006532550968,114.53674196822699,16.47238282095858,804897,ce6f33a81ad5.png,False,False,False,False,False,0,False,
141.64495209875065,38.53270903327023,4.343205405445852,20.331695040535383,16.40648346430074,7.405521017308071,82.3350281471283,15.383365103436974,801858,ce754234d760.png,False,False,True,False,False,1,False,mean_G
156.32694142671133,79.38989677861821,24.809800813048536,21.227523340205284,14.013134028056498,13.992285164701626,108.43112817938753,15.36605313180217,804872,ce8d2efd9d4f.png,False,False,False,False,False,0,False,
137.9986785591265,86.685846865274,67.5821632916833,28.479711575909377,17.737178355718797,11.395166230325277,107.60005837506974,19.546945925991725,1312204,ceb32a193eff.png,False,False,False,True,False,1,False,mean_B
91.11582625379062,73.85400891227522,62.488866757825285,17.39152178193735,12.824510757355842,10.310374999388902,83.7991203539562,14.085176110968016,1830509,cec299c2a2d5.png,False,False,False,False,False,0,False,
142.44196708888168,88.25918520623578,10.039169237847785,19.684752755977946,13.776212744206378,12.290840971857442,108.81198711702933,12.985455041119229,1477920,cf6551521a35.png,False,False,False,False,False,0,False,
165.74860910469692,82.21511892946711,3.6245681982766436,21.57112331446331,14.493119771772843,7.7920631035185055,113.53540805185223,14.998610879821582,805057,cf8ae5501bd6.png,False,False,False,False,False,0,False,
113.18573888608073,73.0470429992375,12.05464218705825,23.86544226134443,18.214185147478123,14.57961580505917,88.52921874866136,18.87181463966348,233446,cf8f1bc7a215.png,False,False,False,False,False,0,False,
154.77932943923207,59.741246021482446,1.3280381491322586,17.033557938407043,13.934956119496936,2.2846128344156367,97.43241138770445,13.144464069981,806519,cfb17a7cc8d4.png,False,False,False,False,False,0,False,
99.45840542349023,46.35060475755047,16.061400819495134,28.77214542380509,27.70744158344608,15.435093298658987,65.73116614104167,27.24869321423297,375109,cfdbaef73a8b.png,False,False,False,False,False,0,False,
187.0147887122687,88.45806862051955,6.091864717204086,27.481021563604752,10.669653052359324,8.193962627280335,125.29144772074656,14.832631140547438,804803,cfed7c1172ec.png,False,False,False,False,False,0,False,
140.2834619098856,100.97657864017103,86.37526604082417,29.365289930679094,24.14051289596821,27.343061849559685,118.72617558143016,23.208643611463536,3173855,cff262ed8f4c.png,False,False,False,True,False,1,False,mean_B
156.88296654478353,104.08206609028466,20.926404503981136,22.67049181456025,25.73411732295661,18.57815871765027,123.81658579093053,22.1686704093524,234104,cffc50047828.png,False,False,False,False,False,0,False,
165.97514530170372,82.809752051685,15.904622215570356,19.685280111200225,16.69872356022703,16.190166999862466,114.01999176831549,16.132209658648282,801780,d02b79fc3200.png,False,False,False,False,False,0,False,
180.1335084486514,92.1456716736891,15.190200583248323,19.647299942956266,17.244273215808363,16.03801823182855,124.58183431224784,16.235523461635754,804803,d0926ed2c8e5.png,False,False,False,False,False,0,False,
97.52861988153212,44.526155384268066,14.416795669794993,24.780801449845534,21.754396363233585,9.768483104296402,63.93860257361241,22.25250365076874,372084,d160ebef4117.png,False,False,False,False,False,0,False,
112.67949234693013,60.924032908708476,16.411264018208854,24.588361607415173,15.008437530212465,11.794634225555601,80.30099749018598,17.84652054840593,1476205,d16e39b9d6f0.png,False,False,False,False,False,0,False,
161.8567900589141,83.1363862116352,38.78802747914107,23.150351269000954,14.90914276119395,13.639647844885642,112.93311575071604,16.46678918312441,803373,d16e59a2b33a.png,False,False,False,False,False,0,False,
159.25278982221172,82.04350656611463,15.371192336841059,23.05730537786385,17.219119637431618,13.400825146992863,111.00241896408205,17.245457010089147,804890,d18f6431ebce.png,False,False,False,False,False,0,False,
173.36994912705094,112.39623741040198,51.5440020631876,19.08294869895367,9.076226417360031,9.737327510130143,134.73551150065902,11.220386502652389,806519,d1a60c3b9fe5.png,False,False,False,False,False,0,False,
159.6043492384679,83.0966384470796,6.884953107874207,21.701014943199745,14.399921486599503,10.664877214921036,111.54916605912723,15.641482369344438,806532,d1afdb8cf70d.png,False,False,False,False,False,0,False,
165.4088038593758,91.46216223939211,16.402342163034525,21.43748564016021,16.168228843924165,13.803424769097852,118.62325614333263,16.564451101627387,804897,d1b279cc02ae.png,False,False,False,False,False,0,False,
172.80362896114187,96.42677119585063,36.16255927584725,20.0076533408502,14.174405836411207,14.888823570603863,124.50745465972123,14.978274371368318,805134,d1ca85af57c9.png,False,False,False,False,False,0,False,
101.79513550694968,74.33505505218217,57.335409936503204,20.030194482498313,14.418442769400182,10.360740903974552,86.85940866648134,16.131436071542144,2327519,d1cf31577a59.png,False,False,False,False,False,0,False,
145.30022715108421,95.43000302462123,35.739445459042095,28.311906039590134,18.217034378217964,13.145976314968921,114.41282493532927,19.918059048849123,1477871,d1f7ea924a01.png,False,False,False,False,False,0,False,
155.13635163469752,103.12745407214075,36.270601105442466,21.08822960586157,23.648246311939193,22.035194122016552,122.88719962454122,20.430075107994153,1480855,d1fa0f744620.png,False,False,False,False,False,0,False,
148.1190836396536,93.52975144040502,18.073044855038507,25.253878688591204,16.100394362338598,10.186319461092316,113.8256236337484,17.577442915053417,1476668,d26bb2ed6e71.png,False,False,False,False,False,0,False,
180.78525552215885,90.30337983332566,24.53930961986971,19.22246296818442,12.921565293037244,13.5473081580143,123.89408339680642,13.822080107315994,804803,d26bc6e1230d.png,False,False,False,False,False,0,False,
166.77512494787356,81.75773867689071,22.54840882072859,24.95597314111662,21.324805931778343,17.93190110150758,113.7389880933857,20.903160796146274,803335,d27ac9e54901.png,False,False,False,False,False,0,False,
146.19809757830794,100.27797017941155,34.43399101872028,23.588903472890813,20.481349060285883,18.369366824232856,118.12798965740143,18.6053628946323,233597,d29b37d110f3.png,False,False,False,False,False,0,False,
130.56548010152153,88.36551188068213,26.06513439578797,23.415935442315984,14.893254694180005,9.640674717654424,104.69874644094874,16.94399985458656,232857,d2afca74cbc3.png,False,False,False,False,False,0,False,
181.4947317628979,109.5508999355958,41.06142931384853,20.96447802194579,22.29005448991578,23.11518622217864,136.0771688099819,17.03034925149107,1479717,d2c5fb82fe5f.png,False,False,False,False,False,0,False,
150.74494886505363,80.20206260052812,10.708242660909505,23.49870561805169,15.992735098526452,11.165898984655927,106.58111490525627,17.026123260317554,232522,d2cd47ed2c1d.png,False,False,False,False,False,0,False,
151.6456016369527,98.90039841176613,30.506009332362567,23.769942866703644,23.83537627043415,25.53762916709446,118.7723802125765,22.0179689646442,1477868,d2d523e9f669.png,False,False,False,False,False,0,False,
158.2469066178069,88.82605633365424,8.089666780534767,19.298593469375444,13.952413673785085,11.444561649891787,114.42029129530138,14.4817906859698,805025,d2dc86021c67.png,False,False,False,False,False,0,False,
149.60956479878678,78.40051955761527,9.962936311165874,24.806770630918493,18.157826628665212,12.668023838393191,104.95548840411256,19.368130839375397,801836,d2fb715b0c41.png,False,False,False,False,False,0,False,
170.1526246480679,91.59871773488901,6.2536176504999865,20.6571997544682,16.559471628899438,11.938659121108893,120.42033078506688,16.23489564211732,803422,d30d079e6f9a.png,False,False,False,False,False,0,False,
192.83952411653854,96.03452975016988,43.3374899221975,20.6107468500606,17.014229028804976,18.404047645602503,132.00783242462302,16.04933040416082,804987,d332d7b8a26e.png,False,False,False,False,False,0,False,
180.86743893939226,89.20982312022532,7.1761504888203085,19.777777149599117,12.898935350810625,9.960761724905776,123.16386692955744,13.822085880619934,804897,d38cf0f4a9af.png,False,False,False,False,False,0,False,
166.49547011318197,83.7839443369893,11.954968216878036,21.35340669332476,13.85888463420397,11.981184821600573,114.63965877709826,15.213375474526583,804987,d39752cb6e57.png,False,False,False,False,False,0,False,
143.0269458432724,86.09084996636017,8.434508348794063,28.823631898034648,24.374454708872726,12.589092860508956,106.95925571027612,24.648880771759387,1471470,d3dfd0a2dee6.png,False,False,False,False,False,0,False,
114.03258513300624,66.21056494919706,5.909524852012586,19.87525103855419,11.747199469390003,5.799041225827215,83.99019569967247,14.308413678635729,232959,d3e56584a481.png,False,False,False,False,False,0,False,
176.62102735744665,72.48161129996105,1.5581621133157664,25.651311299909498,14.724680329788148,3.5829884699031456,112.94684846048237,16.706414212840166,803401,d436c06f0490.png,False,False,False,False,False,0,False,
62.4251712040473,22.42585697840427,0.24803404506947402,16.203278340270263,11.48912977386572,1.065173297095768,34.41508717273438,13.545372060717368,1461122,d4583e9525dc.png,False,False,True,False,True,2,True,"mean_G,mean_L"
86.13399998500783,35.25344325771602,0.12176296975739268,21.69971270699941,12.900006950240291,1.3604239530607019,53.04648934568052,16.31670116107097,1467433,d4bc001f7224.png,False,False,True,False,True,2,True,"mean_G,mean_L"
136.8994055424899,66.48312068517053,2.3956983114588866,29.78312380717714,15.748385641071494,6.128980645701996,92.9611909200273,20.065967882455777,1476304,d516f77d4516.png,False,False,False,False,False,0,False,
113.49733172092473,61.23581355164534,26.895663040756308,23.94591178744412,13.805452782965853,6.021796479297861,80.93967179067457,17.103541140782276,3318431,d51c2153d151.png,False,False,False,False,False,0,False,
159.96099169610451,79.92174855213015,16.64783679981312,20.50227392299252,13.602948889357457,11.695744457162965,110.0299986456313,14.727491082855007,804803,d51e5d7484ea.png,False,False,False,False,False,0,False,
152.0395709059728,90.2815594281546,20.74078391344427,22.0074620802147,15.584462129107989,12.084621060908713,113.23679824005885,16.157065721012604,1476413,d56d32a1d62d.png,False,False,False,False,False,0,False,
124.56613535871439,82.46133375597073,60.54729307159749,31.937223745375842,22.350130047776574,16.71703762678999,99.64521870950912,24.538912768369805,3741584,d57d1be1bbd1.png,False,False,False,False,False,0,False,
86.02264009667748,75.46335767688319,65.69262999634218,28.397795339205302,20.4483454858774,20.112926211745695,83.79517221170885,21.63847374821693,3023662,d5ad3362424c.png,False,False,False,False,False,0,False,
183.6399627340766,84.22205024688674,12.999863358280798,20.75393986418464,12.7101340942416,12.04906153340864,121.74421167044501,13.934330586123094,805025,d5c63a8d9e94.png,False,False,False,False,False,0,False,
86.12510528055269,36.835370534238834,12.714124652174377,20.45820797710286,16.284634945187015,7.051276841888858,54.22406633474418,17.628544616456704,375188,d6130f2ec903.png,False,False,True,False,True,2,True,"mean_G,mean_L"
185.00222015984653,95.61725289074255,57.046069248611936,24.915457482928126,14.506401722774472,18.216978638028255,129.18507088484614,16.050525700313916,804897,d667af5742f6.png,False,False,False,False,False,0,False,
157.98091207279654,86.52126696832579,20.387924091443793,23.761463246935673,13.70196985147032,14.071799335782735,113.03331237901996,16.190537755975885,803335,d6803e467592.png,False,False,False,False,False,0,False,
163.46431228843824,81.99889071767957,11.549985404179994,21.242341463421482,14.237877750308174,11.09300952118255,112.46844383714792,15.36168020550113,805025,d69698f838db.png,False,False,False,False,False,0,False,
181.89943719716734,83.42539073176792,12.521751770406262,21.819356201840677,11.655547431298059,10.43098887202497,120.62191825071437,13.779270944528578,804900,d6b109c82067.png,False,False,False,False,False,0,False,
169.84109146884632,80.43547683740901,19.407290622278378,19.01961745102764,14.221127578892396,13.470821968619973,114.26421890005803,14.569603684910023,804897,d6dbb0820ea5.png,False,False,False,False,False,0,False,
145.81323312940592,71.56090431974162,5.621271389087296,21.709712639806664,14.951027460532357,8.131785025597704,99.57682308002857,16.233362437947704,805025,d6df4fe492ec.png,False,False,False,False,False,0,False,
144.88609470562608,92.6169043532934,26.530295813648443,34.709326175035244,39.0359192177651,31.3732504824181,112.08175408191127,36.02711920175482,1475963,d6f36ec5564a.png,False,False,False,False,False,0,False,
163.74677482468834,92.22867347002155,38.11218206324263,19.53139316255949,10.138310987126678,10.226769659352232,118.87630606401282,12.306456300185657,804995,d6f6bdfd8011.png,False,False,False,False,False,0,False,
142.97752580506096,87.7721562917714,32.13809062883822,22.625090400997365,13.946312789718588,14.068639895453162,108.83910100508916,14.886086736096395,1475292,d7078e8b0349.png,False,False,False,False,False,0,False,
186.96563845789802,92.85277439982511,2.6649703064503507,18.68307588323165,11.268110985833989,6.2839679309642476,127.47317270702571,12.29580058620999,805057,d74ccc796517.png,False,False,False,False,False,0,False,
166.92059671745756,74.34899720801239,26.40249725709273,23.110335486519222,15.489257564814594,14.496425710400441,110.01234836351256,16.708849548572566,804803,d774692d9919.png,False,False,False,False,False,0,False,
116.79775607393655,112.7434659778836,82.65637796970431,22.71138256166999,24.418226321803015,22.694088674446522,119.93366696262814,24.116065761837024,185835,d78b7401096f.png,False,False,False,True,False,1,False,mean_B
141.60392880334052,68.63266806858205,3.778007129986798,33.09324160010642,17.909451662607925,8.129204224983743,96.13683296135272,21.99637187457348,232539,d7a01fca9838.png,False,False,False,False,False,0,False,
149.80501661072677,96.77292537160079,22.674934927049797,19.7136246555819,19.851644774538165,18.933551961902083,116.77653435166792,17.790741843031746,233584,d7ab5c040294.png,False,False,False,False,False,0,False,
181.68035431031592,91.30296115678766,24.914170052555285,19.026901984726255,14.017894681275155,15.252145008719129,124.8632842146581,13.918144410010045,805057,d7ac4a0c9760.png,False,False,False,False,False,0,False,
163.0508462788075,86.0395865728068,37.39760200305028,25.923354320135875,24.181446933803322,19.254488418060212,114.90439185664678,23.10922492659541,805172,d7bc00091cfc.png,False,False,False,False,False,0,False,
114.24779366533298,79.7203960715619,56.946952872778375,33.03151304254999,20.09181968318903,14.70476674957128,94.55687070914283,23.242726135785233,4374563,d7bc62d60e8c.png,False,False,False,False,False,0,False,
157.40739135553738,67.22129224828832,7.93362334824255,21.169237090350304,7.826461546183453,3.5964048101531936,102.10471051970816,12.37353630659366,3329484,d7e5fe5245e0.png,False,False,False,False,False,0,False,
170.45615438605208,87.40936651780446,32.06122398275766,22.93322098334915,18.787551681433705,19.085770801626794,118.47876197988808,18.62811755351534,804995,d807c53c1399.png,False,False,False,False,False,0,False,
177.2220935908886,101.3103867179591,17.002994819000392,20.07849146787087,14.139113835749143,14.242582171500615,128.70361974369516,14.52963775460471,805057,d838d5b9f571.png,False,False,False,False,False,0,False,
199.6025570197082,122.21428836261877,73.65473515074531,13.694841690597736,12.980736512467454,11.91866389299343,149.7528778967167,11.978192559548251,4881777,d844a7252f4e.png,False,False,True,True,False,2,True,"mean_G,mean_B"
139.6407890364489,84.96598591841214,12.430840050096258,34.41728076459696,31.523567581688102,20.237125544734155,104.97302943053222,30.673468496591966,1471567,d865997a6280.png,False,False,False,False,False,0,False,
163.46221271202015,118.64880463336324,39.07465974076516,29.6833815745847,35.23447389615938,27.979142788459278,135.40852188577668,30.84689036765581,1480048,d866c26d76f0.png,False,False,False,False,False,0,False,
95.21583814177367,75.82712539684115,66.07027688671282,21.52154238526811,16.784059462762915,17.437819682844722,86.58607894449355,18.227316266954812,2416584,d871895742b1.png,False,False,False,False,False,0,False,
149.76151788786652,60.814239236161576,2.823988461925472,19.83595190874196,18.88699215863672,9.079944881997637,95.70554928216232,17.26092937972281,804987,d881c04f01fe.png,False,False,False,False,False,0,False,
176.95081032252614,83.77968148727079,16.10677395586249,21.214895763730635,16.309262928337137,14.793989653347872,118.88549371709598,16.1129960863025,804803,d88c4843aec3.png,False,False,False,False,False,0,False,
170.09711444912605,88.25167898230995,6.230967081385134,22.202566458401336,12.159536155939714,9.62421618180229,118.48283368725018,14.356192047664077,804803,d8da9de62743.png,False,False,False,False,False,0,False,
162.20026391136562,81.82030125731359,9.038661770197933,24.90598188595536,19.034943269278557,13.380179553414711,111.80655545873273,19.44012906462402,803300,d911dd40c63b.png,False,False,False,False,False,0,False,
63.15344515375024,32.41886383480385,0.0648445170737342,11.828128146897221,6.53815735821358,0.5888109991434225,41.12511338889247,8.70296194535247,1471705,d91635f380b4.png,False,False,True,False,True,2,True,"mean_G,mean_L"
122.9910596900666,100.79249178056541,86.04263651804305,36.84132724448362,31.344253877371276,31.57625572033099,112.83712848784238,32.04833848805007,1511357,d93b61dc8f64.png,False,False,False,True,False,1,False,mean_B
176.87535521560474,99.81226422100104,18.211149066785485,17.301087013635165,7.406046888433905,8.073141894088645,127.79290435170059,9.442210035986896,807960,d97911a32918.png,False,False,False,False,False,0,False,
175.83425509099743,88.55794275120743,20.66590457540541,18.10213883175973,13.043891548967288,14.597873127410928,121.01275343158512,13.48076181997771,804803,d99b0f7dd9b9.png,False,False,False,False,False,0,False,
162.26772357814474,84.55551207659254,20.707815157263408,21.190459100107194,18.372495924918525,16.56481314416972,113.58088888391987,17.7806611984189,804987,d99dd99be001.png,False,False,False,False,False,0,False,
168.77665662557064,91.22976926182417,3.175549827645104,18.41897958008365,7.349649853984128,4.346380041832318,119.70736560976367,10.271290283484152,805025,d9ad2a0ec026.png,False,False,False,False,False,0,False,
157.02398807305255,82.58013169337806,19.031889675736117,24.299030349640883,15.795717995778547,15.881644239476264,110.34901478444527,17.68356105412962,804900,d9c9b9786da3.png,False,False,False,False,False,0,False,
110.47961534478486,80.00003253173335,63.45651564532386,28.410306319171013,16.786910419326695,14.590501010261752,93.95284850568194,19.59099988076257,1844353,d9d2631f043c.png,False,False,False,False,False,0,False,
138.39512504782044,77.99216255285772,34.08463482000597,18.542349481585397,12.704434313734303,6.609012708863686,100.93608306612944,13.951835795844302,3330166,d9e58e4d8689.png,False,False,False,False,False,0,False,
117.34529222864482,76.65116677371013,14.07056304859773,26.91813111846268,26.14486695119632,20.01135763155548,92.41706700920574,25.368211899905496,233550,da0a83f074f3.png,False,False,False,False,False,0,False,
158.21993863849343,93.42321895445812,19.866703466454425,42.656488264063896,36.03164499471798,23.46409144584307,117.27133852809408,35.29721417248045,233697,da2bdf4236ac.png,False,False,False,False,False,0,False,
176.7753215628832,93.75058920582386,10.71210105143888,17.5123347376208,13.804101189295201,12.70424365147648,124.16623493440775,13.451746808962307,804897,da3a2275c850.png,False,False,False,False,False,0,False,
94.7699272346336,58.59970483958503,32.23879745720895,21.63005593744361,12.266644077792797,6.718125370591486,72.55146916081524,15.073840282926362,3327682,da6389d129aa.png,False,False,False,False,False,0,False,
92.92116086437139,67.64804567627692,56.17694557386069,24.995056612885797,16.283820181445964,15.624514279935946,79.48578813431807,18.63403423700465,4260067,da6bbb76d562.png,False,False,False,False,False,0,False,
169.37299711189092,87.30893698953449,12.322761404925313,16.1181215312415,10.800769603199653,10.642379367557842,117.76215521257105,11.418122420339449,805025,da9262d9f5d9.png,False,False,False,False,False,0,False,
177.9487696643677,105.75624991531281,24.5759400279129,18.096339849972757,12.948487484470148,10.275808315006097,131.71866167125106,12.873119349063126,1476020,da949aa67a4f.png,False,False,False,False,False,0,False,
129.7021814458436,90.10170587211496,67.92216413170499,32.3039526864121,26.455169526929314,24.69603281374479,106.70286451799562,26.892041365855423,2212065,da9574d35b82.png,False,False,False,True,False,1,False,mean_B
128.69323187675545,39.44994811596083,2.863949073820012,19.803547745674727,14.202086821701533,5.3045837711246975,75.98511701347488,15.038289087914098,801788,da9fe02dead3.png,False,False,True,False,False,1,False,mean_G
105.88707985016246,47.823970267448786,16.19896993370517,19.44090008690929,16.94806329524281,8.409571164903202,69.61573828092669,17.118979103012606,374539,daad7b617f21.png,False,False,False,False,False,0,False,
149.58647877385272,108.94102518695556,48.100029334313845,27.433014299837872,26.866195737963576,23.489947437098866,125.14705953919443,24.791614513012764,1479496,daff5427c9b2.png,False,False,False,False,False,0,False,
141.3553975088369,85.22882007537463,16.71810323199303,27.71104667608052,21.475147812007595,15.069904971444572,106.32874115720945,21.310417885847276,1478747,db3cd58aa315.png,False,False,False,False,False,0,False,
164.11099859220207,86.39622242958836,13.247371095783688,21.695543793757142,14.84690243145063,12.198598120618588,115.22397282316294,15.720265196587615,804803,db52626d450c.png,False,False,False,False,False,0,False,
144.89235515685843,93.97585304750214,41.473236146394875,27.783283538381248,20.066269026774588,18.212783827822513,113.50341340811612,21.180790068451717,1477702,db6207e62c7b.png,False,False,False,False,False,0,False,
95.95018907993678,91.86218907307517,84.3618901646698,18.376195997938865,25.472300876029127,25.882393219828987,100.19442683777207,22.826383081970654,1165909,dc0eea0b68a7.png,False,False,False,True,False,1,False,mean_B
148.8943581017231,71.35708358425522,0.47507795231479255,30.06503944442574,16.806621456972145,3.046074346734853,100.6232113982779,20.18058337024219,1476223,dc0f6e5b489b.png,False,False,False,False,False,0,False,
62.778149485156575,42.816279412619984,33.511614104802725,15.31008674191343,8.267266104848298,5.390747085174887,49.90046838375819,11.00502403311132,3696755,dcc6c0ad5cad.png,False,False,True,False,True,2,True,"mean_G,mean_L"
153.61819270641791,85.34523626116948,20.36148729238935,22.14764456587913,14.194418704106715,12.491633331453071,110.75649668518722,15.688973120368022,804872,dccdf750c962.png,False,False,False,False,False,0,False,
182.51811310207756,86.60830533213255,19.15184870035092,23.280812941439844,16.12547795024045,13.852279879160346,122.59740380733517,16.528462438671497,805025,dce73d90c00c.png,False,False,False,False,False,0,False,
147.4300262127807,92.4352139898882,25.197907846791843,20.645920664631543,15.846816814597195,14.53086320933745,113.2314853638545,15.163922668185277,1478668,dcf109df1a2b.png,False,False,False,False,False,0,False,
142.349629940123,96.31785335427807,43.75600126428081,30.423880368028215,27.694286783361143,24.244500996845648,114.208415063933,27.076601848738267,1474356,dd02d60bef14.png,False,False,False,False,False,0,False,
184.19355896539003,94.36800127195963,26.01233080390581,22.81570753363438,22.659099591894467,23.742734088272258,127.53676571969439,20.390376651580624,805057,dd285d9e97fe.png,False,False,False,False,False,0,False,
101.12504364839253,41.37854285006011,19.580207753020737,27.49253747268353,23.422554274293457,12.930957359996007,63.99472754073628,23.903574113607757,375157,dd3176bacfe2.png,False,False,True,False,False,1,False,mean_G
134.36191522799092,80.46069921774227,19.80615608997081,18.90918147763229,12.036330253428824,10.514011397080514,100.88452879348951,13.152621597107796,1476879,dd90c321d7bc.png,False,False,False,False,False,0,False,
137.0195018455941,86.50620827743194,22.053807105910376,29.47245184645338,20.944930078025095,14.62112526793084,105.37324546469496,23.001706527963506,1474322,ddb222ff7c1d.png,False,False,False,False,False,0,False,
135.0885787610772,75.40387281793363,23.140405797600696,26.348302333252427,17.948419204577462,15.108584532525214,97.79690742957534,20.198949775005886,232234,de18071c36e6.png,False,False,False,False,False,0,False,
88.18156547862264,29.982460041733546,0.09426474129363076,16.98705956375106,12.74432992685831,0.8791670048673454,51.323479314336545,14.209629443093958,1465967,de2eb5c8aa83.png,False,False,True,False,True,2,True,"mean_G,mean_L"
82.4243757346458,63.73808269876598,54.70230052031346,19.240824626660093,10.725087659256307,7.675891065854462,73.3154688257674,13.079890126232476,3881122,de38adaae009.png,False,False,False,False,False,0,False,
158.40147484421635,97.7202864158836,34.21307154780827,26.1570772428647,18.458936570683512,12.033666994390185,120.1347605408123,19.37352448113964,1477851,de4cdabbce6d.png,False,False,False,False,False,0,False,
159.02910153673042,81.84259528948436,20.297912356826163,23.61363948370263,19.207446604569764,17.45675879620472,110.73401095850853,19.30936655107871,803394,de55ed25e0e8.png,False,False,False,False,False,0,False,
157.97485861248123,111.64794543271174,86.63327005335084,37.895488843128334,25.915215977096512,18.51740034598722,130.26996261329788,28.373278193866092,705331,de57c9e9fa93.png,False,False,False,True,False,1,False,mean_B
174.19560975185607,89.23770366570318,11.861007357243027,23.97240614577522,14.116215185598863,13.10828072640994,120.60579809876816,16.167587150086884,805057,de6210f88536.png,False,False,False,False,False,0,False,
89.814475482459,71.48487947475087,59.79730080308658,28.477636130591172,14.187933917200082,9.499683192168744,81.45377660308596,18.41704592320922,1927314,de730033c683.png,False,False,False,False,False,0,False,
100.0852147356976,46.667639346359245,15.031458859646317,19.526503318090526,16.606574695921655,6.9047908472745565,66.35906004498311,17.18674079514018,375252,dea7538bb91a.png,False,False,False,False,False,0,False,
152.7931537766891,84.7841221180612,7.165826767545652,21.022861752276153,13.311356276412123,9.448258425740418,109.99189374168537,14.734934251600075,805057,dec5595e6154.png,False,False,False,False,False,0,False,
106.39193009660654,62.24401626126511,36.76706238889658,23.1662138896857,33.28698072895323,26.10261152631375,79.75610755547432,29.80095023055206,339211,dee1031a76ae.png,False,False,False,False,False,0,False,
169.69074904315224,73.89868035135972,26.75441839433432,22.514334227021163,16.331679335242143,15.965462125931975,111.0126672853102,16.728957227522404,804987,dee31065f8fe.png,False,False,False,False,False,0,False,
154.30363787555098,97.67309148435598,32.25415708915871,22.858092807319608,21.576881291948848,20.65207846433728,119.04535209172774,19.488643656439184,1479160,df0886f1e76b.png,False,False,False,False,False,0,False,
182.68952881597204,91.5002068176539,26.038006004543778,22.378121058058614,15.667135799324313,15.696461860774281,125.32644272393135,16.147614854867037,805057,df6d13d04da1.png,False,False,False,False,False,0,False,
143.8152042095256,71.6525245439421,2.055985715456166,24.128578118978716,14.81841526401483,6.606494551192726,98.93967461629248,16.24680079874099,1476841,df9cb3729eb1.png,False,False,False,False,False,0,False,
175.98577901160203,79.38945653949713,11.45441563996942,23.52475580600983,19.205167763048355,13.884808715350175,116.16282988066243,18.629798488929232,801843,dfc7ec7db0e0.png,False,False,False,False,False,0,False,
91.41456989204436,37.170825657343826,11.342579079306596,21.144004035680183,16.898828099365264,6.865764624283244,56.896975593676316,18.10697776424022,376173,dfea19863428.png,False,False,True,False,True,2,True,"mean_G,mean_L"
129.7473320727613,44.38102967738402,2.3394395143270774,24.87049711700149,15.572750862826302,6.135369970992581,78.65703270972777,17.324061444555028,803339,e01b7bac822b.png,False,False,False,False,False,0,False,
157.93647779840063,99.38244368541541,27.344152204726647,34.45374468452541,31.83004682539315,28.28419023059084,120.7723616859109,30.97526999470875,1477326,e0313be77035.png,False,False,False,False,False,0,False,
72.7539638414096,30.91344640350167,2.056614931495756,18.187822492217038,18.516028201494592,7.038797395890185,44.80525849098077,18.20234722785097,1469471,e03a74e7d74f.png,False,False,True,False,True,2,True,"mean_G,mean_L"
164.5597751525341,90.4173547122182,6.743979705358524,21.862290140750062,12.800798321301572,9.901466173006334,117.58958851965856,14.976867314607729,801788,e04f3c6619a3.png,False,False,False,False,False,0,False,
168.99608884980637,72.92211731214928,5.934972315167413,30.752493102232492,13.935434613315445,8.732603632255955,109.89067037288203,18.674453162610835,805134,e067b06fd655.png,False,False,False,False,False,0,False,
171.23854422493778,87.94025369353791,16.49519930135518,22.084162751736763,24.621234035416656,20.12165637982132,118.891241721916,21.74970084651389,804987,e06cccc08c59.png,False,False,False,False,False,0,False,
149.16299961799456,92.96937510559431,28.608716509216645,23.73552032185107,18.821853996625023,12.538078404737288,113.92324133312435,18.868263789150262,1473801,e087bd4b88f2.png,False,False,False,False,False,0,False,
162.4579432170386,85.22592438462351,8.750074224063503,22.276263055589403,13.719797852135317,10.96321526734512,113.85027236194014,15.59244382016021,804995,e0d229db881a.png,False,False,False,False,False,0,False,
161.56411084707165,81.06725704242784,3.741905539878212,20.30298634243984,14.223252655984421,8.357309552385404,111.38799569285608,13.706626506598079,807960,e12df54e0d1e.png,False,False,False,False,False,0,False,
144.6717094921338,84.42850595587385,15.072901095229733,15.041097008234763,15.2903544969785,13.274813056781031,107.22731692273426,12.80283229113197,233467,e12f9f19d1be.png,False,False,False,False,False,0,False,
176.5234262915545,95.48865856703314,45.450404132875065,22.677700612729183,14.22840816768398,12.91202054206547,125.56139378950807,15.503082047206199,805057,e135d7ba9a0e.png,False,False,False,False,False,0,False,
124.9217847903925,78.78706892121087,16.255752000137054,27.666850030485715,21.99512195138264,16.94759621283585,96.47887649689058,21.984838473209887,233484,e160a3b19911.png,False,False,False,False,False,0,False,
151.31815104441642,85.69656209044777,28.692041565475563,19.811667835357586,11.98858935060083,11.343010537521437,110.23266231467277,13.815226657307978,804995,e16af45285e5.png,False,False,False,False,False,0,False,
131.95410578333014,79.57423340223076,22.824468607426088,17.734454349424162,8.343778177635295,3.4014876980882516,99.4093981779968,10.971840247920593,3330071,e1ab92228e60.png,False,False,False,False,False,0,False,
164.29768737108066,86.23476725305478,13.587239885366238,24.48841776870535,22.39478697314775,17.34473289821223,115.18366718296755,21.292732988255104,801858,e1b8acb1cea1.png,False,False,False,False,False,0,False,
143.996821370794,80.03859405951326,11.125572112609646,28.298876272073056,18.97270929533195,11.265249837915544,103.7014988063204,21.49767155439573,1476108,e1c02f6c3362.png,False,False,False,False,False,0,False,
167.21568349739158,85.22009027241995,26.725513947747352,21.064707555882503,17.617795522036168,15.382590395380682,115.90139235206492,17.35289698842199,804897,e1dc02a3dc2a.png,False,False,False,False,False,0,False,
129.48865842970804,69.77423401440036,4.745652398054749,30.919964600467377,17.24400606889521,7.820787724320681,91.93935267128349,21.22308064271046,232772,e2265c383348.png,False,False,False,False,False,0,False,
152.43909975276125,70.43357850141012,3.8825603498614716,20.852449935905312,11.801761761719906,6.283287471493655,101.70005715066655,13.884235996819733,804890,e246cd89e1cc.png,False,False,False,False,False,0,False,
89.92305487193093,39.59434477248261,17.383075792369226,24.498502173532035,21.82804896924484,10.125557537603859,58.1434605332577,21.9306395567108,327909,e251bdf05b85.png,False,False,True,False,False,1,False,mean_G
78.42997362730908,54.17296746270728,38.59292150548128,22.20865924982445,14.323589900162029,9.953180930567056,63.77051839641184,17.356426895482603,2551503,e26bcae6c67b.png,False,False,False,False,False,0,False,
159.47939586886395,79.5595665896949,18.905511038348838,20.037490914186723,12.851549801943804,11.904678614746269,109.65365930611125,14.247172278359264,805057,e29e54ff921e.png,False,False,False,False,False,0,False,
192.59372387380168,83.53929815015647,10.70057031976914,20.251612535237218,12.672674536672673,10.446714964553996,125.09452202333702,13.18859992018085,804987,e2c39ed0c941.png,False,False,False,False,False,0,False,
144.6027468040519,75.85756879769903,12.105659034820672,25.103571181686064,16.05092497807382,4.937106671617252,101.59758104708206,18.16970434433688,3330780,e2c3b037413b.png,False,False,False,False,False,0,False,
81.7961271873085,37.79879621433921,18.561100292775926,25.375845824019923,20.22036591762847,10.213531343144592,53.0900497038197,22.16271539833166,367175,e2ec22b3d07e.png,False,False,True,False,True,2,True,"mean_G,mean_L"
88.2042841592791,41.45045679286461,21.51286980726428,20.835703348114595,17.594463479412227,8.939550052258653,58.28192540764769,18.664981878254668,369314,e30a890600e1.png,False,False,True,False,False,1,False,mean_G
77.84260161387238,42.27185432374538,2.1189845572035266,20.53950875445706,14.02630469061217,6.552328846016215,53.832096166968235,16.978150070447754,1472855,e322acd46152.png,False,False,True,False,True,2,True,"mean_G,mean_L"
125.34230535149453,91.21384976727042,43.50356166262355,29.76089056391967,25.370345371856697,19.937212596165708,105.38108075673544,25.331369572728615,233318,e33766353db2.png,False,False,False,False,False,0,False,
185.24522392306096,88.68872290491827,8.648738906965736,19.33655745549423,13.322031947865701,12.00341213075009,124.61440035184626,13.886402389810609,804897,e3b47ed5b511.png,False,False,False,False,False,0,False,
134.7265461893381,84.89423753897195,14.217353858163458,24.023764334321488,20.34904315229692,16.517569585723454,103.84092533852485,19.530284395295403,1475741,e3cd96cb094c.png,False,False,False,False,False,0,False,
110.38835624288019,60.28628739664222,46.36209222806951,21.054599921811224,9.320456801685646,5.750538302545365,80.04663948261937,13.09002909223145,3341911,e42d9a94a66d.png,False,False,False,False,False,0,False,
129.82597120476424,71.94143908504915,3.3312852961578154,29.415904079185257,20.458301507952935,8.365589425379856,93.44779467744937,21.960009941846984,1477675,e47452069ea1.png,False,False,False,False,False,0,False,
87.9233786048054,61.46280155960461,46.249374654246374,29.718765222080364,20.94191584899259,19.108380759262833,72.6044047085732,23.223350993379153,1881759,e47770a2e5d1.png,False,False,False,False,False,0,False,
165.06573820238816,82.24841222422761,11.471867209402564,21.658671791817905,12.576379398295954,10.896038247285107,113.24230582430809,14.584935831904387,805057,e4a44f9158dc.png,False,False,False,False,False,0,False,
190.40449379697827,102.12208057543612,35.322149256839936,18.704135466910678,10.782828547032441,12.690040223420633,134.20663184659995,11.853953609652823,806623,e4ae1ee6aada.png,False,False,False,False,False,0,False,
165.3061054553913,95.31498413813924,22.749816883354697,17.173802557710953,8.332510916539425,9.87614124380947,121.03334826311388,10.275734867995569,808228,e4b0df29b96f.png,False,False,False,False,False,0,False,
164.97676574267243,94.7007814334688,22.235461348926382,19.054010661461714,9.05188344476347,9.739363719054733,120.56210401800192,11.161088515655239,804803,e4c799738a19.png,False,False,False,False,False,0,False,
170.71162628898,85.94042241272207,13.785121133060008,19.15399647120591,14.95591305609617,13.472326905949272,117.51950428624674,14.88737262206749,804900,e4d3d437b0a8.png,False,False,False,False,False,0,False,
