image_id,preprocessed_green_image,original_image,fractal_dimension,threshold_value,vessel_pixel_count,skeleton_pixel_count,rank
7f6690fa390a,7f6690fa390a_green_preprocessed.png,7f6690fa390a.png,1.7892530472730983,-1,429065,85471,1
6cb96a6fb029,6cb96a6fb029_green_preprocessed.png,6cb96a6fb029.png,1.7780970584899407,-1,435443,96724,2
badb5ff8d3c7,badb5ff8d3c7_green_preprocessed.png,badb5ff8d3c7.png,1.7656489308431433,-1,565030,79183,3
2923971566fe,2923971566fe_green_preprocessed.png,2923971566fe.png,1.7656489308431433,-1,565030,79183,4
41345cec5957,41345cec5957_green_preprocessed.png,41345cec5957.png,1.751889277293027,-1,377870,79794,5
79ade634c633,79ade634c633_green_preprocessed.png,79ade634c633.png,1.7468523578565438,-1,397975,91838,6
c546670d9684,c546670d9684_green_preprocessed.png,c546670d9684.png,1.7413287301025477,-1,704128,113758,7
436fa3fd145a,436fa3fd145a_green_preprocessed.png,436fa3fd145a.png,1.740160002901841,-1,382844,83091,8
ccd6dcb2f568,ccd6dcb2f568_green_preprocessed.png,ccd6dcb2f568.png,1.7281851799270997,-1,369546,76656,9
3a643599f852,3a643599f852_green_preprocessed.png,3a643599f852.png,1.7158688641005146,-1,370531,75706,10
4eabad7948cf,4eabad7948cf_green_preprocessed.png,4eabad7948cf.png,1.7076896929499161,-1,348376,66955,11
4554062fa836,4554062fa836_green_preprocessed.png,4554062fa836.png,1.7010820284125674,-1,833917,105453,12
2c8101f14723,2c8101f14723_green_preprocessed.png,2c8101f14723.png,1.700898356360368,-1,268569,46455,13
58eb3809f456,58eb3809f456_green_preprocessed.png,58eb3809f456.png,1.6908158301000131,-1,389178,85221,14
24f3e70f0419,24f3e70f0419_green_preprocessed.png,24f3e70f0419.png,1.6869469684265903,-1,837028,121647,15
d91635f380b4,d91635f380b4_green_preprocessed.png,d91635f380b4.png,1.6831742612621556,-1,417225,100677,16
9e2ba2b979f1,9e2ba2b979f1_green_preprocessed.png,9e2ba2b979f1.png,1.6804706752342773,-1,299068,56855,17
a94da3d3b5c0,a94da3d3b5c0_green_preprocessed.png,a94da3d3b5c0.png,1.6778507959434337,-1,308151,54034,18
3e61703b5ab2,3e61703b5ab2_green_preprocessed.png,3e61703b5ab2.png,1.673492671764593,-1,366550,67777,19
1d2472849dce,1d2472849dce_green_preprocessed.png,1d2472849dce.png,1.67084447372121,-1,192044,33068,20
8fbb2ca39911,8fbb2ca39911_green_preprocessed.png,8fbb2ca39911.png,1.6673184869309927,-1,187622,32210,21
80f6b30ece8c,80f6b30ece8c_green_preprocessed.png,80f6b30ece8c.png,1.6645846681244558,-1,245080,39097,22
1ca62b3e4fd3,1ca62b3e4fd3_green_preprocessed.png,1ca62b3e4fd3.png,1.6640437393804801,-1,821685,106125,23
9ab18a4a957f,9ab18a4a957f_green_preprocessed.png,9ab18a4a957f.png,1.6636934308465696,-1,287357,45681,24
60edda7b4871,60edda7b4871_green_preprocessed.png,60edda7b4871.png,1.663557028873219,-1,306794,54057,25
e322acd46152,e322acd46152_green_preprocessed.png,e322acd46152.png,1.663002740065405,-1,322782,57249,26
992b9a07b25f,992b9a07b25f_green_preprocessed.png,992b9a07b25f.png,1.6620538588113296,-1,823042,116105,27
a6731dd737af,a6731dd737af_green_preprocessed.png,a6731dd737af.png,1.661592121019175,-1,171826,28676,28
226c6ceb9185,226c6ceb9185_green_preprocessed.png,226c6ceb9185.png,1.6603653050817158,-1,338659,64079,29
9f8112c710be,9f8112c710be_green_preprocessed.png,9f8112c710be.png,1.6578648607607522,-1,181849,30880,30
64ac539f58cb,64ac539f58cb_green_preprocessed.png,64ac539f58cb.png,1.6566968567687799,-1,294150,51390,31
c7c3d363bc86,c7c3d363bc86_green_preprocessed.png,c7c3d363bc86.png,1.6520570714450453,-1,777550,98738,32
a12ca80bb8c7,a12ca80bb8c7_green_preprocessed.png,a12ca80bb8c7.png,1.6466183099170388,-1,259155,39285,33
dc0eea0b68a7,dc0eea0b68a7_green_preprocessed.png,dc0eea0b68a7.png,1.6419490754982056,-1,283239,36917,34
81d79d53ed7b,81d79d53ed7b_green_preprocessed.png,81d79d53ed7b.png,1.6412025199358988,-1,778978,105929,35
757e39293591,757e39293591_green_preprocessed.png,757e39293591.png,1.6389028014745755,-1,186516,28513,36
29192375ab1b,29192375ab1b_green_preprocessed.png,29192375ab1b.png,1.636713124983595,-1,165259,25386,37
6d10709053ae,6d10709053ae_green_preprocessed.png,6d10709053ae.png,1.6362112614714752,-1,173556,26547,38
75a4343b12f9,75a4343b12f9_green_preprocessed.png,75a4343b12f9.png,1.6337194603610667,-1,755119,137841,39
c58971bcebb2,c58971bcebb2_green_preprocessed.png,c58971bcebb2.png,1.633008680806668,-1,643253,71616,40
b4b04d81acbb,b4b04d81acbb_green_preprocessed.png,b4b04d81acbb.png,1.6321756192549872,-1,165855,24891,41
ce754234d760,ce754234d760_green_preprocessed.png,ce754234d760.png,1.6317876225714751,-1,171209,25709,42
276b14f72328,276b14f72328_green_preprocessed.png,276b14f72328.png,1.6305811058717634,-1,756928,95079,43
e01b7bac822b,e01b7bac822b_green_preprocessed.png,e01b7bac822b.png,1.6296955822105188,-1,171717,25784,44
8c4ceddeb1c6,8c4ceddeb1c6_green_preprocessed.png,8c4ceddeb1c6.png,1.6296621569517684,-1,275929,43484,45
d4583e9525dc,d4583e9525dc_green_preprocessed.png,d4583e9525dc.png,1.6250835096383434,-1,418423,83987,46
b11dcdcbc8c8,b11dcdcbc8c8_green_preprocessed.png,b11dcdcbc8c8.png,1.622778727470865,-1,810146,99288,47
98277aeb96a7,98277aeb96a7_green_preprocessed.png,98277aeb96a7.png,1.6226714779161757,-1,250897,37788,48
da9fe02dead3,da9fe02dead3_green_preprocessed.png,da9fe02dead3.png,1.6218388098497722,-1,166348,24675,49
d865997a6280,d865997a6280_green_preprocessed.png,d865997a6280.png,1.620741174928771,-1,210039,34586,50
af6a1508cd95,af6a1508cd95_green_preprocessed.png,af6a1508cd95.png,1.6206819927423681,-1,764666,114824,51
ae94ce412de9,ae94ce412de9_green_preprocessed.png,ae94ce412de9.png,1.6205043346557235,-1,742410,94764,52
d16e39b9d6f0,d16e39b9d6f0_green_preprocessed.png,d16e39b9d6f0.png,1.6171173053713481,-1,272941,38457,53
a7b03e58a6e1,a7b03e58a6e1_green_preprocessed.png,a7b03e58a6e1.png,1.6162020752458033,-1,164235,24399,54
c7d0deb71576,c7d0deb71576_green_preprocessed.png,c7d0deb71576.png,1.6154256565596907,-1,160629,23260,55
3694e8c8e09a,3694e8c8e09a_green_preprocessed.png,3694e8c8e09a.png,1.6134045744316161,-1,763111,88811,56
356304d15a5c,356304d15a5c_green_preprocessed.png,356304d15a5c.png,1.6129587916152464,-1,158166,23707,57
9870ce41cac4,9870ce41cac4_green_preprocessed.png,9870ce41cac4.png,1.612709680952186,-1,232657,32776,58
c446985355f1,c446985355f1_green_preprocessed.png,c446985355f1.png,1.6124903291045543,-1,163660,23403,59
d516f77d4516,d516f77d4516_green_preprocessed.png,d516f77d4516.png,1.612155092194063,-1,237566,37471,60
96ce10a1dbd7,96ce10a1dbd7_green_preprocessed.png,96ce10a1dbd7.png,1.6120834727426205,-1,162834,23107,61
a528be013a04,a528be013a04_green_preprocessed.png,a528be013a04.png,1.6114164816337184,-1,159651,23235,62
8448af27ba07,8448af27ba07_green_preprocessed.png,8448af27ba07.png,1.6113212866556188,-1,162221,23769,63
3580a545016d,3580a545016d_green_preprocessed.png,3580a545016d.png,1.6108826270365364,-1,156114,22308,64
74898f372d2b,74898f372d2b_green_preprocessed.png,74898f372d2b.png,1.6102910712957312,-1,866799,129082,65
4528fbbd43a3,4528fbbd43a3_green_preprocessed.png,4528fbbd43a3.png,1.6102790709041153,-1,158845,23483,66
d436c06f0490,d436c06f0490_green_preprocessed.png,d436c06f0490.png,1.6096951158812627,-1,164596,24000,67
29a13e666266,29a13e666266_green_preprocessed.png,29a13e666266.png,1.6086351173699214,-1,159057,22764,68
7a42443ed106,7a42443ed106_green_preprocessed.png,7a42443ed106.png,1.6083113548410894,-1,164300,23444,69
9cf7c1349673,9cf7c1349673_green_preprocessed.png,9cf7c1349673.png,1.6073163638681702,-1,158693,22404,70
72606afaf3da,72606afaf3da_green_preprocessed.png,72606afaf3da.png,1.6068958026030566,-1,301763,50786,71
6cee2e148520,6cee2e148520_green_preprocessed.png,6cee2e148520.png,1.6063596682007193,-1,738613,91533,72
50ddd7d976df,50ddd7d976df_green_preprocessed.png,50ddd7d976df.png,1.6059000835966124,-1,760521,92714,73
b4e15102cd7a,b4e15102cd7a_green_preprocessed.png,b4e15102cd7a.png,1.60566711274495,-1,705350,83239,74
1caba2fb38f6,1caba2fb38f6_green_preprocessed.png,1caba2fb38f6.png,1.6050695181581198,-1,163986,23783,75
a963ac561580,a963ac561580_green_preprocessed.png,a963ac561580.png,1.6045698062041256,-1,155235,22333,76
7bc00e58d419,7bc00e58d419_green_preprocessed.png,7bc00e58d419.png,1.603249282649442,-1,167463,23157,77
242fc19be06f,242fc19be06f_green_preprocessed.png,242fc19be06f.png,1.6030820054970478,-1,160790,22794,78
1d0b93317aa8,1d0b93317aa8_green_preprocessed.png,1d0b93317aa8.png,1.5983155388098897,-1,317527,55901,79
22d843b2bbd1,22d843b2bbd1_green_preprocessed.png,22d843b2bbd1.png,1.598027231277012,-1,229548,31625,80
7526c59c36d3,7526c59c36d3_green_preprocessed.png,7526c59c36d3.png,1.5977965470220385,-1,159335,21643,81
d881c04f01fe,d881c04f01fe_green_preprocessed.png,d881c04f01fe.png,1.5962993056616086,-1,153901,20437,82
b200c23b299b,b200c23b299b_green_preprocessed.png,b200c23b299b.png,1.5947320793110182,-1,154853,22023,83
76e5b50f95a7,76e5b50f95a7_green_preprocessed.png,76e5b50f95a7.png,1.594097642653638,-1,160014,22703,84
6bcce181be65,6bcce181be65_green_preprocessed.png,6bcce181be65.png,1.593824179661063,-1,834063,117428,85
4d1e7def7624,4d1e7def7624_green_preprocessed.png,4d1e7def7624.png,1.5935130642357747,-1,730693,85800,86
65a3b13ad9a0,65a3b13ad9a0_green_preprocessed.png,65a3b13ad9a0.png,1.5931669981411651,-1,621143,90809,87
a30a143a53a3,a30a143a53a3_green_preprocessed.png,a30a143a53a3.png,1.5924498110183751,-1,153070,21582,88
da6389d129aa,da6389d129aa_green_preprocessed.png,da6389d129aa.png,1.5915818229136132,-1,670180,112483,89
370f575adb23,370f575adb23_green_preprocessed.png,370f575adb23.png,1.5915659557678263,-1,158816,21954,90
7fdb177b8f7d,7fdb177b8f7d_green_preprocessed.png,7fdb177b8f7d.png,1.5910954790466914,-1,156301,21914,91
e067b06fd655,e067b06fd655_green_preprocessed.png,e067b06fd655.png,1.5906522188869523,-1,156372,21123,92
d57d1be1bbd1,d57d1be1bbd1_green_preprocessed.png,d57d1be1bbd1.png,1.5902261323085203,-1,725406,88633,93
c3aa424eff9a,c3aa424eff9a_green_preprocessed.png,c3aa424eff9a.png,1.5900207881039392,-1,270467,48470,94
b0b3b16fc305,b0b3b16fc305_green_preprocessed.png,b0b3b16fc305.png,1.5895007452299332,-1,152040,20291,95
735836b1ffa6,735836b1ffa6_green_preprocessed.png,735836b1ffa6.png,1.5892764062331979,-1,413851,52419,96
bf7221a016b5,bf7221a016b5_green_preprocessed.png,bf7221a016b5.png,1.5888180007015411,-1,686735,79054,97
93421787f520,93421787f520_green_preprocessed.png,93421787f520.png,1.5887463610777788,-1,155513,21740,98
4ad8d3ec8789,4ad8d3ec8789_green_preprocessed.png,4ad8d3ec8789.png,1.585751156199861,-1,259890,38904,99
a44345b27804,a44345b27804_green_preprocessed.png,a44345b27804.png,1.5848018691262298,-1,154633,21305,100
44a4d04162cc,44a4d04162cc_green_preprocessed.png,44a4d04162cc.png,1.5842998946894142,-1,154510,21029,101
6c00dd8bf708,6c00dd8bf708_green_preprocessed.png,6c00dd8bf708.png,1.5842757769285936,-1,152682,21130,102
d2fb715b0c41,d2fb715b0c41_green_preprocessed.png,d2fb715b0c41.png,1.5840661832037715,-1,158036,20642,103
de730033c683,de730033c683_green_preprocessed.png,de730033c683.png,1.5832584215617014,-1,718909,87383,104
e03a74e7d74f,e03a74e7d74f_green_preprocessed.png,e03a74e7d74f.png,1.5828172398490166,-1,390526,84502,105
96c699221180,96c699221180_green_preprocessed.png,96c699221180.png,1.5820338521790698,-1,157634,20432,106
be197b663520,be197b663520_green_preprocessed.png,be197b663520.png,1.5817192614459492,-1,153979,21080,107
7eeb191ad06b,7eeb191ad06b_green_preprocessed.png,7eeb191ad06b.png,1.5813377100393682,-1,152927,20450,108
a53d6d2472a6,a53d6d2472a6_green_preprocessed.png,a53d6d2472a6.png,1.5812321323550993,-1,152678,20014,109
c597ef460944,c597ef460944_green_preprocessed.png,c597ef460944.png,1.581017378478587,-1,783786,95817,110
51cd8d2057fa,51cd8d2057fa_green_preprocessed.png,51cd8d2057fa.png,1.580787592343223,-1,150714,20077,111
7f39c36469b5,7f39c36469b5_green_preprocessed.png,7f39c36469b5.png,1.5807677944886889,-1,153292,20160,112
60aa4e649abf,60aa4e649abf_green_preprocessed.png,60aa4e649abf.png,1.5802732176188221,-1,615046,53491,113
83517eaeccb9,83517eaeccb9_green_preprocessed.png,83517eaeccb9.png,1.5801554894415382,-1,152956,19877,114
bde1063a5dd7,bde1063a5dd7_green_preprocessed.png,bde1063a5dd7.png,1.5799566246048677,-1,760095,98364,115
33b978734eab,33b978734eab_green_preprocessed.png,33b978734eab.png,1.579334872873199,-1,317376,56847,116
38c7153457e2,38c7153457e2_green_preprocessed.png,38c7153457e2.png,1.5791332680177415,-1,151531,20261,117
a7c10ca6c117,a7c10ca6c117_green_preprocessed.png,a7c10ca6c117.png,1.5784222159956143,-1,151829,21448,118
7269a1d84a57,7269a1d84a57_green_preprocessed.png,7269a1d84a57.png,1.57763227737709,-1,339902,53213,119
2408799a09b2,2408799a09b2_green_preprocessed.png,2408799a09b2.png,1.5769520426582366,-1,152550,20137,120
b09101adb478,b09101adb478_green_preprocessed.png,b09101adb478.png,1.5765268230536753,-1,150556,19524,121
9095d43fb132,9095d43fb132_green_preprocessed.png,9095d43fb132.png,1.5764753557866573,-1,689010,71898,122
5bf3357a2823,5bf3357a2823_green_preprocessed.png,5bf3357a2823.png,1.5764622843953209,-1,265692,37283,123
25a0a1e41afd,25a0a1e41afd_green_preprocessed.png,25a0a1e41afd.png,1.5763428211338455,-1,145611,20316,124
66460ecab347,66460ecab347_green_preprocessed.png,66460ecab347.png,1.576106733872829,-1,400159,85103,125
6dc07f968794,6dc07f968794_green_preprocessed.png,6dc07f968794.png,1.5758143297849192,-1,149937,19539,126
a247961a5cd9,a247961a5cd9_green_preprocessed.png,a247961a5cd9.png,1.5757358630027327,-1,158294,20810,127
d4bc001f7224,d4bc001f7224_green_preprocessed.png,d4bc001f7224.png,1.5756424470322445,-1,370238,77493,128
8e67f2d7e0ee,8e67f2d7e0ee_green_preprocessed.png,8e67f2d7e0ee.png,1.5754326645367813,-1,146294,19178,129
2a2a6435f7f3,2a2a6435f7f3_green_preprocessed.png,2a2a6435f7f3.png,1.5752645324572274,-1,157460,20342,130
4c53cc97ea13,4c53cc97ea13_green_preprocessed.png,4c53cc97ea13.png,1.574938529026361,-1,301751,53402,131
cd8da43e3069,cd8da43e3069_green_preprocessed.png,cd8da43e3069.png,1.5743713025487431,-1,150829,20088,132
6fe67fd7f5d1,6fe67fd7f5d1_green_preprocessed.png,6fe67fd7f5d1.png,1.5737321948774694,-1,143515,19692,133
76516f828d88,76516f828d88_green_preprocessed.png,76516f828d88.png,1.5735628714908085,-1,147658,19224,134
1d74c4713e21,1d74c4713e21_green_preprocessed.png,1d74c4713e21.png,1.5734512621453574,-1,198428,28281,135
a1faeb4d5f10,a1faeb4d5f10_green_preprocessed.png,a1faeb4d5f10.png,1.573064756093061,-1,149509,18917,136
66393d8c60ba,66393d8c60ba_green_preprocessed.png,66393d8c60ba.png,1.571940121128053,-1,150235,19436,137
73d40ce06a67,73d40ce06a67_green_preprocessed.png,73d40ce06a67.png,1.5717575132533346,-1,153539,19235,138
4036471a1bb7,4036471a1bb7_green_preprocessed.png,4036471a1bb7.png,1.571454227911934,-1,338210,66195,139
4e231670b48c,4e231670b48c_green_preprocessed.png,4e231670b48c.png,1.5712366376583982,-1,145362,18949,140
6107a2e9f60e,6107a2e9f60e_green_preprocessed.png,6107a2e9f60e.png,1.570649574852028,-1,242651,26967,141
870f433e8f37,870f433e8f37_green_preprocessed.png,870f433e8f37.png,1.5705890689460553,-1,145923,19014,142
901a3552fe26,901a3552fe26_green_preprocessed.png,901a3552fe26.png,1.569768676960297,-1,147898,18634,143
966c07831334,966c07831334_green_preprocessed.png,966c07831334.png,1.5695318262386542,-1,145758,18974,144
8bf05909e1e1,8bf05909e1e1_green_preprocessed.png,8bf05909e1e1.png,1.5692158273819026,-1,149861,19863,145
705f508d1e42,705f508d1e42_green_preprocessed.png,705f508d1e42.png,1.5688438632883432,-1,148467,19123,146
80ed04a84a16,80ed04a84a16_green_preprocessed.png,80ed04a84a16.png,1.5687841908411757,-1,350761,67605,147
e1c02f6c3362,e1c02f6c3362_green_preprocessed.png,e1c02f6c3362.png,1.5685080370656899,-1,236851,30533,148
c6f5b5b5be41,c6f5b5b5be41_green_preprocessed.png,c6f5b5b5be41.png,1.568450838811507,-1,146870,19040,149
348598d01e18,348598d01e18_green_preprocessed.png,348598d01e18.png,1.5683779549530614,-1,138925,18941,150
35beb47fe159,35beb47fe159_green_preprocessed.png,35beb47fe159.png,1.5681870441023031,-1,144680,18716,151
2682e6da9050,2682e6da9050_green_preprocessed.png,2682e6da9050.png,1.568172605897427,-1,774838,94726,152
542964865b1e,542964865b1e_green_preprocessed.png,542964865b1e.png,1.5677807042805623,-1,144273,19050,153
549381330191,549381330191_green_preprocessed.png,549381330191.png,1.567732644868473,-1,140861,17987,154
6d6be4cfc73f,6d6be4cfc73f_green_preprocessed.png,6d6be4cfc73f.png,1.5677107201979872,-1,149296,19441,155
6653ad026901,6653ad026901_green_preprocessed.png,6653ad026901.png,1.5676358600595,-1,141545,18313,156
b9c7c5182075,b9c7c5182075_green_preprocessed.png,b9c7c5182075.png,1.567034022691965,-1,149622,19775,157
9fa02dfb5553,9fa02dfb5553_green_preprocessed.png,9fa02dfb5553.png,1.5668483877910413,-1,142981,18029,158
338326891d84,338326891d84_green_preprocessed.png,338326891d84.png,1.5665042206130262,-1,239416,32512,159
d6df4fe492ec,d6df4fe492ec_green_preprocessed.png,d6df4fe492ec.png,1.566014899452206,-1,145935,18062,160
a73d012c4c38,a73d012c4c38_green_preprocessed.png,a73d012c4c38.png,1.5654654487076403,-1,141255,19757,161
983c98354e9c,983c98354e9c_green_preprocessed.png,983c98354e9c.png,1.5649310949563517,-1,143169,18559,162
ba2ea9182090,ba2ea9182090_green_preprocessed.png,ba2ea9182090.png,1.5639661245914793,-1,144643,18827,163
cd01672507c9,cd01672507c9_green_preprocessed.png,cd01672507c9.png,1.5639604563143175,-1,651712,73303,164
5c817060c0ed,5c817060c0ed_green_preprocessed.png,5c817060c0ed.png,1.5638425242735314,-1,148528,18338,165
9c14ce27cbfc,9c14ce27cbfc_green_preprocessed.png,9c14ce27cbfc.png,1.5633108187493738,-1,179061,30263,166
7a06ea127e02,7a06ea127e02_green_preprocessed.png,7a06ea127e02.png,1.563299736713265,-1,141150,18328,167
c704bd669f36,c704bd669f36_green_preprocessed.png,c704bd669f36.png,1.563214530562752,-1,149966,18370,168
ad93d88c87ea,ad93d88c87ea_green_preprocessed.png,ad93d88c87ea.png,1.5631377692503587,-1,144022,17790,169
63c7b0265775,63c7b0265775_green_preprocessed.png,63c7b0265775.png,1.562929153294129,-1,230083,24429,170
dee31065f8fe,dee31065f8fe_green_preprocessed.png,dee31065f8fe.png,1.5621390229963734,-1,146970,18348,171
d9c9b9786da3,d9c9b9786da3_green_preprocessed.png,d9c9b9786da3.png,1.5621131891792823,-1,140640,18008,172
26cd40b57ad1,26cd40b57ad1_green_preprocessed.png,26cd40b57ad1.png,1.5618655130087034,-1,142913,17746,173
d774692d9919,d774692d9919_green_preprocessed.png,d774692d9919.png,1.5616683441865644,-1,142521,17516,174
de2eb5c8aa83,de2eb5c8aa83_green_preprocessed.png,de2eb5c8aa83.png,1.5615658727939274,-1,382906,78436,175
9ae54843c69a,9ae54843c69a_green_preprocessed.png,9ae54843c69a.png,1.561477333013393,-1,580773,52956,176
7a6495a39d87,7a6495a39d87_green_preprocessed.png,7a6495a39d87.png,1.561455462437565,-1,254621,31539,177
b22cc1bf0b8a,b22cc1bf0b8a_green_preprocessed.png,b22cc1bf0b8a.png,1.5612138899430463,-1,141477,18270,178
a77eb914b383,a77eb914b383_green_preprocessed.png,a77eb914b383.png,1.561206561638012,-1,62377,9482,179
a1edf0e66592,a1edf0e66592_green_preprocessed.png,a1edf0e66592.png,1.561028942222509,-1,142693,18190,180
75238d945315,75238d945315_green_preprocessed.png,75238d945315.png,1.560754286522562,-1,140846,18244,181
bacfa2b8e706,bacfa2b8e706_green_preprocessed.png,bacfa2b8e706.png,1.5606440216303021,-1,143509,18398,182
a95d9d61ddd4,a95d9d61ddd4_green_preprocessed.png,a95d9d61ddd4.png,1.559985096853605,-1,136530,17276,183
de55ed25e0e8,de55ed25e0e8_green_preprocessed.png,de55ed25e0e8.png,1.5599670840190234,-1,143967,18381,184
aeccef0bdc26,aeccef0bdc26_green_preprocessed.png,aeccef0bdc26.png,1.5597722848586875,-1,146241,17852,185
b70e7c26f51e,b70e7c26f51e_green_preprocessed.png,b70e7c26f51e.png,1.5593230606812603,-1,141946,18055,186
4210809074c1,4210809074c1_green_preprocessed.png,4210809074c1.png,1.5592807849627406,-1,147962,18694,187
26fc2358a38d,26fc2358a38d_green_preprocessed.png,26fc2358a38d.png,1.5589514361686634,-1,145016,18421,188
cc964bf04dbc,cc964bf04dbc_green_preprocessed.png,cc964bf04dbc.png,1.5589260079509182,-1,145892,18603,189
51af8a689511,51af8a689511_green_preprocessed.png,51af8a689511.png,1.5589221537688938,-1,144896,18575,190
c1819db0aece,c1819db0aece_green_preprocessed.png,c1819db0aece.png,1.5587767996442752,-1,133492,18413,191
aafe980edd0c,aafe980edd0c_green_preprocessed.png,aafe980edd0c.png,1.5587226545270798,-1,142134,18117,192
65dda202653d,65dda202653d_green_preprocessed.png,65dda202653d.png,1.5586067712224527,-1,813791,98097,193
4350a1b2f3cb,4350a1b2f3cb_green_preprocessed.png,4350a1b2f3cb.png,1.5583010696456105,-1,145229,18413,194
e246cd89e1cc,e246cd89e1cc_green_preprocessed.png,e246cd89e1cc.png,1.5580386572226852,-1,137814,17391,195
b66f23ffa730,b66f23ffa730_green_preprocessed.png,b66f23ffa730.png,1.557958072890286,-1,148333,18615,196
6a57a3db3eff,6a57a3db3eff_green_preprocessed.png,6a57a3db3eff.png,1.5579407177052074,-1,137205,18441,197
3b2b91590590,3b2b91590590_green_preprocessed.png,3b2b91590590.png,1.5579073424170014,-1,150323,18423,198
cfb17a7cc8d4,cfb17a7cc8d4_green_preprocessed.png,cfb17a7cc8d4.png,1.5578861366419698,-1,144195,17843,199
359bab5d784b,359bab5d784b_green_preprocessed.png,359bab5d784b.png,1.5578647221087867,-1,139799,17345,200
2209daf71aab,2209daf71aab_green_preprocessed.png,2209daf71aab.png,1.557819377899028,-1,682186,82503,201
840a06a9c690,840a06a9c690_green_preprocessed.png,840a06a9c690.png,1.5575106818489737,-1,144686,18068,202
52edbe29d655,52edbe29d655_green_preprocessed.png,52edbe29d655.png,1.5572472492186042,-1,144025,18744,203
4beeca5cc859,4beeca5cc859_green_preprocessed.png,4beeca5cc859.png,1.5572379112352062,-1,144183,18272,204
82e5bc01f8a4,82e5bc01f8a4_green_preprocessed.png,82e5bc01f8a4.png,1.5571244707775325,-1,145576,17299,205
c6916bc42016,c6916bc42016_green_preprocessed.png,c6916bc42016.png,1.5569789572766262,-1,144902,18436,206
3ce2f8a77a32,3ce2f8a77a32_green_preprocessed.png,3ce2f8a77a32.png,1.5567971488509607,-1,243318,34842,207
2974c6ad1d58,2974c6ad1d58_green_preprocessed.png,2974c6ad1d58.png,1.556706883259593,-1,145093,18083,208
1df1530b9b8d,1df1530b9b8d_green_preprocessed.png,1df1530b9b8d.png,1.556705541718402,-1,143615,17661,209
b351ae99413a,b351ae99413a_green_preprocessed.png,b351ae99413a.png,1.556643106156574,-1,138219,17688,210
274f4de2a59d,274f4de2a59d_green_preprocessed.png,274f4de2a59d.png,1.5563685594787355,-1,139512,17485,211
93d6d20a5ee3,93d6d20a5ee3_green_preprocessed.png,93d6d20a5ee3.png,1.5560962842182162,-1,142612,17786,212
76095c338728,76095c338728_green_preprocessed.png,76095c338728.png,1.5557336034877052,-1,138754,17949,213
b0acd3593310,b0acd3593310_green_preprocessed.png,b0acd3593310.png,1.5557297413166358,-1,624521,58828,214
d911dd40c63b,d911dd40c63b_green_preprocessed.png,d911dd40c63b.png,1.5550593817892822,-1,144787,18490,215
9be71d6d7e59,9be71d6d7e59_green_preprocessed.png,9be71d6d7e59.png,1.5550194542378086,-1,141080,17967,216
cd563556cb57,cd563556cb57_green_preprocessed.png,cd563556cb57.png,1.554867100586249,-1,63108,9419,217
b35cad8fe2d7,b35cad8fe2d7_green_preprocessed.png,b35cad8fe2d7.png,1.5548278932833808,-1,632459,73912,218
461fa5292fda,461fa5292fda_green_preprocessed.png,461fa5292fda.png,1.5547169786155755,-1,144037,18062,219
721214151233,721214151233_green_preprocessed.png,721214151233.png,1.554281341998556,-1,144176,17298,220
bac1744955c2,bac1744955c2_green_preprocessed.png,bac1744955c2.png,1.554266580326912,-1,147327,18025,221
aafb0c944f14,aafb0c944f14_green_preprocessed.png,aafb0c944f14.png,1.55379742985047,-1,143061,17260,222
87295c5fa1cc,87295c5fa1cc_green_preprocessed.png,87295c5fa1cc.png,1.5536770304055711,-1,149113,18192,223
1b862fb6f65d,1b862fb6f65d_green_preprocessed.png,1b862fb6f65d.png,1.5529910679999297,-1,136747,17421,224
4eaf2f81819d,4eaf2f81819d_green_preprocessed.png,4eaf2f81819d.png,1.5526307225564089,-1,142073,17368,225
691eeb59b4cb,691eeb59b4cb_green_preprocessed.png,691eeb59b4cb.png,1.552575044223698,-1,146216,17553,226
5814cbd2e9bf,5814cbd2e9bf_green_preprocessed.png,5814cbd2e9bf.png,1.55254918107857,-1,144501,17541,227
1e036f2e7095,1e036f2e7095_green_preprocessed.png,1e036f2e7095.png,1.552352871290401,-1,613022,56078,228
8329e80c10ac,8329e80c10ac_green_preprocessed.png,8329e80c10ac.png,1.5521454224806348,-1,144863,17479,229
2927665214e1,2927665214e1_green_preprocessed.png,2927665214e1.png,1.5520406160321272,-1,140909,17534,230
6110ecb3bb1c,6110ecb3bb1c_green_preprocessed.png,6110ecb3bb1c.png,1.552024951839764,-1,150798,18276,231
5a0fe0ee4301,5a0fe0ee4301_green_preprocessed.png,5a0fe0ee4301.png,1.5519031206973017,-1,135254,17551,232
a6356a3c5d11,a6356a3c5d11_green_preprocessed.png,a6356a3c5d11.png,1.5518319512383427,-1,734082,81442,233
a0adbe677508,a0adbe677508_green_preprocessed.png,a0adbe677508.png,1.5517822046679723,-1,141255,17889,234
c096131ad065,c096131ad065_green_preprocessed.png,c096131ad065.png,1.5516663010552088,-1,142038,17544,235
ae58ccb5905e,ae58ccb5905e_green_preprocessed.png,ae58ccb5905e.png,1.5516141274733841,-1,140066,17503,236
65a7fe9482fe,65a7fe9482fe_green_preprocessed.png,65a7fe9482fe.png,1.551558089942457,-1,140102,17171,237
4dd4a4bf2421,4dd4a4bf2421_green_preprocessed.png,4dd4a4bf2421.png,1.5513146820932306,-1,137558,17694,238
3908b3cfd620,3908b3cfd620_green_preprocessed.png,3908b3cfd620.png,1.5512355244079394,-1,141026,17239,239
42b9c1977681,42b9c1977681_green_preprocessed.png,42b9c1977681.png,1.5512266093364993,-1,144652,17367,240
8f9819752ca0,8f9819752ca0_green_preprocessed.png,8f9819752ca0.png,1.5511704171566196,-1,142966,17316,241
2d07162a13b1,2d07162a13b1_green_preprocessed.png,2d07162a13b1.png,1.5511329280511195,-1,417463,44090,242
aa94cc4bfd84,aa94cc4bfd84_green_preprocessed.png,aa94cc4bfd84.png,1.551122047354174,-1,139640,17836,243
44878f34e31f,44878f34e31f_green_preprocessed.png,44878f34e31f.png,1.551060193404104,-1,140215,17061,244
42c65af5ab16,42c65af5ab16_green_preprocessed.png,42c65af5ab16.png,1.5510154572809434,-1,286398,44422,245
63c0eafd6aa9,63c0eafd6aa9_green_preprocessed.png,63c0eafd6aa9.png,1.5507652152969718,-1,135050,17095,246
922586d86cd8,922586d86cd8_green_preprocessed.png,922586d86cd8.png,1.55066218384797,-1,141398,17143,247
68ddb15a74de,68ddb15a74de_green_preprocessed.png,68ddb15a74de.png,1.550657541300588,-1,140608,16961,248
c25e02b39c01,c25e02b39c01_green_preprocessed.png,c25e02b39c01.png,1.5505127526335318,-1,138949,17719,249
35ac70c0d08f,35ac70c0d08f_green_preprocessed.png,35ac70c0d08f.png,1.5505026731937241,-1,145519,17575,250
61a62b1dcc36,61a62b1dcc36_green_preprocessed.png,61a62b1dcc36.png,1.5499775132088103,-1,352029,67851,251
cb2201c226d6,cb2201c226d6_green_preprocessed.png,cb2201c226d6.png,1.5498260428073192,-1,141963,17230,252
415f2d2bd2a1,415f2d2bd2a1_green_preprocessed.png,415f2d2bd2a1.png,1.5496352884313416,-1,140790,18067,253
4a589edaea60,4a589edaea60_green_preprocessed.png,4a589edaea60.png,1.549533657902278,-1,143904,17788,254
5ba156a35ff2,5ba156a35ff2_green_preprocessed.png,5ba156a35ff2.png,1.548924783661285,-1,137909,16816,255
da9574d35b82,da9574d35b82_green_preprocessed.png,da9574d35b82.png,1.5486644411667725,-1,738383,91994,256
a70d0f12a641,a70d0f12a641_green_preprocessed.png,a70d0f12a641.png,1.5486418758304863,-1,145410,17259,257
92e3d608fd3c,92e3d608fd3c_green_preprocessed.png,92e3d608fd3c.png,1.5482996038704253,-1,148108,17100,258
37c523296d42,37c523296d42_green_preprocessed.png,37c523296d42.png,1.5482742732266659,-1,146019,17645,259
1c7a013eeba7,1c7a013eeba7_green_preprocessed.png,1c7a013eeba7.png,1.5482202204638773,-1,144020,17366,260
c334f8688b77,c334f8688b77_green_preprocessed.png,c334f8688b77.png,1.5481559104300273,-1,144565,17461,261
d16e59a2b33a,d16e59a2b33a_green_preprocessed.png,d16e59a2b33a.png,1.5479723444140656,-1,145166,18471,262
dfc7ec7db0e0,dfc7ec7db0e0_green_preprocessed.png,dfc7ec7db0e0.png,1.5479231413709862,-1,147950,17278,263
abbb8791785e,abbb8791785e_green_preprocessed.png,abbb8791785e.png,1.547885140617461,-1,139553,17491,264
2221cf5c7935,2221cf5c7935_green_preprocessed.png,2221cf5c7935.png,1.5477099599124975,-1,860648,127608,265
8c29a76fa08c,8c29a76fa08c_green_preprocessed.png,8c29a76fa08c.png,1.5475843969820828,-1,138476,17518,266
c62cef02efa2,c62cef02efa2_green_preprocessed.png,c62cef02efa2.png,1.5475134141675417,-1,142048,17160,267
8acdf12f412a,8acdf12f412a_green_preprocessed.png,8acdf12f412a.png,1.5474081213313844,-1,139849,16362,268
668a319c2d23,668a319c2d23_green_preprocessed.png,668a319c2d23.png,1.5472850382679895,-1,143936,17257,269
45693d027798,45693d027798_green_preprocessed.png,45693d027798.png,1.5472785211748614,-1,143934,16932,270
98441214557f,98441214557f_green_preprocessed.png,98441214557f.png,1.5470018110512058,-1,141883,17484,271
384e6c915722,384e6c915722_green_preprocessed.png,384e6c915722.png,1.5467574728711724,-1,825016,99720,272
6fe4751a3b42,6fe4751a3b42_green_preprocessed.png,6fe4751a3b42.png,1.546754204934222,-1,146526,17503,273
b7a1bb106051,b7a1bb106051_green_preprocessed.png,b7a1bb106051.png,1.5467277347355133,-1,138457,17035,274
a384e688e228,a384e688e228_green_preprocessed.png,a384e688e228.png,1.546641754331522,-1,141941,17262,275
65f69234c8a7,65f69234c8a7_green_preprocessed.png,65f69234c8a7.png,1.5465924969575986,-1,143210,17006,276
82088c6734e6,82088c6734e6_green_preprocessed.png,82088c6734e6.png,1.546525577780668,-1,134153,16381,277
875d2ffcbf47,875d2ffcbf47_green_preprocessed.png,875d2ffcbf47.png,1.5464461330053234,-1,144494,16832,278
c38dec54a9f7,c38dec54a9f7_green_preprocessed.png,c38dec54a9f7.png,1.546407736911291,-1,134603,16271,279
881ec6186e68,881ec6186e68_green_preprocessed.png,881ec6186e68.png,1.5461026758979357,-1,142502,16722,280
24de56d433cd,24de56d433cd_green_preprocessed.png,24de56d433cd.png,1.545961279711304,-1,142010,17343,281
59bd19c1c5bb,59bd19c1c5bb_green_preprocessed.png,59bd19c1c5bb.png,1.5456528359112636,-1,136789,17198,282
bb752b179751,bb752b179751_green_preprocessed.png,bb752b179751.png,1.5456046326386819,-1,142918,16721,283
726dff37edc0,726dff37edc0_green_preprocessed.png,726dff37edc0.png,1.5455044543188428,-1,59390,8553,284
5293576816aa,5293576816aa_green_preprocessed.png,5293576816aa.png,1.5453719046552563,-1,142587,17750,285
3bf2deaa5ef0,3bf2deaa5ef0_green_preprocessed.png,3bf2deaa5ef0.png,1.545303678440907,-1,141577,16525,286
e1b8acb1cea1,e1b8acb1cea1_green_preprocessed.png,e1b8acb1cea1.png,1.5452076150107819,-1,144435,17953,287
5995321563b7,5995321563b7_green_preprocessed.png,5995321563b7.png,1.5452011828328336,-1,136756,17115,288
883c6a184f16,883c6a184f16_green_preprocessed.png,883c6a184f16.png,1.5450776941710709,-1,143186,16876,289
d99dd99be001,d99dd99be001_green_preprocessed.png,d99dd99be001.png,1.5449373985697061,-1,136498,16693,290
3ca12e02dd4e,3ca12e02dd4e_green_preprocessed.png,3ca12e02dd4e.png,1.5449095493247311,-1,138041,16513,291
e04f3c6619a3,e04f3c6619a3_green_preprocessed.png,e04f3c6619a3.png,1.5448328832774383,-1,136126,16270,292
b9bc81fcb075,b9bc81fcb075_green_preprocessed.png,b9bc81fcb075.png,1.5447878130756498,-1,135725,16797,293
ae57c8630249,ae57c8630249_green_preprocessed.png,ae57c8630249.png,1.544768465297554,-1,138630,17388,294
d1b279cc02ae,d1b279cc02ae_green_preprocessed.png,d1b279cc02ae.png,1.544713175145551,-1,140689,16396,295
7a46cfa69bae,7a46cfa69bae_green_preprocessed.png,7a46cfa69bae.png,1.5447110935706923,-1,129725,16828,296
389552047476,389552047476_green_preprocessed.png,389552047476.png,1.5445743003554437,-1,141646,16971,297
5f4a8c074bd5,5f4a8c074bd5_green_preprocessed.png,5f4a8c074bd5.png,1.5445018136538036,-1,144008,17016,298
3132556f5352,3132556f5352_green_preprocessed.png,3132556f5352.png,1.544391465345627,-1,139905,16860,299
d7bc00091cfc,d7bc00091cfc_green_preprocessed.png,d7bc00091cfc.png,1.5443602737088444,-1,139163,16927,300
5db2e3a4594a,5db2e3a4594a_green_preprocessed.png,5db2e3a4594a.png,1.5443505158081197,-1,143043,17443,301
266fbefa58fb,266fbefa58fb_green_preprocessed.png,266fbefa58fb.png,1.5442960195972295,-1,139045,16729,302
c5a0e84e955d,c5a0e84e955d_green_preprocessed.png,c5a0e84e955d.png,1.5442494541366065,-1,307648,52161,303
331121c65e88,331121c65e88_green_preprocessed.png,331121c65e88.png,1.5441103210208889,-1,212025,27300,304
973b0facfa9b,973b0facfa9b_green_preprocessed.png,973b0facfa9b.png,1.5436533213596382,-1,143259,16797,305
7ad0c4975890,7ad0c4975890_green_preprocessed.png,7ad0c4975890.png,1.5435624660995177,-1,519617,69940,306
58a9e0d7f7af,58a9e0d7f7af_green_preprocessed.png,58a9e0d7f7af.png,1.5435296248474504,-1,140428,17262,307
8b568d47a1fd,8b568d47a1fd_green_preprocessed.png,8b568d47a1fd.png,1.5433547649960135,-1,140044,17714,308
94076a9fb9b5,94076a9fb9b5_green_preprocessed.png,94076a9fb9b5.png,1.543097116021717,-1,138257,17423,309
d51e5d7484ea,d51e5d7484ea_green_preprocessed.png,d51e5d7484ea.png,1.5430327313207552,-1,140885,17770,310
cd941e5bc659,cd941e5bc659_green_preprocessed.png,cd941e5bc659.png,1.542900100603363,-1,139434,17430,311
dec5595e6154,dec5595e6154_green_preprocessed.png,dec5595e6154.png,1.5428437319335149,-1,141504,16441,312
b7ce561a7328,b7ce561a7328_green_preprocessed.png,b7ce561a7328.png,1.5428310726713976,-1,135616,16565,313
c18a006f7f1d,c18a006f7f1d_green_preprocessed.png,c18a006f7f1d.png,1.542730797529962,-1,138314,17239,314
b46b09a45f39,b46b09a45f39_green_preprocessed.png,b46b09a45f39.png,1.5424304807094111,-1,141207,16877,315
3730c322d35b,3730c322d35b_green_preprocessed.png,3730c322d35b.png,1.542324979649699,-1,132345,16521,316
a484bdf85b4c,a484bdf85b4c_green_preprocessed.png,a484bdf85b4c.png,1.5422918864433854,-1,143715,16633,317
d27ac9e54901,d27ac9e54901_green_preprocessed.png,d27ac9e54901.png,1.542226096289069,-1,142054,17369,318
201f882365d3,201f882365d3_green_preprocessed.png,201f882365d3.png,1.5421148391443014,-1,56915,8260,319
8d9516ea3587,8d9516ea3587_green_preprocessed.png,8d9516ea3587.png,1.5420450373468657,-1,131597,16333,320
d30d079e6f9a,d30d079e6f9a_green_preprocessed.png,d30d079e6f9a.png,1.5418972632606531,-1,138443,16072,321
6f460f9968c7,6f460f9968c7_green_preprocessed.png,6f460f9968c7.png,1.5418663818233702,-1,143773,17068,322
4aa3d771c5e4,4aa3d771c5e4_green_preprocessed.png,4aa3d771c5e4.png,1.5418144043627364,-1,141558,17055,323
6e0f78e188ff,6e0f78e188ff_green_preprocessed.png,6e0f78e188ff.png,1.5417364544815466,-1,636259,73818,324
ce8d2efd9d4f,ce8d2efd9d4f_green_preprocessed.png,ce8d2efd9d4f.png,1.5416141398532233,-1,142268,16690,325
90a786abe58e,90a786abe58e_green_preprocessed.png,90a786abe58e.png,1.54151637659315,-1,137638,16462,326
4bd5d0b30198,4bd5d0b30198_green_preprocessed.png,4bd5d0b30198.png,1.5414453806513901,-1,135238,16463,327
4958bfcc9f38,4958bfcc9f38_green_preprocessed.png,4958bfcc9f38.png,1.5412565166625127,-1,139445,16251,328
9e2058917304,9e2058917304_green_preprocessed.png,9e2058917304.png,1.5412151867983985,-1,145188,16712,329
7fe7309d0b4f,7fe7309d0b4f_green_preprocessed.png,7fe7309d0b4f.png,1.5411446770758555,-1,147932,16887,330
c58e5c0c5b33,c58e5c0c5b33_green_preprocessed.png,c58e5c0c5b33.png,1.541048071517243,-1,133823,16269,331
d6dbb0820ea5,d6dbb0820ea5_green_preprocessed.png,d6dbb0820ea5.png,1.5408948096517945,-1,133940,16073,332
a8dea22ef903,a8dea22ef903_green_preprocessed.png,a8dea22ef903.png,1.5408508649252217,-1,137634,17109,333
29d059522fa1,29d059522fa1_green_preprocessed.png,29d059522fa1.png,1.5408423653893484,-1,143580,16815,334
e4a44f9158dc,e4a44f9158dc_green_preprocessed.png,e4a44f9158dc.png,1.5403815815145485,-1,142492,16285,335
5ca779ace6e7,5ca779ace6e7_green_preprocessed.png,5ca779ace6e7.png,1.5403699602269376,-1,142128,16970,336
5a444c32cd9a,5a444c32cd9a_green_preprocessed.png,5a444c32cd9a.png,1.5401575071690912,-1,131478,16611,337
4b237b958555,4b237b958555_green_preprocessed.png,4b237b958555.png,1.5400285348254716,-1,138777,16473,338
784d6d302f98,784d6d302f98_green_preprocessed.png,784d6d302f98.png,1.5399870183517463,-1,138871,16542,339
a0b7ad98df57,a0b7ad98df57_green_preprocessed.png,a0b7ad98df57.png,1.539718065617907,-1,138979,16565,340
d18f6431ebce,d18f6431ebce_green_preprocessed.png,d18f6431ebce.png,1.5397012657979294,-1,129656,16098,341
c5bec7f1e5f3,c5bec7f1e5f3_green_preprocessed.png,c5bec7f1e5f3.png,1.5395605403452728,-1,140865,16891,342
7fc3a8bb40de,7fc3a8bb40de_green_preprocessed.png,7fc3a8bb40de.png,1.539340253214095,-1,138162,16530,343
7e77b61e1639,7e77b61e1639_green_preprocessed.png,7e77b61e1639.png,1.5392943981643448,-1,140452,16999,344
2cacdb0dffae,2cacdb0dffae_green_preprocessed.png,2cacdb0dffae.png,1.5392516774059366,-1,136590,15958,345
6a2c3f4ef329,6a2c3f4ef329_green_preprocessed.png,6a2c3f4ef329.png,1.5391880772667543,-1,354741,40259,346
5e5275ddee29,5e5275ddee29_green_preprocessed.png,5e5275ddee29.png,1.5391851943002661,-1,141084,16708,347
cb39761f0712,cb39761f0712_green_preprocessed.png,cb39761f0712.png,1.5390434039790468,-1,143566,16448,348
5ad3dabeb2cd,5ad3dabeb2cd_green_preprocessed.png,5ad3dabeb2cd.png,1.5389414255202742,-1,135010,15939,349
dd285d9e97fe,dd285d9e97fe_green_preprocessed.png,dd285d9e97fe.png,1.5388795294852653,-1,133402,16053,350
83a63c4a3e4a,83a63c4a3e4a_green_preprocessed.png,83a63c4a3e4a.png,1.5388596668538985,-1,138053,16630,351
97a235367f9d,97a235367f9d_green_preprocessed.png,97a235367f9d.png,1.5386136267278627,-1,59604,8540,352
1fb455685328,1fb455685328_green_preprocessed.png,1fb455685328.png,1.5385390030044923,-1,138578,16139,353
43e9c66eb0f3,43e9c66eb0f3_green_preprocessed.png,43e9c66eb0f3.png,1.5384806384715903,-1,714347,78589,354
7828dd083cdc,7828dd083cdc_green_preprocessed.png,7828dd083cdc.png,1.5384616404926712,-1,136744,16633,355
596f4fdb0004,596f4fdb0004_green_preprocessed.png,596f4fdb0004.png,1.5383688758325198,-1,136845,16526,356
7a77c3eb468c,7a77c3eb468c_green_preprocessed.png,7a77c3eb468c.png,1.5383624963544638,-1,127594,15812,357
8d13c46e7d75,8d13c46e7d75_green_preprocessed.png,8d13c46e7d75.png,1.5383101811772026,-1,138747,16296,358
a61723fc38c2,a61723fc38c2_green_preprocessed.png,a61723fc38c2.png,1.5383019826089703,-1,144163,16535,359
6c3589d7ed8d,6c3589d7ed8d_green_preprocessed.png,6c3589d7ed8d.png,1.538301374135343,-1,139862,16318,360
2c77bf969079,2c77bf969079_green_preprocessed.png,2c77bf969079.png,1.5381723329667925,-1,598911,52449,361
1b398c0494d1,1b398c0494d1_green_preprocessed.png,1b398c0494d1.png,1.5378560643314951,-1,140643,16181,362
a2811f512c1c,a2811f512c1c_green_preprocessed.png,a2811f512c1c.png,1.5378354898679574,-1,142926,16006,363
beb2ad14fd2d,beb2ad14fd2d_green_preprocessed.png,beb2ad14fd2d.png,1.5378254293065978,-1,732721,88174,364
2a4520f1f9a3,2a4520f1f9a3_green_preprocessed.png,2a4520f1f9a3.png,1.5378150103666337,-1,137634,16364,365
43bc7c066dfb,43bc7c066dfb_green_preprocessed.png,43bc7c066dfb.png,1.5377504719350068,-1,136031,15724,366
71e43b4f8ba6,71e43b4f8ba6_green_preprocessed.png,71e43b4f8ba6.png,1.5375846053176487,-1,144665,17038,367
bda91b76095b,bda91b76095b_green_preprocessed.png,bda91b76095b.png,1.537454628753667,-1,217895,25330,368
9a1029536d78,9a1029536d78_green_preprocessed.png,9a1029536d78.png,1.537426061637492,-1,138530,16580,369
2dc647e00ad3,2dc647e00ad3_green_preprocessed.png,2dc647e00ad3.png,1.5374027202720306,-1,603249,62126,370
ce6f33a81ad5,ce6f33a81ad5_green_preprocessed.png,ce6f33a81ad5.png,1.5373916521800643,-1,136899,16216,371
6324d77cf926,6324d77cf926_green_preprocessed.png,6324d77cf926.png,1.5373182797188505,-1,141366,16718,372
894a37fc3738,894a37fc3738_green_preprocessed.png,894a37fc3738.png,1.5372422918853863,-1,335153,61556,373
ae20112e7a1e,ae20112e7a1e_green_preprocessed.png,ae20112e7a1e.png,1.5371031368481818,-1,60297,8916,374
6852f4531591,6852f4531591_green_preprocessed.png,6852f4531591.png,1.5369102288829857,-1,139791,16779,375
cad5b1a82e60,cad5b1a82e60_green_preprocessed.png,cad5b1a82e60.png,1.5368887535150313,-1,244276,36161,376
cc671a73e1cb,cc671a73e1cb_green_preprocessed.png,cc671a73e1cb.png,1.5367451129583276,-1,137297,16097,377
b0f0fa677d5f,b0f0fa677d5f_green_preprocessed.png,b0f0fa677d5f.png,1.5367415772040909,-1,140502,16266,378
cb0cc98d7e35,cb0cc98d7e35_green_preprocessed.png,cb0cc98d7e35.png,1.5365592292147259,-1,587068,90972,379
565f3404f9b2,565f3404f9b2_green_preprocessed.png,565f3404f9b2.png,1.5364394486338635,-1,134107,16218,380
68987fb159ab,68987fb159ab_green_preprocessed.png,68987fb159ab.png,1.5363365562007059,-1,138376,15863,381
7af4d8704032,7af4d8704032_green_preprocessed.png,7af4d8704032.png,1.5361563179057656,-1,127066,15609,382
8344c783da65,8344c783da65_green_preprocessed.png,8344c783da65.png,1.536022383592766,-1,133936,15936,383
5321ab64f9ea,5321ab64f9ea_green_preprocessed.png,5321ab64f9ea.png,1.53593674763006,-1,135983,16101,384
a88365134c3c,a88365134c3c_green_preprocessed.png,a88365134c3c.png,1.53593556190037,-1,138697,16090,385
ab686895533e,ab686895533e_green_preprocessed.png,ab686895533e.png,1.5358944955930542,-1,135488,15693,386
7eee3d1f1268,7eee3d1f1268_green_preprocessed.png,7eee3d1f1268.png,1.5358450894151958,-1,466367,56076,387
5889a0c75cac,5889a0c75cac_green_preprocessed.png,5889a0c75cac.png,1.5358389617956916,-1,135234,15804,388
7ed4128b2a4e,7ed4128b2a4e_green_preprocessed.png,7ed4128b2a4e.png,1.535828362274742,-1,138852,16226,389
b7bd4a6627b6,b7bd4a6627b6_green_preprocessed.png,b7bd4a6627b6.png,1.5357967760843738,-1,134344,16254,390
e29e54ff921e,e29e54ff921e_green_preprocessed.png,e29e54ff921e.png,1.5357651701714916,-1,134845,16905,391
ad312ca98202,ad312ca98202_green_preprocessed.png,ad312ca98202.png,1.5355638208936595,-1,136831,15966,392
475300735b7f,475300735b7f_green_preprocessed.png,475300735b7f.png,1.5355390499716646,-1,137551,15941,393
53273d664cd8,53273d664cd8_green_preprocessed.png,53273d664cd8.png,1.5354718145711463,-1,138259,16459,394
7adfb8fc0621,7adfb8fc0621_green_preprocessed.png,7adfb8fc0621.png,1.53538373383762,-1,138677,16169,395
e0d229db881a,e0d229db881a_green_preprocessed.png,e0d229db881a.png,1.5352228044642562,-1,133991,15941,396
504a69096fcb,504a69096fcb_green_preprocessed.png,504a69096fcb.png,1.5351559704729,-1,137916,16904,397
b5a3ca5c0a80,b5a3ca5c0a80_green_preprocessed.png,b5a3ca5c0a80.png,1.5350939936847026,-1,140802,15772,398
5b994ff78547,5b994ff78547_green_preprocessed.png,5b994ff78547.png,1.5350939284162668,-1,136286,16138,399
b5b913358b32,b5b913358b32_green_preprocessed.png,b5b913358b32.png,1.5350821687348597,-1,136700,16517,400
5a179c123fd8,5a179c123fd8_green_preprocessed.png,5a179c123fd8.png,1.5350631864230073,-1,64070,9761,401
405085b53d7b,405085b53d7b_green_preprocessed.png,405085b53d7b.png,1.5350340896459553,-1,133142,15414,402
e4d3d437b0a8,e4d3d437b0a8_green_preprocessed.png,e4d3d437b0a8.png,1.5349961637000147,-1,135601,16060,403
8a482c024fc2,8a482c024fc2_green_preprocessed.png,8a482c024fc2.png,1.5349482635203051,-1,132891,15853,404
7ccf9d25dc48,7ccf9d25dc48_green_preprocessed.png,7ccf9d25dc48.png,1.5344740320952193,-1,136735,16163,405
902dc5a91a3f,902dc5a91a3f_green_preprocessed.png,902dc5a91a3f.png,1.53443148196004,-1,137959,15412,406
a0fd94e2ad76,a0fd94e2ad76_green_preprocessed.png,a0fd94e2ad76.png,1.5341891503787533,-1,124288,15947,407
d1ca85af57c9,d1ca85af57c9_green_preprocessed.png,d1ca85af57c9.png,1.5341885018626704,-1,131855,15506,408
d02b79fc3200,d02b79fc3200_green_preprocessed.png,d02b79fc3200.png,1.5341301606926232,-1,141422,16384,409
8241e43408a8,8241e43408a8_green_preprocessed.png,8241e43408a8.png,1.5339679996219044,-1,133144,15987,410
4d167ca69ea8,4d167ca69ea8_green_preprocessed.png,4d167ca69ea8.png,1.5339370258354648,-1,133798,15693,411
5728b8aa98ef,5728b8aa98ef_green_preprocessed.png,5728b8aa98ef.png,1.5339045408403755,-1,133707,16203,412
3486f7096276,3486f7096276_green_preprocessed.png,3486f7096276.png,1.5338463359434236,-1,631974,65726,413
5d5b5da5f939,5d5b5da5f939_green_preprocessed.png,5d5b5da5f939.png,1.5338085520263638,-1,142561,16137,414
878e356c8fc9,878e356c8fc9_green_preprocessed.png,878e356c8fc9.png,1.533797038306183,-1,137530,16335,415
496155f71d0a,496155f71d0a_green_preprocessed.png,496155f71d0a.png,1.5336831344800974,-1,136956,16390,416
b72a86d61959,b72a86d61959_green_preprocessed.png,b72a86d61959.png,1.533659494956007,-1,138085,15385,417
4ab8c0cece7f,4ab8c0cece7f_green_preprocessed.png,4ab8c0cece7f.png,1.5336401883646669,-1,135257,17584,418
81914ceb4e74,81914ceb4e74_green_preprocessed.png,81914ceb4e74.png,1.5336029699504232,-1,135319,15995,419
92587e494d51,92587e494d51_green_preprocessed.png,92587e494d51.png,1.5334439337028019,-1,212889,29630,420
6f689fced922,6f689fced922_green_preprocessed.png,6f689fced922.png,1.533421326551682,-1,142298,16239,421
941d874c8afb,941d874c8afb_green_preprocessed.png,941d874c8afb.png,1.5334040543156862,-1,120942,16100,422
4464bb62bf20,4464bb62bf20_green_preprocessed.png,4464bb62bf20.png,1.5334026002391181,-1,771018,104024,423
1da4a17c18c9,1da4a17c18c9_green_preprocessed.png,1da4a17c18c9.png,1.5333779007399337,-1,139929,16065,424
c0a117de7d0a,c0a117de7d0a_green_preprocessed.png,c0a117de7d0a.png,1.5333342011103948,-1,214856,26726,425
a86128b601a7,a86128b601a7_green_preprocessed.png,a86128b601a7.png,1.533277176441701,-1,129183,15446,426
75369248dba0,75369248dba0_green_preprocessed.png,75369248dba0.png,1.5332687435675396,-1,135325,15752,427
41960d5f58c2,41960d5f58c2_green_preprocessed.png,41960d5f58c2.png,1.5331913667681718,-1,765682,101186,428
3710ff45299c,3710ff45299c_green_preprocessed.png,3710ff45299c.png,1.5330728393296662,-1,142638,15921,429
b8dab47a260e,b8dab47a260e_green_preprocessed.png,b8dab47a260e.png,1.53288500645592,-1,133696,15997,430
b3a994760537,b3a994760537_green_preprocessed.png,b3a994760537.png,1.5328467174427078,-1,138937,15621,431
5eb8fb1aad41,5eb8fb1aad41_green_preprocessed.png,5eb8fb1aad41.png,1.5327774621118262,-1,133756,16268,432
75a071608ea6,75a071608ea6_green_preprocessed.png,75a071608ea6.png,1.5326029331634525,-1,140115,15578,433
1c13a1483f4a,1c13a1483f4a_green_preprocessed.png,1c13a1483f4a.png,1.5325136836332633,-1,137065,15973,434
8a8a251770cd,8a8a251770cd_green_preprocessed.png,8a8a251770cd.png,1.5324753400487205,-1,121401,15135,435
3b10191dfd25,3b10191dfd25_green_preprocessed.png,3b10191dfd25.png,1.532460747831931,-1,62876,9199,436
dccdf750c962,dccdf750c962_green_preprocessed.png,dccdf750c962.png,1.5322176834577583,-1,135904,15774,437
d807c53c1399,d807c53c1399_green_preprocessed.png,d807c53c1399.png,1.532216398211678,-1,137653,15988,438
77b7b71ebcc3,77b7b71ebcc3_green_preprocessed.png,77b7b71ebcc3.png,1.5320891868729438,-1,138444,15572,439
4bcee3cbe232,4bcee3cbe232_green_preprocessed.png,4bcee3cbe232.png,1.532056207228214,-1,141847,15880,440
a1eb88562239,a1eb88562239_green_preprocessed.png,a1eb88562239.png,1.531934142304622,-1,126192,15610,441
aa8a1e814811,aa8a1e814811_green_preprocessed.png,aa8a1e814811.png,1.5319074327471813,-1,128172,15944,442
946545473380,946545473380_green_preprocessed.png,946545473380.png,1.5318719544300496,-1,132159,15845,443
cfdbaef73a8b,cfdbaef73a8b_green_preprocessed.png,cfdbaef73a8b.png,1.531848226913993,-1,60674,8801,444
77acc2cafee1,77acc2cafee1_green_preprocessed.png,77acc2cafee1.png,1.531776184216626,-1,125161,15574,445
942f544c4e15,942f544c4e15_green_preprocessed.png,942f544c4e15.png,1.5316571050954146,-1,136765,15320,446
dce73d90c00c,dce73d90c00c_green_preprocessed.png,dce73d90c00c.png,1.5315862082436462,-1,129276,15536,447
7c2e852171c0,7c2e852171c0_green_preprocessed.png,7c2e852171c0.png,1.5315856681677755,-1,139650,16352,448
c1437a7a52c9,c1437a7a52c9_green_preprocessed.png,c1437a7a52c9.png,1.5315161945776528,-1,511701,55846,449
88e4399d207c,88e4399d207c_green_preprocessed.png,88e4399d207c.png,1.5314293933740373,-1,137765,15791,450
d6803e467592,d6803e467592_green_preprocessed.png,d6803e467592.png,1.5313399903930807,-1,129139,16071,451
b0c9a492e068,b0c9a492e068_green_preprocessed.png,b0c9a492e068.png,1.5313033319988085,-1,598765,51179,452
949710bead24,949710bead24_green_preprocessed.png,949710bead24.png,1.5310861668002003,-1,134903,15993,453
8af50c9d0a86,8af50c9d0a86_green_preprocessed.png,8af50c9d0a86.png,1.5310117034382507,-1,207006,20684,454
b8297a2291f5,b8297a2291f5_green_preprocessed.png,b8297a2291f5.png,1.530900146364271,-1,131904,15540,455
bd500a73beae,bd500a73beae_green_preprocessed.png,bd500a73beae.png,1.5308899491815275,-1,129487,15731,456
d69698f838db,d69698f838db_green_preprocessed.png,d69698f838db.png,1.5307788705154035,-1,137315,15969,457
6f0e5848d9ce,6f0e5848d9ce_green_preprocessed.png,6f0e5848d9ce.png,1.530766156822353,-1,140957,16098,458
35df2bc6ae95,35df2bc6ae95_green_preprocessed.png,35df2bc6ae95.png,1.5307549332475392,-1,134278,15264,459
bf87aedf2489,bf87aedf2489_green_preprocessed.png,bf87aedf2489.png,1.5307161947286525,-1,133760,15300,460
35cd9832fc0a,35cd9832fc0a_green_preprocessed.png,35cd9832fc0a.png,1.5307016224851595,-1,133525,15938,461
b77b88926843,b77b88926843_green_preprocessed.png,b77b88926843.png,1.5304510421598592,-1,133843,15859,462
42af7282349b,42af7282349b_green_preprocessed.png,42af7282349b.png,1.5304357606646588,-1,521628,57830,463
d3dfd0a2dee6,d3dfd0a2dee6_green_preprocessed.png,d3dfd0a2dee6.png,1.5304295009687126,-1,186602,24244,464
bdf47b9f10c4,bdf47b9f10c4_green_preprocessed.png,bdf47b9f10c4.png,1.5304218114634474,-1,133336,15852,465
401fdfd0db07,401fdfd0db07_green_preprocessed.png,401fdfd0db07.png,1.5303495880240456,-1,124606,15278,466
9bbb6c455913,9bbb6c455913_green_preprocessed.png,9bbb6c455913.png,1.5302647110259273,-1,137410,16692,467
2eba4279e503,2eba4279e503_green_preprocessed.png,2eba4279e503.png,1.5302555401985392,-1,133012,16102,468
6504b703c429,6504b703c429_green_preprocessed.png,6504b703c429.png,1.530197304036676,-1,137643,15652,469
bd06028eb7dd,bd06028eb7dd_green_preprocessed.png,bd06028eb7dd.png,1.530161446693505,-1,134998,16068,470
4927945ecfed,4927945ecfed_green_preprocessed.png,4927945ecfed.png,1.5299315155958677,-1,137961,16014,471
aa4407aab872,aa4407aab872_green_preprocessed.png,aa4407aab872.png,1.5299291748823567,-1,142712,15949,472
4ffa38550c95,4ffa38550c95_green_preprocessed.png,4ffa38550c95.png,1.5298110458973462,-1,207844,27297,473
1ca35d483772,1ca35d483772_green_preprocessed.png,1ca35d483772.png,1.5296871662331681,-1,131440,15880,474
ba4e62c11cc0,ba4e62c11cc0_green_preprocessed.png,ba4e62c11cc0.png,1.5296355247960935,-1,138239,16096,475
aa10a4b2e709,aa10a4b2e709_green_preprocessed.png,aa10a4b2e709.png,1.5291742238104737,-1,137943,16555,476
cb68fce07789,cb68fce07789_green_preprocessed.png,cb68fce07789.png,1.5291611754260812,-1,136346,15710,477
650104ede84c,650104ede84c_green_preprocessed.png,650104ede84c.png,1.5291561447241935,-1,132882,15726,478
a26f50218b84,a26f50218b84_green_preprocessed.png,a26f50218b84.png,1.5290798935257472,-1,60341,8093,479
8a81f62320d6,8a81f62320d6_green_preprocessed.png,8a81f62320d6.png,1.5289875693443884,-1,128677,15405,480
7214fc7cbe03,7214fc7cbe03_green_preprocessed.png,7214fc7cbe03.png,1.528980589089214,-1,366444,69893,481
1c47815f4a6b,1c47815f4a6b_green_preprocessed.png,1c47815f4a6b.png,1.5288712282234191,-1,203623,20936,482
bf7b4eae7ad0,bf7b4eae7ad0_green_preprocessed.png,bf7b4eae7ad0.png,1.5288031933011732,-1,133975,15452,483
c06024f05a16,c06024f05a16_green_preprocessed.png,c06024f05a16.png,1.5287205144470633,-1,128331,16036,484
252305189b3a,252305189b3a_green_preprocessed.png,252305189b3a.png,1.528528962411294,-1,130337,15194,485
a646c084928c,a646c084928c_green_preprocessed.png,a646c084928c.png,1.5285022296745312,-1,134577,15851,486
9985375d709f,9985375d709f_green_preprocessed.png,9985375d709f.png,1.5283705620166774,-1,142319,16194,487
58af2c054ced,58af2c054ced_green_preprocessed.png,58af2c054ced.png,1.5283644200282454,-1,131118,15863,488
5ea9e447bb62,5ea9e447bb62_green_preprocessed.png,5ea9e447bb62.png,1.528338123878973,-1,130417,16184,489
780f9daaa24b,780f9daaa24b_green_preprocessed.png,780f9daaa24b.png,1.5281312626394326,-1,135792,15689,490
4403538fb50f,4403538fb50f_green_preprocessed.png,4403538fb50f.png,1.5281227857658415,-1,128822,15727,491
3f6bccf21ce8,3f6bccf21ce8_green_preprocessed.png,3f6bccf21ce8.png,1.5280770744219494,-1,136645,15756,492
d39752cb6e57,d39752cb6e57_green_preprocessed.png,d39752cb6e57.png,1.5279380982430162,-1,133631,15678,493
6dc0281f11e3,6dc0281f11e3_green_preprocessed.png,6dc0281f11e3.png,1.52792204120608,-1,137869,15662,494
328d141ed3aa,328d141ed3aa_green_preprocessed.png,328d141ed3aa.png,1.5279153097399052,-1,136376,15415,495
8010c931321f,8010c931321f_green_preprocessed.png,8010c931321f.png,1.5276894424747025,-1,133860,15654,496
80e6e425f966,80e6e425f966_green_preprocessed.png,80e6e425f966.png,1.5276793145901315,-1,133754,15762,497
d6b109c82067,d6b109c82067_green_preprocessed.png,d6b109c82067.png,1.5276625868282254,-1,134584,15675,498
5a93c0f783c4,5a93c0f783c4_green_preprocessed.png,5a93c0f783c4.png,1.5276191453658767,-1,61284,8596,499
930fee99213a,930fee99213a_green_preprocessed.png,930fee99213a.png,1.5275456078368383,-1,125930,15231,500
2b3a4a81d748,2b3a4a81d748_green_preprocessed.png,2b3a4a81d748.png,1.527532167520595,-1,119069,15531,501
d26bc6e1230d,d26bc6e1230d_green_preprocessed.png,d26bc6e1230d.png,1.5274703486218355,-1,124714,15283,502
4faf4063db8c,4faf4063db8c_green_preprocessed.png,4faf4063db8c.png,1.527433176146808,-1,140073,15549,503
bf811911acf9,bf811911acf9_green_preprocessed.png,bf811911acf9.png,1.5274278791339855,-1,137937,15608,504
cae33655ca00,cae33655ca00_green_preprocessed.png,cae33655ca00.png,1.527387756411427,-1,128765,15573,505
39f8935185e6,39f8935185e6_green_preprocessed.png,39f8935185e6.png,1.5272604260671276,-1,140132,15828,506
916915f01e17,916915f01e17_green_preprocessed.png,916915f01e17.png,1.5272267661234047,-1,132955,15452,507
63b71347e95d,63b71347e95d_green_preprocessed.png,63b71347e95d.png,1.5272003400755412,-1,134841,16049,508
d5ad3362424c,d5ad3362424c_green_preprocessed.png,d5ad3362424c.png,1.5271464264930308,-1,525213,50146,509
763ad1236efe,763ad1236efe_green_preprocessed.png,763ad1236efe.png,1.5270685837023819,-1,133247,15443,510
a654b25124c3,a654b25124c3_green_preprocessed.png,a654b25124c3.png,1.5269471977696643,-1,133842,15547,511
a76132e79688,a76132e79688_green_preprocessed.png,a76132e79688.png,1.5268448385878042,-1,130678,15317,512
cf8ae5501bd6,cf8ae5501bd6_green_preprocessed.png,cf8ae5501bd6.png,1.5267399397722896,-1,140485,15499,513
88e5051f65bd,88e5051f65bd_green_preprocessed.png,88e5051f65bd.png,1.5267205848217436,-1,255313,35426,514
8b8fe3fc8950,8b8fe3fc8950_green_preprocessed.png,8b8fe3fc8950.png,1.5264721541869446,-1,59684,8555,515
3232b34cbe99,3232b34cbe99_green_preprocessed.png,3232b34cbe99.png,1.5264422451889352,-1,134048,14958,516
e1dc02a3dc2a,e1dc02a3dc2a_green_preprocessed.png,e1dc02a3dc2a.png,1.526328283808823,-1,132508,15467,517
ac1667fac512,ac1667fac512_green_preprocessed.png,ac1667fac512.png,1.5262488902516211,-1,137504,15713,518
28dc010a0780,28dc010a0780_green_preprocessed.png,28dc010a0780.png,1.526217921943242,-1,128139,15101,519
5cbe88914a72,5cbe88914a72_green_preprocessed.png,5cbe88914a72.png,1.5261961312107666,-1,132833,15905,520
7a39c91416e2,7a39c91416e2_green_preprocessed.png,7a39c91416e2.png,1.5260362562628302,-1,128880,15167,521
97d02a9b94f7,97d02a9b94f7_green_preprocessed.png,97d02a9b94f7.png,1.5259246841820004,-1,135126,15303,522
9c514d2d5b3f,9c514d2d5b3f_green_preprocessed.png,9c514d2d5b3f.png,1.525506511700442,-1,132532,15353,523
d5c63a8d9e94,d5c63a8d9e94_green_preprocessed.png,d5c63a8d9e94.png,1.5254707888132377,-1,136537,15490,524
571bbdbf585e,571bbdbf585e_green_preprocessed.png,571bbdbf585e.png,1.525461978104426,-1,130585,15461,525
9122b31414d3,9122b31414d3_green_preprocessed.png,9122b31414d3.png,1.5254450980699328,-1,122289,14802,526
b835b6e31a59,b835b6e31a59_green_preprocessed.png,b835b6e31a59.png,1.525402444233582,-1,131715,15278,527
780be525036d,780be525036d_green_preprocessed.png,780be525036d.png,1.5253885477163416,-1,137173,15592,528
4926dea289f8,4926dea289f8_green_preprocessed.png,4926dea289f8.png,1.525356934806736,-1,134932,15489,529
2ef4a04aed1b,2ef4a04aed1b_green_preprocessed.png,2ef4a04aed1b.png,1.5252186409230015,-1,134270,15441,530
912fbe06407e,912fbe06407e_green_preprocessed.png,912fbe06407e.png,1.5251918247878158,-1,135900,15129,531
3cab32dd6ef9,3cab32dd6ef9_green_preprocessed.png,3cab32dd6ef9.png,1.525175361072269,-1,133793,15458,532
52ddde91a349,52ddde91a349_green_preprocessed.png,52ddde91a349.png,1.5251210771520145,-1,134477,15141,533
2c827005b8f8,2c827005b8f8_green_preprocessed.png,2c827005b8f8.png,1.5250615398949416,-1,132233,15240,534
acf976efd7ce,acf976efd7ce_green_preprocessed.png,acf976efd7ce.png,1.5250233120303882,-1,133612,15479,535
d88c4843aec3,d88c4843aec3_green_preprocessed.png,d88c4843aec3.png,1.5249536843240419,-1,137757,15457,536
207dd0487264,207dd0487264_green_preprocessed.png,207dd0487264.png,1.5248823620912024,-1,135195,16094,537
c24bcf7a1bc4,c24bcf7a1bc4_green_preprocessed.png,c24bcf7a1bc4.png,1.5247135734542925,-1,134219,15870,538
883ddb650967,883ddb650967_green_preprocessed.png,883ddb650967.png,1.5246736990901975,-1,133177,15072,539
8660e1864665,8660e1864665_green_preprocessed.png,8660e1864665.png,1.524551082769786,-1,140279,15458,540
6d4f6c9a8406,6d4f6c9a8406_green_preprocessed.png,6d4f6c9a8406.png,1.5244563924721475,-1,138378,15302,541
83038ca49b6d,83038ca49b6d_green_preprocessed.png,83038ca49b6d.png,1.5243919100523313,-1,125011,15480,542
4d3de40ced3a,4d3de40ced3a_green_preprocessed.png,4d3de40ced3a.png,1.5243353298571403,-1,124817,15035,543
6bb30ec3231a,6bb30ec3231a_green_preprocessed.png,6bb30ec3231a.png,1.5242663059745578,-1,130799,15398,544
8d4d14a4ab07,8d4d14a4ab07_green_preprocessed.png,8d4d14a4ab07.png,1.5241996684674202,-1,126502,14908,545
b7983cb3f270,b7983cb3f270_green_preprocessed.png,b7983cb3f270.png,1.5241488254807076,-1,130205,15485,546
c56293f53191,c56293f53191_green_preprocessed.png,c56293f53191.png,1.524137767999067,-1,131136,14865,547
880edb2cdb69,880edb2cdb69_green_preprocessed.png,880edb2cdb69.png,1.5241179959935083,-1,129243,14827,548
4e4a6224a04e,4e4a6224a04e_green_preprocessed.png,4e4a6224a04e.png,1.5239790115962004,-1,136700,15538,549
84b4da14bc23,84b4da14bc23_green_preprocessed.png,84b4da14bc23.png,1.5238462810211908,-1,132039,15349,550
7e980424868e,7e980424868e_green_preprocessed.png,7e980424868e.png,1.5238378388862446,-1,128440,15352,551
996f9bba4ef0,996f9bba4ef0_green_preprocessed.png,996f9bba4ef0.png,1.5237719132755572,-1,130678,15337,552
6c9c902a97de,6c9c902a97de_green_preprocessed.png,6c9c902a97de.png,1.523598221232963,-1,135174,15470,553
9232dc06cfdc,9232dc06cfdc_green_preprocessed.png,9232dc06cfdc.png,1.5235907802909248,-1,131891,15807,554
5b3d41626ec5,5b3d41626ec5_green_preprocessed.png,5b3d41626ec5.png,1.5235816139538645,-1,134981,15337,555
d38cf0f4a9af,d38cf0f4a9af_green_preprocessed.png,d38cf0f4a9af.png,1.5234853719655788,-1,133761,14939,556
e30a890600e1,e30a890600e1_green_preprocessed.png,e30a890600e1.png,1.5234113539743712,-1,60154,8403,557
1d3e9b939732,1d3e9b939732_green_preprocessed.png,1d3e9b939732.png,1.523393521158002,-1,130233,14934,558
8693ab1fd2be,8693ab1fd2be_green_preprocessed.png,8693ab1fd2be.png,1.5232584270507739,-1,59465,8632,559
2dd28ac497d2,2dd28ac497d2_green_preprocessed.png,2dd28ac497d2.png,1.5229979100421163,-1,133310,15233,560
6e44f6d04fc9,6e44f6d04fc9_green_preprocessed.png,6e44f6d04fc9.png,1.522797468372491,-1,130988,14922,561
a987aa7aac37,a987aa7aac37_green_preprocessed.png,a987aa7aac37.png,1.5227921011442294,-1,134838,15379,562
6d6fcf49e515,6d6fcf49e515_green_preprocessed.png,6d6fcf49e515.png,1.5227725368661262,-1,129772,15557,563
7b87b0015282,7b87b0015282_green_preprocessed.png,7b87b0015282.png,1.5227673014074383,-1,133177,15179,564
8dafa62f9322,8dafa62f9322_green_preprocessed.png,8dafa62f9322.png,1.522663789645384,-1,127509,15654,565
8e76054f0831,8e76054f0831_green_preprocessed.png,8e76054f0831.png,1.5226142494037125,-1,132813,15532,566
837acf120946,837acf120946_green_preprocessed.png,837acf120946.png,1.5223490828970636,-1,57383,8145,567
bd34a0639575,bd34a0639575_green_preprocessed.png,bd34a0639575.png,1.522087055367983,-1,132894,15301,568
462937ece243,462937ece243_green_preprocessed.png,462937ece243.png,1.5218104717443584,-1,126404,15092,569
d2dc86021c67,d2dc86021c67_green_preprocessed.png,d2dc86021c67.png,1.5217859025199023,-1,130781,15135,570
da3a2275c850,da3a2275c850_green_preprocessed.png,da3a2275c850.png,1.521700652278518,-1,128737,14715,571
6966abf40b8c,6966abf40b8c_green_preprocessed.png,6966abf40b8c.png,1.5215262759941952,-1,117758,14867,572
3f98be586fe3,3f98be586fe3_green_preprocessed.png,3f98be586fe3.png,1.5214293212285073,-1,136325,14696,573
86d58f850a0c,86d58f850a0c_green_preprocessed.png,86d58f850a0c.png,1.5213748283551027,-1,61019,8412,574
8ed586c43023,8ed586c43023_green_preprocessed.png,8ed586c43023.png,1.5212971059238205,-1,137593,15323,575
80b5697f2a5e,80b5697f2a5e_green_preprocessed.png,80b5697f2a5e.png,1.5212888186380396,-1,126141,15017,576
c9e697117f3f,c9e697117f3f_green_preprocessed.png,c9e697117f3f.png,1.5212041397598417,-1,133010,15764,577
51aa3361294c,51aa3361294c_green_preprocessed.png,51aa3361294c.png,1.5208611829354624,-1,61467,9037,578
937bc1b924b1,937bc1b924b1_green_preprocessed.png,937bc1b924b1.png,1.5208233823838355,-1,130153,14777,579
93a1b984de84,93a1b984de84_green_preprocessed.png,93a1b984de84.png,1.5207853507385478,-1,132994,15419,580
5d6239c0fd39,5d6239c0fd39_green_preprocessed.png,5d6239c0fd39.png,1.520723382025803,-1,131793,15080,581
ae2c3f6312ef,ae2c3f6312ef_green_preprocessed.png,ae2c3f6312ef.png,1.5206317886272904,-1,133479,14699,582
bc7bf19b84e3,bc7bf19b84e3_green_preprocessed.png,bc7bf19b84e3.png,1.5205406048407428,-1,134053,14767,583
9bd008aab548,9bd008aab548_green_preprocessed.png,9bd008aab548.png,1.5203253658899958,-1,132303,15182,584
d8da9de62743,d8da9de62743_green_preprocessed.png,d8da9de62743.png,1.5199575529208853,-1,131596,15425,585
58c12863f33d,58c12863f33d_green_preprocessed.png,58c12863f33d.png,1.519932013449179,-1,133845,14952,586
ba0107fb1bfd,ba0107fb1bfd_green_preprocessed.png,ba0107fb1bfd.png,1.5199271773736942,-1,125884,14833,587
3bf3085ac167,3bf3085ac167_green_preprocessed.png,3bf3085ac167.png,1.5198691413565826,-1,131412,14914,588
45369821d6a3,45369821d6a3_green_preprocessed.png,45369821d6a3.png,1.51966080484488,-1,130275,15525,589
201f6e10c108,201f6e10c108_green_preprocessed.png,201f6e10c108.png,1.5196585021249578,-1,131490,14785,590
885fa5fc5da8,885fa5fc5da8_green_preprocessed.png,885fa5fc5da8.png,1.5196242760815786,-1,131483,14768,591
ad20080452de,ad20080452de_green_preprocessed.png,ad20080452de.png,1.5196068344966558,-1,136373,15605,592
39fd8ef3a45c,39fd8ef3a45c_green_preprocessed.png,39fd8ef3a45c.png,1.519485909566417,-1,127994,14844,593
72c31aa48e2c,72c31aa48e2c_green_preprocessed.png,72c31aa48e2c.png,1.5194473137803213,-1,139460,14842,594
6c6505a0c637,6c6505a0c637_green_preprocessed.png,6c6505a0c637.png,1.519372009170668,-1,332438,55936,595
3dec415b188a,3dec415b188a_green_preprocessed.png,3dec415b188a.png,1.5191288340145157,-1,132713,15418,596
da9262d9f5d9,da9262d9f5d9_green_preprocessed.png,da9262d9f5d9.png,1.5191218537625686,-1,127788,14839,597
bb2f89488ecd,bb2f89488ecd_green_preprocessed.png,bb2f89488ecd.png,1.5189893615052334,-1,139764,15467,598
af5a0bc4e1fa,af5a0bc4e1fa_green_preprocessed.png,af5a0bc4e1fa.png,1.5188127147996477,-1,61900,9243,599
c81c6911f5e0,c81c6911f5e0_green_preprocessed.png,c81c6911f5e0.png,1.518732489429162,-1,119752,15173,600
8aa3c4681542,8aa3c4681542_green_preprocessed.png,8aa3c4681542.png,1.5185046461509966,-1,131387,15162,601
e135d7ba9a0e,e135d7ba9a0e_green_preprocessed.png,e135d7ba9a0e.png,1.5183433423849129,-1,131313,15054,602
d74ccc796517,d74ccc796517_green_preprocessed.png,d74ccc796517.png,1.518313359777985,-1,127774,14600,603
2a93334f663a,2a93334f663a_green_preprocessed.png,2a93334f663a.png,1.5181505264596742,-1,130945,15160,604
d99b0f7dd9b9,d99b0f7dd9b9_green_preprocessed.png,d99b0f7dd9b9.png,1.5179143812516043,-1,133711,15085,605
6f3b62e5b7f5,6f3b62e5b7f5_green_preprocessed.png,6f3b62e5b7f5.png,1.5178885820238368,-1,56539,7838,606
44a86263117b,44a86263117b_green_preprocessed.png,44a86263117b.png,1.5176519577412477,-1,132974,14806,607
bffca6eeb2bf,bffca6eeb2bf_green_preprocessed.png,bffca6eeb2bf.png,1.5175652388717642,-1,121215,14467,608
62b826899151,62b826899151_green_preprocessed.png,62b826899151.png,1.5175648543463145,-1,125465,14695,609
bfa30ebf63a8,bfa30ebf63a8_green_preprocessed.png,bfa30ebf63a8.png,1.5174765441730234,-1,123067,14654,610
5de4615a5161,5de4615a5161_green_preprocessed.png,5de4615a5161.png,1.5173692892043962,-1,135685,15365,611
1d46f1326394,1d46f1326394_green_preprocessed.png,1d46f1326394.png,1.5172781113601455,-1,122464,14625,612
ae49cc60f251,ae49cc60f251_green_preprocessed.png,ae49cc60f251.png,1.517256664652868,-1,125827,14971,613
be8697eb2078,be8697eb2078_green_preprocessed.png,be8697eb2078.png,1.5172473770407566,-1,126343,14799,614
62b4be2799ca,62b4be2799ca_green_preprocessed.png,62b4be2799ca.png,1.5171959791073508,-1,129667,14766,615
956765d5f46d,956765d5f46d_green_preprocessed.png,956765d5f46d.png,1.5171548313140089,-1,57417,8551,616
999ad827ed35,999ad827ed35_green_preprocessed.png,999ad827ed35.png,1.517085887629553,-1,131501,14661,617
44976c3b11a6,44976c3b11a6_green_preprocessed.png,44976c3b11a6.png,1.5169716625563263,-1,753762,86997,618
c6229222bf22,c6229222bf22_green_preprocessed.png,c6229222bf22.png,1.516688787472069,-1,134847,14547,619
7f2cce721e19,7f2cce721e19_green_preprocessed.png,7f2cce721e19.png,1.51665490999302,-1,138220,15118,620
7a9f45fdf29b,7a9f45fdf29b_green_preprocessed.png,7a9f45fdf29b.png,1.5165836350014745,-1,136278,15031,621
7d0a871c45db,7d0a871c45db_green_preprocessed.png,7d0a871c45db.png,1.5164195544484498,-1,123484,14719,622
5c85d22bd0de,5c85d22bd0de_green_preprocessed.png,5c85d22bd0de.png,1.5163743688727538,-1,132600,14777,623
934104859e68,934104859e68_green_preprocessed.png,934104859e68.png,1.516340467995846,-1,129596,14836,624
6a905a7202d2,6a905a7202d2_green_preprocessed.png,6a905a7202d2.png,1.516269645424264,-1,130970,14559,625
b086c7cd3868,b086c7cd3868_green_preprocessed.png,b086c7cd3868.png,1.516247598398174,-1,134654,15021,626
215d2b7c3fde,215d2b7c3fde_green_preprocessed.png,215d2b7c3fde.png,1.5161343803726044,-1,63890,9683,627
82d364726a58,82d364726a58_green_preprocessed.png,82d364726a58.png,1.516065062093021,-1,774176,87106,628
de6210f88536,de6210f88536_green_preprocessed.png,de6210f88536.png,1.5159573533053627,-1,128078,14455,629
d332d7b8a26e,d332d7b8a26e_green_preprocessed.png,d332d7b8a26e.png,1.5159432320894126,-1,132826,14418,630
87a9f4d20f07,87a9f4d20f07_green_preprocessed.png,87a9f4d20f07.png,1.5158623041013881,-1,129354,14772,631
7be1b9aa78aa,7be1b9aa78aa_green_preprocessed.png,7be1b9aa78aa.png,1.5158069948663544,-1,129241,14468,632
b9fe7da14a32,b9fe7da14a32_green_preprocessed.png,b9fe7da14a32.png,1.5158051266603054,-1,62280,8776,633
98e44127872f,98e44127872f_green_preprocessed.png,98e44127872f.png,1.515627326553509,-1,132755,15220,634
495106ae3b68,495106ae3b68_green_preprocessed.png,495106ae3b68.png,1.5155027276212516,-1,125066,14717,635
e16af45285e5,e16af45285e5_green_preprocessed.png,e16af45285e5.png,1.5154927444536048,-1,129961,15254,636
3079490a4b9c,3079490a4b9c_green_preprocessed.png,3079490a4b9c.png,1.515437118229899,-1,131267,15424,637
d6130f2ec903,d6130f2ec903_green_preprocessed.png,d6130f2ec903.png,1.5153883236698458,-1,59829,8896,638
3cd9713c0ecb,3cd9713c0ecb_green_preprocessed.png,3cd9713c0ecb.png,1.5152944069450405,-1,132705,14473,639
abe940882578,abe940882578_green_preprocessed.png,abe940882578.png,1.5152051159540876,-1,131447,14926,640
a5bb85afc6e8,a5bb85afc6e8_green_preprocessed.png,a5bb85afc6e8.png,1.515051024375069,-1,123593,14464,641
cd1c98ec48b1,cd1c98ec48b1_green_preprocessed.png,cd1c98ec48b1.png,1.5150206628943887,-1,130279,14799,642
6e092caa065f,6e092caa065f_green_preprocessed.png,6e092caa065f.png,1.5149721308866413,-1,129848,14859,643
5db895d3f1fc,5db895d3f1fc_green_preprocessed.png,5db895d3f1fc.png,1.5148411148919096,-1,206161,23307,644
3af9aaa880e9,3af9aaa880e9_green_preprocessed.png,3af9aaa880e9.png,1.5148309726878375,-1,129995,14687,645
4b6cb0bcfd44,4b6cb0bcfd44_green_preprocessed.png,4b6cb0bcfd44.png,1.5148147658230686,-1,249943,37893,646
8185ce1cdcef,8185ce1cdcef_green_preprocessed.png,8185ce1cdcef.png,1.5147124065193214,-1,134317,14691,647
3b0190bbe615,3b0190bbe615_green_preprocessed.png,3b0190bbe615.png,1.514364480947426,-1,133205,14625,648
32d7d360d891,32d7d360d891_green_preprocessed.png,32d7d360d891.png,1.5142563915057192,-1,125611,14483,649
958c1fa044ba,958c1fa044ba_green_preprocessed.png,958c1fa044ba.png,1.5141551289148778,-1,130141,15036,650
99240ee00485,99240ee00485_green_preprocessed.png,99240ee00485.png,1.5140379793148404,-1,120730,14786,651
d7ac4a0c9760,d7ac4a0c9760_green_preprocessed.png,d7ac4a0c9760.png,1.5137861203506244,-1,131623,14618,652
c4aef0d88d1b,c4aef0d88d1b_green_preprocessed.png,c4aef0d88d1b.png,1.513673122090105,-1,124899,14313,653
66bfec8d6bcd,66bfec8d6bcd_green_preprocessed.png,66bfec8d6bcd.png,1.513476353709648,-1,128163,14451,654
7e9081e95bf6,7e9081e95bf6_green_preprocessed.png,7e9081e95bf6.png,1.5133890568917587,-1,132606,14713,655
b5204c0decc7,b5204c0decc7_green_preprocessed.png,b5204c0decc7.png,1.5133740663718727,-1,127716,14598,656
639915f58a2f,639915f58a2f_green_preprocessed.png,639915f58a2f.png,1.5133424245059661,-1,130683,14458,657
28751f290ba3,28751f290ba3_green_preprocessed.png,28751f290ba3.png,1.5132662414053086,-1,126645,15378,658
75ed83dbccce,75ed83dbccce_green_preprocessed.png,75ed83dbccce.png,1.5127654406760394,-1,128012,14557,659
22449af52060,22449af52060_green_preprocessed.png,22449af52060.png,1.5127020160939355,-1,124508,14490,660
7c6594b50690,7c6594b50690_green_preprocessed.png,7c6594b50690.png,1.5125403690592392,-1,127115,14171,661
7ce671f952be,7ce671f952be_green_preprocessed.png,7ce671f952be.png,1.5125001072949997,-1,123344,14569,662
a07d9a5045cb,a07d9a5045cb_green_preprocessed.png,a07d9a5045cb.png,1.5121863727471114,-1,126186,14706,663
a8b3c0961d42,a8b3c0961d42_green_preprocessed.png,a8b3c0961d42.png,1.5120963003965464,-1,67164,10617,664
df6d13d04da1,df6d13d04da1_green_preprocessed.png,df6d13d04da1.png,1.5114950106194485,-1,128304,14226,665
af345c68e836,af345c68e836_green_preprocessed.png,af345c68e836.png,1.5114674706760376,-1,131510,14571,666
c98f623d08d1,c98f623d08d1_green_preprocessed.png,c98f623d08d1.png,1.511438347190553,-1,123437,14852,667
a188c60b93fb,a188c60b93fb_green_preprocessed.png,a188c60b93fb.png,1.5112601377165633,-1,721910,83355,668
8ceff4c4c860,8ceff4c4c860_green_preprocessed.png,8ceff4c4c860.png,1.5109937033770682,-1,131601,15110,669
7347bd23ba80,7347bd23ba80_green_preprocessed.png,7347bd23ba80.png,1.5108269413377329,-1,127440,13905,670
e2c39ed0c941,e2c39ed0c941_green_preprocessed.png,e2c39ed0c941.png,1.5107528282323919,-1,127661,14602,671
891329021e12,891329021e12_green_preprocessed.png,891329021e12.png,1.5102696848168218,-1,121565,14462,672
847b04287c9c,847b04287c9c_green_preprocessed.png,847b04287c9c.png,1.5102574183218276,-1,123774,14376,673
ae975c43bd8b,ae975c43bd8b_green_preprocessed.png,ae975c43bd8b.png,1.5102168399504188,-1,128292,14347,674
54038e56131d,54038e56131d_green_preprocessed.png,54038e56131d.png,1.510170706956212,-1,128271,14873,675
b0f8613305a3,b0f8613305a3_green_preprocessed.png,b0f8613305a3.png,1.5100672254933907,-1,517112,65704,676
b3f31c371e59,b3f31c371e59_green_preprocessed.png,b3f31c371e59.png,1.510029944386717,-1,133359,14788,677
7ee6de71c140,7ee6de71c140_green_preprocessed.png,7ee6de71c140.png,1.51001406618359,-1,122007,14209,678
b10fca20c885,b10fca20c885_green_preprocessed.png,b10fca20c885.png,1.5100012462422798,-1,121619,14373,679
9f285b3e57ed,9f285b3e57ed_green_preprocessed.png,9f285b3e57ed.png,1.5099812796392902,-1,128266,14249,680
e06cccc08c59,e06cccc08c59_green_preprocessed.png,e06cccc08c59.png,1.5099416903495466,-1,124381,14382,681
64c6c6ee0d98,64c6c6ee0d98_green_preprocessed.png,64c6c6ee0d98.png,1.509879508444983,-1,752189,86820,682
ceb32a193eff,ceb32a193eff_green_preprocessed.png,ceb32a193eff.png,1.5098449433396286,-1,287119,33373,683
9519a590985d,9519a590985d_green_preprocessed.png,9519a590985d.png,1.5098333395908883,-1,131704,14433,684
4f6abc40c72d,4f6abc40c72d_green_preprocessed.png,4f6abc40c72d.png,1.5097576192425153,-1,129638,14458,685
afc744fad65e,afc744fad65e_green_preprocessed.png,afc744fad65e.png,1.509675360441446,-1,126634,14290,686
bfb578c0e8d8,bfb578c0e8d8_green_preprocessed.png,bfb578c0e8d8.png,1.5096511182273895,-1,669964,70282,687
bebfbd907cac,bebfbd907cac_green_preprocessed.png,bebfbd907cac.png,1.5095435682216867,-1,127369,14191,688
c6d4e4a3bd4c,c6d4e4a3bd4c_green_preprocessed.png,c6d4e4a3bd4c.png,1.5094300740132591,-1,126095,14736,689
9039cbfcbb2f,9039cbfcbb2f_green_preprocessed.png,9039cbfcbb2f.png,1.509416176572212,-1,50064,6616,690
3abac0961bfd,3abac0961bfd_green_preprocessed.png,3abac0961bfd.png,1.5092905782843906,-1,125350,14165,691
b549af91bd30,b549af91bd30_green_preprocessed.png,b549af91bd30.png,1.5091887668697646,-1,127355,14308,692
6af071b0ac6e,6af071b0ac6e_green_preprocessed.png,6af071b0ac6e.png,1.5090514289548684,-1,570401,51987,693
315c1a0d87fd,315c1a0d87fd_green_preprocessed.png,315c1a0d87fd.png,1.5086497030402368,-1,121218,14060,694
3a4cfea0a766,3a4cfea0a766_green_preprocessed.png,3a4cfea0a766.png,1.5086145307809464,-1,129521,14365,695
7d94a000c2d0,7d94a000c2d0_green_preprocessed.png,7d94a000c2d0.png,1.5083889069157268,-1,116523,14087,696
d1afdb8cf70d,d1afdb8cf70d_green_preprocessed.png,d1afdb8cf70d.png,1.5083449946423308,-1,120970,13687,697
addf66a50f42,addf66a50f42_green_preprocessed.png,addf66a50f42.png,1.508326241719329,-1,131623,14122,698
3254e48c8aa0,3254e48c8aa0_green_preprocessed.png,3254e48c8aa0.png,1.5082628288014932,-1,127472,14478,699
65f5d2a6eb7e,65f5d2a6eb7e_green_preprocessed.png,65f5d2a6eb7e.png,1.5082580852692289,-1,127308,14516,700
5b32ece9c627,5b32ece9c627_green_preprocessed.png,5b32ece9c627.png,1.508222566870606,-1,121095,14621,701
3b9817a39adf,3b9817a39adf_green_preprocessed.png,3b9817a39adf.png,1.5079826233504507,-1,122608,14128,702
384db24ebbd7,384db24ebbd7_green_preprocessed.png,384db24ebbd7.png,1.5078444379840172,-1,123830,14508,703
58059e73d2d4,58059e73d2d4_green_preprocessed.png,58059e73d2d4.png,1.5075785406346731,-1,37741,7022,704
db52626d450c,db52626d450c_green_preprocessed.png,db52626d450c.png,1.5075068570262964,-1,127069,14303,705
ac17cc18a994,ac17cc18a994_green_preprocessed.png,ac17cc18a994.png,1.5073768391611608,-1,122015,14107,706
80dbeb0fdc75,80dbeb0fdc75_green_preprocessed.png,80dbeb0fdc75.png,1.5072568091663583,-1,125796,14317,707
84b79243e430,84b79243e430_green_preprocessed.png,84b79243e430.png,1.5072183742376062,-1,127992,14141,708
73ef3c3dcbe4,73ef3c3dcbe4_green_preprocessed.png,73ef3c3dcbe4.png,1.5071167645249675,-1,781254,105523,709
75c180e04f65,75c180e04f65_green_preprocessed.png,75c180e04f65.png,1.5070438393972443,-1,123353,14116,710
a45c30da0c72,a45c30da0c72_green_preprocessed.png,a45c30da0c72.png,1.5069715821249885,-1,62641,8583,711
3323fd59782e,3323fd59782e_green_preprocessed.png,3323fd59782e.png,1.5069144434730615,-1,124800,13881,712
3b5dffe159b6,3b5dffe159b6_green_preprocessed.png,3b5dffe159b6.png,1.5067202216696411,-1,122286,14072,713
737ef6226677,737ef6226677_green_preprocessed.png,737ef6226677.png,1.506703139837925,-1,123908,13906,714
9274e75dc4d5,9274e75dc4d5_green_preprocessed.png,9274e75dc4d5.png,1.5066760533861563,-1,126804,13800,715
2c9dfc270f1b,2c9dfc270f1b_green_preprocessed.png,2c9dfc270f1b.png,1.506559792999476,-1,120816,14311,716
c2f3281cf528,c2f3281cf528_green_preprocessed.png,c2f3281cf528.png,1.5063486766115182,-1,124712,13870,717
b759cbef90c5,b759cbef90c5_green_preprocessed.png,b759cbef90c5.png,1.506122866977063,-1,123950,14141,718
5ac7a414560e,5ac7a414560e_green_preprocessed.png,5ac7a414560e.png,1.5060607099559171,-1,131625,14169,719
90bde2ff8953,90bde2ff8953_green_preprocessed.png,90bde2ff8953.png,1.5059570809592027,-1,126452,14383,720
4cde86044ad1,4cde86044ad1_green_preprocessed.png,4cde86044ad1.png,1.5057464061664432,-1,134826,14601,721
a2b995b81692,a2b995b81692_green_preprocessed.png,a2b995b81692.png,1.5054920544169372,-1,127511,13959,722
cadde4030858,cadde4030858_green_preprocessed.png,cadde4030858.png,1.5054075036909573,-1,130678,14076,723
b2b7ccd34cbd,b2b7ccd34cbd_green_preprocessed.png,b2b7ccd34cbd.png,1.505291529010039,-1,130532,14481,724
e3b47ed5b511,e3b47ed5b511_green_preprocessed.png,e3b47ed5b511.png,1.5052417195960297,-1,128553,13962,725
e42d9a94a66d,e42d9a94a66d_green_preprocessed.png,e42d9a94a66d.png,1.505133624944544,-1,731382,76631,726
a2b97d98f130,a2b97d98f130_green_preprocessed.png,a2b97d98f130.png,1.5051233646724667,-1,536500,44425,727
74211a2b6dcf,74211a2b6dcf_green_preprocessed.png,74211a2b6dcf.png,1.5050407714796397,-1,573367,49067,728
51a078d6d43a,51a078d6d43a_green_preprocessed.png,51a078d6d43a.png,1.5049454495311023,-1,125302,14205,729
9688c6ef5dc5,9688c6ef5dc5_green_preprocessed.png,9688c6ef5dc5.png,1.5048607186890455,-1,124508,14406,730
69b3a00927fc,69b3a00927fc_green_preprocessed.png,69b3a00927fc.png,1.504428335698743,-1,122611,13949,731
d6f6bdfd8011,d6f6bdfd8011_green_preprocessed.png,d6f6bdfd8011.png,1.5043352070435991,-1,121989,13987,732
1db6bb46c102,1db6bb46c102_green_preprocessed.png,1db6bb46c102.png,1.5043083575352605,-1,129730,14180,733
9d75de31f1b8,9d75de31f1b8_green_preprocessed.png,9d75de31f1b8.png,1.5041992189165154,-1,124355,14158,734
9d1feed37610,9d1feed37610_green_preprocessed.png,9d1feed37610.png,1.5038068805552973,-1,114177,13681,735
2f8d14a7d390,2f8d14a7d390_green_preprocessed.png,2f8d14a7d390.png,1.5035438524424005,-1,635064,68860,736
976082127e2a,976082127e2a_green_preprocessed.png,976082127e2a.png,1.5035093298971456,-1,123234,14101,737
d0926ed2c8e5,d0926ed2c8e5_green_preprocessed.png,d0926ed2c8e5.png,1.5035017672830466,-1,128218,14003,738
586f5c56081e,586f5c56081e_green_preprocessed.png,586f5c56081e.png,1.5034758380997695,-1,126400,14228,739
6b66b0e86f7e,6b66b0e86f7e_green_preprocessed.png,6b66b0e86f7e.png,1.5034514162550616,-1,114610,13650,740
6c30dd481717,6c30dd481717_green_preprocessed.png,6c30dd481717.png,1.503272952968926,-1,33077,6153,741
79cbae28d8b2,79cbae28d8b2_green_preprocessed.png,79cbae28d8b2.png,1.5031667351318827,-1,122413,14240,742
a673193cd5a9,a673193cd5a9_green_preprocessed.png,a673193cd5a9.png,1.5030987177366575,-1,114748,13497,743
c6a8f8f998a2,c6a8f8f998a2_green_preprocessed.png,c6a8f8f998a2.png,1.502717443000899,-1,121776,13661,744
24f271c87e73,24f271c87e73_green_preprocessed.png,24f271c87e73.png,1.5023858956452452,-1,526080,42852,745
7f1f3269f546,7f1f3269f546_green_preprocessed.png,7f1f3269f546.png,1.5023113107103527,-1,120496,13866,746
b1c6f0997e27,b1c6f0997e27_green_preprocessed.png,b1c6f0997e27.png,1.5022921876624054,-1,122364,14198,747
a1b28bcbce00,a1b28bcbce00_green_preprocessed.png,a1b28bcbce00.png,1.5022558516375182,-1,59493,8766,748
97fdee242fea,97fdee242fea_green_preprocessed.png,97fdee242fea.png,1.502088886217497,-1,60120,8279,749
7f43becd3e83,7f43becd3e83_green_preprocessed.png,7f43becd3e83.png,1.5017534625911912,-1,58808,8782,750
233d948e2544,233d948e2544_green_preprocessed.png,233d948e2544.png,1.501662614956611,-1,605622,52313,751
9e2a8135f471,9e2a8135f471_green_preprocessed.png,9e2a8135f471.png,1.5016537596319148,-1,120122,13701,752
789f0ec1eab8,789f0ec1eab8_green_preprocessed.png,789f0ec1eab8.png,1.501587386729634,-1,122661,13881,753
8d4ff745a409,8d4ff745a409_green_preprocessed.png,8d4ff745a409.png,1.5013942835976315,-1,125416,13660,754
61da799bf0aa,61da799bf0aa_green_preprocessed.png,61da799bf0aa.png,1.5006630335234419,-1,698151,75210,755
b8e9a8f4617d,b8e9a8f4617d_green_preprocessed.png,b8e9a8f4617d.png,1.5006089741278354,-1,130241,14019,756
53327edb9e4d,53327edb9e4d_green_preprocessed.png,53327edb9e4d.png,1.5002130538963452,-1,125204,13524,757
6ccfdb031184,6ccfdb031184_green_preprocessed.png,6ccfdb031184.png,1.5000141878614504,-1,51313,7561,758
4c6c5a1bf5ab,4c6c5a1bf5ab_green_preprocessed.png,4c6c5a1bf5ab.png,1.49978159907585,-1,60627,8604,759
7831ce1d895e,7831ce1d895e_green_preprocessed.png,7831ce1d895e.png,1.4997018278322574,-1,110263,13383,760
32ed318235b8,32ed318235b8_green_preprocessed.png,32ed318235b8.png,1.4996042557640215,-1,124239,14228,761
6155cf375354,6155cf375354_green_preprocessed.png,6155cf375354.png,1.499585492636696,-1,121166,13770,762
a9a3225cf4b5,a9a3225cf4b5_green_preprocessed.png,a9a3225cf4b5.png,1.4995236393743652,-1,123592,13871,763
393fa5a023a5,393fa5a023a5_green_preprocessed.png,393fa5a023a5.png,1.4994459315440383,-1,120607,13973,764
c3c8fdda50c0,c3c8fdda50c0_green_preprocessed.png,c3c8fdda50c0.png,1.4993013803515072,-1,121086,13579,765
93802d1e3c41,93802d1e3c41_green_preprocessed.png,93802d1e3c41.png,1.4992970295707853,-1,117920,13549,766
8564b7aa3c1a,8564b7aa3c1a_green_preprocessed.png,8564b7aa3c1a.png,1.4992519377032865,-1,118602,14001,767
44271f3cb18f,44271f3cb18f_green_preprocessed.png,44271f3cb18f.png,1.4991371363226937,-1,35512,6528,768
57a710de68a4,57a710de68a4_green_preprocessed.png,57a710de68a4.png,1.4991159686878428,-1,122869,13559,769
6a2642131e4a,6a2642131e4a_green_preprocessed.png,6a2642131e4a.png,1.498917606171244,-1,121339,14025,770
bc92a61a1f9c,bc92a61a1f9c_green_preprocessed.png,bc92a61a1f9c.png,1.4988278718155394,-1,117050,13372,771
b294927b14b0,b294927b14b0_green_preprocessed.png,b294927b14b0.png,1.498787181680409,-1,119507,13237,772
e12df54e0d1e,e12df54e0d1e_green_preprocessed.png,e12df54e0d1e.png,1.4986136327779505,-1,125967,13465,773
4e1e252317b5,4e1e252317b5_green_preprocessed.png,4e1e252317b5.png,1.4985774060584474,-1,124021,13450,774
d9e58e4d8689,d9e58e4d8689_green_preprocessed.png,d9e58e4d8689.png,1.4985550834203345,-1,447376,47827,775
1e8c31e29dd3,1e8c31e29dd3_green_preprocessed.png,1e8c31e29dd3.png,1.4984603761563349,-1,121936,13440,776
80c67efc8101,80c67efc8101_green_preprocessed.png,80c67efc8101.png,1.4983578077383262,-1,124412,13807,777
b598bc9753c2,b598bc9753c2_green_preprocessed.png,b598bc9753c2.png,1.4980000785299474,-1,119187,13200,778
b8e20c076b03,b8e20c076b03_green_preprocessed.png,b8e20c076b03.png,1.497937924314559,-1,615773,65705,779
72a867980067,72a867980067_green_preprocessed.png,72a867980067.png,1.4978305818082063,-1,65738,10317,780
27933cdbe0cc,27933cdbe0cc_green_preprocessed.png,27933cdbe0cc.png,1.4977276095612213,-1,121142,13548,781
c97472ef2c66,c97472ef2c66_green_preprocessed.png,c97472ef2c66.png,1.497589207048564,-1,38496,6980,782
369229040a34,369229040a34_green_preprocessed.png,369229040a34.png,1.497589057635592,-1,122886,13497,783
bff51afc76d4,bff51afc76d4_green_preprocessed.png,bff51afc76d4.png,1.497516765169941,-1,525601,54312,784
40c24aded50c,40c24aded50c_green_preprocessed.png,40c24aded50c.png,1.4972767132442293,-1,122668,13384,785
838b3e4d0bb4,838b3e4d0bb4_green_preprocessed.png,838b3e4d0bb4.png,1.4971108170125784,-1,617932,51653,786
445a8a6da55c,445a8a6da55c_green_preprocessed.png,445a8a6da55c.png,1.4967841156285155,-1,131462,13719,787
5257cb536da2,5257cb536da2_green_preprocessed.png,5257cb536da2.png,1.4965286335862642,-1,62576,8833,788
529906ff9dfa,529906ff9dfa_green_preprocessed.png,529906ff9dfa.png,1.4961417866252649,-1,114477,13051,789
720b5f62ce80,720b5f62ce80_green_preprocessed.png,720b5f62ce80.png,1.4960055811963375,-1,397488,85011,790
a821b6ecef33,a821b6ecef33_green_preprocessed.png,a821b6ecef33.png,1.495833482761539,-1,34804,6381,791
8e2a3978c244,8e2a3978c244_green_preprocessed.png,8e2a3978c244.png,1.4956659567778456,-1,126501,13266,792
501c319f7a9f,501c319f7a9f_green_preprocessed.png,501c319f7a9f.png,1.4953384795893152,-1,125156,13373,793
4a1afe4044f4,4a1afe4044f4_green_preprocessed.png,4a1afe4044f4.png,1.4950735666035504,-1,32525,6277,794
77a1f1398fdb,77a1f1398fdb_green_preprocessed.png,77a1f1398fdb.png,1.4950220297789314,-1,706618,71542,795
3fd45879afe6,3fd45879afe6_green_preprocessed.png,3fd45879afe6.png,1.4949618917220235,-1,114387,13494,796
9ce46d400cd6,9ce46d400cd6_green_preprocessed.png,9ce46d400cd6.png,1.4948078821659208,-1,114870,13563,797
4a05f81b3aba,4a05f81b3aba_green_preprocessed.png,4a05f81b3aba.png,1.4945002634467528,-1,59721,8376,798
799214e8b07c,799214e8b07c_green_preprocessed.png,799214e8b07c.png,1.4943123548944295,-1,116443,13517,799
3c9529918097,3c9529918097_green_preprocessed.png,3c9529918097.png,1.4941170864182207,-1,105952,13277,800
90960ddf4d14,90960ddf4d14_green_preprocessed.png,90960ddf4d14.png,1.4941065823786321,-1,273538,38006,801
b5e6ae31493c,b5e6ae31493c_green_preprocessed.png,b5e6ae31493c.png,1.4940449568989311,-1,111559,13177,802
1ca91751be4d,1ca91751be4d_green_preprocessed.png,1ca91751be4d.png,1.4931436043587827,-1,129536,13423,803
9c6512166557,9c6512166557_green_preprocessed.png,9c6512166557.png,1.4930288852937281,-1,35335,6598,804
d838d5b9f571,d838d5b9f571_green_preprocessed.png,d838d5b9f571.png,1.4928073089562832,-1,111187,13313,805
1f15ca672675,1f15ca672675_green_preprocessed.png,1f15ca672675.png,1.4927523646465295,-1,310654,53396,806
91e82fe4e434,91e82fe4e434_green_preprocessed.png,91e82fe4e434.png,1.492664622377675,-1,113140,13158,807
7635921c5efb,7635921c5efb_green_preprocessed.png,7635921c5efb.png,1.4926561638834157,-1,194778,28251,808
a85cda5f725d,a85cda5f725d_green_preprocessed.png,a85cda5f725d.png,1.492340371441193,-1,119220,13594,809
969f92a390db,969f92a390db_green_preprocessed.png,969f92a390db.png,1.4922174521900178,-1,112936,13192,810
c64c0966b4cf,c64c0966b4cf_green_preprocessed.png,c64c0966b4cf.png,1.4920805671293782,-1,112876,13003,811
73ba798fee25,73ba798fee25_green_preprocessed.png,73ba798fee25.png,1.4918266324567895,-1,119297,13494,812
de38adaae009,de38adaae009_green_preprocessed.png,de38adaae009.png,1.4917758691307015,-1,692602,77241,813
9ac2e3e9fca5,9ac2e3e9fca5_green_preprocessed.png,9ac2e3e9fca5.png,1.4917285204382291,-1,120075,13019,814
224c14366e11,224c14366e11_green_preprocessed.png,224c14366e11.png,1.4915655934183465,-1,120764,13278,815
be3a7d9e981e,be3a7d9e981e_green_preprocessed.png,be3a7d9e981e.png,1.4914488314381436,-1,247808,32995,816
46acc506fa61,46acc506fa61_green_preprocessed.png,46acc506fa61.png,1.491387275848499,-1,114387,12987,817
b21abe5d9722,b21abe5d9722_green_preprocessed.png,b21abe5d9722.png,1.4912129060360755,-1,30690,5944,818
4cddfc22b0ad,4cddfc22b0ad_green_preprocessed.png,4cddfc22b0ad.png,1.491025613128433,-1,58076,7591,819
b5bf7b84fc66,b5bf7b84fc66_green_preprocessed.png,b5bf7b84fc66.png,1.4909401612737587,-1,112451,13109,820
a96ff96bbae5,a96ff96bbae5_green_preprocessed.png,a96ff96bbae5.png,1.490824830929537,-1,113020,13050,821
bf6cbccacf39,bf6cbccacf39_green_preprocessed.png,bf6cbccacf39.png,1.4905124864550487,-1,37257,6862,822
5bea250d8bf5,5bea250d8bf5_green_preprocessed.png,5bea250d8bf5.png,1.4904266795195926,-1,125450,12937,823
b92eacd1392a,b92eacd1392a_green_preprocessed.png,b92eacd1392a.png,1.490228003543927,-1,112251,13282,824
2821998fc002,2821998fc002_green_preprocessed.png,2821998fc002.png,1.4894971123230756,-1,110209,13148,825
b2b79b37d314,b2b79b37d314_green_preprocessed.png,b2b79b37d314.png,1.4891281827218814,-1,117470,13030,826
ab653b8554c0,ab653b8554c0_green_preprocessed.png,ab653b8554c0.png,1.4887527049732818,-1,114497,13072,827
57f5ad4b5b29,57f5ad4b5b29_green_preprocessed.png,57f5ad4b5b29.png,1.4883478297153938,-1,63028,9508,828
253e96488cfb,253e96488cfb_green_preprocessed.png,253e96488cfb.png,1.4882906248662504,-1,671919,99759,829
b6bf847fbcb2,b6bf847fbcb2_green_preprocessed.png,b6bf847fbcb2.png,1.4880324014133393,-1,109126,12949,830
aabd867043cf,aabd867043cf_green_preprocessed.png,aabd867043cf.png,1.4879623810280311,-1,115221,12943,831
ace287a5c991,ace287a5c991_green_preprocessed.png,ace287a5c991.png,1.487550303831336,-1,63700,9868,832
1f3f32efaf20,1f3f32efaf20_green_preprocessed.png,1f3f32efaf20.png,1.4873812113650402,-1,112344,12948,833
9ac41b9a809e,9ac41b9a809e_green_preprocessed.png,9ac41b9a809e.png,1.4871675735962537,-1,114002,12815,834
57db4781e7ec,57db4781e7ec_green_preprocessed.png,57db4781e7ec.png,1.4870371787856613,-1,117057,13311,835
260a455692b5,260a455692b5_green_preprocessed.png,260a455692b5.png,1.4867842214048645,-1,289566,44338,836
874f8c1929f6,874f8c1929f6_green_preprocessed.png,874f8c1929f6.png,1.4867497295010363,-1,115758,13167,837
8ffa608170d3,8ffa608170d3_green_preprocessed.png,8ffa608170d3.png,1.4865547851909369,-1,48856,6421,838
9c893e16c055,9c893e16c055_green_preprocessed.png,9c893e16c055.png,1.4864801699006607,-1,117916,12695,839
76f3473df8a6,76f3473df8a6_green_preprocessed.png,76f3473df8a6.png,1.4864331716113681,-1,215933,24302,840
5077cdb88aed,5077cdb88aed_green_preprocessed.png,5077cdb88aed.png,1.4861562592286588,-1,115430,12744,841
b0619ca93a5f,b0619ca93a5f_green_preprocessed.png,b0619ca93a5f.png,1.486149301149457,-1,117699,13075,842
4a5a6efc0bef,4a5a6efc0bef_green_preprocessed.png,4a5a6efc0bef.png,1.486121839378984,-1,122821,12746,843
415d5c5e785f,415d5c5e785f_green_preprocessed.png,415d5c5e785f.png,1.4860938793254765,-1,115769,13065,844
ac0a48ccbf70,ac0a48ccbf70_green_preprocessed.png,ac0a48ccbf70.png,1.4857317171466609,-1,58078,8129,845
a9dc80cba9a4,a9dc80cba9a4_green_preprocessed.png,a9dc80cba9a4.png,1.4856280341395016,-1,346455,34254,846
a82a12ad3fb1,a82a12ad3fb1_green_preprocessed.png,a82a12ad3fb1.png,1.4852547305296235,-1,51908,6581,847
4a4cb731f91a,4a4cb731f91a_green_preprocessed.png,4a4cb731f91a.png,1.484962431677904,-1,161863,19413,848
9f1b14dfa14c,9f1b14dfa14c_green_preprocessed.png,9f1b14dfa14c.png,1.4845378609564748,-1,32844,5932,849
555d0bef3c5b,555d0bef3c5b_green_preprocessed.png,555d0bef3c5b.png,1.4843708155899737,-1,114462,12620,850
d7bc62d60e8c,d7bc62d60e8c_green_preprocessed.png,d7bc62d60e8c.png,1.484120581375687,-1,664306,65736,851
47536db39f00,47536db39f00_green_preprocessed.png,47536db39f00.png,1.4841066687055455,-1,646205,74969,852
e4ae1ee6aada,e4ae1ee6aada_green_preprocessed.png,e4ae1ee6aada.png,1.4839989743871513,-1,112754,12619,853
bc8c6a778cde,bc8c6a778cde_green_preprocessed.png,bc8c6a778cde.png,1.4835628813911315,-1,34880,6360,854
1f5496352859,1f5496352859_green_preprocessed.png,1f5496352859.png,1.482710193940653,-1,179699,20804,855
a4ee03ecff60,a4ee03ecff60_green_preprocessed.png,a4ee03ecff60.png,1.4823283233029754,-1,113491,12940,856
78937523f7a8,78937523f7a8_green_preprocessed.png,78937523f7a8.png,1.4818516247778704,-1,36065,6774,857
2bb3c492d6d3,2bb3c492d6d3_green_preprocessed.png,2bb3c492d6d3.png,1.4817971274755242,-1,513039,39449,858
d667af5742f6,d667af5742f6_green_preprocessed.png,d667af5742f6.png,1.4816354959144322,-1,113558,12519,859
b553e7909535,b553e7909535_green_preprocessed.png,b553e7909535.png,1.4816257904776458,-1,109620,12795,860
38f1901f214a,38f1901f214a_green_preprocessed.png,38f1901f214a.png,1.4803409364752411,-1,207983,29480,861
5f51192841f7,5f51192841f7_green_preprocessed.png,5f51192841f7.png,1.4803034538233368,-1,112858,12402,862
5f6db235c04d,5f6db235c04d_green_preprocessed.png,5f6db235c04d.png,1.4801358563027014,-1,111486,12471,863
441848e0f308,441848e0f308_green_preprocessed.png,441848e0f308.png,1.4801042979437549,-1,44217,5827,864
54f57cf26126,54f57cf26126_green_preprocessed.png,54f57cf26126.png,1.4798568313234377,-1,182038,24759,865
4409965eb2a4,4409965eb2a4_green_preprocessed.png,4409965eb2a4.png,1.4791715216686203,-1,115499,12747,866
65cf00be6fb4,65cf00be6fb4_green_preprocessed.png,65cf00be6fb4.png,1.4789044583383864,-1,30247,5574,867
cf8f1bc7a215,cf8f1bc7a215_green_preprocessed.png,cf8f1bc7a215.png,1.4786646935001442,-1,32539,5830,868
63e041a757eb,63e041a757eb_green_preprocessed.png,63e041a757eb.png,1.4784543367517493,-1,422720,44527,869
537e5c578f40,537e5c578f40_green_preprocessed.png,537e5c578f40.png,1.4784111878805188,-1,60225,8518,870
66b88a4bc474,66b88a4bc474_green_preprocessed.png,66b88a4bc474.png,1.4781486244957527,-1,194233,24128,871
6c4ec95dd8ba,6c4ec95dd8ba_green_preprocessed.png,6c4ec95dd8ba.png,1.4779584682507036,-1,581992,48800,872
33e7bf536fc5,33e7bf536fc5_green_preprocessed.png,33e7bf536fc5.png,1.477303860146727,-1,592903,56190,873
a2163f0c2af5,a2163f0c2af5_green_preprocessed.png,a2163f0c2af5.png,1.4772746356398574,-1,113596,12401,874
9b57e43b44e7,9b57e43b44e7_green_preprocessed.png,9b57e43b44e7.png,1.4768637412362817,-1,563377,49089,875
9d62478042b6,9d62478042b6_green_preprocessed.png,9d62478042b6.png,1.476855007278024,-1,549544,42009,876
ca05f7e7801b,ca05f7e7801b_green_preprocessed.png,ca05f7e7801b.png,1.476170151417951,-1,105975,12327,877
96793edb1003,96793edb1003_green_preprocessed.png,96793edb1003.png,1.476144801155847,-1,66813,9771,878
64b9206afb3f,64b9206afb3f_green_preprocessed.png,64b9206afb3f.png,1.4760202764317067,-1,108585,12324,879
a9bc2f892cb3,a9bc2f892cb3_green_preprocessed.png,a9bc2f892cb3.png,1.4756567345019393,-1,66180,9978,880
851e40a21f81,851e40a21f81_green_preprocessed.png,851e40a21f81.png,1.4754540352833316,-1,111078,12597,881
7f0ffeb0a333,7f0ffeb0a333_green_preprocessed.png,7f0ffeb0a333.png,1.4751120937185023,-1,678793,67907,882
4d17559ac1e2,4d17559ac1e2_green_preprocessed.png,4d17559ac1e2.png,1.4746439474653654,-1,568848,52121,883
360832d84ce0,360832d84ce0_green_preprocessed.png,360832d84ce0.png,1.474462921265788,-1,34139,5715,884
92889b863ae6,92889b863ae6_green_preprocessed.png,92889b863ae6.png,1.4743813160474077,-1,562169,58027,885
aec51513cf45,aec51513cf45_green_preprocessed.png,aec51513cf45.png,1.473898680773073,-1,31610,5732,886
633fe9dbaf39,633fe9dbaf39_green_preprocessed.png,633fe9dbaf39.png,1.4735042072819715,-1,674165,73726,887
55968f0e63c4,55968f0e63c4_green_preprocessed.png,55968f0e63c4.png,1.473061514165304,-1,114733,11976,888
8bf2d925dc0c,8bf2d925dc0c_green_preprocessed.png,8bf2d925dc0c.png,1.4725354431728206,-1,101431,12032,889
a62e995f167c,a62e995f167c_green_preprocessed.png,a62e995f167c.png,1.471819193490579,-1,239397,41394,890
404ede327e98,404ede327e98_green_preprocessed.png,404ede327e98.png,1.4711912948808432,-1,31323,5788,891
240b25a7debe,240b25a7debe_green_preprocessed.png,240b25a7debe.png,1.471020636818932,-1,63711,9113,892
a07d571bf7ba,a07d571bf7ba_green_preprocessed.png,a07d571bf7ba.png,1.4709833800323249,-1,63121,8562,893
5299a532f0e0,5299a532f0e0_green_preprocessed.png,5299a532f0e0.png,1.4707685333974787,-1,115938,12451,894
5bf6f2958e53,5bf6f2958e53_green_preprocessed.png,5bf6f2958e53.png,1.4704830014799875,-1,105554,11978,895
ab88081e5654,ab88081e5654_green_preprocessed.png,ab88081e5654.png,1.4703524101466487,-1,261285,35638,896
af7a36454670,af7a36454670_green_preprocessed.png,af7a36454670.png,1.469969184881332,-1,106023,11826,897
b05922e7abd3,b05922e7abd3_green_preprocessed.png,b05922e7abd3.png,1.4699385782287167,-1,111076,12180,898
c26f98f58350,c26f98f58350_green_preprocessed.png,c26f98f58350.png,1.4697585582151647,-1,196343,23744,899
7ec0e61a7e29,7ec0e61a7e29_green_preprocessed.png,7ec0e61a7e29.png,1.4690332874951364,-1,109124,11754,900
896ad584a841,896ad584a841_green_preprocessed.png,896ad584a841.png,1.4687542322669485,-1,104603,11926,901
e4b0df29b96f,e4b0df29b96f_green_preprocessed.png,e4b0df29b96f.png,1.4677460259246051,-1,103368,11978,902
e251bdf05b85,e251bdf05b85_green_preprocessed.png,e251bdf05b85.png,1.4677327205293,-1,65565,9584,903
2585bbc91909,2585bbc91909_green_preprocessed.png,2585bbc91909.png,1.4666437801688659,-1,315866,56338,904
971bb98ab935,971bb98ab935_green_preprocessed.png,971bb98ab935.png,1.466281409399085,-1,32511,5758,905
91b7a4179ecf,91b7a4179ecf_green_preprocessed.png,91b7a4179ecf.png,1.4651057315526708,-1,63763,9382,906
50916d67bb51,50916d67bb51_green_preprocessed.png,50916d67bb51.png,1.4649764649703174,-1,115052,12021,907
3f6c627e2ff2,3f6c627e2ff2_green_preprocessed.png,3f6c627e2ff2.png,1.464905236320362,-1,110355,11954,908
9910c827e2fe,9910c827e2fe_green_preprocessed.png,9910c827e2fe.png,1.4646913557136028,-1,100399,11615,909
9de9421f17e3,9de9421f17e3_green_preprocessed.png,9de9421f17e3.png,1.4644527109753218,-1,110279,11634,910
a1e236fbc863,a1e236fbc863_green_preprocessed.png,a1e236fbc863.png,1.464263485434695,-1,66560,10351,911
de57c9e9fa93,de57c9e9fa93_green_preprocessed.png,de57c9e9fa93.png,1.4639601175779153,-1,168441,15823,912
306c841af3fc,306c841af3fc_green_preprocessed.png,306c841af3fc.png,1.463728839426414,-1,634520,62630,913
4e8585a96739,4e8585a96739_green_preprocessed.png,4e8585a96739.png,1.4634375642151256,-1,60857,8825,914
7526cf435753,7526cf435753_green_preprocessed.png,7526cf435753.png,1.4633674016541636,-1,61960,9363,915
d2cd47ed2c1d,d2cd47ed2c1d_green_preprocessed.png,d2cd47ed2c1d.png,1.4630213102051353,-1,31201,5827,916
1db0393cdbc1,1db0393cdbc1_green_preprocessed.png,1db0393cdbc1.png,1.4626167092888338,-1,37767,6971,917
5b2648ad455e,5b2648ad455e_green_preprocessed.png,5b2648ad455e.png,1.4625426712904075,-1,223835,30301,918
cd66754e1b3b,cd66754e1b3b_green_preprocessed.png,cd66754e1b3b.png,1.4624204703253243,-1,29806,5510,919
486e852a3b4d,486e852a3b4d_green_preprocessed.png,486e852a3b4d.png,1.4623086675847248,-1,58979,8290,920
a7673ac44509,a7673ac44509_green_preprocessed.png,a7673ac44509.png,1.4621613904250277,-1,556981,46989,921
b7f0bc7d399e,b7f0bc7d399e_green_preprocessed.png,b7f0bc7d399e.png,1.461777660133701,-1,579056,58077,922
b69c224edd6e,b69c224edd6e_green_preprocessed.png,b69c224edd6e.png,1.461731263842167,-1,583698,48974,923
28f73575e1f2,28f73575e1f2_green_preprocessed.png,28f73575e1f2.png,1.46136038621879,-1,28041,5192,924
454a944eb557,454a944eb557_green_preprocessed.png,454a944eb557.png,1.4613592488900669,-1,31946,5623,925
4318b6adeb97,4318b6adeb97_green_preprocessed.png,4318b6adeb97.png,1.4612378137725541,-1,190684,20048,926
9e99ae6ee7af,9e99ae6ee7af_green_preprocessed.png,9e99ae6ee7af.png,1.461233281304695,-1,212962,25521,927
5e97cb2b0888,5e97cb2b0888_green_preprocessed.png,5e97cb2b0888.png,1.4605908803577967,-1,55261,7207,928
b86fb2d5be1a,b86fb2d5be1a_green_preprocessed.png,b86fb2d5be1a.png,1.4605321521367378,-1,654189,66998,929
c365c598ad4e,c365c598ad4e_green_preprocessed.png,c365c598ad4e.png,1.4602817641018702,-1,103231,11807,930
7131bf4c9e6f,7131bf4c9e6f_green_preprocessed.png,7131bf4c9e6f.png,1.4598624337976447,-1,58834,9023,931
8c84e96d9b01,8c84e96d9b01_green_preprocessed.png,8c84e96d9b01.png,1.45975265544251,-1,54800,8216,932
cec299c2a2d5,cec299c2a2d5_green_preprocessed.png,cec299c2a2d5.png,1.4593616566903735,-1,423365,42335,933
2d558de2cabe,2d558de2cabe_green_preprocessed.png,2d558de2cabe.png,1.459039248810437,-1,360660,70713,934
94f9ecf4b8d2,94f9ecf4b8d2_green_preprocessed.png,94f9ecf4b8d2.png,1.4589467725102678,-1,59683,7983,935
86410aa13b3e,86410aa13b3e_green_preprocessed.png,86410aa13b3e.png,1.4586637801298343,-1,99867,11341,936
cff262ed8f4c,cff262ed8f4c_green_preprocessed.png,cff262ed8f4c.png,1.4577489215153585,-1,608244,58232,937
357f02a779d7,357f02a779d7_green_preprocessed.png,357f02a779d7.png,1.4576854757115012,-1,101486,11570,938
6e1db8711879,6e1db8711879_green_preprocessed.png,6e1db8711879.png,1.4569818149095157,-1,220164,25681,939
8ead17dfb6a6,8ead17dfb6a6_green_preprocessed.png,8ead17dfb6a6.png,1.456414660250367,-1,210424,27054,940
ca2b54b95ade,ca2b54b95ade_green_preprocessed.png,ca2b54b95ade.png,1.4559180575868007,-1,100895,11371,941
a627eb8c08c5,a627eb8c08c5_green_preprocessed.png,a627eb8c08c5.png,1.4556333235696401,-1,32529,5839,942
dd3176bacfe2,dd3176bacfe2_green_preprocessed.png,dd3176bacfe2.png,1.4546314236164883,-1,42262,4900,943
43f22d1be8dd,43f22d1be8dd_green_preprocessed.png,43f22d1be8dd.png,1.4545994937109035,-1,29076,5531,944
cfed7c1172ec,cfed7c1172ec_green_preprocessed.png,cfed7c1172ec.png,1.453925007770673,-1,102641,11198,945
a8c9fcdbc0be,a8c9fcdbc0be_green_preprocessed.png,a8c9fcdbc0be.png,1.4538619048713302,-1,587256,43880,946
87d46b1cc4e9,87d46b1cc4e9_green_preprocessed.png,87d46b1cc4e9.png,1.4538596634079992,-1,432759,94800,947
658ad9f09f5d,658ad9f09f5d_green_preprocessed.png,658ad9f09f5d.png,1.4538064451174688,-1,35138,5995,948
4b6895d0cf8d,4b6895d0cf8d_green_preprocessed.png,4b6895d0cf8d.png,1.453653386336265,-1,53636,8262,949
b842b43cb7fb,b842b43cb7fb_green_preprocessed.png,b842b43cb7fb.png,1.4535726162679012,-1,214936,23839,950
2da82d14e1b7,2da82d14e1b7_green_preprocessed.png,2da82d14e1b7.png,1.4535101713689593,-1,100743,11047,951
4e54ccfd49b2,4e54ccfd49b2_green_preprocessed.png,4e54ccfd49b2.png,1.4533589841865584,-1,103561,11261,952
8f10e41a2f02,8f10e41a2f02_green_preprocessed.png,8f10e41a2f02.png,1.4530450157288302,-1,99240,11096,953
959bb2d01091,959bb2d01091_green_preprocessed.png,959bb2d01091.png,1.4529116528822326,-1,28990,5566,954
1e742358e0b9,1e742358e0b9_green_preprocessed.png,1e742358e0b9.png,1.4524794648856585,-1,196010,18365,955
a8263d248523,a8263d248523_green_preprocessed.png,a8263d248523.png,1.4522480867231295,-1,659212,67645,956
974c7d7b9c64,974c7d7b9c64_green_preprocessed.png,974c7d7b9c64.png,1.4517837393233755,-1,98668,10800,957
da6bbb76d562,da6bbb76d562_green_preprocessed.png,da6bbb76d562.png,1.4516727088449912,-1,500865,39766,958
a06b353e7bed,a06b353e7bed_green_preprocessed.png,a06b353e7bed.png,1.4515347499142948,-1,193494,20939,959
870fbe6eaa68,870fbe6eaa68_green_preprocessed.png,870fbe6eaa68.png,1.4512097072491081,-1,102027,10784,960
2b4c7b5f1f1e,2b4c7b5f1f1e_green_preprocessed.png,2b4c7b5f1f1e.png,1.4511919653140597,-1,98223,10975,961
478fc46eaa49,478fc46eaa49_green_preprocessed.png,478fc46eaa49.png,1.4509608701763197,-1,99488,11336,962
6b3860e8f64f,6b3860e8f64f_green_preprocessed.png,6b3860e8f64f.png,1.4506039728642124,-1,100860,11032,963
81371b0c01ad,81371b0c01ad_green_preprocessed.png,81371b0c01ad.png,1.450601938953863,-1,35180,6452,964
83d81ba5959c,83d81ba5959c_green_preprocessed.png,83d81ba5959c.png,1.450596929312525,-1,207740,24606,965
aeb6f4fd2eed,aeb6f4fd2eed_green_preprocessed.png,aeb6f4fd2eed.png,1.4499025323553136,-1,186632,20357,966
876deb29f000,876deb29f000_green_preprocessed.png,876deb29f000.png,1.449355178463857,-1,266257,38241,967
4826d10030b3,4826d10030b3_green_preprocessed.png,4826d10030b3.png,1.4489062848501004,-1,97785,10875,968
67ed8cc78b97,67ed8cc78b97_green_preprocessed.png,67ed8cc78b97.png,1.4487888433275473,-1,30945,5404,969
675de69373f8,675de69373f8_green_preprocessed.png,675de69373f8.png,1.4485736056972174,-1,33068,6672,970
e0313be77035,e0313be77035_green_preprocessed.png,e0313be77035.png,1.4485194469653035,-1,195162,22741,971
84b88e8d3bca,84b88e8d3bca_green_preprocessed.png,84b88e8d3bca.png,1.4484089433744989,-1,55286,7420,972
d3e56584a481,d3e56584a481_green_preprocessed.png,d3e56584a481.png,1.4482834632856956,-1,32371,5932,973
d93b61dc8f64,d93b61dc8f64_green_preprocessed.png,d93b61dc8f64.png,1.4479792993259566,-1,599899,55615,974
519c6e8f78dc,519c6e8f78dc_green_preprocessed.png,519c6e8f78dc.png,1.4466815633493195,-1,201363,21060,975
1f9ccda4ddf2,1f9ccda4ddf2_green_preprocessed.png,1f9ccda4ddf2.png,1.446253990796105,-1,34162,6482,976
7ddcfcea7369,7ddcfcea7369_green_preprocessed.png,7ddcfcea7369.png,1.445656993143761,-1,171776,20239,977
50f5201fd18a,50f5201fd18a_green_preprocessed.png,50f5201fd18a.png,1.4456159679646559,-1,26826,5208,978
c2a58b2cfd0b,c2a58b2cfd0b_green_preprocessed.png,c2a58b2cfd0b.png,1.4455956965003833,-1,95119,11095,979
906d02fb822d,906d02fb822d_green_preprocessed.png,906d02fb822d.png,1.4449530678486198,-1,393074,36139,980
a4012932e18d,a4012932e18d_green_preprocessed.png,a4012932e18d.png,1.4449530678486198,-1,393074,36139,981
d7ab5c040294,d7ab5c040294_green_preprocessed.png,d7ab5c040294.png,1.444823918863687,-1,27579,4976,982
dd90c321d7bc,dd90c321d7bc_green_preprocessed.png,dd90c321d7bc.png,1.4448130675086621,-1,214413,22765,983
540e4973829e,540e4973829e_green_preprocessed.png,540e4973829e.png,1.4445502892110413,-1,29989,5255,984
28503940d10b,28503940d10b_green_preprocessed.png,28503940d10b.png,1.4445056736838395,-1,105362,11058,985
77ab222bf85c,77ab222bf85c_green_preprocessed.png,77ab222bf85c.png,1.4444098486956762,-1,28129,4810,986
a9e3d186cd1b,a9e3d186cd1b_green_preprocessed.png,a9e3d186cd1b.png,1.444386273995585,-1,35926,6769,987
30263a7d5609,30263a7d5609_green_preprocessed.png,30263a7d5609.png,1.4433086849414885,-1,533396,57104,988
283c3aeba594,283c3aeba594_green_preprocessed.png,283c3aeba594.png,1.4428367777529707,-1,196425,22859,989
59928f999ae7,59928f999ae7_green_preprocessed.png,59928f999ae7.png,1.442764278451879,-1,185396,25929,990
daad7b617f21,daad7b617f21_green_preprocessed.png,daad7b617f21.png,1.4421886184010297,-1,55515,7566,991
436e7a7af761,436e7a7af761_green_preprocessed.png,436e7a7af761.png,1.442187997677297,-1,207437,28787,992
3c28fd846b43,3c28fd846b43_green_preprocessed.png,3c28fd846b43.png,1.4418887303788392,-1,94753,10927,993
1ec95179cdfe,1ec95179cdfe_green_preprocessed.png,1ec95179cdfe.png,1.4416289720753437,-1,59907,8929,994
a3132c8828e4,a3132c8828e4_green_preprocessed.png,a3132c8828e4.png,1.441588961567375,-1,199135,19627,995
98d41bce73a8,98d41bce73a8_green_preprocessed.png,98d41bce73a8.png,1.4415321067954823,-1,198362,23808,996
c85b79d70079,c85b79d70079_green_preprocessed.png,c85b79d70079.png,1.441133656844366,-1,404987,40436,997
73a07e2ea23e,73a07e2ea23e_green_preprocessed.png,73a07e2ea23e.png,1.4410795085914647,-1,29943,5484,998
1d37f1c8b6d8,1d37f1c8b6d8_green_preprocessed.png,1d37f1c8b6d8.png,1.441029724085829,-1,92645,10409,999
be521870a0ea,be521870a0ea_green_preprocessed.png,be521870a0ea.png,1.4409395239990614,-1,60051,8205,1000
e3cd96cb094c,e3cd96cb094c_green_preprocessed.png,e3cd96cb094c.png,1.4401349134324886,-1,153057,18599,1001
1dfe599d12a9,1dfe599d12a9_green_preprocessed.png,1dfe599d12a9.png,1.4399805598858644,-1,26651,5021,1002
da2bdf4236ac,da2bdf4236ac_green_preprocessed.png,da2bdf4236ac.png,1.439931201876921,-1,29011,5287,1003
4cf4d528c08e,4cf4d528c08e_green_preprocessed.png,4cf4d528c08e.png,1.4396449375622238,-1,220152,30364,1004
4c60f6fcea75,4c60f6fcea75_green_preprocessed.png,4c60f6fcea75.png,1.4395406920500688,-1,39379,4685,1005
7f2123bc89a3,7f2123bc89a3_green_preprocessed.png,7f2123bc89a3.png,1.4395182598618417,-1,30936,5428,1006
4c17e85686f0,4c17e85686f0_green_preprocessed.png,4c17e85686f0.png,1.4389661405398178,-1,97417,10337,1007
61c667663f2f,61c667663f2f_green_preprocessed.png,61c667663f2f.png,1.438953366871144,-1,90823,10606,1008
b460ca9fa26f,b460ca9fa26f_green_preprocessed.png,b460ca9fa26f.png,1.4389068019612814,-1,94166,10641,1009
83df53d58f28,83df53d58f28_green_preprocessed.png,83df53d58f28.png,1.4388924184022889,-1,94924,10414,1010
789c60cba801,789c60cba801_green_preprocessed.png,789c60cba801.png,1.4385586718622554,-1,30043,4929,1011
1eee55494271,1eee55494271_green_preprocessed.png,1eee55494271.png,1.4385423310738608,-1,131792,17697,1012
6bf26b777e3a,6bf26b777e3a_green_preprocessed.png,6bf26b777e3a.png,1.438225937063126,-1,641726,58730,1013
9e7a63b2fc6a,9e7a63b2fc6a_green_preprocessed.png,9e7a63b2fc6a.png,1.4377406763360048,-1,592129,44855,1014
1fddd7c98fd2,1fddd7c98fd2_green_preprocessed.png,1fddd7c98fd2.png,1.4374866210188832,-1,415024,45637,1015
1cc58b15f466,1cc58b15f466_green_preprocessed.png,1cc58b15f466.png,1.4365766113451774,-1,537344,42693,1016
71c22da3d6c6,71c22da3d6c6_green_preprocessed.png,71c22da3d6c6.png,1.4360778152490308,-1,221828,25974,1017
96b5474ae604,96b5474ae604_green_preprocessed.png,96b5474ae604.png,1.4360455987957998,-1,96023,10091,1018
26d9576e8043,26d9576e8043_green_preprocessed.png,26d9576e8043.png,1.4356441495522834,-1,34833,6689,1019
3601dac9bed7,3601dac9bed7_green_preprocessed.png,3601dac9bed7.png,1.4353476797384983,-1,621449,58970,1020
33b91def2035,33b91def2035_green_preprocessed.png,33b91def2035.png,1.4351182274889935,-1,26015,4942,1021
d97911a32918,d97911a32918_green_preprocessed.png,d97911a32918.png,1.4347617947978861,-1,90106,10238,1022
b7aca95b97b9,b7aca95b97b9_green_preprocessed.png,b7aca95b97b9.png,1.4333284048656443,-1,62909,8841,1023
1c9c583c10bf,1c9c583c10bf_green_preprocessed.png,1c9c583c10bf.png,1.4332929489198163,-1,483699,52762,1024
cd01f4f83336,cd01f4f83336_green_preprocessed.png,cd01f4f83336.png,1.431723831920534,-1,190699,19994,1025
c94f37085d0f,c94f37085d0f_green_preprocessed.png,c94f37085d0f.png,1.4316989920061567,-1,92063,9918,1026
e4c799738a19,e4c799738a19_green_preprocessed.png,e4c799738a19.png,1.4316843720505366,-1,91265,10350,1027
a0445785e2f7,a0445785e2f7_green_preprocessed.png,a0445785e2f7.png,1.43045203160644,-1,190691,23540,1028
5069feccd866,5069feccd866_green_preprocessed.png,5069feccd866.png,1.4302869064935557,-1,313225,48444,1029
aaaadb174012,aaaadb174012_green_preprocessed.png,aaaadb174012.png,1.4301566040023226,-1,92796,10231,1030
c013e869acce,c013e869acce_green_preprocessed.png,c013e869acce.png,1.4297201187024993,-1,201182,20549,1031
5264a54e1830,5264a54e1830_green_preprocessed.png,5264a54e1830.png,1.42832846374902,-1,49224,6402,1032
54334705a34d,54334705a34d_green_preprocessed.png,54334705a34d.png,1.4277570650825513,-1,185201,19872,1033
a34fc5376669,a34fc5376669_green_preprocessed.png,a34fc5376669.png,1.4270429552501278,-1,92194,9842,1034
9ed6c2b25767,9ed6c2b25767_green_preprocessed.png,9ed6c2b25767.png,1.4263046452831154,-1,65281,8838,1035
2f81ee5f2926,2f81ee5f2926_green_preprocessed.png,2f81ee5f2926.png,1.4255404526128594,-1,29909,5672,1036
521b5377a727,521b5377a727_green_preprocessed.png,521b5377a727.png,1.4253933761751687,-1,61222,9143,1037
ab78a66dee6a,ab78a66dee6a_green_preprocessed.png,ab78a66dee6a.png,1.4252656174394416,-1,87651,9939,1038
289a47dcbb82,289a47dcbb82_green_preprocessed.png,289a47dcbb82.png,1.4251637868781546,-1,199787,22184,1039
69f43381317b,69f43381317b_green_preprocessed.png,69f43381317b.png,1.4244659339336212,-1,208581,20687,1040
2cdcc910778d,2cdcc910778d_green_preprocessed.png,2cdcc910778d.png,1.4243892278027288,-1,26061,4966,1041
33596a635b53,33596a635b53_green_preprocessed.png,33596a635b53.png,1.4236149091833845,-1,201816,22416,1042
b72f59b85f7c,b72f59b85f7c_green_preprocessed.png,b72f59b85f7c.png,1.4234077152262652,-1,202971,21764,1043
34acae864963,34acae864963_green_preprocessed.png,34acae864963.png,1.4229049233064013,-1,190981,21680,1044
4276b82e4489,4276b82e4489_green_preprocessed.png,4276b82e4489.png,1.4229012823363134,-1,197793,22805,1045
c5a6f432a1ec,c5a6f432a1ec_green_preprocessed.png,c5a6f432a1ec.png,1.422649346872384,-1,30183,4697,1046
606daaf0bfc7,606daaf0bfc7_green_preprocessed.png,606daaf0bfc7.png,1.4219285022151493,-1,59742,7714,1047
2b2f5a0f880d,2b2f5a0f880d_green_preprocessed.png,2b2f5a0f880d.png,1.4218729271569985,-1,199771,19416,1048
cffc50047828,cffc50047828_green_preprocessed.png,cffc50047828.png,1.4217293017538863,-1,31037,5977,1049
db3cd58aa315,db3cd58aa315_green_preprocessed.png,db3cd58aa315.png,1.4211477096496796,-1,199883,24584,1050
ad944bd56bb6,ad944bd56bb6_green_preprocessed.png,ad944bd56bb6.png,1.4210180579335183,-1,192632,22519,1051
c21eb81de9fc,c21eb81de9fc_green_preprocessed.png,c21eb81de9fc.png,1.4209817981683748,-1,34325,6185,1052
5ead17e894ae,5ead17e894ae_green_preprocessed.png,5ead17e894ae.png,1.4208658980612732,-1,53128,7119,1053
90a9a41eec6d,90a9a41eec6d_green_preprocessed.png,90a9a41eec6d.png,1.4202863551361822,-1,57936,8397,1054
435414ccccf7,435414ccccf7_green_preprocessed.png,435414ccccf7.png,1.4201012062031868,-1,208691,21701,1055
e2ec22b3d07e,e2ec22b3d07e_green_preprocessed.png,e2ec22b3d07e.png,1.419933295151995,-1,65732,9553,1056
835b9f6e12ba,835b9f6e12ba_green_preprocessed.png,835b9f6e12ba.png,1.4198940114415965,-1,90312,9775,1057
ab7991df166b,ab7991df166b_green_preprocessed.png,ab7991df166b.png,1.4198488092337092,-1,65405,10846,1058
8b079e79035f,8b079e79035f_green_preprocessed.png,8b079e79035f.png,1.419278817479434,-1,82810,9897,1059
a8a6588c8eb7,a8a6588c8eb7_green_preprocessed.png,a8a6588c8eb7.png,1.4187839310626487,-1,181480,21548,1060
3599029efeb3,3599029efeb3_green_preprocessed.png,3599029efeb3.png,1.418767539900665,-1,580165,46626,1061
8ee50c26fc13,8ee50c26fc13_green_preprocessed.png,8ee50c26fc13.png,1.4182447939032892,-1,32477,5660,1062
1f4fb37e0854,1f4fb37e0854_green_preprocessed.png,1f4fb37e0854.png,1.4179702911657517,-1,62737,8816,1063
dcf109df1a2b,dcf109df1a2b_green_preprocessed.png,dcf109df1a2b.png,1.417231916284742,-1,205332,21098,1064
318eb706a134,318eb706a134_green_preprocessed.png,318eb706a134.png,1.417064895477733,-1,172742,20241,1065
8e7981855125,8e7981855125_green_preprocessed.png,8e7981855125.png,1.416908845149152,-1,498296,37548,1066
a11c62cb3f86,a11c62cb3f86_green_preprocessed.png,a11c62cb3f86.png,1.4157113806360597,-1,564294,46249,1067
7569ac24762e,7569ac24762e_green_preprocessed.png,7569ac24762e.png,1.4155128311050942,-1,313628,58566,1068
780f9c237c56,780f9c237c56_green_preprocessed.png,780f9c237c56.png,1.4154845762115755,-1,86211,9596,1069
7d11dbc1e738,7d11dbc1e738_green_preprocessed.png,7d11dbc1e738.png,1.4153279668090035,-1,195036,20485,1070
94b9ccc73bb9,94b9ccc73bb9_green_preprocessed.png,94b9ccc73bb9.png,1.4149472608411984,-1,30738,6049,1071
1e7ccd4a1c87,1e7ccd4a1c87_green_preprocessed.png,1e7ccd4a1c87.png,1.4146350535700227,-1,659215,61967,1072
e47770a2e5d1,e47770a2e5d1_green_preprocessed.png,e47770a2e5d1.png,1.4143703080699457,-1,571933,47730,1073
1faf8664816c,1faf8664816c_green_preprocessed.png,1faf8664816c.png,1.4143370733765446,-1,81970,9785,1074
3325b1fe55d2,3325b1fe55d2_green_preprocessed.png,3325b1fe55d2.png,1.4138193384293383,-1,84436,9339,1075
9858cc2ae073,9858cc2ae073_green_preprocessed.png,9858cc2ae073.png,1.4136907147909328,-1,183860,19520,1076
db6207e62c7b,db6207e62c7b_green_preprocessed.png,db6207e62c7b.png,1.4136461957755866,-1,207523,23315,1077
8e6df9eedcd8,8e6df9eedcd8_green_preprocessed.png,8e6df9eedcd8.png,1.413408470930658,-1,638865,58470,1078
8b58f9a338e8,8b58f9a338e8_green_preprocessed.png,8b58f9a338e8.png,1.4134042962787783,-1,25078,4485,1079
6bf2a81a5d91,6bf2a81a5d91_green_preprocessed.png,6bf2a81a5d91.png,1.4132807877854145,-1,29611,5526,1080
e160a3b19911,e160a3b19911_green_preprocessed.png,e160a3b19911.png,1.413235131842859,-1,30451,5872,1081
99c6a123ed6a,99c6a123ed6a_green_preprocessed.png,99c6a123ed6a.png,1.413114661267304,-1,80599,9194,1082
3c42512c81e0,3c42512c81e0_green_preprocessed.png,3c42512c81e0.png,1.4126849953845526,-1,87261,9377,1083
dc0f6e5b489b,dc0f6e5b489b_green_preprocessed.png,dc0f6e5b489b.png,1.4122535189731613,-1,212478,26460,1084
5078caaf1f57,5078caaf1f57_green_preprocessed.png,5078caaf1f57.png,1.4117275513960414,-1,46483,6486,1085
d871895742b1,d871895742b1_green_preprocessed.png,d871895742b1.png,1.410693821207757,-1,399440,32000,1086
cb28adab4e8a,cb28adab4e8a_green_preprocessed.png,cb28adab4e8a.png,1.4103304609588068,-1,28033,4478,1087
cf6551521a35,cf6551521a35_green_preprocessed.png,cf6551521a35.png,1.4102586196265787,-1,151038,17408,1088
2db0cd3e30da,2db0cd3e30da_green_preprocessed.png,2db0cd3e30da.png,1.4101647078273045,-1,517030,38133,1089
c90c6b94cf40,c90c6b94cf40_green_preprocessed.png,c90c6b94cf40.png,1.4101171561893469,-1,27972,4376,1090
5ce5eeaf757a,5ce5eeaf757a_green_preprocessed.png,5ce5eeaf757a.png,1.4098860442443828,-1,178561,19961,1091
2d04cead4d3a,2d04cead4d3a_green_preprocessed.png,2d04cead4d3a.png,1.4096864501123954,-1,244064,30587,1092
48a45619d1a3,48a45619d1a3_green_preprocessed.png,48a45619d1a3.png,1.4085690609082389,-1,34415,6260,1093
ab3c505b624f,ab3c505b624f_green_preprocessed.png,ab3c505b624f.png,1.4082607985932263,-1,26887,4813,1094
d1cf31577a59,d1cf31577a59_green_preprocessed.png,d1cf31577a59.png,1.4080256544570318,-1,529315,42380,1095
87b671c6d4c5,87b671c6d4c5_green_preprocessed.png,87b671c6d4c5.png,1.407529264175589,-1,80900,9176,1096
210bfe0127c6,210bfe0127c6_green_preprocessed.png,210bfe0127c6.png,1.40741027710207,-1,621203,57290,1097
9b4fc15df3c8,9b4fc15df3c8_green_preprocessed.png,9b4fc15df3c8.png,1.407133541482488,-1,28224,4386,1098
9b70f84400af,9b70f84400af_green_preprocessed.png,9b70f84400af.png,1.4069982513092218,-1,53625,6929,1099
4158c340fa49,4158c340fa49_green_preprocessed.png,4158c340fa49.png,1.4068282922594624,-1,570053,43108,1100
a73c3d516c59,a73c3d516c59_green_preprocessed.png,a73c3d516c59.png,1.4063942355826546,-1,56448,7906,1101
568455854a11,568455854a11_green_preprocessed.png,568455854a11.png,1.406139136443608,-1,31382,6114,1102
c3789c1dab96,c3789c1dab96_green_preprocessed.png,c3789c1dab96.png,1.4058437135758426,-1,24972,4125,1103
4fd5ec0dca09,4fd5ec0dca09_green_preprocessed.png,4fd5ec0dca09.png,1.4053777883232583,-1,26078,4728,1104
4860f7813654,4860f7813654_green_preprocessed.png,4860f7813654.png,1.4045850011780763,-1,613521,59843,1105
7b691d9ced34,7b691d9ced34_green_preprocessed.png,7b691d9ced34.png,1.4043705061588065,-1,491995,51474,1106
d51c2153d151,d51c2153d151_green_preprocessed.png,d51c2153d151.png,1.4043705061588065,-1,491995,51474,1107
8ab3faa3701f,8ab3faa3701f_green_preprocessed.png,8ab3faa3701f.png,1.4036609626287981,-1,208895,25169,1108
76b950c6ed5e,76b950c6ed5e_green_preprocessed.png,76b950c6ed5e.png,1.403405218981247,-1,271957,37345,1109
3732de8b416f,3732de8b416f_green_preprocessed.png,3732de8b416f.png,1.4032983307014086,-1,514030,42014,1110
beb00fa6e7c9,beb00fa6e7c9_green_preprocessed.png,beb00fa6e7c9.png,1.402991259190861,-1,398762,38629,1111
a8854768549f,a8854768549f_green_preprocessed.png,a8854768549f.png,1.4029316884711858,-1,139897,15110,1112
81704925f759,81704925f759_green_preprocessed.png,81704925f759.png,1.4025276490357654,-1,191114,21633,1113
8ead8f37423c,8ead8f37423c_green_preprocessed.png,8ead8f37423c.png,1.4023090717725888,-1,76732,8935,1114
b67ae80f7eba,b67ae80f7eba_green_preprocessed.png,b67ae80f7eba.png,1.4022556341964214,-1,51519,7774,1115
ae2e888905ba,ae2e888905ba_green_preprocessed.png,ae2e888905ba.png,1.4021402596417296,-1,182436,17980,1116
263d8851e33b,263d8851e33b_green_preprocessed.png,263d8851e33b.png,1.4012215844751785,-1,192963,21673,1117
351e842842a2,351e842842a2_green_preprocessed.png,351e842842a2.png,1.4009968280775063,-1,648153,62985,1118
1df0a4c23c95,1df0a4c23c95_green_preprocessed.png,1df0a4c23c95.png,1.4003191867373421,-1,32776,5855,1119
7435e9a3e36e,7435e9a3e36e_green_preprocessed.png,7435e9a3e36e.png,1.3999566999698394,-1,532465,43368,1120
36e4b704b905,36e4b704b905_green_preprocessed.png,36e4b704b905.png,1.3999162703182135,-1,59740,8485,1121
ae5d31979f19,ae5d31979f19_green_preprocessed.png,ae5d31979f19.png,1.3995424598591866,-1,444685,42081,1122
c9c563864ab1,c9c563864ab1_green_preprocessed.png,c9c563864ab1.png,1.3994616690753734,-1,185394,23692,1123
4dd14c380696,4dd14c380696_green_preprocessed.png,4dd14c380696.png,1.3989911189965443,-1,31318,5093,1124
96ea316ed0ab,96ea316ed0ab_green_preprocessed.png,96ea316ed0ab.png,1.3987379671045328,-1,35863,6232,1125
991a0b7a8c87,991a0b7a8c87_green_preprocessed.png,991a0b7a8c87.png,1.3986028771505585,-1,34567,6050,1126
7d48f8cdfb69,7d48f8cdfb69_green_preprocessed.png,7d48f8cdfb69.png,1.3985066797972332,-1,177702,23394,1127
83fda7c0500b,83fda7c0500b_green_preprocessed.png,83fda7c0500b.png,1.3982980838374603,-1,327277,31665,1128
830e297965a1,830e297965a1_green_preprocessed.png,830e297965a1.png,1.398282160744236,-1,201973,23413,1129
c80b0f27541a,c80b0f27541a_green_preprocessed.png,c80b0f27541a.png,1.3982610364410861,-1,592471,60372,1130
35362d43e753,35362d43e753_green_preprocessed.png,35362d43e753.png,1.3979174709293118,-1,81112,8935,1131
599498e9e4bc,599498e9e4bc_green_preprocessed.png,599498e9e4bc.png,1.3972328390526783,-1,193390,20419,1132
de18071c36e6,de18071c36e6_green_preprocessed.png,de18071c36e6.png,1.3970945950626281,-1,33038,5580,1133
e2265c383348,e2265c383348_green_preprocessed.png,e2265c383348.png,1.3968864009297062,-1,32523,5662,1134
8650d32f4a9e,8650d32f4a9e_green_preprocessed.png,8650d32f4a9e.png,1.3966286999694548,-1,31438,5742,1135
8be6629a6039,8be6629a6039_green_preprocessed.png,8be6629a6039.png,1.3963835877921884,-1,553423,46006,1136
248dec89b3a2,248dec89b3a2_green_preprocessed.png,248dec89b3a2.png,1.3955392302597476,-1,32066,5825,1137
511fd66b2df8,511fd66b2df8_green_preprocessed.png,511fd66b2df8.png,1.3948004226232118,-1,566079,47471,1138
2b10f138e67d,2b10f138e67d_green_preprocessed.png,2b10f138e67d.png,1.3945277295061234,-1,29963,5526,1139
7ba6b23c4b46,7ba6b23c4b46_green_preprocessed.png,7ba6b23c4b46.png,1.3943588883791296,-1,58222,7136,1140
31360e44ac64,31360e44ac64_green_preprocessed.png,31360e44ac64.png,1.3942910636500516,-1,579567,47491,1141
1df0431bfa73,1df0431bfa73_green_preprocessed.png,1df0431bfa73.png,1.3940981750260637,-1,167082,19496,1142
76cb010f7aa0,76cb010f7aa0_green_preprocessed.png,76cb010f7aa0.png,1.3940677223841742,-1,214263,22722,1143
9a159d4674cd,9a159d4674cd_green_preprocessed.png,9a159d4674cd.png,1.3924916826189626,-1,31087,6021,1144
a07efb1ecfc0,a07efb1ecfc0_green_preprocessed.png,a07efb1ecfc0.png,1.3917304237880879,-1,221475,28767,1145
6df8b7b6e837,6df8b7b6e837_green_preprocessed.png,6df8b7b6e837.png,1.391554969353798,-1,547850,46221,1146
bb08949dd70a,bb08949dd70a_green_preprocessed.png,bb08949dd70a.png,1.3914169618549268,-1,65010,9304,1147
6180920bc224,6180920bc224_green_preprocessed.png,6180920bc224.png,1.3910492462575383,-1,72243,8828,1148
342edf9b889d,342edf9b889d_green_preprocessed.png,342edf9b889d.png,1.389963598131875,-1,33980,6456,1149
a08a0133754a,a08a0133754a_green_preprocessed.png,a08a0133754a.png,1.3896200943819,-1,71537,8542,1150
ac81fc200162,ac81fc200162_green_preprocessed.png,ac81fc200162.png,1.3895438245032559,-1,571388,53161,1151
6e018411ba4a,6e018411ba4a_green_preprocessed.png,6e018411ba4a.png,1.3890498385053112,-1,555533,44164,1152
5b47043942f4,5b47043942f4_green_preprocessed.png,5b47043942f4.png,1.3890192889274078,-1,32649,5687,1153
345b1f0abbba,345b1f0abbba_green_preprocessed.png,345b1f0abbba.png,1.388439124655437,-1,480171,33196,1154
e47452069ea1,e47452069ea1_green_preprocessed.png,e47452069ea1.png,1.3884275754615125,-1,200262,21873,1155
b085caa513a8,b085caa513a8_green_preprocessed.png,b085caa513a8.png,1.3884253447837982,-1,49063,6679,1156
7a12f49e29df,7a12f49e29df_green_preprocessed.png,7a12f49e29df.png,1.388130453805854,-1,540959,45984,1157
4ef16a53d899,4ef16a53d899_green_preprocessed.png,4ef16a53d899.png,1.386752199595566,-1,33583,5922,1158
d78b7401096f,d78b7401096f_green_preprocessed.png,d78b7401096f.png,1.3862521702028954,-1,596412,52068,1159
692e946b1f85,692e946b1f85_green_preprocessed.png,692e946b1f85.png,1.3859168353951414,-1,70311,8403,1160
6de39b94f634,6de39b94f634_green_preprocessed.png,6de39b94f634.png,1.385801518457338,-1,205205,23080,1161
8846b09384a4,8846b09384a4_green_preprocessed.png,8846b09384a4.png,1.3850649211500854,-1,605531,55532,1162
bdc6c60e9133,bdc6c60e9133_green_preprocessed.png,bdc6c60e9133.png,1.3850459175924785,-1,197186,19322,1163
aa60813e1a8d,aa60813e1a8d_green_preprocessed.png,aa60813e1a8d.png,1.3847892203753656,-1,621527,52461,1164
2ef10194e80d,2ef10194e80d_green_preprocessed.png,2ef10194e80d.png,1.3845438247905262,-1,295400,46323,1165
da0a83f074f3,da0a83f074f3_green_preprocessed.png,da0a83f074f3.png,1.3839383043161202,-1,28045,4845,1166
4dd7b322f342,4dd7b322f342_green_preprocessed.png,4dd7b322f342.png,1.3837215318503941,-1,59673,8258,1167
d9d2631f043c,d9d2631f043c_green_preprocessed.png,d9d2631f043c.png,1.383633811123874,-1,522314,40762,1168
41ab357d103f,41ab357d103f_green_preprocessed.png,41ab357d103f.png,1.3833803343664848,-1,29779,5296,1169
b82dfa63a75f,b82dfa63a75f_green_preprocessed.png,b82dfa63a75f.png,1.383294062223161,-1,181211,20585,1170
d9ad2a0ec026,d9ad2a0ec026_green_preprocessed.png,d9ad2a0ec026.png,1.3830023774516371,-1,74491,8169,1171
1cb6961d141c,1cb6961d141c_green_preprocessed.png,1cb6961d141c.png,1.3828343290780956,-1,31761,5641,1172
a419fcb2dfb5,a419fcb2dfb5_green_preprocessed.png,a419fcb2dfb5.png,1.3825727934124141,-1,30954,5419,1173
5d9c841eb245,5d9c841eb245_green_preprocessed.png,5d9c841eb245.png,1.3822685583819492,-1,149893,15800,1174
218c822a3dd9,218c822a3dd9_green_preprocessed.png,218c822a3dd9.png,1.381843890022331,-1,577349,50190,1175
5445255635f0,5445255635f0_green_preprocessed.png,5445255635f0.png,1.3815539189929316,-1,563043,44079,1176
df9cb3729eb1,df9cb3729eb1_green_preprocessed.png,df9cb3729eb1.png,1.381074483343014,-1,202995,20726,1177
454792eb6e05,454792eb6e05_green_preprocessed.png,454792eb6e05.png,1.3808086104783992,-1,169974,17894,1178
9ba469af2980,9ba469af2980_green_preprocessed.png,9ba469af2980.png,1.3807152016426136,-1,370276,32469,1179
b9d0b83d70c3,b9d0b83d70c3_green_preprocessed.png,b9d0b83d70c3.png,1.3794790315010033,-1,33659,5813,1180
a1822dd8d05d,a1822dd8d05d_green_preprocessed.png,a1822dd8d05d.png,1.3794527126751301,-1,68517,7980,1181
a06e5ac695ce,a06e5ac695ce_green_preprocessed.png,a06e5ac695ce.png,1.3784405266721116,-1,310733,55805,1182
b6fd109b1bc9,b6fd109b1bc9_green_preprocessed.png,b6fd109b1bc9.png,1.378431821617219,-1,624216,63765,1183
682312e82ee3,682312e82ee3_green_preprocessed.png,682312e82ee3.png,1.3781259596618365,-1,419901,40904,1184
dea7538bb91a,dea7538bb91a_green_preprocessed.png,dea7538bb91a.png,1.3773489264783545,-1,55203,7729,1185
57a5e4274275,57a5e4274275_green_preprocessed.png,57a5e4274275.png,1.3772774090305517,-1,169489,18239,1186
992599744a23,992599744a23_green_preprocessed.png,992599744a23.png,1.3771997144211694,-1,584319,48145,1187
848e66b9e199,848e66b9e199_green_preprocessed.png,848e66b9e199.png,1.3765946486055003,-1,553834,44311,1188
6d5a8362dd1e,6d5a8362dd1e_green_preprocessed.png,6d5a8362dd1e.png,1.3757433229460705,-1,577961,48824,1189
1b3647865779,1b3647865779_green_preprocessed.png,1b3647865779.png,1.3756005351823122,-1,32827,5468,1190
6e3526053de0,6e3526053de0_green_preprocessed.png,6e3526053de0.png,1.3754887588876434,-1,58211,7802,1191
1b8701231c8f,1b8701231c8f_green_preprocessed.png,1b8701231c8f.png,1.374599363843227,-1,44573,5696,1192
e12f9f19d1be,e12f9f19d1be_green_preprocessed.png,e12f9f19d1be.png,1.3744350065971866,-1,28688,5079,1193
3178559fbf57,3178559fbf57_green_preprocessed.png,3178559fbf57.png,1.3743359653497844,-1,75008,8019,1194
b43440c6ebe4,b43440c6ebe4_green_preprocessed.png,b43440c6ebe4.png,1.3741346581395424,-1,470844,36387,1195
4c635a01593d,4c635a01593d_green_preprocessed.png,4c635a01593d.png,1.373612371852798,-1,201828,19928,1196
70d0392397de,70d0392397de_green_preprocessed.png,70d0392397de.png,1.373470477009718,-1,508578,42504,1197
e33766353db2,e33766353db2_green_preprocessed.png,e33766353db2.png,1.373335684874046,-1,30548,5602,1198
ddb222ff7c1d,ddb222ff7c1d_green_preprocessed.png,ddb222ff7c1d.png,1.3727698134897186,-1,187348,17274,1199
6294b378d09f,6294b378d09f_green_preprocessed.png,6294b378d09f.png,1.3724513188880314,-1,29923,5551,1200
dcc6c0ad5cad,dcc6c0ad5cad_green_preprocessed.png,dcc6c0ad5cad.png,1.3712816087788167,-1,520154,42186,1201
9be0683649ff,9be0683649ff_green_preprocessed.png,9be0683649ff.png,1.37125066587554,-1,206515,22694,1202
b73d0bcd3d33,b73d0bcd3d33_green_preprocessed.png,b73d0bcd3d33.png,1.368249761774233,-1,25513,3696,1203
c755a0c4edcc,c755a0c4edcc_green_preprocessed.png,c755a0c4edcc.png,1.367826836656872,-1,170515,15606,1204
4134b290f5f3,4134b290f5f3_green_preprocessed.png,4134b290f5f3.png,1.3673041378019917,-1,561940,47927,1205
bd375ba756b1,bd375ba756b1_green_preprocessed.png,bd375ba756b1.png,1.3669332119077082,-1,190984,23097,1206
21037f5c7790,21037f5c7790_green_preprocessed.png,21037f5c7790.png,1.3661406789993613,-1,65305,8131,1207
af6166d57f13,af6166d57f13_green_preprocessed.png,af6166d57f13.png,1.3654865152755005,-1,181074,16216,1208
3cdef7c591cc,3cdef7c591cc_green_preprocessed.png,3cdef7c591cc.png,1.365110822414146,-1,30898,5050,1209
cbc23af521f3,cbc23af521f3_green_preprocessed.png,cbc23af521f3.png,1.3648675622533313,-1,168051,17764,1210
2cfe8703f265,2cfe8703f265_green_preprocessed.png,2cfe8703f265.png,1.3646717422134136,-1,510727,40717,1211
ab32db41c409,ab32db41c409_green_preprocessed.png,ab32db41c409.png,1.3644543353072018,-1,453753,35854,1212
7179f85bfd6f,7179f85bfd6f_green_preprocessed.png,7179f85bfd6f.png,1.3635033161141918,-1,56611,7394,1213
26d60db3bbfd,26d60db3bbfd_green_preprocessed.png,26d60db3bbfd.png,1.3633833950903969,-1,65501,10062,1214
a1872f9c0cba,a1872f9c0cba_green_preprocessed.png,a1872f9c0cba.png,1.3626964874012262,-1,178256,16281,1215
8a3eb86ae4bd,8a3eb86ae4bd_green_preprocessed.png,8a3eb86ae4bd.png,1.362231693006322,-1,164525,17340,1216
535682537302,535682537302_green_preprocessed.png,535682537302.png,1.3609761043593571,-1,64822,7650,1217
54bdcdecd8f3,54bdcdecd8f3_green_preprocessed.png,54bdcdecd8f3.png,1.360947840996417,-1,190120,20401,1218
d7078e8b0349,d7078e8b0349_green_preprocessed.png,d7078e8b0349.png,1.360201148766409,-1,201489,18761,1219
5b1c4cefeb24,5b1c4cefeb24_green_preprocessed.png,5b1c4cefeb24.png,1.3592945487777237,-1,176566,19092,1220
9e5737f771c3,9e5737f771c3_green_preprocessed.png,9e5737f771c3.png,1.3586166983958239,-1,206300,23764,1221
936299166bea,936299166bea_green_preprocessed.png,936299166bea.png,1.3584462880858867,-1,27316,4986,1222
49eb73968c44,49eb73968c44_green_preprocessed.png,49eb73968c44.png,1.3581094135217102,-1,23590,3519,1223
beeca5f14618,beeca5f14618_green_preprocessed.png,beeca5f14618.png,1.3576941439239751,-1,63113,8653,1224
97c6cb55866d,97c6cb55866d_green_preprocessed.png,97c6cb55866d.png,1.3573652856406913,-1,434877,34587,1225
cd48cfab4e44,cd48cfab4e44_green_preprocessed.png,cd48cfab4e44.png,1.3572118240894273,-1,572412,49867,1226
5fcff7280019,5fcff7280019_green_preprocessed.png,5fcff7280019.png,1.3569294235265768,-1,61600,8780,1227
482088e6be44,482088e6be44_green_preprocessed.png,482088e6be44.png,1.35690763780471,-1,256158,34973,1228
3fe282197c1c,3fe282197c1c_green_preprocessed.png,3fe282197c1c.png,1.3564367038120924,-1,181287,20519,1229
609be3ca5ddf,609be3ca5ddf_green_preprocessed.png,609be3ca5ddf.png,1.355681945584265,-1,45939,6011,1230
a02dfd67a925,a02dfd67a925_green_preprocessed.png,a02dfd67a925.png,1.3552884890814427,-1,60125,8318,1231
573ea80a53be,573ea80a53be_green_preprocessed.png,573ea80a53be.png,1.3547897790671117,-1,181741,19220,1232
44f7f3ef9d50,44f7f3ef9d50_green_preprocessed.png,44f7f3ef9d50.png,1.3524923172681005,-1,538469,47964,1233
b16dd4483ca5,b16dd4483ca5_green_preprocessed.png,b16dd4483ca5.png,1.3521980845359622,-1,187951,18772,1234
84b472c49cfa,84b472c49cfa_green_preprocessed.png,84b472c49cfa.png,1.3521680456524279,-1,52994,6757,1235
7e70344b0c25,7e70344b0c25_green_preprocessed.png,7e70344b0c25.png,1.351645295748335,-1,85965,12138,1236
a0e635689259,a0e635689259_green_preprocessed.png,a0e635689259.png,1.3515190023989974,-1,30586,5214,1237
286e9981dd9b,286e9981dd9b_green_preprocessed.png,286e9981dd9b.png,1.3508195282852784,-1,177686,14962,1238
c5b58cc992af,c5b58cc992af_green_preprocessed.png,c5b58cc992af.png,1.3495817966439974,-1,31564,5138,1239
2f143453bb71,2f143453bb71_green_preprocessed.png,2f143453bb71.png,1.3494414630457396,-1,504135,37964,1240
7e5a76c4e103,7e5a76c4e103_green_preprocessed.png,7e5a76c4e103.png,1.3465028626784388,-1,177417,17158,1241
20f86e068276,20f86e068276_green_preprocessed.png,20f86e068276.png,1.3463362627970994,-1,505853,40419,1242
2ef955d6d9ff,2ef955d6d9ff_green_preprocessed.png,2ef955d6d9ff.png,1.346143597235648,-1,30275,5403,1243
bed8296c8dfe,bed8296c8dfe_green_preprocessed.png,bed8296c8dfe.png,1.3458117404984475,-1,169802,19553,1244
2a2274bcb00a,2a2274bcb00a_green_preprocessed.png,2a2274bcb00a.png,1.3455939016604141,-1,544279,44140,1245
d1fa0f744620,d1fa0f744620_green_preprocessed.png,d1fa0f744620.png,1.3454489948328006,-1,143901,15177,1246
2a7373eeb352,2a7373eeb352_green_preprocessed.png,2a7373eeb352.png,1.3445667632413645,-1,57206,7115,1247
a3bd2e034614,a3bd2e034614_green_preprocessed.png,a3bd2e034614.png,1.3435713559231437,-1,74255,10118,1248
628b581aa905,628b581aa905_green_preprocessed.png,628b581aa905.png,1.3435599826597309,-1,185286,17976,1249
4731e708ede3,4731e708ede3_green_preprocessed.png,4731e708ede3.png,1.3425739207524996,-1,28341,4864,1250
4a96c28f3f07,4a96c28f3f07_green_preprocessed.png,4a96c28f3f07.png,1.3424459270776925,-1,28912,4551,1251
3f0d3629d69e,3f0d3629d69e_green_preprocessed.png,3f0d3629d69e.png,1.3422155901154942,-1,204343,23390,1252
baaca2f7e1f0,baaca2f7e1f0_green_preprocessed.png,baaca2f7e1f0.png,1.3420806996903119,-1,54969,7146,1253
33d72035c27a,33d72035c27a_green_preprocessed.png,33d72035c27a.png,1.3407693049691378,-1,183772,23640,1254
27f82ada84ac,27f82ada84ac_green_preprocessed.png,27f82ada84ac.png,1.3401223692225566,-1,52013,7072,1255
5e505e25cd3e,5e505e25cd3e_green_preprocessed.png,5e505e25cd3e.png,1.339224520926375,-1,137727,13768,1256
53c874dbc594,53c874dbc594_green_preprocessed.png,53c874dbc594.png,1.3377609685230443,-1,209515,33607,1257
97f290d31813,97f290d31813_green_preprocessed.png,97f290d31813.png,1.3375897396754426,-1,483231,39315,1258
c57c164bca05,c57c164bca05_green_preprocessed.png,c57c164bca05.png,1.3370959712489447,-1,485956,38346,1259
d2afca74cbc3,d2afca74cbc3_green_preprocessed.png,d2afca74cbc3.png,1.3370552221080658,-1,32221,5209,1260
53ddae6a619e,53ddae6a619e_green_preprocessed.png,53ddae6a619e.png,1.3369814014437202,-1,178441,16521,1261
ab03d50bba2f,ab03d50bba2f_green_preprocessed.png,ab03d50bba2f.png,1.335759842958833,-1,273398,45271,1262
65e6f1bd9875,65e6f1bd9875_green_preprocessed.png,65e6f1bd9875.png,1.3353702425185763,-1,557130,41550,1263
683023cda6a5,683023cda6a5_green_preprocessed.png,683023cda6a5.png,1.334607890880073,-1,25092,4358,1264
3ca8be3b40d6,3ca8be3b40d6_green_preprocessed.png,3ca8be3b40d6.png,1.3336637375880007,-1,28865,5017,1265
d2d523e9f669,d2d523e9f669_green_preprocessed.png,d2d523e9f669.png,1.333310178290432,-1,176749,18330,1266
5baed382f062,5baed382f062_green_preprocessed.png,5baed382f062.png,1.3331950349342834,-1,29080,4647,1267
493d99f030e2,493d99f030e2_green_preprocessed.png,493d99f030e2.png,1.3331094094196356,-1,398749,36930,1268
b64e1eef3d63,b64e1eef3d63_green_preprocessed.png,b64e1eef3d63.png,1.3330675129435756,-1,193541,17975,1269
2d3f4094c08a,2d3f4094c08a_green_preprocessed.png,2d3f4094c08a.png,1.3315867315059886,-1,190255,18326,1270
2fefb720869a,2fefb720869a_green_preprocessed.png,2fefb720869a.png,1.3311859322761375,-1,127674,13211,1271
e26bcae6c67b,e26bcae6c67b_green_preprocessed.png,e26bcae6c67b.png,1.3311591456812901,-1,601598,51617,1272
6e861bc3bd7b,6e861bc3bd7b_green_preprocessed.png,6e861bc3bd7b.png,1.3297089486065108,-1,18173,3158,1273
38373431d996,38373431d996_green_preprocessed.png,38373431d996.png,1.3296975318356479,-1,203291,20897,1274
35777eb7859d,35777eb7859d_green_preprocessed.png,35777eb7859d.png,1.328228555164456,-1,415322,30345,1275
c373b73a80c8,c373b73a80c8_green_preprocessed.png,c373b73a80c8.png,1.3279516835684202,-1,169326,15802,1276
750e0168399d,750e0168399d_green_preprocessed.png,750e0168399d.png,1.3278923971489036,-1,186751,19541,1277
3c326543fff6,3c326543fff6_green_preprocessed.png,3c326543fff6.png,1.3278496205498844,-1,148600,16057,1278
67d8f94f04e0,67d8f94f04e0_green_preprocessed.png,67d8f94f04e0.png,1.327008600497435,-1,170809,16485,1279
92fcf50b3562,92fcf50b3562_green_preprocessed.png,92fcf50b3562.png,1.3255801285135955,-1,195123,28967,1280
895fe2bfc5b6,895fe2bfc5b6_green_preprocessed.png,895fe2bfc5b6.png,1.3255698977843595,-1,140836,14635,1281
c12e9ca420a5,c12e9ca420a5_green_preprocessed.png,c12e9ca420a5.png,1.324864953356605,-1,166025,18907,1282
69c4cbb630de,69c4cbb630de_green_preprocessed.png,69c4cbb630de.png,1.3247809194435745,-1,27846,5047,1283
388279491b5d,388279491b5d_green_preprocessed.png,388279491b5d.png,1.3233885652880668,-1,193929,18092,1284
5a27b9b2a9c1,5a27b9b2a9c1_green_preprocessed.png,5a27b9b2a9c1.png,1.3222221943703825,-1,56770,7142,1285
61d9c88a3a4b,61d9c88a3a4b_green_preprocessed.png,61d9c88a3a4b.png,1.321707352245195,-1,195701,19528,1286
a8b637abd96b,a8b637abd96b_green_preprocessed.png,a8b637abd96b.png,1.320169042867637,-1,389192,39986,1287
e2c3b037413b,e2c3b037413b_green_preprocessed.png,e2c3b037413b.png,1.320169042867637,-1,389192,39986,1288
dee1031a76ae,dee1031a76ae_green_preprocessed.png,dee1031a76ae.png,1.3198808857904833,-1,57533,8166,1289
51e656e5a541,51e656e5a541_green_preprocessed.png,51e656e5a541.png,1.3192069589006687,-1,28946,4798,1290
66366a90d1ef,66366a90d1ef_green_preprocessed.png,66366a90d1ef.png,1.3191585735634606,-1,342974,24422,1291
ad12cde115ab,ad12cde115ab_green_preprocessed.png,ad12cde115ab.png,1.3190293408942704,-1,229520,29767,1292
5511f114e7ee,5511f114e7ee_green_preprocessed.png,5511f114e7ee.png,1.3188812389755975,-1,169593,15014,1293
9a326446c431,9a326446c431_green_preprocessed.png,9a326446c431.png,1.3186285227944587,-1,348464,28594,1294
dfea19863428,dfea19863428_green_preprocessed.png,dfea19863428.png,1.3147507871042823,-1,48165,6106,1295
bb85097857fa,bb85097857fa_green_preprocessed.png,bb85097857fa.png,1.3142632404449377,-1,182330,17447,1296
25b4080f598b,25b4080f598b_green_preprocessed.png,25b4080f598b.png,1.3136260486732019,-1,119083,11275,1297
d7a01fca9838,d7a01fca9838_green_preprocessed.png,d7a01fca9838.png,1.3129032491932155,-1,29020,4291,1298
5d4e5fd34d91,5d4e5fd34d91_green_preprocessed.png,5d4e5fd34d91.png,1.3126583648276846,-1,183756,18960,1299
bcb0498ed2c1,bcb0498ed2c1_green_preprocessed.png,bcb0498ed2c1.png,1.3113457403374789,-1,591473,57337,1300
1d29cb2f4296,1d29cb2f4296_green_preprocessed.png,1d29cb2f4296.png,1.3098713914572886,-1,532186,42617,1301
4c389d033cb0,4c389d033cb0_green_preprocessed.png,4c389d033cb0.png,1.3096887822145558,-1,181948,17843,1302
8f14bca04b47,8f14bca04b47_green_preprocessed.png,8f14bca04b47.png,1.309322588057186,-1,171563,21487,1303
5d3c8c1f57da,5d3c8c1f57da_green_preprocessed.png,5d3c8c1f57da.png,1.3078715893067687,-1,61733,8770,1304
ae61e19fb766,ae61e19fb766_green_preprocessed.png,ae61e19fb766.png,1.3070505910426238,-1,189550,22457,1305
c23ff6dcf15e,c23ff6dcf15e_green_preprocessed.png,c23ff6dcf15e.png,1.3063630182234878,-1,162237,14624,1306
3823acc4e464,3823acc4e464_green_preprocessed.png,3823acc4e464.png,1.305178264627609,-1,189255,24544,1307
3d2ecffe0386,3d2ecffe0386_green_preprocessed.png,3d2ecffe0386.png,1.3040171257336362,-1,26264,4482,1308
7da558d92100,7da558d92100_green_preprocessed.png,7da558d92100.png,1.3033678162077247,-1,30131,4353,1309
8a87dd2a784e,8a87dd2a784e_green_preprocessed.png,8a87dd2a784e.png,1.2975250105754148,-1,27031,4251,1310
6d9effbcde78,6d9effbcde78_green_preprocessed.png,6d9effbcde78.png,1.296764844902153,-1,516896,45207,1311
58f07741ee3b,58f07741ee3b_green_preprocessed.png,58f07741ee3b.png,1.2963237449389637,-1,111160,10418,1312
a8aed92940fb,a8aed92940fb_green_preprocessed.png,a8aed92940fb.png,1.2961669607523338,-1,26478,4177,1313
b963a11638f2,b963a11638f2_green_preprocessed.png,b963a11638f2.png,1.2953400752621422,-1,57172,7319,1314
df0886f1e76b,df0886f1e76b_green_preprocessed.png,df0886f1e76b.png,1.290088232470623,-1,150236,14356,1315
1ee355480567,1ee355480567_green_preprocessed.png,1ee355480567.png,1.28796890430547,-1,244655,40726,1316
a9b3177f01c0,a9b3177f01c0_green_preprocessed.png,a9b3177f01c0.png,1.2872599001314662,-1,25227,3962,1317
7c3747c0b2c3,7c3747c0b2c3_green_preprocessed.png,7c3747c0b2c3.png,1.2871843411021273,-1,114738,11757,1318
29f9e1ac9507,29f9e1ac9507_green_preprocessed.png,29f9e1ac9507.png,1.286290165604985,-1,24852,3989,1319
d866c26d76f0,d866c26d76f0_green_preprocessed.png,d866c26d76f0.png,1.2852035167648233,-1,92669,10551,1320
94145d1f42cf,94145d1f42cf_green_preprocessed.png,94145d1f42cf.png,1.2839388570571233,-1,202425,28672,1321
8f06ca4642bd,8f06ca4642bd_green_preprocessed.png,8f06ca4642bd.png,1.2836116729555613,-1,25710,4360,1322
3286073a976e,3286073a976e_green_preprocessed.png,3286073a976e.png,1.282187088796855,-1,54018,6835,1323
6b30767595d8,6b30767595d8_green_preprocessed.png,6b30767595d8.png,1.2800823988022103,-1,160393,15289,1324
bab776139279,bab776139279_green_preprocessed.png,bab776139279.png,1.2800404096046256,-1,154589,18145,1325
b6d9974443ce,b6d9974443ce_green_preprocessed.png,b6d9974443ce.png,1.2790683181895588,-1,168266,18532,1326
4ccee4db09b6,4ccee4db09b6_green_preprocessed.png,4ccee4db09b6.png,1.2778787641675815,-1,111098,11313,1327
6fbaaf8eb67a,6fbaaf8eb67a_green_preprocessed.png,6fbaaf8eb67a.png,1.2757088798847156,-1,35860,4957,1328
dd02d60bef14,dd02d60bef14_green_preprocessed.png,dd02d60bef14.png,1.2739684378269076,-1,126017,12812,1329
cb02bb47fdc5,cb02bb47fdc5_green_preprocessed.png,cb02bb47fdc5.png,1.2736552259190268,-1,387735,35529,1330
6b664ed2a938,6b664ed2a938_green_preprocessed.png,6b664ed2a938.png,1.2727466076652603,-1,170916,16633,1331
9f935fb38440,9f935fb38440_green_preprocessed.png,9f935fb38440.png,1.2718946672685907,-1,24002,3727,1332
ab724603ee93,ab724603ee93_green_preprocessed.png,ab724603ee93.png,1.2718047463291924,-1,281470,42886,1333
8906c9ed54a2,8906c9ed54a2_green_preprocessed.png,8906c9ed54a2.png,1.2717827236400472,-1,111028,10681,1334
85f99e7e4052,85f99e7e4052_green_preprocessed.png,85f99e7e4052.png,1.270931468270336,-1,426513,32431,1335
daff5427c9b2,daff5427c9b2_green_preprocessed.png,daff5427c9b2.png,1.2708362923758632,-1,118221,12965,1336
d1f7ea924a01,d1f7ea924a01_green_preprocessed.png,d1f7ea924a01.png,1.2706150464350916,-1,182489,16816,1337
500aad15b7c8,500aad15b7c8_green_preprocessed.png,500aad15b7c8.png,1.2698860306741773,-1,167049,18781,1338
6cffc6c6851a,6cffc6c6851a_green_preprocessed.png,6cffc6c6851a.png,1.266958347695486,-1,22655,4002,1339
aebe87a423c8,aebe87a423c8_green_preprocessed.png,aebe87a423c8.png,1.2655011074919074,-1,24033,3432,1340
810ed108f5b7,810ed108f5b7_green_preprocessed.png,810ed108f5b7.png,1.2578970776225955,-1,133927,12615,1341
598b8f5b3822,598b8f5b3822_green_preprocessed.png,598b8f5b3822.png,1.2569249275568461,-1,28356,4535,1342
a2dff8dbc9f8,a2dff8dbc9f8_green_preprocessed.png,a2dff8dbc9f8.png,1.254899564748688,-1,200300,22810,1343
7b9d519cbd66,7b9d519cbd66_green_preprocessed.png,7b9d519cbd66.png,1.2526935544812754,-1,197769,14622,1344
904b03ad5594,904b03ad5594_green_preprocessed.png,904b03ad5594.png,1.2494674116363602,-1,412047,34689,1345
2399d68d407f,2399d68d407f_green_preprocessed.png,2399d68d407f.png,1.2481662318061186,-1,165160,16110,1346
8e4a354e3da2,8e4a354e3da2_green_preprocessed.png,8e4a354e3da2.png,1.2472685790070999,-1,168356,21052,1347
91f3c4c1e72b,91f3c4c1e72b_green_preprocessed.png,91f3c4c1e72b.png,1.2453834141259528,-1,663460,69888,1348
4982378d72f9,4982378d72f9_green_preprocessed.png,4982378d72f9.png,1.2431051464442475,-1,132935,11791,1349
4e85aa647534,4e85aa647534_green_preprocessed.png,4e85aa647534.png,1.2430958221263888,-1,23089,4023,1350
237aa50edc34,237aa50edc34_green_preprocessed.png,237aa50edc34.png,1.24113265327735,-1,343355,28559,1351
b9519abce0c1,b9519abce0c1_green_preprocessed.png,b9519abce0c1.png,1.2395166004326694,-1,21373,3583,1352
ace2281f00c4,ace2281f00c4_green_preprocessed.png,ace2281f00c4.png,1.237541103753643,-1,122899,11900,1353
55f7f018c61c,55f7f018c61c_green_preprocessed.png,55f7f018c61c.png,1.2365484577380363,-1,123701,9663,1354
34a7dbd3f05c,34a7dbd3f05c_green_preprocessed.png,34a7dbd3f05c.png,1.2360215053747758,-1,111704,10858,1355
4704dbb59536,4704dbb59536_green_preprocessed.png,4704dbb59536.png,1.2294342096345892,-1,118304,13715,1356
af87d48ffe01,af87d48ffe01_green_preprocessed.png,af87d48ffe01.png,1.227086863361885,-1,143111,12013,1357
42985aa2e32f,42985aa2e32f_green_preprocessed.png,42985aa2e32f.png,1.2231641911622593,-1,189762,21639,1358
2cf18033da31,2cf18033da31_green_preprocessed.png,2cf18033da31.png,1.222155107227855,-1,82000,8503,1359
76cab26493f1,76cab26493f1_green_preprocessed.png,76cab26493f1.png,1.2204192409300532,-1,52656,7041,1360
387138ddf43d,387138ddf43d_green_preprocessed.png,387138ddf43d.png,1.2189572931152943,-1,55640,7919,1361
684dd88a0d49,684dd88a0d49_green_preprocessed.png,684dd88a0d49.png,1.216382435522196,-1,54209,7034,1362
5056fa7d505f,5056fa7d505f_green_preprocessed.png,5056fa7d505f.png,1.2163317073262343,-1,46166,5278,1363
40dd4e6e4444,40dd4e6e4444_green_preprocessed.png,40dd4e6e4444.png,1.2158123377497168,-1,111070,11729,1364
4145dcb25053,4145dcb25053_green_preprocessed.png,4145dcb25053.png,1.2125379932045244,-1,87570,9427,1365
525d0dd8dc45,525d0dd8dc45_green_preprocessed.png,525d0dd8dc45.png,1.2121373184717121,-1,53923,7227,1366
898f0bc8acfa,898f0bc8acfa_green_preprocessed.png,898f0bc8acfa.png,1.2095695627031227,-1,170915,22084,1367
be7f791a7877,be7f791a7877_green_preprocessed.png,be7f791a7877.png,1.2079304488157314,-1,131204,13659,1368
9a56cfb980ec,9a56cfb980ec_green_preprocessed.png,9a56cfb980ec.png,1.2069004233875162,-1,122473,12169,1369
50d8249f7bc9,50d8249f7bc9_green_preprocessed.png,50d8249f7bc9.png,1.2044123006728267,-1,104942,9802,1370
6b91e99c9408,6b91e99c9408_green_preprocessed.png,6b91e99c9408.png,1.1992207020624153,-1,156813,22768,1371
aa6242f9e08c,aa6242f9e08c_green_preprocessed.png,aa6242f9e08c.png,1.1982793468382227,-1,132753,14601,1372
1f31701dd61b,1f31701dd61b_green_preprocessed.png,1f31701dd61b.png,1.1929801737528947,-1,23298,4155,1373
d160ebef4117,d160ebef4117_green_preprocessed.png,d160ebef4117.png,1.1909480096348513,-1,46024,6120,1374
d6f36ec5564a,d6f36ec5564a_green_preprocessed.png,d6f36ec5564a.png,1.1818794884462707,-1,199168,33691,1375
54b322c66d01,54b322c66d01_green_preprocessed.png,54b322c66d01.png,1.1748603919974527,-1,111624,11870,1376
484dbeb9bf2a,484dbeb9bf2a_green_preprocessed.png,484dbeb9bf2a.png,1.1720355937986195,-1,91313,8833,1377
cbe633765ea7,cbe633765ea7_green_preprocessed.png,cbe633765ea7.png,1.1635456100881523,-1,15756,3207,1378
ad6b07d5c338,ad6b07d5c338_green_preprocessed.png,ad6b07d5c338.png,1.1610546026742683,-1,69858,8167,1379
8433a032b96c,8433a032b96c_green_preprocessed.png,8433a032b96c.png,1.1595573160528563,-1,162426,18069,1380
a06a63d866b2,a06a63d866b2_green_preprocessed.png,a06a63d866b2.png,1.1591206784056005,-1,14837,3111,1381
4cfd22ae43d4,4cfd22ae43d4_green_preprocessed.png,4cfd22ae43d4.png,1.158940789766265,-1,15841,3182,1382
d1a60c3b9fe5,d1a60c3b9fe5_green_preprocessed.png,d1a60c3b9fe5.png,1.1561609662473453,-1,14658,3104,1383
4205e9deb058,4205e9deb058_green_preprocessed.png,4205e9deb058.png,1.1516457304775427,-1,15060,3054,1384
2fdfb80ea53c,2fdfb80ea53c_green_preprocessed.png,2fdfb80ea53c.png,1.1514718461649902,-1,15720,3245,1385
2f7fbdcc9a4b,2f7fbdcc9a4b_green_preprocessed.png,2f7fbdcc9a4b.png,1.1508045040685637,-1,94753,10234,1386
99c626e58464,99c626e58464_green_preprocessed.png,99c626e58464.png,1.1440428867629977,-1,87486,9204,1387
76df141d966b,76df141d966b_green_preprocessed.png,76df141d966b.png,1.1387704036604998,-1,59039,7504,1388
30db694bee42,30db694bee42_green_preprocessed.png,30db694bee42.png,1.1374058942599923,-1,70173,9180,1389
49e4b95ee2dc,49e4b95ee2dc_green_preprocessed.png,49e4b95ee2dc.png,1.1247223554081827,-1,38947,5876,1390
ccea49708830,ccea49708830_green_preprocessed.png,ccea49708830.png,1.11451323420555,-1,123146,12546,1391
3f82631e9080,3f82631e9080_green_preprocessed.png,3f82631e9080.png,1.1036696981960592,-1,72631,9751,1392
ad029ba7fa8b,ad029ba7fa8b_green_preprocessed.png,ad029ba7fa8b.png,1.1002513390115416,-1,3505,1560,1393
d29b37d110f3,d29b37d110f3_green_preprocessed.png,d29b37d110f3.png,1.1001002073017008,-1,4141,1560,1394
d56d32a1d62d,d56d32a1d62d_green_preprocessed.png,d56d32a1d62d.png,1.0961758286015604,-1,49162,6725,1395
5288f7441f64,5288f7441f64_green_preprocessed.png,5288f7441f64.png,1.0946976482913497,-1,4855,1688,1396
77e15f213b04,77e15f213b04_green_preprocessed.png,77e15f213b04.png,1.0782073702844288,-1,119033,12226,1397
43823561c3f0,43823561c3f0_green_preprocessed.png,43823561c3f0.png,1.0766511121457378,-1,14863,4594,1398
afc345cc9145,afc345cc9145_green_preprocessed.png,afc345cc9145.png,1.0725121726802778,-1,193619,15014,1399
4f5dd7660b17,4f5dd7660b17_green_preprocessed.png,4f5dd7660b17.png,1.0589767879456984,-1,10239,3696,1400
be6cbf6e5b10,be6cbf6e5b10_green_preprocessed.png,be6cbf6e5b10.png,1.0534565804935707,-1,9485,3943,1401
291f581d365e,291f581d365e_green_preprocessed.png,291f581d365e.png,1.053057987156396,-1,9370,3671,1402
3f44d749cd0b,3f44d749cd0b_green_preprocessed.png,3f44d749cd0b.png,1.0527316267976363,-1,11849,3947,1403
3ac92ac3d65a,3ac92ac3d65a_green_preprocessed.png,3ac92ac3d65a.png,1.0520647428212384,-1,11327,3954,1404
962c0fc85e13,962c0fc85e13_green_preprocessed.png,962c0fc85e13.png,1.0515534160662547,-1,24966,4910,1405
9287e57326d0,9287e57326d0_green_preprocessed.png,9287e57326d0.png,1.0511947722992252,-1,9101,3953,1406
da949aa67a4f,da949aa67a4f_green_preprocessed.png,da949aa67a4f.png,1.0511422313824312,-1,10005,3962,1407
a6b6d27c1b32,a6b6d27c1b32_green_preprocessed.png,a6b6d27c1b32.png,1.0509613568876481,-1,10878,3950,1408
8a7765e785fb,8a7765e785fb_green_preprocessed.png,8a7765e785fb.png,1.0507748003294102,-1,10917,3949,1409
b74de20d73de,b74de20d73de_green_preprocessed.png,b74de20d73de.png,1.0504706432242314,-1,11304,3959,1410
2b5bb6d33959,2b5bb6d33959_green_preprocessed.png,2b5bb6d33959.png,1.0502890433908443,-1,10609,3945,1411
c639d837f5e4,c639d837f5e4_green_preprocessed.png,c639d837f5e4.png,1.0501731585052392,-1,11345,3938,1412
bc34f52c37c7,bc34f52c37c7_green_preprocessed.png,bc34f52c37c7.png,1.0497324780446693,-1,11710,3945,1413
e087bd4b88f2,e087bd4b88f2_green_preprocessed.png,e087bd4b88f2.png,1.0496632322350303,-1,9474,3958,1414
de4cdabbce6d,de4cdabbce6d_green_preprocessed.png,de4cdabbce6d.png,1.0496611283909243,-1,11369,3962,1415
ad1aa75d5630,ad1aa75d5630_green_preprocessed.png,ad1aa75d5630.png,1.049628091553682,-1,10298,3952,1416
c947bb6cf9f6,c947bb6cf9f6_green_preprocessed.png,c947bb6cf9f6.png,1.0488326050347918,-1,9767,3966,1417
c3b15bf9b4bc,c3b15bf9b4bc_green_preprocessed.png,c3b15bf9b4bc.png,1.0487383992189332,-1,9659,3971,1418
76bc31e0d3be,76bc31e0d3be_green_preprocessed.png,76bc31e0d3be.png,1.0486502883067415,-1,10397,3950,1419
cd314653a4d8,cd314653a4d8_green_preprocessed.png,cd314653a4d8.png,1.0484285597036438,-1,10998,3957,1420
5ca73d28f17f,5ca73d28f17f_green_preprocessed.png,5ca73d28f17f.png,1.0473974611844117,-1,9811,3945,1421
d2c5fb82fe5f,d2c5fb82fe5f_green_preprocessed.png,d2c5fb82fe5f.png,1.0473103514180093,-1,9865,3958,1422
4ec7796df40e,4ec7796df40e_green_preprocessed.png,4ec7796df40e.png,1.045767873571058,-1,9452,3948,1423
b532dedd928c,b532dedd928c_green_preprocessed.png,b532dedd928c.png,1.0457471707742156,-1,10040,3952,1424
aeab0a63bcaf,aeab0a63bcaf_green_preprocessed.png,aeab0a63bcaf.png,1.0456081066915894,-1,9168,3947,1425
767d777ee889,767d777ee889_green_preprocessed.png,767d777ee889.png,1.0455753771912877,-1,9931,3969,1426
4c5ab774a381,4c5ab774a381_green_preprocessed.png,4c5ab774a381.png,1.045152855279633,-1,9006,3946,1427
50915e2329a1,50915e2329a1_green_preprocessed.png,50915e2329a1.png,1.0430530876583697,-1,10546,3968,1428
d844a7252f4e,d844a7252f4e_green_preprocessed.png,d844a7252f4e.png,1.0392162920789951,-1,10035,3107,1429
d7e5fe5245e0,d7e5fe5245e0_green_preprocessed.png,d7e5fe5245e0.png,1.0303633228368259,-1,122373,12975,1430
8191ae701985,8191ae701985_green_preprocessed.png,8191ae701985.png,1.0289609067343966,-1,12788,3323,1431
d26bb2ed6e71,d26bb2ed6e71_green_preprocessed.png,d26bb2ed6e71.png,1.0171619724546948,-1,8905,3965,1432
e1ab92228e60,e1ab92228e60_green_preprocessed.png,e1ab92228e60.png,1.0017143827366195,-1,140152,12783,1433
7aabd768abff,7aabd768abff_green_preprocessed.png,7aabd768abff.png,0.8206769983945954,-1,12005,2702,1434
