image_id,preprocessed_green_image,original_image,fractal_dimension,threshold_value,vessel_pixel_count,skeleton_pixel_count,rank
7f6690fa390a,7f6690fa390a_green_preprocessed.png,7f6690fa390a.png,1.5951989453375932,-1,139835,24178,1
2923971566fe,2923971566fe_green_preprocessed.png,2923971566fe.png,1.5487985778707318,-1,301436,30716,2
badb5ff8d3c7,badb5ff8d3c7_green_preprocessed.png,badb5ff8d3c7.png,1.5487985778707318,-1,301436,30716,3
3e61703b5ab2,3e61703b5ab2_green_preprocessed.png,3e61703b5ab2.png,1.5333065774505805,-1,148952,19667,4
b4e15102cd7a,b4e15102cd7a_green_preprocessed.png,b4e15102cd7a.png,1.5171567605103704,-1,541332,51970,5
6a2c3f4ef329,6a2c3f4ef329_green_preprocessed.png,6a2c3f4ef329.png,1.5099222656771691,-1,532267,44543,6
dc0eea0b68a7,dc0eea0b68a7_green_preprocessed.png,dc0eea0b68a7.png,1.5013963971048558,-1,176055,18579,7
4554062fa836,4554062fa836_green_preprocessed.png,4554062fa836.png,1.5011060961896159,-1,523515,47714,8
64ac539f58cb,64ac539f58cb_green_preprocessed.png,64ac539f58cb.png,1.4947202988438641,-1,148784,17972,9
42af7282349b,42af7282349b_green_preprocessed.png,42af7282349b.png,1.4905646871602554,-1,508601,43573,10
6107a2e9f60e,6107a2e9f60e_green_preprocessed.png,6107a2e9f60e.png,1.4883986875962525,-1,176337,19142,11
2d07162a13b1,2d07162a13b1_green_preprocessed.png,2d07162a13b1.png,1.4879120578538976,-1,441908,36097,12
63c7b0265775,63c7b0265775_green_preprocessed.png,63c7b0265775.png,1.4856815639565137,-1,174022,19096,13
49e4b95ee2dc,49e4b95ee2dc_green_preprocessed.png,49e4b95ee2dc.png,1.4770869988638706,-1,476320,39890,14
60aa4e649abf,60aa4e649abf_green_preprocessed.png,60aa4e649abf.png,1.4748695758737125,-1,478362,40153,15
2c8101f14723,2c8101f14723_green_preprocessed.png,2c8101f14723.png,1.4722285282325667,-1,139200,16119,16
1ca62b3e4fd3,1ca62b3e4fd3_green_preprocessed.png,1ca62b3e4fd3.png,1.4722017040235074,-1,517085,45722,17
68ddb15a74de,68ddb15a74de_green_preprocessed.png,68ddb15a74de.png,1.4707551318384429,-1,103573,12980,18
4528fbbd43a3,4528fbbd43a3_green_preprocessed.png,4528fbbd43a3.png,1.4695971590270416,-1,98751,12747,19
6cb96a6fb029,6cb96a6fb029_green_preprocessed.png,6cb96a6fb029.png,1.4664686124884752,-1,126909,20034,20
8448af27ba07,8448af27ba07_green_preprocessed.png,8448af27ba07.png,1.4650148569675612,-1,97560,12344,21
705f508d1e42,705f508d1e42_green_preprocessed.png,705f508d1e42.png,1.4646583052312683,-1,101985,12497,22
c7c3d363bc86,c7c3d363bc86_green_preprocessed.png,c7c3d363bc86.png,1.4643930438420032,-1,488668,44199,23
7eee3d1f1268,7eee3d1f1268_green_preprocessed.png,7eee3d1f1268.png,1.4642179234928616,-1,448384,47191,24
4eabad7948cf,4eabad7948cf_green_preprocessed.png,4eabad7948cf.png,1.463844055640635,-1,132812,16316,25
8af50c9d0a86,8af50c9d0a86_green_preprocessed.png,8af50c9d0a86.png,1.4637770495545877,-1,165411,16735,26
bb752b179751,bb752b179751_green_preprocessed.png,bb752b179751.png,1.4636603954670366,-1,104170,12567,27
37c523296d42,37c523296d42_green_preprocessed.png,37c523296d42.png,1.4634285699420255,-1,104930,12251,28
aafe980edd0c,aafe980edd0c_green_preprocessed.png,aafe980edd0c.png,1.4632307815277523,-1,99672,12336,29
a1faeb4d5f10,a1faeb4d5f10_green_preprocessed.png,a1faeb4d5f10.png,1.4629877218636962,-1,100318,12247,30
d2fb715b0c41,d2fb715b0c41_green_preprocessed.png,d2fb715b0c41.png,1.4629417736200818,-1,101182,12509,31
922586d86cd8,922586d86cd8_green_preprocessed.png,922586d86cd8.png,1.4627807837394708,-1,103273,12397,32
201f882365d3,201f882365d3_green_preprocessed.png,201f882365d3.png,1.4626591720336661,-1,38420,4988,33
9ab18a4a957f,9ab18a4a957f_green_preprocessed.png,9ab18a4a957f.png,1.4625795764014975,-1,154508,17569,34
7a42443ed106,7a42443ed106_green_preprocessed.png,7a42443ed106.png,1.4620915964644337,-1,98164,12199,35
38c7153457e2,38c7153457e2_green_preprocessed.png,38c7153457e2.png,1.4611709829468067,-1,98253,12297,36
c704bd669f36,c704bd669f36_green_preprocessed.png,c704bd669f36.png,1.461047041003597,-1,102933,11992,37
9fa02dfb5553,9fa02dfb5553_green_preprocessed.png,9fa02dfb5553.png,1.4608562057097787,-1,100970,11882,38
d1ca85af57c9,d1ca85af57c9_green_preprocessed.png,d1ca85af57c9.png,1.460291848531948,-1,98732,12075,39
276b14f72328,276b14f72328_green_preprocessed.png,276b14f72328.png,1.4581591872853672,-1,532195,42752,40
9ae54843c69a,9ae54843c69a_green_preprocessed.png,9ae54843c69a.png,1.4580127977703075,-1,438058,35649,41
82e5bc01f8a4,82e5bc01f8a4_green_preprocessed.png,82e5bc01f8a4.png,1.4579011200074221,-1,101487,12119,42
7a6495a39d87,7a6495a39d87_green_preprocessed.png,7a6495a39d87.png,1.4568129401384258,-1,161504,18782,43
d57d1be1bbd1,d57d1be1bbd1_green_preprocessed.png,d57d1be1bbd1.png,1.456151881897192,-1,521650,41528,44
a77eb914b383,a77eb914b383_green_preprocessed.png,a77eb914b383.png,1.456106217667515,-1,41846,5753,45
1df1530b9b8d,1df1530b9b8d_green_preprocessed.png,1df1530b9b8d.png,1.455855838969572,-1,98965,12036,46
50ddd7d976df,50ddd7d976df_green_preprocessed.png,50ddd7d976df.png,1.4555846949057756,-1,513532,40983,47
cfdbaef73a8b,cfdbaef73a8b_green_preprocessed.png,cfdbaef73a8b.png,1.4555428244094035,-1,43053,6301,48
838b3e4d0bb4,838b3e4d0bb4_green_preprocessed.png,838b3e4d0bb4.png,1.4555285878012147,-1,492328,43182,49
dfc7ec7db0e0,dfc7ec7db0e0_green_preprocessed.png,dfc7ec7db0e0.png,1.4552890368504534,-1,103141,12130,50
35beb47fe159,35beb47fe159_green_preprocessed.png,35beb47fe159.png,1.4549656278271093,-1,98036,11751,51
b70e7c26f51e,b70e7c26f51e_green_preprocessed.png,b70e7c26f51e.png,1.4536707754130909,-1,98606,11584,52
cd563556cb57,cd563556cb57_green_preprocessed.png,cd563556cb57.png,1.4535486888421316,-1,42525,6212,53
d774692d9919,d774692d9919_green_preprocessed.png,d774692d9919.png,1.4534194526537316,-1,99178,11579,54
e4a44f9158dc,e4a44f9158dc_green_preprocessed.png,e4a44f9158dc.png,1.4534039431021082,-1,102403,11806,55
6fe4751a3b42,6fe4751a3b42_green_preprocessed.png,6fe4751a3b42.png,1.4530836811129075,-1,101043,12026,56
b7ce561a7328,b7ce561a7328_green_preprocessed.png,b7ce561a7328.png,1.4528361426289784,-1,99124,11779,57
691eeb59b4cb,691eeb59b4cb_green_preprocessed.png,691eeb59b4cb.png,1.451934354215313,-1,100110,11970,58
8b8fe3fc8950,8b8fe3fc8950_green_preprocessed.png,8b8fe3fc8950.png,1.4519229110536886,-1,42044,6258,59
3b10191dfd25,3b10191dfd25_green_preprocessed.png,3b10191dfd25.png,1.4513764488667589,-1,44741,6314,60
aafb0c944f14,aafb0c944f14_green_preprocessed.png,aafb0c944f14.png,1.4510733027607512,-1,96748,11716,61
e067b06fd655,e067b06fd655_green_preprocessed.png,e067b06fd655.png,1.4505432695854705,-1,97044,11295,62
1da4a17c18c9,1da4a17c18c9_green_preprocessed.png,1da4a17c18c9.png,1.4501869323379746,-1,102955,11916,63
92e3d608fd3c,92e3d608fd3c_green_preprocessed.png,92e3d608fd3c.png,1.4500765506093198,-1,104646,11490,64
c58e5c0c5b33,c58e5c0c5b33_green_preprocessed.png,c58e5c0c5b33.png,1.4499577962980852,-1,98801,11573,65
8fbb2ca39911,8fbb2ca39911_green_preprocessed.png,8fbb2ca39911.png,1.4499198618757345,-1,94829,11280,66
668a319c2d23,668a319c2d23_green_preprocessed.png,668a319c2d23.png,1.4496351076477756,-1,103242,11744,67
aeccef0bdc26,aeccef0bdc26_green_preprocessed.png,aeccef0bdc26.png,1.4494574207343778,-1,102947,11640,68
2dc647e00ad3,2dc647e00ad3_green_preprocessed.png,2dc647e00ad3.png,1.4493176357806357,-1,467332,38650,69
d5ad3362424c,d5ad3362424c_green_preprocessed.png,d5ad3362424c.png,1.4492297822987459,-1,432717,34382,70
359bab5d784b,359bab5d784b_green_preprocessed.png,359bab5d784b.png,1.4492189906551631,-1,97257,11430,71
9e2058917304,9e2058917304_green_preprocessed.png,9e2058917304.png,1.4492174830254645,-1,102609,11711,72
840a06a9c690,840a06a9c690_green_preprocessed.png,840a06a9c690.png,1.4491140942550211,-1,95844,11612,73
3ca12e02dd4e,3ca12e02dd4e_green_preprocessed.png,3ca12e02dd4e.png,1.448654055936067,-1,97407,11121,74
8f9819752ca0,8f9819752ca0_green_preprocessed.png,8f9819752ca0.png,1.4485517585728274,-1,100787,11314,75
b0f0fa677d5f,b0f0fa677d5f_green_preprocessed.png,b0f0fa677d5f.png,1.4485401628179528,-1,103088,11521,76
966c07831334,966c07831334_green_preprocessed.png,966c07831334.png,1.448449237461946,-1,95355,11251,77
c6916bc42016,c6916bc42016_green_preprocessed.png,c6916bc42016.png,1.448317525852292,-1,100711,11551,78
90a786abe58e,90a786abe58e_green_preprocessed.png,90a786abe58e.png,1.4482498029394637,-1,100865,11895,79
8d9516ea3587,8d9516ea3587_green_preprocessed.png,8d9516ea3587.png,1.4480722324849626,-1,93958,11266,80
4958bfcc9f38,4958bfcc9f38_green_preprocessed.png,4958bfcc9f38.png,1.4480474200325992,-1,98948,11408,81
b200c23b299b,b200c23b299b_green_preprocessed.png,b200c23b299b.png,1.4479915039601403,-1,94403,11338,82
d30d079e6f9a,d30d079e6f9a_green_preprocessed.png,d30d079e6f9a.png,1.4479610179016285,-1,100980,11617,83
ae94ce412de9,ae94ce412de9_green_preprocessed.png,ae94ce412de9.png,1.4479320812655831,-1,512951,43200,84
bda91b76095b,bda91b76095b_green_preprocessed.png,bda91b76095b.png,1.4478904579500098,-1,160443,17598,85
b72a86d61959,b72a86d61959_green_preprocessed.png,b72a86d61959.png,1.4476238458368393,-1,101230,11482,86
8acdf12f412a,8acdf12f412a_green_preprocessed.png,8acdf12f412a.png,1.4476003166158977,-1,97879,11044,87
c62cef02efa2,c62cef02efa2_green_preprocessed.png,c62cef02efa2.png,1.4474562992552198,-1,99905,11497,88
cb2201c226d6,cb2201c226d6_green_preprocessed.png,cb2201c226d6.png,1.447431363732344,-1,100356,11677,89
93421787f520,93421787f520_green_preprocessed.png,93421787f520.png,1.4473482236909496,-1,96086,11212,90
565f3404f9b2,565f3404f9b2_green_preprocessed.png,565f3404f9b2.png,1.4473239865124283,-1,97121,11525,91
881ec6186e68,881ec6186e68_green_preprocessed.png,881ec6186e68.png,1.44730568538857,-1,100737,11133,92
74211a2b6dcf,74211a2b6dcf_green_preprocessed.png,74211a2b6dcf.png,1.4471623950820138,-1,458773,36860,93
1c47815f4a6b,1c47815f4a6b_green_preprocessed.png,1c47815f4a6b.png,1.4469713044034147,-1,151781,14640,94
7a06ea127e02,7a06ea127e02_green_preprocessed.png,7a06ea127e02.png,1.4469050717091632,-1,94708,11420,95
d1b279cc02ae,d1b279cc02ae_green_preprocessed.png,d1b279cc02ae.png,1.4468024266218487,-1,98282,11306,96
6f460f9968c7,6f460f9968c7_green_preprocessed.png,6f460f9968c7.png,1.4467922788703156,-1,102302,11746,97
7526c59c36d3,7526c59c36d3_green_preprocessed.png,7526c59c36d3.png,1.4467223247446594,-1,100047,11370,98
cf8ae5501bd6,cf8ae5501bd6_green_preprocessed.png,cf8ae5501bd6.png,1.446712265599712,-1,103628,11713,99
870f433e8f37,870f433e8f37_green_preprocessed.png,870f433e8f37.png,1.4466053635405847,-1,95619,11293,100
b3a994760537,b3a994760537_green_preprocessed.png,b3a994760537.png,1.446587278529087,-1,104234,11530,101
39f8935185e6,39f8935185e6_green_preprocessed.png,39f8935185e6.png,1.4464266969479775,-1,105552,11561,102
4eaf2f81819d,4eaf2f81819d_green_preprocessed.png,4eaf2f81819d.png,1.4462871676118585,-1,97251,11391,103
949710bead24,949710bead24_green_preprocessed.png,949710bead24.png,1.4462281812353373,-1,97470,11380,104
4e231670b48c,4e231670b48c_green_preprocessed.png,4e231670b48c.png,1.4459753039658307,-1,96697,11302,105
405085b53d7b,405085b53d7b_green_preprocessed.png,405085b53d7b.png,1.445707259369462,-1,98946,10879,106
b4b04d81acbb,b4b04d81acbb_green_preprocessed.png,b4b04d81acbb.png,1.44569417307154,-1,94681,11287,107
de730033c683,de730033c683_green_preprocessed.png,de730033c683.png,1.4455788675672292,-1,531001,44876,108
2c827005b8f8,2c827005b8f8_green_preprocessed.png,2c827005b8f8.png,1.4454706695046637,-1,100455,11529,109
ba2ea9182090,ba2ea9182090_green_preprocessed.png,ba2ea9182090.png,1.4453813480948503,-1,95599,11002,110
a6731dd737af,a6731dd737af_green_preprocessed.png,a6731dd737af.png,1.445285305490977,-1,94019,11039,111
5f4a8c074bd5,5f4a8c074bd5_green_preprocessed.png,5f4a8c074bd5.png,1.4452844088563015,-1,100946,11167,112
d6dbb0820ea5,d6dbb0820ea5_green_preprocessed.png,d6dbb0820ea5.png,1.4452148889812308,-1,94974,11265,113
1d3e9b939732,1d3e9b939732_green_preprocessed.png,1d3e9b939732.png,1.4451545200431422,-1,98752,11313,114
dee31065f8fe,dee31065f8fe_green_preprocessed.png,dee31065f8fe.png,1.4451071785747056,-1,99330,11452,115
3132556f5352,3132556f5352_green_preprocessed.png,3132556f5352.png,1.4450574142212753,-1,99442,11490,116
266fbefa58fb,266fbefa58fb_green_preprocessed.png,266fbefa58fb.png,1.444589504451883,-1,98495,11095,117
35df2bc6ae95,35df2bc6ae95_green_preprocessed.png,35df2bc6ae95.png,1.4445074672657783,-1,100649,11183,118
6ccfdb031184,6ccfdb031184_green_preprocessed.png,6ccfdb031184.png,1.4443388005929958,-1,39536,5329,119
66393d8c60ba,66393d8c60ba_green_preprocessed.png,66393d8c60ba.png,1.4443258882893626,-1,96534,11437,120
29d059522fa1,29d059522fa1_green_preprocessed.png,29d059522fa1.png,1.4442451778088596,-1,103969,11551,121
a8dea22ef903,a8dea22ef903_green_preprocessed.png,a8dea22ef903.png,1.4439473618848586,-1,98119,11398,122
a53d6d2472a6,a53d6d2472a6_green_preprocessed.png,a53d6d2472a6.png,1.4438675084400447,-1,96748,11252,123
5ba156a35ff2,5ba156a35ff2_green_preprocessed.png,5ba156a35ff2.png,1.4437576453819492,-1,99631,11141,124
9cf7c1349673,9cf7c1349673_green_preprocessed.png,9cf7c1349673.png,1.4437381018474054,-1,94343,11131,125
dce73d90c00c,dce73d90c00c_green_preprocessed.png,dce73d90c00c.png,1.443655177144227,-1,92888,10947,126
24de56d433cd,24de56d433cd_green_preprocessed.png,24de56d433cd.png,1.4436269074908572,-1,100711,11453,127
b66f23ffa730,b66f23ffa730_green_preprocessed.png,b66f23ffa730.png,1.443345700876496,-1,98978,11308,128
973b0facfa9b,973b0facfa9b_green_preprocessed.png,973b0facfa9b.png,1.4432352426637742,-1,101336,11243,129
5814cbd2e9bf,5814cbd2e9bf_green_preprocessed.png,5814cbd2e9bf.png,1.4431887951684579,-1,99497,11038,130
bf811911acf9,bf811911acf9_green_preprocessed.png,bf811911acf9.png,1.443001844522207,-1,102219,11384,131
8660e1864665,8660e1864665_green_preprocessed.png,8660e1864665.png,1.442993319449541,-1,104316,11554,132
7a77c3eb468c,7a77c3eb468c_green_preprocessed.png,7a77c3eb468c.png,1.442802555683534,-1,93452,11188,133
7ed4128b2a4e,7ed4128b2a4e_green_preprocessed.png,7ed4128b2a4e.png,1.442354265441556,-1,100978,11403,134
d881c04f01fe,d881c04f01fe_green_preprocessed.png,d881c04f01fe.png,1.4423289416703242,-1,95652,11041,135
4b237b958555,4b237b958555_green_preprocessed.png,4b237b958555.png,1.442224472195358,-1,100520,11378,136
370f575adb23,370f575adb23_green_preprocessed.png,370f575adb23.png,1.4418838142588835,-1,92141,11008,137
875d2ffcbf47,875d2ffcbf47_green_preprocessed.png,875d2ffcbf47.png,1.4418241145856951,-1,96254,11124,138
44a4d04162cc,44a4d04162cc_green_preprocessed.png,44a4d04162cc.png,1.44179642365326,-1,91708,11174,139
96c699221180,96c699221180_green_preprocessed.png,96c699221180.png,1.4415437032972471,-1,98366,10952,140
a44345b27804,a44345b27804_green_preprocessed.png,a44345b27804.png,1.4413329777792245,-1,95079,11196,141
75a071608ea6,75a071608ea6_green_preprocessed.png,75a071608ea6.png,1.4413232949557995,-1,101220,11286,142
252305189b3a,252305189b3a_green_preprocessed.png,252305189b3a.png,1.4411132274291139,-1,96578,10977,143
4aa3d771c5e4,4aa3d771c5e4_green_preprocessed.png,4aa3d771c5e4.png,1.4410051996699456,-1,99856,11113,144
3694e8c8e09a,3694e8c8e09a_green_preprocessed.png,3694e8c8e09a.png,1.4409930102260986,-1,494423,44250,145
a247961a5cd9,a247961a5cd9_green_preprocessed.png,a247961a5cd9.png,1.4409573345463615,-1,99142,11080,146
52ddde91a349,52ddde91a349_green_preprocessed.png,52ddde91a349.png,1.4409307315943893,-1,98786,11213,147
d18f6431ebce,d18f6431ebce_green_preprocessed.png,d18f6431ebce.png,1.440908636920309,-1,90166,10858,148
c25e02b39c01,c25e02b39c01_green_preprocessed.png,c25e02b39c01.png,1.440871335157023,-1,92549,10834,149
aa4407aab872,aa4407aab872_green_preprocessed.png,aa4407aab872.png,1.4408122526099905,-1,103478,10978,150
992b9a07b25f,992b9a07b25f_green_preprocessed.png,992b9a07b25f.png,1.4407675393943409,-1,490811,45306,151
3f6bccf21ce8,3f6bccf21ce8_green_preprocessed.png,3f6bccf21ce8.png,1.4407269015907354,-1,101201,11443,152
d7bc00091cfc,d7bc00091cfc_green_preprocessed.png,d7bc00091cfc.png,1.4404812125181405,-1,94542,11174,153
9095d43fb132,9095d43fb132_green_preprocessed.png,9095d43fb132.png,1.4402612420019791,-1,486548,41769,154
88e4399d207c,88e4399d207c_green_preprocessed.png,88e4399d207c.png,1.440229980142708,-1,100434,10986,155
cc671a73e1cb,cc671a73e1cb_green_preprocessed.png,cc671a73e1cb.png,1.4398928588461617,-1,97053,10827,156
62b4be2799ca,62b4be2799ca_green_preprocessed.png,62b4be2799ca.png,1.4393718358510605,-1,97869,10828,157
912fbe06407e,912fbe06407e_green_preprocessed.png,912fbe06407e.png,1.4393307679510754,-1,102703,11119,158
901a3552fe26,901a3552fe26_green_preprocessed.png,901a3552fe26.png,1.439251959302182,-1,95444,11024,159
916915f01e17,916915f01e17_green_preprocessed.png,916915f01e17.png,1.4392399545770356,-1,99117,11512,160
5a93c0f783c4,5a93c0f783c4_green_preprocessed.png,5a93c0f783c4.png,1.439196805963023,-1,40497,5085,161
1b862fb6f65d,1b862fb6f65d_green_preprocessed.png,1b862fb6f65d.png,1.439184661260848,-1,95169,11000,162
5db2e3a4594a,5db2e3a4594a_green_preprocessed.png,5db2e3a4594a.png,1.4391418676376448,-1,98321,11306,163
b11dcdcbc8c8,b11dcdcbc8c8_green_preprocessed.png,b11dcdcbc8c8.png,1.4391128118672234,-1,505188,42463,164
475300735b7f,475300735b7f_green_preprocessed.png,475300735b7f.png,1.4390661270295333,-1,95620,10861,165
75238d945315,75238d945315_green_preprocessed.png,75238d945315.png,1.4389701735868319,-1,92566,10671,166
5321ab64f9ea,5321ab64f9ea_green_preprocessed.png,5321ab64f9ea.png,1.4389669748840535,-1,95629,11205,167
cc964bf04dbc,cc964bf04dbc_green_preprocessed.png,cc964bf04dbc.png,1.4386360610484017,-1,97902,11285,168
8aa3c4681542,8aa3c4681542_green_preprocessed.png,8aa3c4681542.png,1.438608106937267,-1,99872,11114,169
35ac70c0d08f,35ac70c0d08f_green_preprocessed.png,35ac70c0d08f.png,1.4385805075789901,-1,102896,10992,170
44a86263117b,44a86263117b_green_preprocessed.png,44a86263117b.png,1.4383891015999906,-1,98186,11138,171
5d5b5da5f939,5d5b5da5f939_green_preprocessed.png,5d5b5da5f939.png,1.4383736548531292,-1,101371,11106,172
8241e43408a8,8241e43408a8_green_preprocessed.png,8241e43408a8.png,1.4383313270934184,-1,94725,10892,173
bf7b4eae7ad0,bf7b4eae7ad0_green_preprocessed.png,bf7b4eae7ad0.png,1.438163869046864,-1,98034,10879,174
5c817060c0ed,5c817060c0ed_green_preprocessed.png,5c817060c0ed.png,1.4378218943288548,-1,96451,10778,175
44878f34e31f,44878f34e31f_green_preprocessed.png,44878f34e31f.png,1.4377994306976831,-1,95667,10797,176
b9bc81fcb075,b9bc81fcb075_green_preprocessed.png,b9bc81fcb075.png,1.4377000511392715,-1,95738,10985,177
d436c06f0490,d436c06f0490_green_preprocessed.png,d436c06f0490.png,1.4375668881407455,-1,93515,10408,178
6f689fced922,6f689fced922_green_preprocessed.png,6f689fced922.png,1.437488459156622,-1,101576,10843,179
7fe7309d0b4f,7fe7309d0b4f_green_preprocessed.png,7fe7309d0b4f.png,1.4374281586664113,-1,101743,11004,180
6653ad026901,6653ad026901_green_preprocessed.png,6653ad026901.png,1.4373672285351262,-1,95079,10613,181
b09101adb478,b09101adb478_green_preprocessed.png,b09101adb478.png,1.4370371960870023,-1,95273,10839,182
883ddb650967,883ddb650967_green_preprocessed.png,883ddb650967.png,1.4367953272362546,-1,99407,10743,183
39fd8ef3a45c,39fd8ef3a45c_green_preprocessed.png,39fd8ef3a45c.png,1.436746249307044,-1,96973,10730,184
6dc07f968794,6dc07f968794_green_preprocessed.png,6dc07f968794.png,1.436603093663589,-1,96017,10303,185
8b568d47a1fd,8b568d47a1fd_green_preprocessed.png,8b568d47a1fd.png,1.436590009615033,-1,96556,11097,186
a9dc80cba9a4,a9dc80cba9a4_green_preprocessed.png,a9dc80cba9a4.png,1.4365355454842175,-1,497081,42832,187
942f544c4e15,942f544c4e15_green_preprocessed.png,942f544c4e15.png,1.436526249356917,-1,97892,10339,188
a70d0f12a641,a70d0f12a641_green_preprocessed.png,a70d0f12a641.png,1.4364001027308242,-1,98081,10793,189
d807c53c1399,d807c53c1399_green_preprocessed.png,d807c53c1399.png,1.4363907656214645,-1,99825,10995,190
415f2d2bd2a1,415f2d2bd2a1_green_preprocessed.png,415f2d2bd2a1.png,1.4363146125367512,-1,96342,11079,191
5e5275ddee29,5e5275ddee29_green_preprocessed.png,5e5275ddee29.png,1.4362465949030838,-1,98381,11065,192
bac1744955c2,bac1744955c2_green_preprocessed.png,bac1744955c2.png,1.436062887115033,-1,103457,10980,193
b835b6e31a59,b835b6e31a59_green_preprocessed.png,b835b6e31a59.png,1.435980528981857,-1,95812,10960,194
4faf4063db8c,4faf4063db8c_green_preprocessed.png,4faf4063db8c.png,1.435844863435819,-1,100996,10982,195
a30a143a53a3,a30a143a53a3_green_preprocessed.png,a30a143a53a3.png,1.4358423306484527,-1,91977,10822,196
45693d027798,45693d027798_green_preprocessed.png,45693d027798.png,1.4358184497516813,-1,99701,10844,197
1c13a1483f4a,1c13a1483f4a_green_preprocessed.png,1c13a1483f4a.png,1.435797902006698,-1,100054,11070,198
2927665214e1,2927665214e1_green_preprocessed.png,2927665214e1.png,1.4356930857690546,-1,95847,10639,199
73d40ce06a67,73d40ce06a67_green_preprocessed.png,73d40ce06a67.png,1.4356313251047672,-1,95675,10749,200
3580a545016d,3580a545016d_green_preprocessed.png,3580a545016d.png,1.4356137683241383,-1,94625,10639,201
7ccf9d25dc48,7ccf9d25dc48_green_preprocessed.png,7ccf9d25dc48.png,1.4355687598152962,-1,101558,11069,202
68987fb159ab,68987fb159ab_green_preprocessed.png,68987fb159ab.png,1.4355672564756072,-1,98087,11044,203
c334f8688b77,c334f8688b77_green_preprocessed.png,c334f8688b77.png,1.4355137983507387,-1,100584,10845,204
94076a9fb9b5,94076a9fb9b5_green_preprocessed.png,94076a9fb9b5.png,1.435459117907867,-1,94810,10982,205
389552047476,389552047476_green_preprocessed.png,389552047476.png,1.4354479618964187,-1,98749,10990,206
e04f3c6619a3,e04f3c6619a3_green_preprocessed.png,e04f3c6619a3.png,1.4353730369403441,-1,92390,10684,207
81914ceb4e74,81914ceb4e74_green_preprocessed.png,81914ceb4e74.png,1.4351918855158776,-1,97842,11000,208
3cab32dd6ef9,3cab32dd6ef9_green_preprocessed.png,3cab32dd6ef9.png,1.435017884345105,-1,98582,10877,209
e4d3d437b0a8,e4d3d437b0a8_green_preprocessed.png,e4d3d437b0a8.png,1.4349360069371047,-1,97255,10715,210
ab686895533e,ab686895533e_green_preprocessed.png,ab686895533e.png,1.4348875980926266,-1,95276,10905,211
af5a0bc4e1fa,af5a0bc4e1fa_green_preprocessed.png,af5a0bc4e1fa.png,1.4347489986278679,-1,41253,5382,212
28dc010a0780,28dc010a0780_green_preprocessed.png,28dc010a0780.png,1.4345210605783376,-1,94667,10665,213
87295c5fa1cc,87295c5fa1cc_green_preprocessed.png,87295c5fa1cc.png,1.434407904790973,-1,99263,10665,214
6bb30ec3231a,6bb30ec3231a_green_preprocessed.png,6bb30ec3231a.png,1.4344007020191225,-1,97114,10830,215
596f4fdb0004,596f4fdb0004_green_preprocessed.png,596f4fdb0004.png,1.4343701530101916,-1,94343,10688,216
7eeb191ad06b,7eeb191ad06b_green_preprocessed.png,7eeb191ad06b.png,1.4343566522707705,-1,92838,10937,217
902dc5a91a3f,902dc5a91a3f_green_preprocessed.png,902dc5a91a3f.png,1.4343356736771677,-1,97609,10879,218
2a4520f1f9a3,2a4520f1f9a3_green_preprocessed.png,2a4520f1f9a3.png,1.4343186858450174,-1,100925,10803,219
bdf47b9f10c4,bdf47b9f10c4_green_preprocessed.png,bdf47b9f10c4.png,1.434277737182212,-1,95188,10717,220
dec5595e6154,dec5595e6154_green_preprocessed.png,dec5595e6154.png,1.4341502246924152,-1,95858,10607,221
d02b79fc3200,d02b79fc3200_green_preprocessed.png,d02b79fc3200.png,1.434115509214893,-1,100810,10734,222
b5a3ca5c0a80,b5a3ca5c0a80_green_preprocessed.png,b5a3ca5c0a80.png,1.4340412119476584,-1,100958,10794,223
780f9daaa24b,780f9daaa24b_green_preprocessed.png,780f9daaa24b.png,1.4340386019142664,-1,96821,10998,224
1fb455685328,1fb455685328_green_preprocessed.png,1fb455685328.png,1.4340083972879853,-1,98676,10800,225
4a1afe4044f4,4a1afe4044f4_green_preprocessed.png,4a1afe4044f4.png,1.4339918997461156,-1,23909,4852,226
76e5b50f95a7,76e5b50f95a7_green_preprocessed.png,76e5b50f95a7.png,1.4339662084108358,-1,93696,10267,227
4210809074c1,4210809074c1_green_preprocessed.png,4210809074c1.png,1.4338833471156607,-1,98351,10727,228
4e4a6224a04e,4e4a6224a04e_green_preprocessed.png,4e4a6224a04e.png,1.4338615976452314,-1,97769,11082,229
51af8a689511,51af8a689511_green_preprocessed.png,51af8a689511.png,1.4338087667000827,-1,96699,10583,230
3908b3cfd620,3908b3cfd620_green_preprocessed.png,3908b3cfd620.png,1.433804669867809,-1,97585,10567,231
b8dab47a260e,b8dab47a260e_green_preprocessed.png,b8dab47a260e.png,1.433770036624069,-1,97887,10767,232
e0d229db881a,e0d229db881a_green_preprocessed.png,e0d229db881a.png,1.4336272343669476,-1,96101,10354,233
dd285d9e97fe,dd285d9e97fe_green_preprocessed.png,dd285d9e97fe.png,1.4335474443996796,-1,96339,10929,234
757e39293591,757e39293591_green_preprocessed.png,757e39293591.png,1.4335455645582103,-1,95033,10584,235
a7b03e58a6e1,a7b03e58a6e1_green_preprocessed.png,a7b03e58a6e1.png,1.4333812435043587,-1,91588,10642,236
bf7221a016b5,bf7221a016b5_green_preprocessed.png,bf7221a016b5.png,1.4333061780332004,-1,464985,35142,237
6dc0281f11e3,6dc0281f11e3_green_preprocessed.png,6dc0281f11e3.png,1.433210416544192,-1,98546,10735,238
8329e80c10ac,8329e80c10ac_green_preprocessed.png,8329e80c10ac.png,1.4331103144869712,-1,99755,10902,239
328d141ed3aa,328d141ed3aa_green_preprocessed.png,328d141ed3aa.png,1.4330162852512698,-1,98615,10684,240
a61723fc38c2,a61723fc38c2_green_preprocessed.png,a61723fc38c2.png,1.4329510096358296,-1,99170,10991,241
a26f50218b84,a26f50218b84_green_preprocessed.png,a26f50218b84.png,1.432903009537969,-1,40811,4980,242
3f98be586fe3,3f98be586fe3_green_preprocessed.png,3f98be586fe3.png,1.432838256596447,-1,97962,10991,243
77b7b71ebcc3,77b7b71ebcc3_green_preprocessed.png,77b7b71ebcc3.png,1.4328225706416657,-1,100807,10712,244
7bc00e58d419,7bc00e58d419_green_preprocessed.png,7bc00e58d419.png,1.4328042425198309,-1,96358,10595,245
82088c6734e6,82088c6734e6_green_preprocessed.png,82088c6734e6.png,1.43271996712728,-1,89584,10670,246
d7ac4a0c9760,d7ac4a0c9760_green_preprocessed.png,d7ac4a0c9760.png,1.4326846602087846,-1,98955,10779,247
549381330191,549381330191_green_preprocessed.png,549381330191.png,1.4324256439283956,-1,90182,10540,248
4926dea289f8,4926dea289f8_green_preprocessed.png,4926dea289f8.png,1.4323529869527096,-1,98708,10747,249
6c3589d7ed8d,6c3589d7ed8d_green_preprocessed.png,6c3589d7ed8d.png,1.432127672413261,-1,97513,10841,250
ae2c3f6312ef,ae2c3f6312ef_green_preprocessed.png,ae2c3f6312ef.png,1.4318406063038207,-1,98749,10717,251
8e76054f0831,8e76054f0831_green_preprocessed.png,8e76054f0831.png,1.4316870136650914,-1,98657,10878,252
3b2b91590590,3b2b91590590_green_preprocessed.png,3b2b91590590.png,1.4314729099167336,-1,99383,10876,253
b77b88926843,b77b88926843_green_preprocessed.png,b77b88926843.png,1.4314002953656593,-1,97634,10513,254
a0fd94e2ad76,a0fd94e2ad76_green_preprocessed.png,a0fd94e2ad76.png,1.431386833829402,-1,87762,10367,255
97d02a9b94f7,97d02a9b94f7_green_preprocessed.png,97d02a9b94f7.png,1.4313828083816396,-1,96933,10396,256
1d2472849dce,1d2472849dce_green_preprocessed.png,1d2472849dce.png,1.4311383147268315,-1,92941,10929,257
7828dd083cdc,7828dd083cdc_green_preprocessed.png,7828dd083cdc.png,1.4310108911458275,-1,97142,10692,258
9039cbfcbb2f,9039cbfcbb2f_green_preprocessed.png,9039cbfcbb2f.png,1.4309915396974209,-1,36395,4228,259
24f3e70f0419,24f3e70f0419_green_preprocessed.png,24f3e70f0419.png,1.4309761490085149,-1,535587,47104,260
d99b0f7dd9b9,d99b0f7dd9b9_green_preprocessed.png,d99b0f7dd9b9.png,1.4309010637016857,-1,99732,10644,261
d88c4843aec3,d88c4843aec3_green_preprocessed.png,d88c4843aec3.png,1.430734514614126,-1,100631,10722,262
2dd28ac497d2,2dd28ac497d2_green_preprocessed.png,2dd28ac497d2.png,1.430681229388961,-1,96494,10519,263
9d62478042b6,9d62478042b6_green_preprocessed.png,9d62478042b6.png,1.4306294231372414,-1,462129,38607,264
c18a006f7f1d,c18a006f7f1d_green_preprocessed.png,c18a006f7f1d.png,1.4303047004334066,-1,95047,10674,265
a2811f512c1c,a2811f512c1c_green_preprocessed.png,a2811f512c1c.png,1.4302300017762193,-1,99175,10651,266
bffca6eeb2bf,bffca6eeb2bf_green_preprocessed.png,bffca6eeb2bf.png,1.4301996423081216,-1,87866,10081,267
c5bec7f1e5f3,c5bec7f1e5f3_green_preprocessed.png,c5bec7f1e5f3.png,1.430113433280418,-1,96626,10933,268
d332d7b8a26e,d332d7b8a26e_green_preprocessed.png,d332d7b8a26e.png,1.4300936619699625,-1,98489,10535,269
315c1a0d87fd,315c1a0d87fd_green_preprocessed.png,315c1a0d87fd.png,1.4300489543554527,-1,93189,10644,270
cd8da43e3069,cd8da43e3069_green_preprocessed.png,cd8da43e3069.png,1.430032942550724,-1,96858,10661,271
d27ac9e54901,d27ac9e54901_green_preprocessed.png,d27ac9e54901.png,1.4300224411652984,-1,99319,10713,272
51cd8d2057fa,51cd8d2057fa_green_preprocessed.png,51cd8d2057fa.png,1.4298669263041826,-1,95964,10580,273
93d6d20a5ee3,93d6d20a5ee3_green_preprocessed.png,93d6d20a5ee3.png,1.4298329262782887,-1,95726,10683,274
65f69234c8a7,65f69234c8a7_green_preprocessed.png,65f69234c8a7.png,1.4297849430128347,-1,95678,10752,275
76095c338728,76095c338728_green_preprocessed.png,76095c338728.png,1.4297431462192929,-1,92286,10525,276
a88365134c3c,a88365134c3c_green_preprocessed.png,a88365134c3c.png,1.429740013091549,-1,98818,10597,277
b7bd4a6627b6,b7bd4a6627b6_green_preprocessed.png,b7bd4a6627b6.png,1.4297383817018001,-1,94889,10643,278
542964865b1e,542964865b1e_green_preprocessed.png,542964865b1e.png,1.4297201920605764,-1,93468,10534,279
75369248dba0,75369248dba0_green_preprocessed.png,75369248dba0.png,1.4297007246340754,-1,98437,10302,280
a987aa7aac37,a987aa7aac37_green_preprocessed.png,a987aa7aac37.png,1.4295721599943934,-1,98199,10719,281
4d167ca69ea8,4d167ca69ea8_green_preprocessed.png,4d167ca69ea8.png,1.4294992756905032,-1,92852,10499,282
242fc19be06f,242fc19be06f_green_preprocessed.png,242fc19be06f.png,1.429336974220684,-1,95931,10356,283
a484bdf85b4c,a484bdf85b4c_green_preprocessed.png,a484bdf85b4c.png,1.4292259618497503,-1,96568,10689,284
ad312ca98202,ad312ca98202_green_preprocessed.png,ad312ca98202.png,1.4292099251750876,-1,95850,10450,285
201f6e10c108,201f6e10c108_green_preprocessed.png,201f6e10c108.png,1.4291147379453908,-1,93368,10325,286
6c00dd8bf708,6c00dd8bf708_green_preprocessed.png,6c00dd8bf708.png,1.4290845367999803,-1,95455,10328,287
c56293f53191,c56293f53191_green_preprocessed.png,c56293f53191.png,1.428905112781831,-1,97247,10220,288
ceb32a193eff,ceb32a193eff_green_preprocessed.png,ceb32a193eff.png,1.4288180636192311,-1,189697,20800,289
726dff37edc0,726dff37edc0_green_preprocessed.png,726dff37edc0.png,1.4287651242479118,-1,36922,4281,290
abbb8791785e,abbb8791785e_green_preprocessed.png,abbb8791785e.png,1.4286035453735553,-1,94554,10564,291
7a39c91416e2,7a39c91416e2_green_preprocessed.png,7a39c91416e2.png,1.4285657691427847,-1,92842,9979,292
6110ecb3bb1c,6110ecb3bb1c_green_preprocessed.png,6110ecb3bb1c.png,1.4283191160080404,-1,99685,10827,293
5889a0c75cac,5889a0c75cac_green_preprocessed.png,5889a0c75cac.png,1.428298655315704,-1,95352,10398,294
3b0190bbe615,3b0190bbe615_green_preprocessed.png,3b0190bbe615.png,1.4281719631993182,-1,101400,10630,295
76516f828d88,76516f828d88_green_preprocessed.png,76516f828d88.png,1.4280578629265817,-1,89617,10055,296
b7983cb3f270,b7983cb3f270_green_preprocessed.png,b7983cb3f270.png,1.4280091427103005,-1,95660,10642,297
6fe67fd7f5d1,6fe67fd7f5d1_green_preprocessed.png,6fe67fd7f5d1.png,1.4279930591562826,-1,90337,10424,298
9122b31414d3,9122b31414d3_green_preprocessed.png,9122b31414d3.png,1.427877872007252,-1,87244,9969,299
ba4e62c11cc0,ba4e62c11cc0_green_preprocessed.png,ba4e62c11cc0.png,1.427778344336548,-1,98088,10701,300
bacfa2b8e706,bacfa2b8e706_green_preprocessed.png,bacfa2b8e706.png,1.4277310979575755,-1,95320,10485,301
b46b09a45f39,b46b09a45f39_green_preprocessed.png,b46b09a45f39.png,1.4277282275189522,-1,94197,10503,302
650104ede84c,650104ede84c_green_preprocessed.png,650104ede84c.png,1.4277199517162862,-1,94667,10474,303
8bf05909e1e1,8bf05909e1e1_green_preprocessed.png,8bf05909e1e1.png,1.4276836045152659,-1,92621,10518,304
81d79d53ed7b,81d79d53ed7b_green_preprocessed.png,81d79d53ed7b.png,1.427652138607653,-1,515600,42949,305
dccdf750c962,dccdf750c962_green_preprocessed.png,dccdf750c962.png,1.4275100073305127,-1,97944,10154,306
4beeca5cc859,4beeca5cc859_green_preprocessed.png,4beeca5cc859.png,1.4274739487853747,-1,95088,10421,307
ae20112e7a1e,ae20112e7a1e_green_preprocessed.png,ae20112e7a1e.png,1.42711860089343,-1,40470,5421,308
c6a8f8f998a2,c6a8f8f998a2_green_preprocessed.png,c6a8f8f998a2.png,1.4270402286780075,-1,94773,10433,309
1b398c0494d1,1b398c0494d1_green_preprocessed.png,1b398c0494d1.png,1.426759614799902,-1,98933,10400,310
5a444c32cd9a,5a444c32cd9a_green_preprocessed.png,5a444c32cd9a.png,1.426679216022754,-1,91457,10028,311
274f4de2a59d,274f4de2a59d_green_preprocessed.png,274f4de2a59d.png,1.4266616313123592,-1,93411,10471,312
bc7bf19b84e3,bc7bf19b84e3_green_preprocessed.png,bc7bf19b84e3.png,1.426660662553392,-1,99448,10439,313
d69698f838db,d69698f838db_green_preprocessed.png,d69698f838db.png,1.4266536001050392,-1,95623,10486,314
7b87b0015282,7b87b0015282_green_preprocessed.png,7b87b0015282.png,1.4265139720225972,-1,93244,10547,315
cb39761f0712,cb39761f0712_green_preprocessed.png,cb39761f0712.png,1.4264811446387167,-1,102447,10628,316
ce754234d760,ce754234d760_green_preprocessed.png,ce754234d760.png,1.4263738217695778,-1,97990,10322,317
3cd9713c0ecb,3cd9713c0ecb_green_preprocessed.png,3cd9713c0ecb.png,1.4263601836632351,-1,94934,10415,318
ce8d2efd9d4f,ce8d2efd9d4f_green_preprocessed.png,ce8d2efd9d4f.png,1.426349277707405,-1,99666,10352,319
44271f3cb18f,44271f3cb18f_green_preprocessed.png,44271f3cb18f.png,1.4261624435004348,-1,24808,4938,320
71e43b4f8ba6,71e43b4f8ba6_green_preprocessed.png,71e43b4f8ba6.png,1.4261451925849744,-1,96447,10548,321
58c12863f33d,58c12863f33d_green_preprocessed.png,58c12863f33d.png,1.426097360741122,-1,95723,10410,322
addf66a50f42,addf66a50f42_green_preprocessed.png,addf66a50f42.png,1.4259705241356282,-1,97566,10773,323
5b994ff78547,5b994ff78547_green_preprocessed.png,5b994ff78547.png,1.4259138882474018,-1,95765,10350,324
26cd40b57ad1,26cd40b57ad1_green_preprocessed.png,26cd40b57ad1.png,1.4257058001879468,-1,91315,10170,325
504a69096fcb,504a69096fcb_green_preprocessed.png,504a69096fcb.png,1.4256785706752084,-1,96076,10640,326
5728b8aa98ef,5728b8aa98ef_green_preprocessed.png,5728b8aa98ef.png,1.4256435779631518,-1,94165,10165,327
2cacdb0dffae,2cacdb0dffae_green_preprocessed.png,2cacdb0dffae.png,1.4256334415869176,-1,92417,10161,328
b0acd3593310,b0acd3593310_green_preprocessed.png,b0acd3593310.png,1.4256021601778568,-1,473459,42156,329
d6df4fe492ec,d6df4fe492ec_green_preprocessed.png,d6df4fe492ec.png,1.4255952666225078,-1,91596,10335,330
461fa5292fda,461fa5292fda_green_preprocessed.png,461fa5292fda.png,1.4255813037818055,-1,95329,10420,331
6d10709053ae,6d10709053ae_green_preprocessed.png,6d10709053ae.png,1.4255112972841022,-1,93012,10102,332
6a905a7202d2,6a905a7202d2_green_preprocessed.png,6a905a7202d2.png,1.425428853735986,-1,99611,10013,333
de6210f88536,de6210f88536_green_preprocessed.png,de6210f88536.png,1.425390710237396,-1,96570,10028,334
e01b7bac822b,e01b7bac822b_green_preprocessed.png,e01b7bac822b.png,1.4252662482031346,-1,94122,10093,335
53273d664cd8,53273d664cd8_green_preprocessed.png,53273d664cd8.png,1.425215257194109,-1,94736,10357,336
51aa3361294c,51aa3361294c_green_preprocessed.png,51aa3361294c.png,1.4249796985532484,-1,40907,5515,337
d6b109c82067,d6b109c82067_green_preprocessed.png,d6b109c82067.png,1.4248709464523668,-1,96381,10265,338
763ad1236efe,763ad1236efe_green_preprocessed.png,763ad1236efe.png,1.4248211875777401,-1,96584,10529,339
c096131ad065,c096131ad065_green_preprocessed.png,c096131ad065.png,1.4247815413709255,-1,96343,10399,340
a5bb85afc6e8,a5bb85afc6e8_green_preprocessed.png,a5bb85afc6e8.png,1.4247287059660307,-1,95132,10421,341
a384e688e228,a384e688e228_green_preprocessed.png,a384e688e228.png,1.4247172980865006,-1,95862,10206,342
83517eaeccb9,83517eaeccb9_green_preprocessed.png,83517eaeccb9.png,1.4246705023380657,-1,99746,10390,343
df6d13d04da1,df6d13d04da1_green_preprocessed.png,df6d13d04da1.png,1.4246221850503737,-1,98742,10335,344
63c0eafd6aa9,63c0eafd6aa9_green_preprocessed.png,63c0eafd6aa9.png,1.4245756684711413,-1,92765,10269,345
bc92a61a1f9c,bc92a61a1f9c_green_preprocessed.png,bc92a61a1f9c.png,1.4245617645194588,-1,95745,10392,346
6504b703c429,6504b703c429_green_preprocessed.png,6504b703c429.png,1.4244466068283947,-1,97803,10328,347
b0b3b16fc305,b0b3b16fc305_green_preprocessed.png,b0b3b16fc305.png,1.4243979369177808,-1,95278,10261,348
6324d77cf926,6324d77cf926_green_preprocessed.png,6324d77cf926.png,1.4243692513304074,-1,94770,10322,349
a45c30da0c72,a45c30da0c72_green_preprocessed.png,a45c30da0c72.png,1.4242478342918887,-1,40307,4728,350
b5b913358b32,b5b913358b32_green_preprocessed.png,b5b913358b32.png,1.424237779450917,-1,98139,10484,351
a1edf0e66592,a1edf0e66592_green_preprocessed.png,a1edf0e66592.png,1.4241740405102468,-1,94650,10427,352
24f271c87e73,24f271c87e73_green_preprocessed.png,24f271c87e73.png,1.4241650833001986,-1,442752,34202,353
3232b34cbe99,3232b34cbe99_green_preprocessed.png,3232b34cbe99.png,1.4241331548741003,-1,93414,10069,354
b69c224edd6e,b69c224edd6e_green_preprocessed.png,b69c224edd6e.png,1.4240980096030678,-1,483707,41544,355
9a1029536d78,9a1029536d78_green_preprocessed.png,9a1029536d78.png,1.4240226075354327,-1,95620,10344,356
c6229222bf22,c6229222bf22_green_preprocessed.png,c6229222bf22.png,1.4240190689961054,-1,99080,10073,357
b351ae99413a,b351ae99413a_green_preprocessed.png,b351ae99413a.png,1.4239753954048011,-1,89986,10261,358
d5c63a8d9e94,d5c63a8d9e94_green_preprocessed.png,d5c63a8d9e94.png,1.4239439769970093,-1,97367,10443,359
d2dc86021c67,d2dc86021c67_green_preprocessed.png,d2dc86021c67.png,1.4238772108564863,-1,94869,10376,360
42b9c1977681,42b9c1977681_green_preprocessed.png,42b9c1977681.png,1.4238283509671446,-1,97298,10219,361
90bde2ff8953,90bde2ff8953_green_preprocessed.png,90bde2ff8953.png,1.4237296578570833,-1,97907,10490,362
99240ee00485,99240ee00485_green_preprocessed.png,99240ee00485.png,1.423630178211511,-1,90779,10184,363
6cee2e148520,6cee2e148520_green_preprocessed.png,6cee2e148520.png,1.4236198755092044,-1,496094,42116,364
bd500a73beae,bd500a73beae_green_preprocessed.png,bd500a73beae.png,1.4235980894911895,-1,93529,10245,365
b9c7c5182075,b9c7c5182075_green_preprocessed.png,b9c7c5182075.png,1.423495261878672,-1,92946,10516,366
da9fe02dead3,da9fe02dead3_green_preprocessed.png,da9fe02dead3.png,1.423432838342887,-1,97137,10137,367
6d6be4cfc73f,6d6be4cfc73f_green_preprocessed.png,6d6be4cfc73f.png,1.4233992333399026,-1,94400,10263,368
5293576816aa,5293576816aa_green_preprocessed.png,5293576816aa.png,1.423369750079634,-1,93937,10278,369
d16e59a2b33a,d16e59a2b33a_green_preprocessed.png,d16e59a2b33a.png,1.4232469847519367,-1,93468,10483,370
5f51192841f7,5f51192841f7_green_preprocessed.png,5f51192841f7.png,1.4232018867349587,-1,91003,9882,371
4bcee3cbe232,4bcee3cbe232_green_preprocessed.png,4bcee3cbe232.png,1.4230710344722146,-1,100018,10185,372
4350a1b2f3cb,4350a1b2f3cb_green_preprocessed.png,4350a1b2f3cb.png,1.423043444691517,-1,94451,10266,373
9985375d709f,9985375d709f_green_preprocessed.png,9985375d709f.png,1.422959591575864,-1,98584,10314,374
26fc2358a38d,26fc2358a38d_green_preprocessed.png,26fc2358a38d.png,1.422959527804079,-1,93253,10385,375
7fc3a8bb40de,7fc3a8bb40de_green_preprocessed.png,7fc3a8bb40de.png,1.422893915355932,-1,93356,10157,376
7af4d8704032,7af4d8704032_green_preprocessed.png,7af4d8704032.png,1.4228238141671739,-1,88961,9805,377
af345c68e836,af345c68e836_green_preprocessed.png,af345c68e836.png,1.4226005669508237,-1,98588,10347,378
9bd008aab548,9bd008aab548_green_preprocessed.png,9bd008aab548.png,1.4225408943876876,-1,97275,10556,379
45369821d6a3,45369821d6a3_green_preprocessed.png,45369821d6a3.png,1.422438068839177,-1,97085,10061,380
93a1b984de84,93a1b984de84_green_preprocessed.png,93a1b984de84.png,1.4222743315670705,-1,95578,10496,381
3bf2deaa5ef0,3bf2deaa5ef0_green_preprocessed.png,3bf2deaa5ef0.png,1.4222471665916447,-1,96474,10143,382
401fdfd0db07,401fdfd0db07_green_preprocessed.png,401fdfd0db07.png,1.4221944232489863,-1,92442,9824,383
8d13c46e7d75,8d13c46e7d75_green_preprocessed.png,8d13c46e7d75.png,1.422103425655445,-1,98472,10256,384
d9c9b9786da3,d9c9b9786da3_green_preprocessed.png,d9c9b9786da3.png,1.4221024912979483,-1,89538,10060,385
25a0a1e41afd,25a0a1e41afd_green_preprocessed.png,25a0a1e41afd.png,1.4220861337704676,-1,90339,10019,386
2a2a6435f7f3,2a2a6435f7f3_green_preprocessed.png,2a2a6435f7f3.png,1.4220644445810626,-1,97474,9700,387
9c514d2d5b3f,9c514d2d5b3f_green_preprocessed.png,9c514d2d5b3f.png,1.4220474530924698,-1,95446,10210,388
e135d7ba9a0e,e135d7ba9a0e_green_preprocessed.png,e135d7ba9a0e.png,1.421994363769554,-1,95032,10230,389
a76132e79688,a76132e79688_green_preprocessed.png,a76132e79688.png,1.4219742866882061,-1,90691,10526,390
a4ee03ecff60,a4ee03ecff60_green_preprocessed.png,a4ee03ecff60.png,1.4219718428451396,-1,96981,9632,391
3323fd59782e,3323fd59782e_green_preprocessed.png,3323fd59782e.png,1.4219401628070032,-1,96282,9961,392
9d1feed37610,9d1feed37610_green_preprocessed.png,9d1feed37610.png,1.4219157300970535,-1,91017,10117,393
2408799a09b2,2408799a09b2_green_preprocessed.png,2408799a09b2.png,1.4219106493046558,-1,89615,9811,394
958c1fa044ba,958c1fa044ba_green_preprocessed.png,958c1fa044ba.png,1.4218203368186781,-1,93767,10140,395
2ef4a04aed1b,2ef4a04aed1b_green_preprocessed.png,2ef4a04aed1b.png,1.4217929423136237,-1,94807,10360,396
d6130f2ec903,d6130f2ec903_green_preprocessed.png,d6130f2ec903.png,1.4217090453172323,-1,38751,4607,397
7d94a000c2d0,7d94a000c2d0_green_preprocessed.png,7d94a000c2d0.png,1.4216974780845524,-1,91565,10063,398
2c77bf969079,2c77bf969079_green_preprocessed.png,2c77bf969079.png,1.4216835451628593,-1,464580,36400,399
8010c931321f,8010c931321f_green_preprocessed.png,8010c931321f.png,1.4215452692528503,-1,96842,10303,400
3abac0961bfd,3abac0961bfd_green_preprocessed.png,3abac0961bfd.png,1.4214877782312274,-1,93157,9757,401
ce6f33a81ad5,ce6f33a81ad5_green_preprocessed.png,ce6f33a81ad5.png,1.4214066283906621,-1,94748,9904,402
7d0a871c45db,7d0a871c45db_green_preprocessed.png,7d0a871c45db.png,1.4212796125363765,-1,91272,10255,403
75ed83dbccce,75ed83dbccce_green_preprocessed.png,75ed83dbccce.png,1.4211477399468353,-1,96313,10010,404
930fee99213a,930fee99213a_green_preprocessed.png,930fee99213a.png,1.4210677837777002,-1,88698,9621,405
3730c322d35b,3730c322d35b_green_preprocessed.png,3730c322d35b.png,1.4208637970674003,-1,90072,9826,406
ac1667fac512,ac1667fac512_green_preprocessed.png,ac1667fac512.png,1.4208021239776811,-1,95554,10055,407
5b3d41626ec5,5b3d41626ec5_green_preprocessed.png,5b3d41626ec5.png,1.4206374141198594,-1,95933,10008,408
a2b995b81692,a2b995b81692_green_preprocessed.png,a2b995b81692.png,1.4206023199607185,-1,94192,10208,409
5c85d22bd0de,5c85d22bd0de_green_preprocessed.png,5c85d22bd0de.png,1.42042398093176,-1,96113,10131,410
80b5697f2a5e,80b5697f2a5e_green_preprocessed.png,80b5697f2a5e.png,1.4201618140051029,-1,88873,9539,411
983c98354e9c,983c98354e9c_green_preprocessed.png,983c98354e9c.png,1.4201432381303252,-1,92687,9926,412
9f285b3e57ed,9f285b3e57ed_green_preprocessed.png,9f285b3e57ed.png,1.420023148767186,-1,97060,10381,413
a82a12ad3fb1,a82a12ad3fb1_green_preprocessed.png,a82a12ad3fb1.png,1.4198972810831398,-1,38310,4458,414
a528be013a04,a528be013a04_green_preprocessed.png,a528be013a04.png,1.4197663345403313,-1,91861,9887,415
b086c7cd3868,b086c7cd3868_green_preprocessed.png,b086c7cd3868.png,1.4196776127138313,-1,96956,10259,416
bebfbd907cac,bebfbd907cac_green_preprocessed.png,bebfbd907cac.png,1.4196034333363183,-1,96857,10375,417
d74ccc796517,d74ccc796517_green_preprocessed.png,d74ccc796517.png,1.4195655963845526,-1,94559,9825,418
75c180e04f65,75c180e04f65_green_preprocessed.png,75c180e04f65.png,1.4194500780212784,-1,95919,10089,419
6f0e5848d9ce,6f0e5848d9ce_green_preprocessed.png,6f0e5848d9ce.png,1.4194310274985846,-1,98346,10073,420
c1819db0aece,c1819db0aece_green_preprocessed.png,c1819db0aece.png,1.4192948365605265,-1,89348,9392,421
462937ece243,462937ece243_green_preprocessed.png,462937ece243.png,1.4191592404394773,-1,90968,9533,422
837acf120946,837acf120946_green_preprocessed.png,837acf120946.png,1.4190736813780573,-1,40419,4548,423
c98f623d08d1,c98f623d08d1_green_preprocessed.png,c98f623d08d1.png,1.4190623923335242,-1,93910,9918,424
cec299c2a2d5,cec299c2a2d5_green_preprocessed.png,cec299c2a2d5.png,1.4190515156652044,-1,531886,44490,425
6c9c902a97de,6c9c902a97de_green_preprocessed.png,6c9c902a97de.png,1.4190396099088187,-1,94304,10130,426
5ca779ace6e7,5ca779ace6e7_green_preprocessed.png,5ca779ace6e7.png,1.4189955675861639,-1,95046,10163,427
bff51afc76d4,bff51afc76d4_green_preprocessed.png,bff51afc76d4.png,1.4189940059417232,-1,468830,43536,428
4dd4a4bf2421,4dd4a4bf2421_green_preprocessed.png,4dd4a4bf2421.png,1.4189756537842242,-1,92845,9806,429
8a482c024fc2,8a482c024fc2_green_preprocessed.png,8a482c024fc2.png,1.4189360647539353,-1,91692,9968,430
571bbdbf585e,571bbdbf585e_green_preprocessed.png,571bbdbf585e.png,1.4189206830651455,-1,90725,9846,431
63b71347e95d,63b71347e95d_green_preprocessed.png,63b71347e95d.png,1.4188579026753074,-1,93055,10043,432
d99dd99be001,d99dd99be001_green_preprocessed.png,d99dd99be001.png,1.418823913360244,-1,91345,9769,433
c58971bcebb2,c58971bcebb2_green_preprocessed.png,c58971bcebb2.png,1.418791819954679,-1,467943,39143,434
586f5c56081e,586f5c56081e_green_preprocessed.png,586f5c56081e.png,1.418751759086275,-1,95906,9916,435
b598bc9753c2,b598bc9753c2_green_preprocessed.png,b598bc9753c2.png,1.4186307575957202,-1,92100,9903,436
6e44f6d04fc9,6e44f6d04fc9_green_preprocessed.png,6e44f6d04fc9.png,1.4186128118482582,-1,96316,10007,437
e246cd89e1cc,e246cd89e1cc_green_preprocessed.png,e246cd89e1cc.png,1.4185469162040678,-1,90562,9688,438
4cde86044ad1,4cde86044ad1_green_preprocessed.png,4cde86044ad1.png,1.41853448913343,-1,99989,10356,439
8185ce1cdcef,8185ce1cdcef_green_preprocessed.png,8185ce1cdcef.png,1.418480220926025,-1,98222,10124,440
4bd5d0b30198,4bd5d0b30198_green_preprocessed.png,4bd5d0b30198.png,1.4183609323836248,-1,88887,9680,441
72c31aa48e2c,72c31aa48e2c_green_preprocessed.png,72c31aa48e2c.png,1.418288447878434,-1,99836,10124,442
77acc2cafee1,77acc2cafee1_green_preprocessed.png,77acc2cafee1.png,1.4182242464193762,-1,91312,9627,443
d911dd40c63b,d911dd40c63b_green_preprocessed.png,d911dd40c63b.png,1.4180334928296119,-1,90821,10019,444
1c7a013eeba7,1c7a013eeba7_green_preprocessed.png,1c7a013eeba7.png,1.4179591776935438,-1,92469,9977,445
35cd9832fc0a,35cd9832fc0a_green_preprocessed.png,35cd9832fc0a.png,1.4179133605720602,-1,90522,10050,446
4d3de40ced3a,4d3de40ced3a_green_preprocessed.png,4d3de40ced3a.png,1.4178783050283181,-1,92054,9803,447
2821998fc002,2821998fc002_green_preprocessed.png,2821998fc002.png,1.417869861760562,-1,88338,9470,448
7fdb177b8f7d,7fdb177b8f7d_green_preprocessed.png,7fdb177b8f7d.png,1.417848795640652,-1,91713,10050,449
43bc7c066dfb,43bc7c066dfb_green_preprocessed.png,43bc7c066dfb.png,1.4178024827902629,-1,93529,9623,450
cd941e5bc659,cd941e5bc659_green_preprocessed.png,cd941e5bc659.png,1.4176423495906953,-1,91835,9556,451
6852f4531591,6852f4531591_green_preprocessed.png,6852f4531591.png,1.4176238981654237,-1,97175,10309,452
54038e56131d,54038e56131d_green_preprocessed.png,54038e56131d.png,1.417472688347145,-1,93219,10136,453
7c2e852171c0,7c2e852171c0_green_preprocessed.png,7c2e852171c0.png,1.4174506749506144,-1,94608,10113,454
afc744fad65e,afc744fad65e_green_preprocessed.png,afc744fad65e.png,1.4173890263711428,-1,93277,9964,455
32d7d360d891,32d7d360d891_green_preprocessed.png,32d7d360d891.png,1.4173810177849915,-1,90091,9781,456
ac17cc18a994,ac17cc18a994_green_preprocessed.png,ac17cc18a994.png,1.4171922521279832,-1,91067,9734,457
bfa30ebf63a8,bfa30ebf63a8_green_preprocessed.png,bfa30ebf63a8.png,1.417091071768033,-1,90735,9552,458
27933cdbe0cc,27933cdbe0cc_green_preprocessed.png,27933cdbe0cc.png,1.4170849471006814,-1,90216,9399,459
1db6bb46c102,1db6bb46c102_green_preprocessed.png,1db6bb46c102.png,1.417061208523083,-1,98196,10234,460
b7a1bb106051,b7a1bb106051_green_preprocessed.png,b7a1bb106051.png,1.4170197622225635,-1,95267,10011,461
5ac7a414560e,5ac7a414560e_green_preprocessed.png,5ac7a414560e.png,1.4169549074299488,-1,98676,9870,462
5de4615a5161,5de4615a5161_green_preprocessed.png,5de4615a5161.png,1.4169500113076146,-1,96588,10517,463
9274e75dc4d5,9274e75dc4d5_green_preprocessed.png,9274e75dc4d5.png,1.4169196670520372,-1,94919,10002,464
c6f5b5b5be41,c6f5b5b5be41_green_preprocessed.png,c6f5b5b5be41.png,1.416865548650492,-1,93663,9986,465
c546670d9684,c546670d9684_green_preprocessed.png,c546670d9684.png,1.416804210011624,-1,272831,26053,466
a95d9d61ddd4,a95d9d61ddd4_green_preprocessed.png,a95d9d61ddd4.png,1.4167346858184031,-1,90352,9696,467
4403538fb50f,4403538fb50f_green_preprocessed.png,4403538fb50f.png,1.4167276446103643,-1,90039,9967,468
7be1b9aa78aa,7be1b9aa78aa_green_preprocessed.png,7be1b9aa78aa.png,1.4167027266350842,-1,94927,9594,469
aa94cc4bfd84,aa94cc4bfd84_green_preprocessed.png,aa94cc4bfd84.png,1.4165869041377137,-1,90152,10319,470
207dd0487264,207dd0487264_green_preprocessed.png,207dd0487264.png,1.416534617305685,-1,93278,9726,471
7adfb8fc0621,7adfb8fc0621_green_preprocessed.png,7adfb8fc0621.png,1.416488963392525,-1,94574,10155,472
b8e9a8f4617d,b8e9a8f4617d_green_preprocessed.png,b8e9a8f4617d.png,1.416419412100409,-1,96357,9746,473
ad93d88c87ea,ad93d88c87ea_green_preprocessed.png,ad93d88c87ea.png,1.4163395637125795,-1,93272,9506,474
aa8a1e814811,aa8a1e814811_green_preprocessed.png,aa8a1e814811.png,1.4162994726186886,-1,88354,9809,475
58a9e0d7f7af,58a9e0d7f7af_green_preprocessed.png,58a9e0d7f7af.png,1.4162738678960072,-1,95053,9837,476
e1dc02a3dc2a,e1dc02a3dc2a_green_preprocessed.png,e1dc02a3dc2a.png,1.4162659744977517,-1,92904,9854,477
87a9f4d20f07,87a9f4d20f07_green_preprocessed.png,87a9f4d20f07.png,1.4161515924224803,-1,91654,9837,478
7c6594b50690,7c6594b50690_green_preprocessed.png,7c6594b50690.png,1.4161481374907596,-1,92040,9893,479
9910c827e2fe,9910c827e2fe_green_preprocessed.png,9910c827e2fe.png,1.416137218724758,-1,87616,9743,480
a2b97d98f130,a2b97d98f130_green_preprocessed.png,a2b97d98f130.png,1.4159896472376767,-1,437245,34219,481
5ad3dabeb2cd,5ad3dabeb2cd_green_preprocessed.png,5ad3dabeb2cd.png,1.4159710138512673,-1,89810,9589,482
3bf3085ac167,3bf3085ac167_green_preprocessed.png,3bf3085ac167.png,1.4159045561207284,-1,93685,9942,483
98441214557f,98441214557f_green_preprocessed.png,98441214557f.png,1.415835026798472,-1,92485,10148,484
58059e73d2d4,58059e73d2d4_green_preprocessed.png,58059e73d2d4.png,1.4157891225329,-1,26066,4949,485
de55ed25e0e8,de55ed25e0e8_green_preprocessed.png,de55ed25e0e8.png,1.4156906496764112,-1,93306,10181,486
a86128b601a7,a86128b601a7_green_preprocessed.png,a86128b601a7.png,1.4156197488845084,-1,90574,9927,487
be197b663520,be197b663520_green_preprocessed.png,be197b663520.png,1.4155496685224815,-1,89365,9799,488
7a9f45fdf29b,7a9f45fdf29b_green_preprocessed.png,7a9f45fdf29b.png,1.4155052835370374,-1,100317,10005,489
8a81f62320d6,8a81f62320d6_green_preprocessed.png,8a81f62320d6.png,1.4154691081490596,-1,90871,10025,490
b8297a2291f5,b8297a2291f5_green_preprocessed.png,b8297a2291f5.png,1.4153978680547656,-1,92825,9669,491
c9e697117f3f,c9e697117f3f_green_preprocessed.png,c9e697117f3f.png,1.4153667366789722,-1,90414,9972,492
cadde4030858,cadde4030858_green_preprocessed.png,cadde4030858.png,1.4153096749886225,-1,95601,9996,493
96ce10a1dbd7,96ce10a1dbd7_green_preprocessed.png,96ce10a1dbd7.png,1.4152895164734556,-1,91993,9755,494
bd34a0639575,bd34a0639575_green_preprocessed.png,bd34a0639575.png,1.415274360590097,-1,94914,9775,495
91e82fe4e434,91e82fe4e434_green_preprocessed.png,91e82fe4e434.png,1.4151276949301594,-1,88185,9785,496
639915f58a2f,639915f58a2f_green_preprocessed.png,639915f58a2f.png,1.415112254713898,-1,97050,9920,497
ab653b8554c0,ab653b8554c0_green_preprocessed.png,ab653b8554c0.png,1.4150655712555975,-1,92479,9558,498
883c6a184f16,883c6a184f16_green_preprocessed.png,883c6a184f16.png,1.4149438370723726,-1,91381,9738,499
83a63c4a3e4a,83a63c4a3e4a_green_preprocessed.png,83a63c4a3e4a.png,1.4147764702463463,-1,94348,9877,500
a07d9a5045cb,a07d9a5045cb_green_preprocessed.png,a07d9a5045cb.png,1.4146863630933184,-1,93199,9645,501
d51e5d7484ea,d51e5d7484ea_green_preprocessed.png,d51e5d7484ea.png,1.4146406393298046,-1,92875,10129,502
658ad9f09f5d,658ad9f09f5d_green_preprocessed.png,658ad9f09f5d.png,1.4146145531388024,-1,25186,4446,503
a0b7ad98df57,a0b7ad98df57_green_preprocessed.png,a0b7ad98df57.png,1.4145293130046386,-1,91116,9753,504
976082127e2a,976082127e2a_green_preprocessed.png,976082127e2a.png,1.414441639483845,-1,91725,9794,505
7e77b61e1639,7e77b61e1639_green_preprocessed.png,7e77b61e1639.png,1.4144314304497199,-1,92781,9788,506
8344c783da65,8344c783da65_green_preprocessed.png,8344c783da65.png,1.414431389735124,-1,89755,9487,507
4a589edaea60,4a589edaea60_green_preprocessed.png,4a589edaea60.png,1.4143404423459052,-1,91945,9764,508
784d6d302f98,784d6d302f98_green_preprocessed.png,784d6d302f98.png,1.4142826909228994,-1,93225,10007,509
737ef6226677,737ef6226677_green_preprocessed.png,737ef6226677.png,1.4142547832405223,-1,92954,10005,510
6b66b0e86f7e,6b66b0e86f7e_green_preprocessed.png,6b66b0e86f7e.png,1.4142216098425193,-1,89367,9754,511
8a8a251770cd,8a8a251770cd_green_preprocessed.png,8a8a251770cd.png,1.4141245173882915,-1,89748,9423,512
b5bf7b84fc66,b5bf7b84fc66_green_preprocessed.png,b5bf7b84fc66.png,1.4141190443468632,-1,91795,9469,513
a821b6ecef33,a821b6ecef33_green_preprocessed.png,a821b6ecef33.png,1.4140807376723152,-1,25488,5019,514
8ed586c43023,8ed586c43023_green_preprocessed.png,8ed586c43023.png,1.4140663661960808,-1,97218,9833,515
a73d012c4c38,a73d012c4c38_green_preprocessed.png,a73d012c4c38.png,1.414037802262381,-1,90803,9857,516
d39752cb6e57,d39752cb6e57_green_preprocessed.png,d39752cb6e57.png,1.4139481086206775,-1,92302,9827,517
c446985355f1,c446985355f1_green_preprocessed.png,c446985355f1.png,1.4138128365080163,-1,92546,9737,518
b7f0bc7d399e,b7f0bc7d399e_green_preprocessed.png,b7f0bc7d399e.png,1.4137354363692247,-1,516960,45110,519
3a4cfea0a766,3a4cfea0a766_green_preprocessed.png,3a4cfea0a766.png,1.4135780923552823,-1,95144,9801,520
9519a590985d,9519a590985d_green_preprocessed.png,9519a590985d.png,1.4135776929020503,-1,94180,9688,521
8e67f2d7e0ee,8e67f2d7e0ee_green_preprocessed.png,8e67f2d7e0ee.png,1.4135637217800754,-1,88469,9704,522
cae33655ca00,cae33655ca00_green_preprocessed.png,cae33655ca00.png,1.413498768253649,-1,88293,9636,523
da9262d9f5d9,da9262d9f5d9_green_preprocessed.png,da9262d9f5d9.png,1.413491510269181,-1,93427,9577,524
84b4da14bc23,84b4da14bc23_green_preprocessed.png,84b4da14bc23.png,1.4133946363238206,-1,94729,9658,525
b549af91bd30,b549af91bd30_green_preprocessed.png,b549af91bd30.png,1.4132400626147599,-1,97117,9770,526
7f1f3269f546,7f1f3269f546_green_preprocessed.png,7f1f3269f546.png,1.4131972880386834,-1,93948,9795,527
e30a890600e1,e30a890600e1_green_preprocessed.png,e30a890600e1.png,1.4129955555381897,-1,41920,4829,528
937bc1b924b1,937bc1b924b1_green_preprocessed.png,937bc1b924b1.png,1.4129528980792254,-1,93760,9512,529
5eb8fb1aad41,5eb8fb1aad41_green_preprocessed.png,5eb8fb1aad41.png,1.4129086356149436,-1,93641,10081,530
8ffa608170d3,8ffa608170d3_green_preprocessed.png,8ffa608170d3.png,1.4128957894464174,-1,35750,4009,531
9be71d6d7e59,9be71d6d7e59_green_preprocessed.png,9be71d6d7e59.png,1.4128842921572797,-1,93698,9645,532
65a7fe9482fe,65a7fe9482fe_green_preprocessed.png,65a7fe9482fe.png,1.4128564110811086,-1,91314,9791,533
29192375ab1b,29192375ab1b_green_preprocessed.png,29192375ab1b.png,1.412835579848478,-1,88868,9387,534
bf87aedf2489,bf87aedf2489_green_preprocessed.png,bf87aedf2489.png,1.4127254294578457,-1,93145,9611,535
d6803e467592,d6803e467592_green_preprocessed.png,d6803e467592.png,1.412713369863986,-1,89923,9927,536
5077cdb88aed,5077cdb88aed_green_preprocessed.png,5077cdb88aed.png,1.412614184531209,-1,94486,9531,537
2b3a4a81d748,2b3a4a81d748_green_preprocessed.png,2b3a4a81d748.png,1.412555218191618,-1,86880,9621,538
6c30dd481717,6c30dd481717_green_preprocessed.png,6c30dd481717.png,1.4124794336107636,-1,23425,4018,539
58af2c054ced,58af2c054ced_green_preprocessed.png,58af2c054ced.png,1.4123575761395644,-1,89036,9906,540
3c9529918097,3c9529918097_green_preprocessed.png,3c9529918097.png,1.412348247522666,-1,85384,9317,541
c6d4e4a3bd4c,c6d4e4a3bd4c_green_preprocessed.png,c6d4e4a3bd4c.png,1.4123450193591438,-1,93022,9540,542
1e036f2e7095,1e036f2e7095_green_preprocessed.png,1e036f2e7095.png,1.4122217346165526,-1,455586,37804,543
d38cf0f4a9af,d38cf0f4a9af_green_preprocessed.png,d38cf0f4a9af.png,1.4121761482392055,-1,92176,9619,544
99c6a123ed6a,99c6a123ed6a_green_preprocessed.png,99c6a123ed6a.png,1.4121462360915378,-1,88375,8946,545
721214151233,721214151233_green_preprocessed.png,721214151233.png,1.4120230933723956,-1,94023,9650,546
52edbe29d655,52edbe29d655_green_preprocessed.png,52edbe29d655.png,1.4119653877772584,-1,88970,9624,547
996f9bba4ef0,996f9bba4ef0_green_preprocessed.png,996f9bba4ef0.png,1.4117906907217572,-1,91551,9681,548
b35cad8fe2d7,b35cad8fe2d7_green_preprocessed.png,b35cad8fe2d7.png,1.4117887176629742,-1,492819,42477,549
b6bf847fbcb2,b6bf847fbcb2_green_preprocessed.png,b6bf847fbcb2.png,1.411637695190729,-1,89962,9596,550
7347bd23ba80,7347bd23ba80_green_preprocessed.png,7347bd23ba80.png,1.4115378175993674,-1,92441,9698,551
62b826899151,62b826899151_green_preprocessed.png,62b826899151.png,1.4114516685580956,-1,91615,9673,552
da3a2275c850,da3a2275c850_green_preprocessed.png,da3a2275c850.png,1.4113913993829208,-1,91475,9661,553
445a8a6da55c,445a8a6da55c_green_preprocessed.png,445a8a6da55c.png,1.4113495415669977,-1,100173,10103,554
cb68fce07789,cb68fce07789_green_preprocessed.png,cb68fce07789.png,1.411285975856479,-1,95800,9780,555
6d6fcf49e515,6d6fcf49e515_green_preprocessed.png,6d6fcf49e515.png,1.4112382318782701,-1,93589,10033,556
3af9aaa880e9,3af9aaa880e9_green_preprocessed.png,3af9aaa880e9.png,1.4110041761508005,-1,91175,9491,557
9232dc06cfdc,9232dc06cfdc_green_preprocessed.png,9232dc06cfdc.png,1.4109949457264408,-1,91641,10017,558
7f2cce721e19,7f2cce721e19_green_preprocessed.png,7f2cce721e19.png,1.410986813012619,-1,98828,10058,559
3254e48c8aa0,3254e48c8aa0_green_preprocessed.png,3254e48c8aa0.png,1.4109593095935609,-1,97131,9795,560
e2c39ed0c941,e2c39ed0c941_green_preprocessed.png,e2c39ed0c941.png,1.410772222618588,-1,92041,9668,561
356304d15a5c,356304d15a5c_green_preprocessed.png,356304d15a5c.png,1.4106388852019756,-1,85542,9388,562
1d46f1326394,1d46f1326394_green_preprocessed.png,1d46f1326394.png,1.4105892342967132,-1,87545,9852,563
69b3a00927fc,69b3a00927fc_green_preprocessed.png,69b3a00927fc.png,1.4105778168294647,-1,92415,9858,564
86410aa13b3e,86410aa13b3e_green_preprocessed.png,86410aa13b3e.png,1.4104535581628033,-1,90784,9174,565
1ca35d483772,1ca35d483772_green_preprocessed.png,1ca35d483772.png,1.4102138037343217,-1,92374,9324,566
79cbae28d8b2,79cbae28d8b2_green_preprocessed.png,79cbae28d8b2.png,1.4099716939588547,-1,91195,9707,567
abe940882578,abe940882578_green_preprocessed.png,abe940882578.png,1.409779136380315,-1,96207,9940,568
7e9081e95bf6,7e9081e95bf6_green_preprocessed.png,7e9081e95bf6.png,1.4096849245746612,-1,93987,9547,569
d26bc6e1230d,d26bc6e1230d_green_preprocessed.png,d26bc6e1230d.png,1.4096603505026706,-1,86780,9319,570
880edb2cdb69,880edb2cdb69_green_preprocessed.png,880edb2cdb69.png,1.409479458577723,-1,94359,9187,571
cd1c98ec48b1,cd1c98ec48b1_green_preprocessed.png,cd1c98ec48b1.png,1.409408010068146,-1,93028,9716,572
878e356c8fc9,878e356c8fc9_green_preprocessed.png,878e356c8fc9.png,1.4093832787085205,-1,92988,9692,573
c3c8fdda50c0,c3c8fdda50c0_green_preprocessed.png,c3c8fdda50c0.png,1.4093060974013063,-1,92800,9753,574
1ca91751be4d,1ca91751be4d_green_preprocessed.png,1ca91751be4d.png,1.409090892836947,-1,99584,9594,575
c2f3281cf528,c2f3281cf528_green_preprocessed.png,c2f3281cf528.png,1.4088492969234039,-1,93644,9508,576
8ceff4c4c860,8ceff4c4c860_green_preprocessed.png,8ceff4c4c860.png,1.4087702469080545,-1,94794,9641,577
aec51513cf45,aec51513cf45_green_preprocessed.png,aec51513cf45.png,1.4087677262063205,-1,23148,3952,578
a654b25124c3,a654b25124c3_green_preprocessed.png,a654b25124c3.png,1.4087573982874504,-1,94159,9624,579
5995321563b7,5995321563b7_green_preprocessed.png,5995321563b7.png,1.4087249269985584,-1,86129,9378,580
c24bcf7a1bc4,c24bcf7a1bc4_green_preprocessed.png,c24bcf7a1bc4.png,1.4086783491673596,-1,94849,9668,581
5257cb536da2,5257cb536da2_green_preprocessed.png,5257cb536da2.png,1.4086736447956631,-1,46986,6780,582
799214e8b07c,799214e8b07c_green_preprocessed.png,799214e8b07c.png,1.4085558953564818,-1,89094,9667,583
529906ff9dfa,529906ff9dfa_green_preprocessed.png,529906ff9dfa.png,1.4084483371918364,-1,87981,9666,584
8d4d14a4ab07,8d4d14a4ab07_green_preprocessed.png,8d4d14a4ab07.png,1.408347969744691,-1,90866,9430,585
acf976efd7ce,acf976efd7ce_green_preprocessed.png,acf976efd7ce.png,1.4083246596397774,-1,93496,9896,586
ae49cc60f251,ae49cc60f251_green_preprocessed.png,ae49cc60f251.png,1.4079815239020703,-1,93062,9736,587
46acc506fa61,46acc506fa61_green_preprocessed.png,46acc506fa61.png,1.4078998552240083,-1,87571,9204,588
4826d10030b3,4826d10030b3_green_preprocessed.png,4826d10030b3.png,1.407871376565088,-1,91198,8764,589
b0c9a492e068,b0c9a492e068_green_preprocessed.png,b0c9a492e068.png,1.4078168528946118,-1,469687,37391,590
ba0107fb1bfd,ba0107fb1bfd_green_preprocessed.png,ba0107fb1bfd.png,1.407773421789756,-1,90056,9596,591
7ce671f952be,7ce671f952be_green_preprocessed.png,7ce671f952be.png,1.4076840746315553,-1,89025,9331,592
3dec415b188a,3dec415b188a_green_preprocessed.png,3dec415b188a.png,1.4076018889792037,-1,91016,9797,593
5bea250d8bf5,5bea250d8bf5_green_preprocessed.png,5bea250d8bf5.png,1.4075592926289267,-1,95450,9353,594
63e041a757eb,63e041a757eb_green_preprocessed.png,63e041a757eb.png,1.4074589025974769,-1,490136,38543,595
c81c6911f5e0,c81c6911f5e0_green_preprocessed.png,c81c6911f5e0.png,1.4073620869384895,-1,87839,9294,596
aabd867043cf,aabd867043cf_green_preprocessed.png,aabd867043cf.png,1.4072954688546893,-1,93014,9491,597
7ee6de71c140,7ee6de71c140_green_preprocessed.png,7ee6de71c140.png,1.4072774872968306,-1,89444,9556,598
d0926ed2c8e5,d0926ed2c8e5_green_preprocessed.png,d0926ed2c8e5.png,1.4071697643772911,-1,96991,9606,599
9f8112c710be,9f8112c710be_green_preprocessed.png,9f8112c710be.png,1.4071509142034446,-1,87910,9600,600
999ad827ed35,999ad827ed35_green_preprocessed.png,999ad827ed35.png,1.407127643825103,-1,92977,9377,601
5ea9e447bb62,5ea9e447bb62_green_preprocessed.png,5ea9e447bb62.png,1.4070695228086014,-1,90315,9594,602
b294927b14b0,b294927b14b0_green_preprocessed.png,b294927b14b0.png,1.4068808683695895,-1,92662,9182,603
8bf2d925dc0c,8bf2d925dc0c_green_preprocessed.png,8bf2d925dc0c.png,1.4066413769720498,-1,87388,8988,604
b5204c0decc7,b5204c0decc7_green_preprocessed.png,b5204c0decc7.png,1.4065897125881544,-1,94203,9252,605
66bfec8d6bcd,66bfec8d6bcd_green_preprocessed.png,66bfec8d6bcd.png,1.4063059915719842,-1,91861,9797,606
57a710de68a4,57a710de68a4_green_preprocessed.png,57a710de68a4.png,1.4062213993123494,-1,93415,9406,607
c38dec54a9f7,c38dec54a9f7_green_preprocessed.png,c38dec54a9f7.png,1.4062121449630651,-1,91443,9445,608
e1b8acb1cea1,e1b8acb1cea1_green_preprocessed.png,e1b8acb1cea1.png,1.4061380404625536,-1,91797,9503,609
e3b47ed5b511,e3b47ed5b511_green_preprocessed.png,e3b47ed5b511.png,1.406136683522459,-1,94098,9335,610
e06cccc08c59,e06cccc08c59_green_preprocessed.png,e06cccc08c59.png,1.4061137501313465,-1,92649,9613,611
ad20080452de,ad20080452de_green_preprocessed.png,ad20080452de.png,1.40605283600304,-1,97417,9836,612
d6f6bdfd8011,d6f6bdfd8011_green_preprocessed.png,d6f6bdfd8011.png,1.4059340805948697,-1,87689,9479,613
59bd19c1c5bb,59bd19c1c5bb_green_preprocessed.png,59bd19c1c5bb.png,1.4059165988096565,-1,86746,9320,614
a963ac561580,a963ac561580_green_preprocessed.png,a963ac561580.png,1.405911727165089,-1,86927,9278,615
b10fca20c885,b10fca20c885_green_preprocessed.png,b10fca20c885.png,1.4058994665395366,-1,88808,9507,616
934104859e68,934104859e68_green_preprocessed.png,934104859e68.png,1.4058933546417198,-1,95029,9155,617
bc8c6a778cde,bc8c6a778cde_green_preprocessed.png,bc8c6a778cde.png,1.4056692432894684,-1,25028,4836,618
a646c084928c,a646c084928c_green_preprocessed.png,a646c084928c.png,1.4056429672087778,-1,91989,9666,619
891329021e12,891329021e12_green_preprocessed.png,891329021e12.png,1.405620850997303,-1,86985,9193,620
3079490a4b9c,3079490a4b9c_green_preprocessed.png,3079490a4b9c.png,1.405296330147396,-1,94512,9527,621
60edda7b4871,60edda7b4871_green_preprocessed.png,60edda7b4871.png,1.405259351253215,-1,128622,13223,622
9f1b14dfa14c,9f1b14dfa14c_green_preprocessed.png,9f1b14dfa14c.png,1.405232177571896,-1,23050,4152,623
65f5d2a6eb7e,65f5d2a6eb7e_green_preprocessed.png,65f5d2a6eb7e.png,1.405174269637705,-1,92720,9454,624
7831ce1d895e,7831ce1d895e_green_preprocessed.png,7831ce1d895e.png,1.405170042477783,-1,81015,9228,625
db52626d450c,db52626d450c_green_preprocessed.png,db52626d450c.png,1.4051559700755112,-1,95514,9564,626
ac0a48ccbf70,ac0a48ccbf70_green_preprocessed.png,ac0a48ccbf70.png,1.4051527345297277,-1,39978,4567,627
b92eacd1392a,b92eacd1392a_green_preprocessed.png,b92eacd1392a.png,1.4050270984316653,-1,87690,9091,628
3b9817a39adf,3b9817a39adf_green_preprocessed.png,3b9817a39adf.png,1.405005696702998,-1,92308,9303,629
40c24aded50c,40c24aded50c_green_preprocessed.png,40c24aded50c.png,1.404916034893436,-1,91978,9262,630
84b79243e430,84b79243e430_green_preprocessed.png,84b79243e430.png,1.404644720902335,-1,92574,9017,631
22449af52060,22449af52060_green_preprocessed.png,22449af52060.png,1.404374073437159,-1,86855,9221,632
b2b79b37d314,b2b79b37d314_green_preprocessed.png,b2b79b37d314.png,1.404331164819003,-1,89495,8918,633
3710ff45299c,3710ff45299c_green_preprocessed.png,3710ff45299c.png,1.4042463380605659,-1,95743,9279,634
6e092caa065f,6e092caa065f_green_preprocessed.png,6e092caa065f.png,1.4042407666976873,-1,92936,9462,635
7e980424868e,7e980424868e_green_preprocessed.png,7e980424868e.png,1.4042079012982402,-1,87781,9698,636
4ab8c0cece7f,4ab8c0cece7f_green_preprocessed.png,4ab8c0cece7f.png,1.4041721826600277,-1,89837,9629,637
61c667663f2f,61c667663f2f_green_preprocessed.png,61c667663f2f.png,1.4041476204080976,-1,87645,8665,638
a1b28bcbce00,a1b28bcbce00_green_preprocessed.png,a1b28bcbce00.png,1.4040520436630428,-1,38027,4980,639
6a57a3db3eff,6a57a3db3eff_green_preprocessed.png,6a57a3db3eff.png,1.4040449849702885,-1,87137,9092,640
5d6239c0fd39,5d6239c0fd39_green_preprocessed.png,5d6239c0fd39.png,1.4040317040148282,-1,92861,9284,641
4a5a6efc0bef,4a5a6efc0bef_green_preprocessed.png,4a5a6efc0bef.png,1.4039861698188139,-1,95268,9348,642
8693ab1fd2be,8693ab1fd2be_green_preprocessed.png,8693ab1fd2be.png,1.4039814252679745,-1,38270,4563,643
969f92a390db,969f92a390db_green_preprocessed.png,969f92a390db.png,1.4038748445667157,-1,86276,9573,644
a0adbe677508,a0adbe677508_green_preprocessed.png,a0adbe677508.png,1.403782957674215,-1,87802,9507,645
956765d5f46d,956765d5f46d_green_preprocessed.png,956765d5f46d.png,1.4036481858284302,-1,34642,4055,646
2a93334f663a,2a93334f663a_green_preprocessed.png,2a93334f663a.png,1.4035850571826374,-1,92768,9483,647
495106ae3b68,495106ae3b68_green_preprocessed.png,495106ae3b68.png,1.4035474055991646,-1,86715,9353,648
c85b79d70079,c85b79d70079_green_preprocessed.png,c85b79d70079.png,1.4034346647520515,-1,518166,44131,649
a9a3225cf4b5,a9a3225cf4b5_green_preprocessed.png,a9a3225cf4b5.png,1.4032913219736523,-1,94284,9248,650
98e44127872f,98e44127872f_green_preprocessed.png,98e44127872f.png,1.4030896462727442,-1,92077,9798,651
e16af45285e5,e16af45285e5_green_preprocessed.png,e16af45285e5.png,1.403030883136002,-1,93793,9109,652
be8697eb2078,be8697eb2078_green_preprocessed.png,be8697eb2078.png,1.4030181949281055,-1,90237,9291,653
2eba4279e503,2eba4279e503_green_preprocessed.png,2eba4279e503.png,1.4029733235878425,-1,90635,9062,654
885fa5fc5da8,885fa5fc5da8_green_preprocessed.png,885fa5fc5da8.png,1.4029314251648641,-1,93399,9027,655
73ba798fee25,73ba798fee25_green_preprocessed.png,73ba798fee25.png,1.4029221529036604,-1,89396,9350,656
6d4f6c9a8406,6d4f6c9a8406_green_preprocessed.png,6d4f6c9a8406.png,1.402916315774028,-1,95535,9175,657
7f43becd3e83,7f43becd3e83_green_preprocessed.png,7f43becd3e83.png,1.4027606322980934,-1,40210,5244,658
29a13e666266,29a13e666266_green_preprocessed.png,29a13e666266.png,1.4027294602442733,-1,84197,9233,659
6155cf375354,6155cf375354_green_preprocessed.png,6155cf375354.png,1.4025351597685136,-1,88623,9602,660
7a46cfa69bae,7a46cfa69bae_green_preprocessed.png,7a46cfa69bae.png,1.4025067301175456,-1,84424,9153,661
8e2a3978c244,8e2a3978c244_green_preprocessed.png,8e2a3978c244.png,1.4024559353214978,-1,96977,9405,662
80dbeb0fdc75,80dbeb0fdc75_green_preprocessed.png,80dbeb0fdc75.png,1.4024394740299304,-1,89862,9310,663
8c29a76fa08c,8c29a76fa08c_green_preprocessed.png,8c29a76fa08c.png,1.402429145798084,-1,89393,9018,664
6a2642131e4a,6a2642131e4a_green_preprocessed.png,6a2642131e4a.png,1.4022690162164064,-1,86042,9307,665
97fdee242fea,97fdee242fea_green_preprocessed.png,97fdee242fea.png,1.402265627443741,-1,42266,4971,666
c4aef0d88d1b,c4aef0d88d1b_green_preprocessed.png,c4aef0d88d1b.png,1.4022611382248975,-1,88111,9222,667
e29e54ff921e,e29e54ff921e_green_preprocessed.png,e29e54ff921e.png,1.4022096689935764,-1,89282,9367,668
369229040a34,369229040a34_green_preprocessed.png,369229040a34.png,1.402182972764286,-1,91235,9333,669
5cbe88914a72,5cbe88914a72_green_preprocessed.png,5cbe88914a72.png,1.4020196213849765,-1,89549,9348,670
e12df54e0d1e,e12df54e0d1e_green_preprocessed.png,e12df54e0d1e.png,1.401954439323393,-1,96562,9297,671
9c893e16c055,9c893e16c055_green_preprocessed.png,9c893e16c055.png,1.4019479505367722,-1,92907,8908,672
2209daf71aab,2209daf71aab_green_preprocessed.png,2209daf71aab.png,1.4018783740893617,-1,510460,40042,673
9ac41b9a809e,9ac41b9a809e_green_preprocessed.png,9ac41b9a809e.png,1.4018119933174695,-1,89284,9214,674
6b3860e8f64f,6b3860e8f64f_green_preprocessed.png,6b3860e8f64f.png,1.401811765834905,-1,88680,8950,675
c7d0deb71576,c7d0deb71576_green_preprocessed.png,c7d0deb71576.png,1.4017694582272744,-1,88472,9047,676
d16e39b9d6f0,d16e39b9d6f0_green_preprocessed.png,d16e39b9d6f0.png,1.4017204328285837,-1,152459,14113,677
2c9dfc270f1b,2c9dfc270f1b_green_preprocessed.png,2c9dfc270f1b.png,1.401585811060641,-1,87417,9421,678
9c6512166557,9c6512166557_green_preprocessed.png,9c6512166557.png,1.401363106948068,-1,25239,4644,679
357f02a779d7,357f02a779d7_green_preprocessed.png,357f02a779d7.png,1.4010545791813886,-1,89144,9094,680
360832d84ce0,360832d84ce0_green_preprocessed.png,360832d84ce0.png,1.401054005782214,-1,23804,3834,681
9e2a8135f471,9e2a8135f471_green_preprocessed.png,9e2a8135f471.png,1.4010372413162158,-1,90286,9488,682
780be525036d,780be525036d_green_preprocessed.png,780be525036d.png,1.400946748076102,-1,94264,9419,683
c97472ef2c66,c97472ef2c66_green_preprocessed.png,c97472ef2c66.png,1.4009414048659334,-1,26477,5064,684
cd01672507c9,cd01672507c9_green_preprocessed.png,cd01672507c9.png,1.4008578669995304,-1,470292,39911,685
348598d01e18,348598d01e18_green_preprocessed.png,348598d01e18.png,1.400850150356318,-1,84719,8642,686
b759cbef90c5,b759cbef90c5_green_preprocessed.png,b759cbef90c5.png,1.4007239316481328,-1,91727,9083,687
b5e6ae31493c,b5e6ae31493c_green_preprocessed.png,b5e6ae31493c.png,1.4007128734856378,-1,89095,9039,688
53327edb9e4d,53327edb9e4d_green_preprocessed.png,53327edb9e4d.png,1.4002009330203966,-1,94213,9537,689
80c67efc8101,80c67efc8101_green_preprocessed.png,80c67efc8101.png,1.4000447132276703,-1,93984,9336,690
5a179c123fd8,5a179c123fd8_green_preprocessed.png,5a179c123fd8.png,1.3998043416784647,-1,41907,5378,691
941d874c8afb,941d874c8afb_green_preprocessed.png,941d874c8afb.png,1.399707828657375,-1,84168,9008,692
55f7f018c61c,55f7f018c61c_green_preprocessed.png,55f7f018c61c.png,1.3995214077203684,-1,429410,24860,693
af7a36454670,af7a36454670_green_preprocessed.png,af7a36454670.png,1.39947358182284,-1,88820,8873,694
8b079e79035f,8b079e79035f_green_preprocessed.png,8b079e79035f.png,1.3990973386819645,-1,81801,8455,695
4e1e252317b5,4e1e252317b5_green_preprocessed.png,4e1e252317b5.png,1.3990726591245113,-1,92191,9331,696
b0619ca93a5f,b0619ca93a5f_green_preprocessed.png,b0619ca93a5f.png,1.398990828502739,-1,90844,9179,697
d1afdb8cf70d,d1afdb8cf70d_green_preprocessed.png,d1afdb8cf70d.png,1.398974892265282,-1,86076,9028,698
a2163f0c2af5,a2163f0c2af5_green_preprocessed.png,a2163f0c2af5.png,1.3988579215909158,-1,93164,8714,699
8564b7aa3c1a,8564b7aa3c1a_green_preprocessed.png,8564b7aa3c1a.png,1.3987502515839734,-1,85343,9412,700
4c6c5a1bf5ab,4c6c5a1bf5ab_green_preprocessed.png,4c6c5a1bf5ab.png,1.3986530123377985,-1,43512,6031,701
ca2b54b95ade,ca2b54b95ade_green_preprocessed.png,ca2b54b95ade.png,1.3985346559674825,-1,81807,8932,702
38f1901f214a,38f1901f214a_green_preprocessed.png,38f1901f214a.png,1.3985336800760697,-1,500877,42473,703
1caba2fb38f6,1caba2fb38f6_green_preprocessed.png,1caba2fb38f6.png,1.3984766082738018,-1,92797,9015,704
57db4781e7ec,57db4781e7ec_green_preprocessed.png,57db4781e7ec.png,1.3984343110980617,-1,87295,9165,705
33e7bf536fc5,33e7bf536fc5_green_preprocessed.png,33e7bf536fc5.png,1.3983840610922031,-1,510290,43283,706
3b5dffe159b6,3b5dffe159b6_green_preprocessed.png,3b5dffe159b6.png,1.398258718772093,-1,88402,9198,707
9d75de31f1b8,9d75de31f1b8_green_preprocessed.png,9d75de31f1b8.png,1.3981947186856616,-1,90853,9243,708
5bf6f2958e53,5bf6f2958e53_green_preprocessed.png,5bf6f2958e53.png,1.3981837952668659,-1,83498,9298,709
240b25a7debe,240b25a7debe_green_preprocessed.png,240b25a7debe.png,1.3979544331400031,-1,39849,4501,710
ae975c43bd8b,ae975c43bd8b_green_preprocessed.png,ae975c43bd8b.png,1.3979053125824104,-1,93972,9101,711
789f0ec1eab8,789f0ec1eab8_green_preprocessed.png,789f0ec1eab8.png,1.3978205641585142,-1,89970,9155,712
415d5c5e785f,415d5c5e785f_green_preprocessed.png,415d5c5e785f.png,1.3977909558782045,-1,89669,9202,713
b1c6f0997e27,b1c6f0997e27_green_preprocessed.png,b1c6f0997e27.png,1.397620077867237,-1,90811,8936,714
237aa50edc34,237aa50edc34_green_preprocessed.png,237aa50edc34.png,1.397540143078004,-1,445344,36842,715
215d2b7c3fde,215d2b7c3fde_green_preprocessed.png,215d2b7c3fde.png,1.3971120638604764,-1,38462,4502,716
bd06028eb7dd,bd06028eb7dd_green_preprocessed.png,bd06028eb7dd.png,1.3969600466924574,-1,88791,9135,717
51a078d6d43a,51a078d6d43a_green_preprocessed.png,51a078d6d43a.png,1.3968871861111662,-1,93635,9158,718
9de9421f17e3,9de9421f17e3_green_preprocessed.png,9de9421f17e3.png,1.396837756460938,-1,94542,8726,719
d7ab5c040294,d7ab5c040294_green_preprocessed.png,d7ab5c040294.png,1.3967281000577298,-1,22067,3663,720
974c7d7b9c64,974c7d7b9c64_green_preprocessed.png,974c7d7b9c64.png,1.3967182030839547,-1,85181,8805,721
b3f31c371e59,b3f31c371e59_green_preprocessed.png,b3f31c371e59.png,1.3965158922988774,-1,93771,8960,722
e4ae1ee6aada,e4ae1ee6aada_green_preprocessed.png,e4ae1ee6aada.png,1.3961899610546262,-1,86605,8840,723
4f6abc40c72d,4f6abc40c72d_green_preprocessed.png,4f6abc40c72d.png,1.3960439098013735,-1,90061,8700,724
946545473380,946545473380_green_preprocessed.png,946545473380.png,1.3959115120914771,-1,86513,8883,725
d667af5742f6,d667af5742f6_green_preprocessed.png,d667af5742f6.png,1.3957929044677366,-1,87664,8926,726
c2a58b2cfd0b,c2a58b2cfd0b_green_preprocessed.png,c2a58b2cfd0b.png,1.3957614148781843,-1,87926,8665,727
80f6b30ece8c,80f6b30ece8c_green_preprocessed.png,80f6b30ece8c.png,1.3955255646228932,-1,124981,12395,728
d97911a32918,d97911a32918_green_preprocessed.png,d97911a32918.png,1.3954979200167756,-1,84446,8449,729
d8da9de62743,d8da9de62743_green_preprocessed.png,d8da9de62743.png,1.3954108469195217,-1,92353,9049,730
5a0fe0ee4301,5a0fe0ee4301_green_preprocessed.png,5a0fe0ee4301.png,1.3953586788910162,-1,85473,8809,731
c1437a7a52c9,c1437a7a52c9_green_preprocessed.png,c1437a7a52c9.png,1.3953504473074145,-1,463377,39134,732
b22cc1bf0b8a,b22cc1bf0b8a_green_preprocessed.png,b22cc1bf0b8a.png,1.395034634793751,-1,86308,8771,733
bb2f89488ecd,bb2f89488ecd_green_preprocessed.png,bb2f89488ecd.png,1.3948104608736656,-1,96655,9144,734
78937523f7a8,78937523f7a8_green_preprocessed.png,78937523f7a8.png,1.3940557450753068,-1,25152,5254,735
2b4c7b5f1f1e,2b4c7b5f1f1e_green_preprocessed.png,2b4c7b5f1f1e.png,1.3938021131692622,-1,87994,8693,736
c06024f05a16,c06024f05a16_green_preprocessed.png,c06024f05a16.png,1.3937213802327968,-1,86833,9115,737
233d948e2544,233d948e2544_green_preprocessed.png,233d948e2544.png,1.3936448417883471,-1,455002,37843,738
3486f7096276,3486f7096276_green_preprocessed.png,3486f7096276.png,1.3936031229162247,-1,490359,41035,739
2f8d14a7d390,2f8d14a7d390_green_preprocessed.png,2f8d14a7d390.png,1.3935693000484093,-1,519651,45933,740
93802d1e3c41,93802d1e3c41_green_preprocessed.png,93802d1e3c41.png,1.3933350181308535,-1,86723,8742,741
393fa5a023a5,393fa5a023a5_green_preprocessed.png,393fa5a023a5.png,1.3931491198646604,-1,84693,9103,742
7f39c36469b5,7f39c36469b5_green_preprocessed.png,7f39c36469b5.png,1.3930232734750492,-1,87524,9068,743
555d0bef3c5b,555d0bef3c5b_green_preprocessed.png,555d0bef3c5b.png,1.3928210556940688,-1,87741,9028,744
9ce46d400cd6,9ce46d400cd6_green_preprocessed.png,9ce46d400cd6.png,1.3928180862352888,-1,87622,8801,745
ae58ccb5905e,ae58ccb5905e_green_preprocessed.png,ae58ccb5905e.png,1.392766124756795,-1,86317,8948,746
cf8f1bc7a215,cf8f1bc7a215_green_preprocessed.png,cf8f1bc7a215.png,1.3926708661880272,-1,23495,3909,747
9b57e43b44e7,9b57e43b44e7_green_preprocessed.png,9b57e43b44e7.png,1.392535083265125,-1,447526,36609,748
338326891d84,338326891d84_green_preprocessed.png,338326891d84.png,1.3924654477407108,-1,154324,17474,749
8d4ff745a409,8d4ff745a409_green_preprocessed.png,8d4ff745a409.png,1.3924454103620783,-1,91892,8891,750
d838d5b9f571,d838d5b9f571_green_preprocessed.png,d838d5b9f571.png,1.392305301027332,-1,84258,8510,751
b05922e7abd3,b05922e7abd3_green_preprocessed.png,b05922e7abd3.png,1.3920020436723632,-1,91651,8670,752
a3bd2e034614,a3bd2e034614_green_preprocessed.png,a3bd2e034614.png,1.3918086079437026,-1,434503,29626,753
d2cd47ed2c1d,d2cd47ed2c1d_green_preprocessed.png,d2cd47ed2c1d.png,1.3917258644121007,-1,22513,4071,754
cfb17a7cc8d4,cfb17a7cc8d4_green_preprocessed.png,cfb17a7cc8d4.png,1.3915991675103037,-1,90105,8728,755
c64c0966b4cf,c64c0966b4cf_green_preprocessed.png,c64c0966b4cf.png,1.3915954105093153,-1,85084,8801,756
86d58f850a0c,86d58f850a0c_green_preprocessed.png,86d58f850a0c.png,1.3915758728711096,-1,41744,5444,757
80e6e425f966,80e6e425f966_green_preprocessed.png,80e6e425f966.png,1.3914716655665897,-1,91625,8786,758
a7c10ca6c117,a7c10ca6c117_green_preprocessed.png,a7c10ca6c117.png,1.391421851495387,-1,86646,8755,759
2974c6ad1d58,2974c6ad1d58_green_preprocessed.png,2974c6ad1d58.png,1.3914155393828294,-1,90627,8691,760
e322acd46152,e322acd46152_green_preprocessed.png,e322acd46152.png,1.3912821828444304,-1,149657,16677,761
6c4ec95dd8ba,6c4ec95dd8ba_green_preprocessed.png,6c4ec95dd8ba.png,1.3912502937353972,-1,465508,35435,762
436fa3fd145a,436fa3fd145a_green_preprocessed.png,436fa3fd145a.png,1.3908810372419071,-1,144735,14076,763
a8c9fcdbc0be,a8c9fcdbc0be_green_preprocessed.png,a8c9fcdbc0be.png,1.3908290765927709,-1,472033,35612,764
404ede327e98,404ede327e98_green_preprocessed.png,404ede327e98.png,1.3905343446656728,-1,22102,4030,765
64b9206afb3f,64b9206afb3f_green_preprocessed.png,64b9206afb3f.png,1.3901023146117433,-1,87812,8732,766
bde1063a5dd7,bde1063a5dd7_green_preprocessed.png,bde1063a5dd7.png,1.3897800105924065,-1,492680,43556,767
65cf00be6fb4,65cf00be6fb4_green_preprocessed.png,65cf00be6fb4.png,1.3894215523693205,-1,21902,3762,768
a1eb88562239,a1eb88562239_green_preprocessed.png,a1eb88562239.png,1.3893557298560797,-1,83207,8436,769
b2b7ccd34cbd,b2b7ccd34cbd_green_preprocessed.png,b2b7ccd34cbd.png,1.3892975041734987,-1,93586,8825,770
a6356a3c5d11,a6356a3c5d11_green_preprocessed.png,a6356a3c5d11.png,1.389291179308885,-1,538495,45948,771
ae57c8630249,ae57c8630249_green_preprocessed.png,ae57c8630249.png,1.389255042773482,-1,88246,8873,772
e4c799738a19,e4c799738a19_green_preprocessed.png,e4c799738a19.png,1.3891766097175335,-1,85898,8305,773
971bb98ab935,971bb98ab935_green_preprocessed.png,971bb98ab935.png,1.388885614949619,-1,23617,4006,774
a8b3c0961d42,a8b3c0961d42_green_preprocessed.png,a8b3c0961d42.png,1.3887941395739007,-1,38011,4541,775
83df53d58f28,83df53d58f28_green_preprocessed.png,83df53d58f28.png,1.388391359311168,-1,86052,8606,776
1f3f32efaf20,1f3f32efaf20_green_preprocessed.png,1f3f32efaf20.png,1.3883912483399163,-1,82419,8669,777
1e742358e0b9,1e742358e0b9_green_preprocessed.png,1e742358e0b9.png,1.388201076604546,-1,153847,13818,778
1d37f1c8b6d8,1d37f1c8b6d8_green_preprocessed.png,1d37f1c8b6d8.png,1.387941238906006,-1,84056,8211,779
9bbb6c455913,9bbb6c455913_green_preprocessed.png,9bbb6c455913.png,1.3877913914580626,-1,88159,8788,780
57f5ad4b5b29,57f5ad4b5b29_green_preprocessed.png,57f5ad4b5b29.png,1.3876646708512999,-1,43555,5901,781
8dafa62f9322,8dafa62f9322_green_preprocessed.png,8dafa62f9322.png,1.3873822997361436,-1,85614,8718,782
496155f71d0a,496155f71d0a_green_preprocessed.png,496155f71d0a.png,1.387198525840126,-1,89854,8688,783
cfed7c1172ec,cfed7c1172ec_green_preprocessed.png,cfed7c1172ec.png,1.3871980497370322,-1,88874,8473,784
5f6db235c04d,5f6db235c04d_green_preprocessed.png,5f6db235c04d.png,1.3869808906918284,-1,86136,8626,785
1faf8664816c,1faf8664816c_green_preprocessed.png,1faf8664816c.png,1.3869717823331182,-1,83826,8082,786
4927945ecfed,4927945ecfed_green_preprocessed.png,4927945ecfed.png,1.386715231347656,-1,87051,8805,787
a96ff96bbae5,a96ff96bbae5_green_preprocessed.png,a96ff96bbae5.png,1.3865042876063598,-1,81396,8513,788
b21abe5d9722,b21abe5d9722_green_preprocessed.png,b21abe5d9722.png,1.38631693983144,-1,19233,3796,789
9ac2e3e9fca5,9ac2e3e9fca5_green_preprocessed.png,9ac2e3e9fca5.png,1.3862789676788527,-1,89565,8693,790
a4012932e18d,a4012932e18d_green_preprocessed.png,a4012932e18d.png,1.3852251899437098,-1,339907,23792,791
906d02fb822d,906d02fb822d_green_preprocessed.png,906d02fb822d.png,1.3852251899437098,-1,339907,23792,792
501c319f7a9f,501c319f7a9f_green_preprocessed.png,501c319f7a9f.png,1.3851075961670334,-1,95525,8544,793
226c6ceb9185,226c6ceb9185_green_preprocessed.png,226c6ceb9185.png,1.3850184634007405,-1,129813,15221,794
4c17e85686f0,4c17e85686f0_green_preprocessed.png,4c17e85686f0.png,1.3848822940580299,-1,87588,8490,795
b9fe7da14a32,b9fe7da14a32_green_preprocessed.png,b9fe7da14a32.png,1.384595682866826,-1,40235,5147,796
4e8585a96739,4e8585a96739_green_preprocessed.png,4e8585a96739.png,1.3845880885236714,-1,39516,5107,797
4a05f81b3aba,4a05f81b3aba_green_preprocessed.png,4a05f81b3aba.png,1.384533252037492,-1,37955,4116,798
94f9ecf4b8d2,94f9ecf4b8d2_green_preprocessed.png,94f9ecf4b8d2.png,1.3844633342182968,-1,41078,4539,799
959bb2d01091,959bb2d01091_green_preprocessed.png,959bb2d01091.png,1.3843799160914347,-1,21770,4296,800
ca05f7e7801b,ca05f7e7801b_green_preprocessed.png,ca05f7e7801b.png,1.38436898461026,-1,82882,8129,801
a85cda5f725d,a85cda5f725d_green_preprocessed.png,a85cda5f725d.png,1.3841091531147036,-1,87544,8497,802
97a235367f9d,97a235367f9d_green_preprocessed.png,97a235367f9d.png,1.3840831172363561,-1,39274,4845,803
537e5c578f40,537e5c578f40_green_preprocessed.png,537e5c578f40.png,1.3839661793276532,-1,40928,4594,804
3fd45879afe6,3fd45879afe6_green_preprocessed.png,3fd45879afe6.png,1.3835008199760146,-1,87306,8712,805
54334705a34d,54334705a34d_green_preprocessed.png,54334705a34d.png,1.3833649429547512,-1,141871,12713,806
874f8c1929f6,874f8c1929f6_green_preprocessed.png,874f8c1929f6.png,1.3831195771981868,-1,84932,8617,807
d3e56584a481,d3e56584a481_green_preprocessed.png,d3e56584a481.png,1.3828270584818425,-1,24871,4525,808
43f22d1be8dd,43f22d1be8dd_green_preprocessed.png,43f22d1be8dd.png,1.3827684363806525,-1,22368,4021,809
9688c6ef5dc5,9688c6ef5dc5_green_preprocessed.png,9688c6ef5dc5.png,1.382519101214698,-1,87383,8616,810
9e2ba2b979f1,9e2ba2b979f1_green_preprocessed.png,9e2ba2b979f1.png,1.3822479481829955,-1,112631,12769,811
3325b1fe55d2,3325b1fe55d2_green_preprocessed.png,3325b1fe55d2.png,1.3821152861919286,-1,84077,8174,812
28f73575e1f2,28f73575e1f2_green_preprocessed.png,28f73575e1f2.png,1.3820716855288677,-1,22808,3696,813
41960d5f58c2,41960d5f58c2_green_preprocessed.png,41960d5f58c2.png,1.3817910927355104,-1,480028,43715,814
a673193cd5a9,a673193cd5a9_green_preprocessed.png,a673193cd5a9.png,1.3813449875306323,-1,79732,7863,815
870fbe6eaa68,870fbe6eaa68_green_preprocessed.png,870fbe6eaa68.png,1.3812949442021902,-1,86750,8044,816
c597ef460944,c597ef460944_green_preprocessed.png,c597ef460944.png,1.3812472439323855,-1,495979,42430,817
6bf26b777e3a,6bf26b777e3a_green_preprocessed.png,6bf26b777e3a.png,1.3811952859492742,-1,477157,42048,818
1e8c31e29dd3,1e8c31e29dd3_green_preprocessed.png,1e8c31e29dd3.png,1.3805387987705688,-1,88447,8357,819
9e7a63b2fc6a,9e7a63b2fc6a_green_preprocessed.png,9e7a63b2fc6a.png,1.3805223250885639,-1,502950,39527,820
aaaadb174012,aaaadb174012_green_preprocessed.png,aaaadb174012.png,1.3805012144192994,-1,82692,8024,821
896ad584a841,896ad584a841_green_preprocessed.png,896ad584a841.png,1.3803382718580934,-1,85921,7974,822
50916d67bb51,50916d67bb51_green_preprocessed.png,50916d67bb51.png,1.3799968838563226,-1,90802,8520,823
4cddfc22b0ad,4cddfc22b0ad_green_preprocessed.png,4cddfc22b0ad.png,1.3798777145422922,-1,38829,3894,824
aa10a4b2e709,aa10a4b2e709_green_preprocessed.png,aa10a4b2e709.png,1.3798710371372005,-1,88512,8242,825
8f10e41a2f02,8f10e41a2f02_green_preprocessed.png,8f10e41a2f02.png,1.3797051319736024,-1,82707,8018,826
75a4343b12f9,75a4343b12f9_green_preprocessed.png,75a4343b12f9.png,1.3796883834570952,-1,250362,34523,827
4e54ccfd49b2,4e54ccfd49b2_green_preprocessed.png,4e54ccfd49b2.png,1.3794146386744603,-1,87432,8261,828
de57c9e9fa93,de57c9e9fa93_green_preprocessed.png,de57c9e9fa93.png,1.3793028014456752,-1,137043,10691,829
7ec0e61a7e29,7ec0e61a7e29_green_preprocessed.png,7ec0e61a7e29.png,1.3792850605981477,-1,88666,8236,830
bf6cbccacf39,bf6cbccacf39_green_preprocessed.png,bf6cbccacf39.png,1.3792097102707996,-1,23156,3925,831
ccd6dcb2f568,ccd6dcb2f568_green_preprocessed.png,ccd6dcb2f568.png,1.3790975307476452,-1,156177,15758,832
441848e0f308,441848e0f308_green_preprocessed.png,441848e0f308.png,1.3789956100816352,-1,32657,3028,833
73a07e2ea23e,73a07e2ea23e_green_preprocessed.png,73a07e2ea23e.png,1.378771014690242,-1,22840,4272,834
87b671c6d4c5,87b671c6d4c5_green_preprocessed.png,87b671c6d4c5.png,1.3786621505059886,-1,82212,7898,835
41345cec5957,41345cec5957_green_preprocessed.png,41345cec5957.png,1.3785956244142525,-1,123050,13818,836
d4583e9525dc,d4583e9525dc_green_preprocessed.png,d4583e9525dc.png,1.378547915213045,-1,155539,20419,837
6bcce181be65,6bcce181be65_green_preprocessed.png,6bcce181be65.png,1.3778331658099128,-1,504608,43529,838
4409965eb2a4,4409965eb2a4_green_preprocessed.png,4409965eb2a4.png,1.377738093927296,-1,84632,8150,839
a08a0133754a,a08a0133754a_green_preprocessed.png,a08a0133754a.png,1.377501174934035,-1,77218,7902,840
3601dac9bed7,3601dac9bed7_green_preprocessed.png,3601dac9bed7.png,1.3774006179642069,-1,530469,47981,841
4d17559ac1e2,4d17559ac1e2_green_preprocessed.png,4d17559ac1e2.png,1.3770459296970934,-1,425842,33933,842
3c28fd846b43,3c28fd846b43_green_preprocessed.png,3c28fd846b43.png,1.3768821928845845,-1,83838,8349,843
224c14366e11,224c14366e11_green_preprocessed.png,224c14366e11.png,1.3767730638212294,-1,89759,8521,844
83038ca49b6d,83038ca49b6d_green_preprocessed.png,83038ca49b6d.png,1.3767200912713973,-1,84757,8202,845
84b88e8d3bca,84b88e8d3bca_green_preprocessed.png,84b88e8d3bca.png,1.3761239619024672,-1,40226,4214,846
b460ca9fa26f,b460ca9fa26f_green_preprocessed.png,b460ca9fa26f.png,1.3757074166164283,-1,78560,8063,847
beb00fa6e7c9,beb00fa6e7c9_green_preprocessed.png,beb00fa6e7c9.png,1.3754374877390478,-1,493185,41358,848
cd66754e1b3b,cd66754e1b3b_green_preprocessed.png,cd66754e1b3b.png,1.3753572046901237,-1,20941,3569,849
851e40a21f81,851e40a21f81_green_preprocessed.png,851e40a21f81.png,1.3753326904454561,-1,83513,8057,850
8c84e96d9b01,8c84e96d9b01_green_preprocessed.png,8c84e96d9b01.png,1.375216069475136,-1,41499,5939,851
76f3473df8a6,76f3473df8a6_green_preprocessed.png,76f3473df8a6.png,1.3751572048419594,-1,154682,15697,852
4318b6adeb97,4318b6adeb97_green_preprocessed.png,4318b6adeb97.png,1.3750762812468873,-1,148774,12837,853
5299a532f0e0,5299a532f0e0_green_preprocessed.png,5299a532f0e0.png,1.3748344105132506,-1,84984,7930,854
ab78a66dee6a,ab78a66dee6a_green_preprocessed.png,ab78a66dee6a.png,1.3744661961418425,-1,83464,8139,855
dd3176bacfe2,dd3176bacfe2_green_preprocessed.png,dd3176bacfe2.png,1.3744049004857857,-1,32131,3001,856
2fdfb80ea53c,2fdfb80ea53c_green_preprocessed.png,2fdfb80ea53c.png,1.3743635287739633,-1,78140,8041,857
e4b0df29b96f,e4b0df29b96f_green_preprocessed.png,e4b0df29b96f.png,1.374317445870402,-1,77530,8045,858
3a643599f852,3a643599f852_green_preprocessed.png,3a643599f852.png,1.3742745057986325,-1,123283,14593,859
92889b863ae6,92889b863ae6_green_preprocessed.png,92889b863ae6.png,1.374023160741473,-1,440392,35682,860
d9ad2a0ec026,d9ad2a0ec026_green_preprocessed.png,d9ad2a0ec026.png,1.3739959553566456,-1,87816,7580,861
baaca2f7e1f0,baaca2f7e1f0_green_preprocessed.png,baaca2f7e1f0.png,1.3735546484896477,-1,81761,7635,862
b553e7909535,b553e7909535_green_preprocessed.png,b553e7909535.png,1.3734790447707819,-1,82508,7989,863
6e0f78e188ff,6e0f78e188ff_green_preprocessed.png,6e0f78e188ff.png,1.373360148408978,-1,463962,36505,864
43e9c66eb0f3,43e9c66eb0f3_green_preprocessed.png,43e9c66eb0f3.png,1.373257011830811,-1,471437,41845,865
478fc46eaa49,478fc46eaa49_green_preprocessed.png,478fc46eaa49.png,1.3731836079608928,-1,83629,8089,866
384db24ebbd7,384db24ebbd7_green_preprocessed.png,384db24ebbd7.png,1.3727813477854185,-1,81471,7910,867
55968f0e63c4,55968f0e63c4_green_preprocessed.png,55968f0e63c4.png,1.37260541258321,-1,91301,8098,868
ab32db41c409,ab32db41c409_green_preprocessed.png,ab32db41c409.png,1.3722158969455358,-1,441639,36080,869
306c841af3fc,306c841af3fc_green_preprocessed.png,306c841af3fc.png,1.3721110396187466,-1,490744,44057,870
7269a1d84a57,7269a1d84a57_green_preprocessed.png,7269a1d84a57.png,1.371755269711502,-1,174821,19653,871
6966abf40b8c,6966abf40b8c_green_preprocessed.png,6966abf40b8c.png,1.3716939077049484,-1,76352,7868,872
32ed318235b8,32ed318235b8_green_preprocessed.png,32ed318235b8.png,1.371621674433112,-1,86475,7752,873
72a867980067,72a867980067_green_preprocessed.png,72a867980067.png,1.3715517126528103,-1,38244,4539,874
a07d571bf7ba,a07d571bf7ba_green_preprocessed.png,a07d571bf7ba.png,1.371498015239947,-1,42590,5198,875
da6bbb76d562,da6bbb76d562_green_preprocessed.png,da6bbb76d562.png,1.3710300285577295,-1,423665,33357,876
a627eb8c08c5,a627eb8c08c5_green_preprocessed.png,a627eb8c08c5.png,1.3709130591022358,-1,23973,4055,877
d1cf31577a59,d1cf31577a59_green_preprocessed.png,d1cf31577a59.png,1.3707730837143985,-1,463009,38111,878
44976c3b11a6,44976c3b11a6_green_preprocessed.png,44976c3b11a6.png,1.3705440000379905,-1,510620,44441,879
c365c598ad4e,c365c598ad4e_green_preprocessed.png,c365c598ad4e.png,1.3694933021703501,-1,82272,7988,880
daad7b617f21,daad7b617f21_green_preprocessed.png,daad7b617f21.png,1.3688268438437254,-1,38531,3719,881
486e852a3b4d,486e852a3b4d_green_preprocessed.png,486e852a3b4d.png,1.3678777453452138,-1,38241,2989,882
535682537302,535682537302_green_preprocessed.png,535682537302.png,1.3676789122991337,-1,79971,7744,883
1d0b93317aa8,1d0b93317aa8_green_preprocessed.png,1d0b93317aa8.png,1.367463658035857,-1,149130,14791,884
847b04287c9c,847b04287c9c_green_preprocessed.png,847b04287c9c.png,1.3674421555206784,-1,82461,7834,885
21037f5c7790,21037f5c7790_green_preprocessed.png,21037f5c7790.png,1.3672334702555573,-1,80360,7893,886
9c14ce27cbfc,9c14ce27cbfc_green_preprocessed.png,9c14ce27cbfc.png,1.3671834149263893,-1,117816,13983,887
5b32ece9c627,5b32ece9c627_green_preprocessed.png,5b32ece9c627.png,1.3668643220088992,-1,80792,7852,888
28751f290ba3,28751f290ba3_green_preprocessed.png,28751f290ba3.png,1.3668196418553051,-1,87063,7540,889
af6a1508cd95,af6a1508cd95_green_preprocessed.png,af6a1508cd95.png,1.3663565035935819,-1,429812,38079,890
8ead8f37423c,8ead8f37423c_green_preprocessed.png,8ead8f37423c.png,1.3661760305753259,-1,76706,7637,891
a12ca80bb8c7,a12ca80bb8c7_green_preprocessed.png,a12ca80bb8c7.png,1.366151163178925,-1,129517,11844,892
a06a63d866b2,a06a63d866b2_green_preprocessed.png,a06a63d866b2.png,1.365811698009385,-1,81323,7608,893
b82dfa63a75f,b82dfa63a75f_green_preprocessed.png,b82dfa63a75f.png,1.3651567662475648,-1,142553,15863,894
96b5474ae604,96b5474ae604_green_preprocessed.png,96b5474ae604.png,1.3649648894368192,-1,85000,7399,895
a188c60b93fb,a188c60b93fb_green_preprocessed.png,a188c60b93fb.png,1.364943555593876,-1,510500,45333,896
3f6c627e2ff2,3f6c627e2ff2_green_preprocessed.png,3f6c627e2ff2.png,1.3645109652886445,-1,87132,7700,897
1dfe599d12a9,1dfe599d12a9_green_preprocessed.png,1dfe599d12a9.png,1.3644898889776826,-1,18983,3509,898
1df0431bfa73,1df0431bfa73_green_preprocessed.png,1df0431bfa73.png,1.3644834409172353,-1,146304,15365,899
a11c62cb3f86,a11c62cb3f86_green_preprocessed.png,a11c62cb3f86.png,1.3644703894232175,-1,450804,35734,900
a7673ac44509,a7673ac44509_green_preprocessed.png,a7673ac44509.png,1.364161345523314,-1,432997,32178,901
81371b0c01ad,81371b0c01ad_green_preprocessed.png,81371b0c01ad.png,1.3640620930052056,-1,24638,4898,902
35362d43e753,35362d43e753_green_preprocessed.png,35362d43e753.png,1.364001618197146,-1,82110,7991,903
c94f37085d0f,c94f37085d0f_green_preprocessed.png,c94f37085d0f.png,1.363554943068166,-1,84126,7766,904
b842b43cb7fb,b842b43cb7fb_green_preprocessed.png,b842b43cb7fb.png,1.363330023959263,-1,156424,15644,905
2da82d14e1b7,2da82d14e1b7_green_preprocessed.png,2da82d14e1b7.png,1.3631959277394277,-1,80262,7509,906
e160a3b19911,e160a3b19911_green_preprocessed.png,e160a3b19911.png,1.3628936751570018,-1,21415,4037,907
a9bc2f892cb3,a9bc2f892cb3_green_preprocessed.png,a9bc2f892cb3.png,1.362786149180664,-1,44140,6299,908
e42d9a94a66d,e42d9a94a66d_green_preprocessed.png,e42d9a94a66d.png,1.3625925579599907,-1,525573,45521,909
e1c02f6c3362,e1c02f6c3362_green_preprocessed.png,e1c02f6c3362.png,1.3620553198033705,-1,153559,14841,910
345b1f0abbba,345b1f0abbba_green_preprocessed.png,345b1f0abbba.png,1.3618340897869763,-1,457437,32101,911
50f5201fd18a,50f5201fd18a_green_preprocessed.png,50f5201fd18a.png,1.3617005710008006,-1,21172,3915,912
cbe633765ea7,cbe633765ea7_green_preprocessed.png,cbe633765ea7.png,1.3616757321137927,-1,78916,7248,913
d844a7252f4e,d844a7252f4e_green_preprocessed.png,d844a7252f4e.png,1.3611803224921064,-1,411417,28561,914
735836b1ffa6,735836b1ffa6_green_preprocessed.png,735836b1ffa6.png,1.3608058683218243,-1,301989,26426,915
64c6c6ee0d98,64c6c6ee0d98_green_preprocessed.png,64c6c6ee0d98.png,1.3605780968356207,-1,525421,46083,916
780f9c237c56,780f9c237c56_green_preprocessed.png,780f9c237c56.png,1.3593862166701247,-1,76968,7471,917
a1822dd8d05d,a1822dd8d05d_green_preprocessed.png,a1822dd8d05d.png,1.359362006571842,-1,77442,7123,918
2db0cd3e30da,2db0cd3e30da_green_preprocessed.png,2db0cd3e30da.png,1.359326507387901,-1,447274,31954,919
835b9f6e12ba,835b9f6e12ba_green_preprocessed.png,835b9f6e12ba.png,1.3592543223060376,-1,76364,7512,920
1cc58b15f466,1cc58b15f466_green_preprocessed.png,1cc58b15f466.png,1.3589342462176526,-1,458962,35340,921
7131bf4c9e6f,7131bf4c9e6f_green_preprocessed.png,7131bf4c9e6f.png,1.3587789784697064,-1,38920,4831,922
94b9ccc73bb9,94b9ccc73bb9_green_preprocessed.png,94b9ccc73bb9.png,1.358695606728537,-1,20068,4561,923
3c42512c81e0,3c42512c81e0_green_preprocessed.png,3c42512c81e0.png,1.35867401604075,-1,81285,7544,924
d1a60c3b9fe5,d1a60c3b9fe5_green_preprocessed.png,d1a60c3b9fe5.png,1.3585551031425394,-1,78734,7539,925
675de69373f8,675de69373f8_green_preprocessed.png,675de69373f8.png,1.3583421647850822,-1,23428,4656,926
8c4ceddeb1c6,8c4ceddeb1c6_green_preprocessed.png,8c4ceddeb1c6.png,1.35816290598838,-1,125177,11866,927
c013e869acce,c013e869acce_green_preprocessed.png,c013e869acce.png,1.3579002848508288,-1,161359,16190,928
8e7981855125,8e7981855125_green_preprocessed.png,8e7981855125.png,1.3576056936724263,-1,444980,31509,929
5264a54e1830,5264a54e1830_green_preprocessed.png,5264a54e1830.png,1.3575784539434463,-1,36598,3820,930
789c60cba801,789c60cba801_green_preprocessed.png,789c60cba801.png,1.3570401516091624,-1,20237,3099,931
7f2123bc89a3,7f2123bc89a3_green_preprocessed.png,7f2123bc89a3.png,1.357025600086586,-1,23706,3811,932
4c60f6fcea75,4c60f6fcea75_green_preprocessed.png,4c60f6fcea75.png,1.3569844744616313,-1,34488,2982,933
28503940d10b,28503940d10b_green_preprocessed.png,28503940d10b.png,1.356973954967632,-1,88774,7679,934
4276b82e4489,4276b82e4489_green_preprocessed.png,4276b82e4489.png,1.356734835962904,-1,147804,13462,935
291f581d365e,291f581d365e_green_preprocessed.png,291f581d365e.png,1.3566887584551697,-1,223648,22037,936
b8e20c076b03,b8e20c076b03_green_preprocessed.png,b8e20c076b03.png,1.3563805095162924,-1,475708,40949,937
692e946b1f85,692e946b1f85_green_preprocessed.png,692e946b1f85.png,1.3559041836938983,-1,68782,7125,938
6180920bc224,6180920bc224_green_preprocessed.png,6180920bc224.png,1.3556917781280873,-1,71150,7011,939
4f5dd7660b17,4f5dd7660b17_green_preprocessed.png,4f5dd7660b17.png,1.3556760212704748,-1,351628,25868,940
67ed8cc78b97,67ed8cc78b97_green_preprocessed.png,67ed8cc78b97.png,1.3555267298771378,-1,22954,3511,941
7435e9a3e36e,7435e9a3e36e_green_preprocessed.png,7435e9a3e36e.png,1.354401496593105,-1,505647,41737,942
5e505e25cd3e,5e505e25cd3e_green_preprocessed.png,5e505e25cd3e.png,1.3543911662337165,-1,141662,10621,943
2bb3c492d6d3,2bb3c492d6d3_green_preprocessed.png,2bb3c492d6d3.png,1.3541315456682037,-1,470928,33223,944
d865997a6280,d865997a6280_green_preprocessed.png,d865997a6280.png,1.3531081750607687,-1,104937,11708,945
a34fc5376669,a34fc5376669_green_preprocessed.png,a34fc5376669.png,1.352514492864428,-1,83013,7337,946
4cfd22ae43d4,4cfd22ae43d4_green_preprocessed.png,4cfd22ae43d4.png,1.351830474440957,-1,73045,7078,947
8e6df9eedcd8,8e6df9eedcd8_green_preprocessed.png,8e6df9eedcd8.png,1.3513949321990624,-1,496723,44039,948
8be6629a6039,8be6629a6039_green_preprocessed.png,8be6629a6039.png,1.3510913993526257,-1,488263,43421,949
5ce5eeaf757a,5ce5eeaf757a_green_preprocessed.png,5ce5eeaf757a.png,1.3508209036724288,-1,130148,12545,950
7e70344b0c25,7e70344b0c25_green_preprocessed.png,7e70344b0c25.png,1.3505881711201835,-1,122478,11523,951
bfb578c0e8d8,bfb578c0e8d8_green_preprocessed.png,bfb578c0e8d8.png,1.350288091459048,-1,489347,39097,952
3599029efeb3,3599029efeb3_green_preprocessed.png,3599029efeb3.png,1.349290372861323,-1,463078,36078,953
cbc23af521f3,cbc23af521f3_green_preprocessed.png,cbc23af521f3.png,1.3492837850750783,-1,146979,12443,954
2682e6da9050,2682e6da9050_green_preprocessed.png,2682e6da9050.png,1.3490056624086522,-1,549076,44828,955
33b91def2035,33b91def2035_green_preprocessed.png,33b91def2035.png,1.3484628029598167,-1,20678,3381,956
521b5377a727,521b5377a727_green_preprocessed.png,521b5377a727.png,1.3481563581620197,-1,39761,4111,957
de38adaae009,de38adaae009_green_preprocessed.png,de38adaae009.png,1.347582937299689,-1,498923,40228,958
cffc50047828,cffc50047828_green_preprocessed.png,cffc50047828.png,1.3471561613305463,-1,20109,4206,959
1db0393cdbc1,1db0393cdbc1_green_preprocessed.png,1db0393cdbc1.png,1.3467390741489613,-1,25999,4751,960
5bf3357a2823,5bf3357a2823_green_preprocessed.png,5bf3357a2823.png,1.346346611065906,-1,136449,11854,961
a94da3d3b5c0,a94da3d3b5c0_green_preprocessed.png,a94da3d3b5c0.png,1.3456238185790357,-1,109746,10984,962
b86fb2d5be1a,b86fb2d5be1a_green_preprocessed.png,b86fb2d5be1a.png,1.3452058011119827,-1,483175,40688,963
a0445785e2f7,a0445785e2f7_green_preprocessed.png,a0445785e2f7.png,1.3451541615727296,-1,147750,16347,964
2cdcc910778d,2cdcc910778d_green_preprocessed.png,2cdcc910778d.png,1.3451055699975043,-1,21003,3403,965
1f31701dd61b,1f31701dd61b_green_preprocessed.png,1f31701dd61b.png,1.3447335258291502,-1,61222,6842,966
74898f372d2b,74898f372d2b_green_preprocessed.png,74898f372d2b.png,1.344077034193993,-1,505145,45246,967
8191ae701985,8191ae701985_green_preprocessed.png,8191ae701985.png,1.343940468192085,-1,439811,31479,968
3178559fbf57,3178559fbf57_green_preprocessed.png,3178559fbf57.png,1.343796072922382,-1,78265,6822,969
77ab222bf85c,77ab222bf85c_green_preprocessed.png,77ab222bf85c.png,1.343183819384947,-1,18660,2876,970
454a944eb557,454a944eb557_green_preprocessed.png,454a944eb557.png,1.3431702824975944,-1,21977,3741,971
da0a83f074f3,da0a83f074f3_green_preprocessed.png,da0a83f074f3.png,1.3426419413714668,-1,21030,3594,972
beb2ad14fd2d,beb2ad14fd2d_green_preprocessed.png,beb2ad14fd2d.png,1.341299232231517,-1,530340,44018,973
6af071b0ac6e,6af071b0ac6e_green_preprocessed.png,6af071b0ac6e.png,1.340956139709075,-1,478083,37243,974
e47770a2e5d1,e47770a2e5d1_green_preprocessed.png,e47770a2e5d1.png,1.3408773455448344,-1,472426,38897,975
7d11dbc1e738,7d11dbc1e738_green_preprocessed.png,7d11dbc1e738.png,1.3408449630289239,-1,152363,14319,976
6f3b62e5b7f5,6f3b62e5b7f5_green_preprocessed.png,6f3b62e5b7f5.png,1.3408160521845827,-1,36378,4019,977
a9e3d186cd1b,a9e3d186cd1b_green_preprocessed.png,a9e3d186cd1b.png,1.340777225751409,-1,25954,5099,978
ab88081e5654,ab88081e5654_green_preprocessed.png,ab88081e5654.png,1.3400264360224532,-1,161962,15326,979
6e1db8711879,6e1db8711879_green_preprocessed.png,6e1db8711879.png,1.3398513641729295,-1,156622,15602,980
d9d2631f043c,d9d2631f043c_green_preprocessed.png,d9d2631f043c.png,1.3398221827761618,-1,461375,35742,981
4ad8d3ec8789,4ad8d3ec8789_green_preprocessed.png,4ad8d3ec8789.png,1.3397899660369867,-1,137705,11477,982
263d8851e33b,263d8851e33b_green_preprocessed.png,263d8851e33b.png,1.3396205028556856,-1,151188,15744,983
2b2f5a0f880d,2b2f5a0f880d_green_preprocessed.png,2b2f5a0f880d.png,1.33913342142166,-1,158475,13767,984
2d04cead4d3a,2d04cead4d3a_green_preprocessed.png,2d04cead4d3a.png,1.3388511217188113,-1,157530,15931,985
69f43381317b,69f43381317b_green_preprocessed.png,69f43381317b.png,1.338406717964628,-1,161735,15133,986
72606afaf3da,72606afaf3da_green_preprocessed.png,72606afaf3da.png,1.3381828727833616,-1,160003,16760,987
ace287a5c991,ace287a5c991_green_preprocessed.png,ace287a5c991.png,1.3379998644910764,-1,40883,5777,988
da2bdf4236ac,da2bdf4236ac_green_preprocessed.png,da2bdf4236ac.png,1.3373759625708046,-1,18894,3241,989
2fefb720869a,2fefb720869a_green_preprocessed.png,2fefb720869a.png,1.3371014482953958,-1,135859,10812,990
58eb3809f456,58eb3809f456_green_preprocessed.png,58eb3809f456.png,1.3368944287092412,-1,120924,13940,991
ad029ba7fa8b,ad029ba7fa8b_green_preprocessed.png,ad029ba7fa8b.png,1.3359114147029618,-1,17031,2933,992
435414ccccf7,435414ccccf7_green_preprocessed.png,435414ccccf7.png,1.3353933059383714,-1,166270,16268,993
5e97cb2b0888,5e97cb2b0888_green_preprocessed.png,5e97cb2b0888.png,1.3353068875330407,-1,38315,3810,994
8a3eb86ae4bd,8a3eb86ae4bd_green_preprocessed.png,8a3eb86ae4bd.png,1.3353060748126555,-1,145510,13903,995
e0313be77035,e0313be77035_green_preprocessed.png,e0313be77035.png,1.3351640244213268,-1,147134,14913,996
351e842842a2,351e842842a2_green_preprocessed.png,351e842842a2.png,1.3350197624447884,-1,477718,41522,997
20f86e068276,20f86e068276_green_preprocessed.png,20f86e068276.png,1.3347610185425802,-1,459685,36302,998
c3aa424eff9a,c3aa424eff9a_green_preprocessed.png,c3aa424eff9a.png,1.3346480886836838,-1,112135,14393,999
286e9981dd9b,286e9981dd9b_green_preprocessed.png,286e9981dd9b.png,1.3346000930212902,-1,450632,31372,1000
6e018411ba4a,6e018411ba4a_green_preprocessed.png,6e018411ba4a.png,1.334424335422724,-1,476393,38514,1001
26d9576e8043,26d9576e8043_green_preprocessed.png,26d9576e8043.png,1.3341721838494922,-1,25232,4757,1002
1f9ccda4ddf2,1f9ccda4ddf2_green_preprocessed.png,1f9ccda4ddf2.png,1.3336564245118894,-1,23626,4094,1003
4d1e7def7624,4d1e7def7624_green_preprocessed.png,4d1e7def7624.png,1.3335682523393864,-1,474624,39971,1004
a3132c8828e4,a3132c8828e4_green_preprocessed.png,a3132c8828e4.png,1.3335269191565977,-1,155500,12827,1005
210bfe0127c6,210bfe0127c6_green_preprocessed.png,210bfe0127c6.png,1.3333006107953451,-1,467861,40566,1006
cff262ed8f4c,cff262ed8f4c_green_preprocessed.png,cff262ed8f4c.png,1.3331626150807256,-1,456788,38903,1007
5078caaf1f57,5078caaf1f57_green_preprocessed.png,5078caaf1f57.png,1.332440863255158,-1,36540,4600,1008
3732de8b416f,3732de8b416f_green_preprocessed.png,3732de8b416f.png,1.3323700812865324,-1,446065,36591,1009
511fd66b2df8,511fd66b2df8_green_preprocessed.png,511fd66b2df8.png,1.3322153815377833,-1,463061,35766,1010
db6207e62c7b,db6207e62c7b_green_preprocessed.png,db6207e62c7b.png,1.332189647129383,-1,164487,16511,1011
83fda7c0500b,83fda7c0500b_green_preprocessed.png,83fda7c0500b.png,1.332027309544909,-1,464527,40784,1012
540e4973829e,540e4973829e_green_preprocessed.png,540e4973829e.png,1.3319924867165227,-1,18943,3011,1013
70d0392397de,70d0392397de_green_preprocessed.png,70d0392397de.png,1.3317830759057119,-1,452256,33679,1014
4fd5ec0dca09,4fd5ec0dca09_green_preprocessed.png,4fd5ec0dca09.png,1.3316490923178024,-1,18913,3225,1015
61da799bf0aa,61da799bf0aa_green_preprocessed.png,61da799bf0aa.png,1.331128517250959,-1,514858,41144,1016
e251bdf05b85,e251bdf05b85_green_preprocessed.png,e251bdf05b85.png,1.3310611621679158,-1,38914,4022,1017
dcf109df1a2b,dcf109df1a2b_green_preprocessed.png,dcf109df1a2b.png,1.3296117335637976,-1,159218,15609,1018
a1e236fbc863,a1e236fbc863_green_preprocessed.png,a1e236fbc863.png,1.3290367111138282,-1,37448,3955,1019
8ee50c26fc13,8ee50c26fc13_green_preprocessed.png,8ee50c26fc13.png,1.3286835306739309,-1,23378,4186,1020
1e7ccd4a1c87,1e7ccd4a1c87_green_preprocessed.png,1e7ccd4a1c87.png,1.3278669296924968,-1,495567,43117,1021
dd90c321d7bc,dd90c321d7bc_green_preprocessed.png,dd90c321d7bc.png,1.3255102584209049,-1,162831,15176,1022
40dd4e6e4444,40dd4e6e4444_green_preprocessed.png,40dd4e6e4444.png,1.3253677193766367,-1,149975,13345,1023
4860f7813654,4860f7813654_green_preprocessed.png,4860f7813654.png,1.325198981192276,-1,449988,37952,1024
4158c340fa49,4158c340fa49_green_preprocessed.png,4158c340fa49.png,1.3239768111237908,-1,472103,36984,1025
4205e9deb058,4205e9deb058_green_preprocessed.png,4205e9deb058.png,1.323932939608803,-1,69195,6003,1026
4ffa38550c95,4ffa38550c95_green_preprocessed.png,4ffa38550c95.png,1.3227943928027328,-1,140089,13108,1027
c21eb81de9fc,c21eb81de9fc_green_preprocessed.png,c21eb81de9fc.png,1.3218863926042992,-1,24443,4249,1028
c9c563864ab1,c9c563864ab1_green_preprocessed.png,c9c563864ab1.png,1.321765222784303,-1,139773,14604,1029
be521870a0ea,be521870a0ea_green_preprocessed.png,be521870a0ea.png,1.3217239538062096,-1,37608,4043,1030
d7078e8b0349,d7078e8b0349_green_preprocessed.png,d7078e8b0349.png,1.3214888709797608,-1,158039,12572,1031
b43440c6ebe4,b43440c6ebe4_green_preprocessed.png,b43440c6ebe4.png,1.321475990349543,-1,435051,30784,1032
c0a117de7d0a,c0a117de7d0a_green_preprocessed.png,c0a117de7d0a.png,1.3211240314249917,-1,141012,14183,1033
9e99ae6ee7af,9e99ae6ee7af_green_preprocessed.png,9e99ae6ee7af.png,1.3210871055215123,-1,150578,15587,1034
4464bb62bf20,4464bb62bf20_green_preprocessed.png,4464bb62bf20.png,1.320997728447957,-1,489758,39242,1035
4dd14c380696,4dd14c380696_green_preprocessed.png,4dd14c380696.png,1.3209233814926449,-1,21602,3572,1036
1eee55494271,1eee55494271_green_preprocessed.png,1eee55494271.png,1.320910232864998,-1,102908,10019,1037
384e6c915722,384e6c915722_green_preprocessed.png,384e6c915722.png,1.3208000873139063,-1,500271,42443,1038
82d364726a58,82d364726a58_green_preprocessed.png,82d364726a58.png,1.3207761630568364,-1,483178,39930,1039
42c65af5ab16,42c65af5ab16_green_preprocessed.png,42c65af5ab16.png,1.3204644226017166,-1,155984,15311,1040
d7bc62d60e8c,d7bc62d60e8c_green_preprocessed.png,d7bc62d60e8c.png,1.3203856294741143,-1,502833,41094,1041
9ba469af2980,9ba469af2980_green_preprocessed.png,9ba469af2980.png,1.3202917301572619,-1,482391,38080,1042
22d843b2bbd1,22d843b2bbd1_green_preprocessed.png,22d843b2bbd1.png,1.319164359497334,-1,136884,11176,1043
aa60813e1a8d,aa60813e1a8d_green_preprocessed.png,aa60813e1a8d.png,1.3187222384909745,-1,487830,39663,1044
4b6cb0bcfd44,4b6cb0bcfd44_green_preprocessed.png,4b6cb0bcfd44.png,1.3185233171761486,-1,141112,12148,1045
da9574d35b82,da9574d35b82_green_preprocessed.png,da9574d35b82.png,1.3183061150861413,-1,489642,40107,1046
454792eb6e05,454792eb6e05_green_preprocessed.png,454792eb6e05.png,1.3180922277064777,-1,147173,12930,1047
8b58f9a338e8,8b58f9a338e8_green_preprocessed.png,8b58f9a338e8.png,1.3178427025990296,-1,18009,2685,1048
1fddd7c98fd2,1fddd7c98fd2_green_preprocessed.png,1fddd7c98fd2.png,1.3178127370306676,-1,474912,36153,1049
dcc6c0ad5cad,dcc6c0ad5cad_green_preprocessed.png,dcc6c0ad5cad.png,1.3170902666652515,-1,445509,32779,1050
ab3c505b624f,ab3c505b624f_green_preprocessed.png,ab3c505b624f.png,1.3170669872320266,-1,21179,3362,1051
9a159d4674cd,9a159d4674cd_green_preprocessed.png,9a159d4674cd.png,1.3162983649058884,-1,22218,4280,1052
90960ddf4d14,90960ddf4d14_green_preprocessed.png,90960ddf4d14.png,1.3161561670015895,-1,156466,14957,1053
5b1c4cefeb24,5b1c4cefeb24_green_preprocessed.png,5b1c4cefeb24.png,1.3160903612209076,-1,145738,14207,1054
218c822a3dd9,218c822a3dd9_green_preprocessed.png,218c822a3dd9.png,1.315882806272886,-1,481102,41635,1055
33596a635b53,33596a635b53_green_preprocessed.png,33596a635b53.png,1.315113802056652,-1,160696,16830,1056
c3789c1dab96,c3789c1dab96_green_preprocessed.png,c3789c1dab96.png,1.315078717173454,-1,19618,2776,1057
d866c26d76f0,d866c26d76f0_green_preprocessed.png,d866c26d76f0.png,1.3145721523973555,-1,122750,11016,1058
568455854a11,568455854a11_green_preprocessed.png,568455854a11.png,1.3138342828168796,-1,23835,4415,1059
2f81ee5f2926,2f81ee5f2926_green_preprocessed.png,2f81ee5f2926.png,1.3135689734154141,-1,20864,3741,1060
d78b7401096f,d78b7401096f_green_preprocessed.png,d78b7401096f.png,1.3135466119757304,-1,466880,39994,1061
cb28adab4e8a,cb28adab4e8a_green_preprocessed.png,cb28adab4e8a.png,1.3133259557635997,-1,19661,2761,1062
b73d0bcd3d33,b73d0bcd3d33_green_preprocessed.png,b73d0bcd3d33.png,1.3132570294199841,-1,20514,2269,1063
da949aa67a4f,da949aa67a4f_green_preprocessed.png,da949aa67a4f.png,1.3131235693156555,-1,152578,11348,1064
5445255635f0,5445255635f0_green_preprocessed.png,5445255635f0.png,1.3128591037157917,-1,466232,37817,1065
58f07741ee3b,58f07741ee3b_green_preprocessed.png,58f07741ee3b.png,1.3121958983864295,-1,136879,9241,1066
c5a6f432a1ec,c5a6f432a1ec_green_preprocessed.png,c5a6f432a1ec.png,1.311306679235645,-1,20919,2809,1067
8ead17dfb6a6,8ead17dfb6a6_green_preprocessed.png,8ead17dfb6a6.png,1.3110237883611424,-1,139634,11602,1068
a8a6588c8eb7,a8a6588c8eb7_green_preprocessed.png,a8a6588c8eb7.png,1.3109971951860435,-1,143139,14129,1069
6df8b7b6e837,6df8b7b6e837_green_preprocessed.png,6df8b7b6e837.png,1.310839321386249,-1,440544,35228,1070
81704925f759,81704925f759_green_preprocessed.png,81704925f759.png,1.3103373726689274,-1,141817,13096,1071
5ead17e894ae,5ead17e894ae_green_preprocessed.png,5ead17e894ae.png,1.3101606087220796,-1,39386,4571,1072
2221cf5c7935,2221cf5c7935_green_preprocessed.png,2221cf5c7935.png,1.3099856940467793,-1,477908,44841,1073
35777eb7859d,35777eb7859d_green_preprocessed.png,35777eb7859d.png,1.309938209713085,-1,414184,29473,1074
e33766353db2,e33766353db2_green_preprocessed.png,e33766353db2.png,1.3097362700943584,-1,22640,4390,1075
6bf2a81a5d91,6bf2a81a5d91_green_preprocessed.png,6bf2a81a5d91.png,1.3095080916631205,-1,21978,3539,1076
8ab3faa3701f,8ab3faa3701f_green_preprocessed.png,8ab3faa3701f.png,1.3094322097442037,-1,145989,15032,1077
73ef3c3dcbe4,73ef3c3dcbe4_green_preprocessed.png,73ef3c3dcbe4.png,1.309262512090164,-1,489296,43226,1078
8650d32f4a9e,8650d32f4a9e_green_preprocessed.png,8650d32f4a9e.png,1.3088956954524804,-1,23092,4051,1079
436e7a7af761,436e7a7af761_green_preprocessed.png,436e7a7af761.png,1.3085188219524904,-1,146673,15616,1080
92fcf50b3562,92fcf50b3562_green_preprocessed.png,92fcf50b3562.png,1.308014456360275,-1,126782,13421,1081
98d41bce73a8,98d41bce73a8_green_preprocessed.png,98d41bce73a8.png,1.3078830837582491,-1,143916,15499,1082
7214fc7cbe03,7214fc7cbe03_green_preprocessed.png,7214fc7cbe03.png,1.3075171857977488,-1,158067,18274,1083
96793edb1003,96793edb1003_green_preprocessed.png,96793edb1003.png,1.3072431968873748,-1,43889,5510,1084
77a1f1398fdb,77a1f1398fdb_green_preprocessed.png,77a1f1398fdb.png,1.3072375989706813,-1,490845,39525,1085
42985aa2e32f,42985aa2e32f_green_preprocessed.png,42985aa2e32f.png,1.307030929962793,-1,276809,26273,1086
71c22da3d6c6,71c22da3d6c6_green_preprocessed.png,71c22da3d6c6.png,1.3068586807503983,-1,155388,15834,1087
d93b61dc8f64,d93b61dc8f64_green_preprocessed.png,d93b61dc8f64.png,1.306039729362654,-1,456665,35863,1088
be6cbf6e5b10,be6cbf6e5b10_green_preprocessed.png,be6cbf6e5b10.png,1.3058707976149821,-1,137553,10112,1089
260a455692b5,260a455692b5_green_preprocessed.png,260a455692b5.png,1.3057830476528203,-1,150075,14759,1090
79ade634c633,79ade634c633_green_preprocessed.png,79ade634c633.png,1.305573936703284,-1,113376,13692,1091
9b4fc15df3c8,9b4fc15df3c8_green_preprocessed.png,9b4fc15df3c8.png,1.305125410258715,-1,21194,2478,1092
ae2e888905ba,ae2e888905ba_green_preprocessed.png,ae2e888905ba.png,1.3049515390762367,-1,143849,11579,1093
991a0b7a8c87,991a0b7a8c87_green_preprocessed.png,991a0b7a8c87.png,1.3035841595152216,-1,25129,4394,1094
895fe2bfc5b6,895fe2bfc5b6_green_preprocessed.png,895fe2bfc5b6.png,1.3033738102251886,-1,132976,12102,1095
9ed6c2b25767,9ed6c2b25767_green_preprocessed.png,9ed6c2b25767.png,1.3031205065935914,-1,38829,4575,1096
633fe9dbaf39,633fe9dbaf39_green_preprocessed.png,633fe9dbaf39.png,1.3022462938364874,-1,498302,44516,1097
d2d523e9f669,d2d523e9f669_green_preprocessed.png,d2d523e9f669.png,1.3022362598686363,-1,155097,13968,1098
7f0ffeb0a333,7f0ffeb0a333_green_preprocessed.png,7f0ffeb0a333.png,1.3020737918818845,-1,487924,38808,1099
848e66b9e199,848e66b9e199_green_preprocessed.png,848e66b9e199.png,1.3016180754162072,-1,458890,33777,1100
c90c6b94cf40,c90c6b94cf40_green_preprocessed.png,c90c6b94cf40.png,1.3013549181292514,-1,22223,2717,1101
331121c65e88,331121c65e88_green_preprocessed.png,331121c65e88.png,1.3008994839234367,-1,137530,10098,1102
d1fa0f744620,d1fa0f744620_green_preprocessed.png,d1fa0f744620.png,1.3007075752640873,-1,136489,11195,1103
91b7a4179ecf,91b7a4179ecf_green_preprocessed.png,91b7a4179ecf.png,1.300691564955538,-1,41542,5766,1104
33d72035c27a,33d72035c27a_green_preprocessed.png,33d72035c27a.png,1.3005713975742308,-1,133488,15243,1105
d7e5fe5245e0,d7e5fe5245e0_green_preprocessed.png,d7e5fe5245e0.png,1.2997781547385878,-1,282492,22654,1106
83d81ba5959c,83d81ba5959c_green_preprocessed.png,83d81ba5959c.png,1.2993532981763252,-1,152567,15609,1107
7b9d519cbd66,7b9d519cbd66_green_preprocessed.png,7b9d519cbd66.png,1.299314895617429,-1,400125,26774,1108
d871895742b1,d871895742b1_green_preprocessed.png,d871895742b1.png,1.2993064474100726,-1,433372,30497,1109
de18071c36e6,de18071c36e6_green_preprocessed.png,de18071c36e6.png,1.2989937070830884,-1,24959,4161,1110
4134b290f5f3,4134b290f5f3_green_preprocessed.png,4134b290f5f3.png,1.2989705895523187,-1,466819,39519,1111
493d99f030e2,493d99f030e2_green_preprocessed.png,493d99f030e2.png,1.2987683116858983,-1,472172,36674,1112
97c6cb55866d,97c6cb55866d_green_preprocessed.png,97c6cb55866d.png,1.2986617963390537,-1,409801,30492,1113
54bdcdecd8f3,54bdcdecd8f3_green_preprocessed.png,54bdcdecd8f3.png,1.2986531253332534,-1,144634,12205,1114
4cf4d528c08e,4cf4d528c08e_green_preprocessed.png,4cf4d528c08e.png,1.2985006971384838,-1,137954,11683,1115
30263a7d5609,30263a7d5609_green_preprocessed.png,30263a7d5609.png,1.298258818043901,-1,473900,39417,1116
599498e9e4bc,599498e9e4bc_green_preprocessed.png,599498e9e4bc.png,1.2965529196410586,-1,141305,11485,1117
2b10f138e67d,2b10f138e67d_green_preprocessed.png,2b10f138e67d.png,1.296465538687985,-1,22020,3634,1118
9b70f84400af,9b70f84400af_green_preprocessed.png,9b70f84400af.png,1.2962167168135386,-1,38511,4356,1119
2f7fbdcc9a4b,2f7fbdcc9a4b_green_preprocessed.png,2f7fbdcc9a4b.png,1.2949073178225448,-1,141856,9913,1120
cf6551521a35,cf6551521a35_green_preprocessed.png,cf6551521a35.png,1.2948938182129177,-1,120754,9494,1121
992599744a23,992599744a23_green_preprocessed.png,992599744a23.png,1.2947314795183826,-1,499911,39102,1122
92587e494d51,92587e494d51_green_preprocessed.png,92587e494d51.png,1.2947077789775536,-1,134721,13955,1123
1ec95179cdfe,1ec95179cdfe_green_preprocessed.png,1ec95179cdfe.png,1.2942942603051013,-1,41371,5155,1124
d3dfd0a2dee6,d3dfd0a2dee6_green_preprocessed.png,d3dfd0a2dee6.png,1.2942643384339494,-1,131501,10877,1125
682312e82ee3,682312e82ee3_green_preprocessed.png,682312e82ee3.png,1.294217672370418,-1,453868,35965,1126
34acae864963,34acae864963_green_preprocessed.png,34acae864963.png,1.2940459456955484,-1,143086,14264,1127
bdc6c60e9133,bdc6c60e9133_green_preprocessed.png,bdc6c60e9133.png,1.2937847454679556,-1,150942,13116,1128
db3cd58aa315,db3cd58aa315_green_preprocessed.png,db3cd58aa315.png,1.2937009316211123,-1,141445,15349,1129
96ea316ed0ab,96ea316ed0ab_green_preprocessed.png,96ea316ed0ab.png,1.293439478963483,-1,26371,4778,1130
65dda202653d,65dda202653d_green_preprocessed.png,65dda202653d.png,1.2933162636553253,-1,530812,42835,1131
c755a0c4edcc,c755a0c4edcc_green_preprocessed.png,c755a0c4edcc.png,1.2928582830196822,-1,141187,11055,1132
830e297965a1,830e297965a1_green_preprocessed.png,830e297965a1.png,1.2927030778478439,-1,152343,16066,1133
6de39b94f634,6de39b94f634_green_preprocessed.png,6de39b94f634.png,1.292122031330288,-1,156202,16177,1134
cd48cfab4e44,cd48cfab4e44_green_preprocessed.png,cd48cfab4e44.png,1.291497296382092,-1,445316,37864,1135
49eb73968c44,49eb73968c44_green_preprocessed.png,49eb73968c44.png,1.2914732968814713,-1,19655,2460,1136
519c6e8f78dc,519c6e8f78dc_green_preprocessed.png,519c6e8f78dc.png,1.291057984177885,-1,136616,9333,1137
4ccee4db09b6,4ccee4db09b6_green_preprocessed.png,4ccee4db09b6.png,1.2909937090398669,-1,139259,10169,1138
1b8701231c8f,1b8701231c8f_green_preprocessed.png,1b8701231c8f.png,1.2909338271077875,-1,36505,4321,1139
248dec89b3a2,248dec89b3a2_green_preprocessed.png,248dec89b3a2.png,1.2884873295103827,-1,22529,3834,1140
be3a7d9e981e,be3a7d9e981e_green_preprocessed.png,be3a7d9e981e.png,1.2882582677737195,-1,132719,10877,1141
8f14bca04b47,8f14bca04b47_green_preprocessed.png,8f14bca04b47.png,1.2882192776676638,-1,136475,12151,1142
c57c164bca05,c57c164bca05_green_preprocessed.png,c57c164bca05.png,1.2866313080145846,-1,432333,33272,1143
3ce2f8a77a32,3ce2f8a77a32_green_preprocessed.png,3ce2f8a77a32.png,1.2866036277436703,-1,139269,12283,1144
1df0a4c23c95,1df0a4c23c95_green_preprocessed.png,1df0a4c23c95.png,1.2860889741979757,-1,21639,3740,1145
d9e58e4d8689,d9e58e4d8689_green_preprocessed.png,d9e58e4d8689.png,1.285789874729811,-1,319432,25805,1146
dfea19863428,dfea19863428_green_preprocessed.png,dfea19863428.png,1.2857704076691772,-1,37943,4234,1147
76cb010f7aa0,76cb010f7aa0_green_preprocessed.png,76cb010f7aa0.png,1.2852260556051638,-1,157542,15211,1148
4c53cc97ea13,4c53cc97ea13_green_preprocessed.png,4c53cc97ea13.png,1.2849733197548152,-1,151527,15653,1149
6fbaaf8eb67a,6fbaaf8eb67a_green_preprocessed.png,6fbaaf8eb67a.png,1.2847314921649646,-1,38308,3720,1150
606daaf0bfc7,606daaf0bfc7_green_preprocessed.png,606daaf0bfc7.png,1.2836853179312793,-1,40800,4838,1151
97f290d31813,97f290d31813_green_preprocessed.png,97f290d31813.png,1.2831435524386672,-1,466724,37053,1152
8846b09384a4,8846b09384a4_green_preprocessed.png,8846b09384a4.png,1.2829871857077257,-1,471427,39960,1153
c12e9ca420a5,c12e9ca420a5_green_preprocessed.png,c12e9ca420a5.png,1.2827351421278124,-1,146405,12064,1154
31360e44ac64,31360e44ac64_green_preprocessed.png,31360e44ac64.png,1.2824585233715335,-1,462036,37841,1155
59928f999ae7,59928f999ae7_green_preprocessed.png,59928f999ae7.png,1.2823505435926574,-1,114475,10177,1156
683023cda6a5,683023cda6a5_green_preprocessed.png,683023cda6a5.png,1.2822966177537178,-1,17056,2567,1157
76df141d966b,76df141d966b_green_preprocessed.png,76df141d966b.png,1.2813530491577314,-1,137343,9219,1158
ae61e19fb766,ae61e19fb766_green_preprocessed.png,ae61e19fb766.png,1.2808391899559974,-1,131585,10976,1159
253e96488cfb,253e96488cfb_green_preprocessed.png,253e96488cfb.png,1.2806164629162788,-1,313251,29629,1160
25b4080f598b,25b4080f598b_green_preprocessed.png,25b4080f598b.png,1.280442105738372,-1,129449,8619,1161
a06b353e7bed,a06b353e7bed_green_preprocessed.png,a06b353e7bed.png,1.2800515415461708,-1,142710,10555,1162
7ddcfcea7369,7ddcfcea7369_green_preprocessed.png,7ddcfcea7369.png,1.2799414965413922,-1,135338,10962,1163
34a7dbd3f05c,34a7dbd3f05c_green_preprocessed.png,34a7dbd3f05c.png,1.2796340554934562,-1,154381,9848,1164
d2c5fb82fe5f,d2c5fb82fe5f_green_preprocessed.png,d2c5fb82fe5f.png,1.279420508602666,-1,133005,11175,1165
ac81fc200162,ac81fc200162_green_preprocessed.png,ac81fc200162.png,1.2793048853320765,-1,428231,35132,1166
9a326446c431,9a326446c431_green_preprocessed.png,9a326446c431.png,1.2788668474016578,-1,432212,30647,1167
ab7991df166b,ab7991df166b_green_preprocessed.png,ab7991df166b.png,1.2780950337522425,-1,37805,3761,1168
53c874dbc594,53c874dbc594_green_preprocessed.png,53c874dbc594.png,1.27792760274425,-1,130582,14727,1169
44f7f3ef9d50,44f7f3ef9d50_green_preprocessed.png,44f7f3ef9d50.png,1.277877127625998,-1,422790,33172,1170
c26f98f58350,c26f98f58350_green_preprocessed.png,c26f98f58350.png,1.2777384209468117,-1,141788,12680,1171
84b472c49cfa,84b472c49cfa_green_preprocessed.png,84b472c49cfa.png,1.2776564187782082,-1,38901,4277,1172
a419fcb2dfb5,a419fcb2dfb5_green_preprocessed.png,a419fcb2dfb5.png,1.277460698475853,-1,21735,3557,1173
b72f59b85f7c,b72f59b85f7c_green_preprocessed.png,b72f59b85f7c.png,1.2774375680564964,-1,148259,13786,1174
41ab357d103f,41ab357d103f_green_preprocessed.png,41ab357d103f.png,1.2768927856654093,-1,23367,3786,1175
88e5051f65bd,88e5051f65bd_green_preprocessed.png,88e5051f65bd.png,1.2766904885439152,-1,142824,13429,1176
aeab0a63bcaf,aeab0a63bcaf_green_preprocessed.png,aeab0a63bcaf.png,1.2766093890987171,-1,123478,9160,1177
ae5d31979f19,ae5d31979f19_green_preprocessed.png,ae5d31979f19.png,1.2762607821456609,-1,334571,26078,1178
876deb29f000,876deb29f000_green_preprocessed.png,876deb29f000.png,1.2759593388304773,-1,141389,12688,1179
2a2274bcb00a,2a2274bcb00a_green_preprocessed.png,2a2274bcb00a.png,1.2756552555764187,-1,467365,38215,1180
d26bb2ed6e71,d26bb2ed6e71_green_preprocessed.png,d26bb2ed6e71.png,1.2752670609431704,-1,112633,11400,1181
a0e635689259,a0e635689259_green_preprocessed.png,a0e635689259.png,1.2743032464400574,-1,23480,3839,1182
5b47043942f4,5b47043942f4_green_preprocessed.png,5b47043942f4.png,1.2742865876474772,-1,23690,3672,1183
2cfe8703f265,2cfe8703f265_green_preprocessed.png,2cfe8703f265.png,1.2738966788091828,-1,431868,33117,1184
342edf9b889d,342edf9b889d_green_preprocessed.png,342edf9b889d.png,1.2735150228372798,-1,24425,4772,1185
e2265c383348,e2265c383348_green_preprocessed.png,e2265c383348.png,1.2734976939862006,-1,24465,3897,1186
e12f9f19d1be,e12f9f19d1be_green_preprocessed.png,e12f9f19d1be.png,1.2733660142083634,-1,21162,3938,1187
2ef10194e80d,2ef10194e80d_green_preprocessed.png,2ef10194e80d.png,1.2729383488002748,-1,153685,16493,1188
48a45619d1a3,48a45619d1a3_green_preprocessed.png,48a45619d1a3.png,1.2726866384339024,-1,22312,4527,1189
65e6f1bd9875,65e6f1bd9875_green_preprocessed.png,65e6f1bd9875.png,1.272209672407294,-1,458217,33825,1190
1cb6961d141c,1cb6961d141c_green_preprocessed.png,1cb6961d141c.png,1.2721522224620636,-1,21876,3993,1191
e3cd96cb094c,e3cd96cb094c_green_preprocessed.png,e3cd96cb094c.png,1.2717977773377311,-1,132349,9904,1192
df0886f1e76b,df0886f1e76b_green_preprocessed.png,df0886f1e76b.png,1.2715948308818974,-1,141344,10921,1193
df9cb3729eb1,df9cb3729eb1_green_preprocessed.png,df9cb3729eb1.png,1.2714173583454782,-1,148590,12078,1194
b67ae80f7eba,b67ae80f7eba_green_preprocessed.png,b67ae80f7eba.png,1.2705091810236573,-1,39175,5186,1195
1d74c4713e21,1d74c4713e21_green_preprocessed.png,1d74c4713e21.png,1.2694840470209279,-1,118322,9733,1196
b9d0b83d70c3,b9d0b83d70c3_green_preprocessed.png,b9d0b83d70c3.png,1.268377906772979,-1,23178,4233,1197
90a9a41eec6d,90a9a41eec6d_green_preprocessed.png,90a9a41eec6d.png,1.2676315419804607,-1,39408,5013,1198
4b6895d0cf8d,4b6895d0cf8d_green_preprocessed.png,4b6895d0cf8d.png,1.2676258244284073,-1,36044,4342,1199
9e5737f771c3,9e5737f771c3_green_preprocessed.png,9e5737f771c3.png,1.2675440956989537,-1,140388,11551,1200
af6166d57f13,af6166d57f13_green_preprocessed.png,af6166d57f13.png,1.2675021985222088,-1,146835,10459,1201
80ed04a84a16,80ed04a84a16_green_preprocessed.png,80ed04a84a16.png,1.2668260680208911,-1,128002,14333,1202
6e861bc3bd7b,6e861bc3bd7b_green_preprocessed.png,6e861bc3bd7b.png,1.2664765139950795,-1,18575,2652,1203
609be3ca5ddf,609be3ca5ddf_green_preprocessed.png,609be3ca5ddf.png,1.2663779419726395,-1,37317,4642,1204
5b2648ad455e,5b2648ad455e_green_preprocessed.png,5b2648ad455e.png,1.2659382497160727,-1,125011,9371,1205
9a56cfb980ec,9a56cfb980ec_green_preprocessed.png,9a56cfb980ec.png,1.2650188002229623,-1,147986,11079,1206
4a4cb731f91a,4a4cb731f91a_green_preprocessed.png,4a4cb731f91a.png,1.2646820755757313,-1,137443,11146,1207
53ddae6a619e,53ddae6a619e_green_preprocessed.png,53ddae6a619e.png,1.2639480748210012,-1,154020,10710,1208
2f143453bb71,2f143453bb71_green_preprocessed.png,2f143453bb71.png,1.2627921118179992,-1,433346,32400,1209
6d5a8362dd1e,6d5a8362dd1e_green_preprocessed.png,6d5a8362dd1e.png,1.2620593492137668,-1,462916,34651,1210
61a62b1dcc36,61a62b1dcc36_green_preprocessed.png,61a62b1dcc36.png,1.2615384526858522,-1,135881,15944,1211
4145dcb25053,4145dcb25053_green_preprocessed.png,4145dcb25053.png,1.2614651528894585,-1,140434,9988,1212
7e5a76c4e103,7e5a76c4e103_green_preprocessed.png,7e5a76c4e103.png,1.2614510381965613,-1,149162,12652,1213
ccea49708830,ccea49708830_green_preprocessed.png,ccea49708830.png,1.261121136956742,-1,151562,12454,1214
e26bcae6c67b,e26bcae6c67b_green_preprocessed.png,e26bcae6c67b.png,1.2609267161099593,-1,470007,37370,1215
7a12f49e29df,7a12f49e29df_green_preprocessed.png,7a12f49e29df.png,1.2605781566026648,-1,433781,33655,1216
43823561c3f0,43823561c3f0_green_preprocessed.png,43823561c3f0.png,1.2605416459545538,-1,135819,9961,1217
2b5bb6d33959,2b5bb6d33959_green_preprocessed.png,2b5bb6d33959.png,1.260459100316635,-1,144872,9809,1218
6b91e99c9408,6b91e99c9408_green_preprocessed.png,6b91e99c9408.png,1.2599985228731136,-1,125457,12194,1219
a1872f9c0cba,a1872f9c0cba_green_preprocessed.png,a1872f9c0cba.png,1.2599655039089346,-1,151844,12031,1220
cad5b1a82e60,cad5b1a82e60_green_preprocessed.png,cad5b1a82e60.png,1.2594033043835844,-1,136260,11786,1221
c639d837f5e4,c639d837f5e4_green_preprocessed.png,c639d837f5e4.png,1.258220629627961,-1,146192,10965,1222
4ef16a53d899,4ef16a53d899_green_preprocessed.png,4ef16a53d899.png,1.258098752447729,-1,24601,3842,1223
1c9c583c10bf,1c9c583c10bf_green_preprocessed.png,1c9c583c10bf.png,1.2580391165100917,-1,319548,23531,1224
7635921c5efb,7635921c5efb_green_preprocessed.png,7635921c5efb.png,1.257905969718692,-1,125364,11359,1225
283c3aeba594,283c3aeba594_green_preprocessed.png,283c3aeba594.png,1.2576684918161163,-1,143031,12273,1226
69c4cbb630de,69c4cbb630de_green_preprocessed.png,69c4cbb630de.png,1.2576118464780015,-1,21705,3613,1227
da6389d129aa,da6389d129aa_green_preprocessed.png,da6389d129aa.png,1.2575862246166774,-1,265094,30288,1228
3f44d749cd0b,3f44d749cd0b_green_preprocessed.png,3f44d749cd0b.png,1.2567138522063868,-1,274712,20248,1229
b16dd4483ca5,b16dd4483ca5_green_preprocessed.png,b16dd4483ca5.png,1.2564079434637907,-1,160252,14722,1230
ad944bd56bb6,ad944bd56bb6_green_preprocessed.png,ad944bd56bb6.png,1.256339229180703,-1,142683,12417,1231
7ba6b23c4b46,7ba6b23c4b46_green_preprocessed.png,7ba6b23c4b46.png,1.2561756449671206,-1,40842,4667,1232
7526cf435753,7526cf435753_green_preprocessed.png,7526cf435753.png,1.2561493118371587,-1,38458,4471,1233
b0f8613305a3,b0f8613305a3_green_preprocessed.png,b0f8613305a3.png,1.2558451523778715,-1,305247,25304,1234
b6fd109b1bc9,b6fd109b1bc9_green_preprocessed.png,b6fd109b1bc9.png,1.2543011081162658,-1,429175,34727,1235
750e0168399d,750e0168399d_green_preprocessed.png,750e0168399d.png,1.253980541861073,-1,149558,13451,1236
9870ce41cac4,9870ce41cac4_green_preprocessed.png,9870ce41cac4.png,1.25356827233815,-1,116762,9542,1237
573ea80a53be,573ea80a53be_green_preprocessed.png,573ea80a53be.png,1.253263554612367,-1,143273,13288,1238
66460ecab347,66460ecab347_green_preprocessed.png,66460ecab347.png,1.2528574032527524,-1,129585,15142,1239
6294b378d09f,6294b378d09f_green_preprocessed.png,6294b378d09f.png,1.2526715938254043,-1,22839,4059,1240
3c326543fff6,3c326543fff6_green_preprocessed.png,3c326543fff6.png,1.2515303559211612,-1,136914,12980,1241
d516f77d4516,d516f77d4516_green_preprocessed.png,d516f77d4516.png,1.251361787227357,-1,118117,10426,1242
3823acc4e464,3823acc4e464_green_preprocessed.png,3823acc4e464.png,1.2510679790106107,-1,138761,12149,1243
d4bc001f7224,d4bc001f7224_green_preprocessed.png,d4bc001f7224.png,1.2506949819820496,-1,124399,14577,1244
57a5e4274275,57a5e4274275_green_preprocessed.png,57a5e4274275.png,1.250544061136239,-1,137193,10114,1245
ad6b07d5c338,ad6b07d5c338_green_preprocessed.png,ad6b07d5c338.png,1.250226103763748,-1,133785,10281,1246
7aabd768abff,7aabd768abff_green_preprocessed.png,7aabd768abff.png,1.2502103294531104,-1,432008,29040,1247
d91635f380b4,d91635f380b4_green_preprocessed.png,d91635f380b4.png,1.2500079849698855,-1,97504,18491,1248
3f82631e9080,3f82631e9080_green_preprocessed.png,3f82631e9080.png,1.2498658530799904,-1,113003,10306,1249
50915e2329a1,50915e2329a1_green_preprocessed.png,50915e2329a1.png,1.2494780360950863,-1,125862,10046,1250
a73c3d516c59,a73c3d516c59_green_preprocessed.png,a73c3d516c59.png,1.2494725544894676,-1,36449,4019,1251
4731e708ede3,4731e708ede3_green_preprocessed.png,4731e708ede3.png,1.247924945162988,-1,20762,3222,1252
bcb0498ed2c1,bcb0498ed2c1_green_preprocessed.png,bcb0498ed2c1.png,1.24765184416295,-1,441524,36669,1253
810ed108f5b7,810ed108f5b7_green_preprocessed.png,810ed108f5b7.png,1.247241297313529,-1,148964,9029,1254
9287e57326d0,9287e57326d0_green_preprocessed.png,9287e57326d0.png,1.2471815082106916,-1,126238,8997,1255
c5a0e84e955d,c5a0e84e955d_green_preprocessed.png,c5a0e84e955d.png,1.246235170168607,-1,137745,13648,1256
8906c9ed54a2,8906c9ed54a2_green_preprocessed.png,8906c9ed54a2.png,1.245990949484322,-1,142023,9373,1257
daff5427c9b2,daff5427c9b2_green_preprocessed.png,daff5427c9b2.png,1.2457755707721694,-1,137744,12480,1258
afc345cc9145,afc345cc9145_green_preprocessed.png,afc345cc9145.png,1.2456665703793481,-1,396158,27198,1259
dd02d60bef14,dd02d60bef14_green_preprocessed.png,dd02d60bef14.png,1.2454907822890324,-1,137339,9104,1260
3ca8be3b40d6,3ca8be3b40d6_green_preprocessed.png,3ca8be3b40d6.png,1.245183400352148,-1,21773,3242,1261
94145d1f42cf,94145d1f42cf_green_preprocessed.png,94145d1f42cf.png,1.2451058867265483,-1,120956,11011,1262
5288f7441f64,5288f7441f64_green_preprocessed.png,5288f7441f64.png,1.245061899152,-1,16871,2567,1263
85f99e7e4052,85f99e7e4052_green_preprocessed.png,85f99e7e4052.png,1.244729725763971,-1,425062,31287,1264
e087bd4b88f2,e087bd4b88f2_green_preprocessed.png,e087bd4b88f2.png,1.2443078667623013,-1,139425,8177,1265
cb0cc98d7e35,cb0cc98d7e35_green_preprocessed.png,cb0cc98d7e35.png,1.2442815438660069,-1,272070,30692,1266
aa6242f9e08c,aa6242f9e08c_green_preprocessed.png,aa6242f9e08c.png,1.244131719793295,-1,139084,13260,1267
30db694bee42,30db694bee42_green_preprocessed.png,30db694bee42.png,1.2433746223511362,-1,139310,10405,1268
318eb706a134,318eb706a134_green_preprocessed.png,318eb706a134.png,1.2429539441871562,-1,128089,10278,1269
6e3526053de0,6e3526053de0_green_preprocessed.png,6e3526053de0.png,1.2429192557617328,-1,42058,5430,1270
bd375ba756b1,bd375ba756b1_green_preprocessed.png,bd375ba756b1.png,1.241618263720866,-1,134765,10439,1271
7ad0c4975890,7ad0c4975890_green_preprocessed.png,7ad0c4975890.png,1.2415838446623333,-1,281370,22247,1272
c947bb6cf9f6,c947bb6cf9f6_green_preprocessed.png,c947bb6cf9f6.png,1.2412152868778092,-1,129918,9294,1273
3cdef7c591cc,3cdef7c591cc_green_preprocessed.png,3cdef7c591cc.png,1.2411847223212502,-1,20971,3014,1274
1b3647865779,1b3647865779_green_preprocessed.png,1b3647865779.png,1.241091274608723,-1,22955,3319,1275
be7f791a7877,be7f791a7877_green_preprocessed.png,be7f791a7877.png,1.240869863070708,-1,134090,11302,1276
5069feccd866,5069feccd866_green_preprocessed.png,5069feccd866.png,1.2401315500384298,-1,152562,15405,1277
936299166bea,936299166bea_green_preprocessed.png,936299166bea.png,1.2400542525870624,-1,20279,3181,1278
1f15ca672675,1f15ca672675_green_preprocessed.png,1f15ca672675.png,1.2397117091704173,-1,137230,16721,1279
500aad15b7c8,500aad15b7c8_green_preprocessed.png,500aad15b7c8.png,1.2394043237887438,-1,134209,9579,1280
3fe282197c1c,3fe282197c1c_green_preprocessed.png,3fe282197c1c.png,1.2383333432471775,-1,143039,11017,1281
b085caa513a8,b085caa513a8_green_preprocessed.png,b085caa513a8.png,1.2379880685234055,-1,36298,4114,1282
47536db39f00,47536db39f00_green_preprocessed.png,47536db39f00.png,1.2379510503985969,-1,471270,36176,1283
388279491b5d,388279491b5d_green_preprocessed.png,388279491b5d.png,1.2367646985920742,-1,155646,13786,1284
4c635a01593d,4c635a01593d_green_preprocessed.png,4c635a01593d.png,1.236721710368295,-1,141038,9837,1285
7179f85bfd6f,7179f85bfd6f_green_preprocessed.png,7179f85bfd6f.png,1.23664426772795,-1,41743,5014,1286
1d29cb2f4296,1d29cb2f4296_green_preprocessed.png,1d29cb2f4296.png,1.2365977416113583,-1,443551,34565,1287
36e4b704b905,36e4b704b905_green_preprocessed.png,36e4b704b905.png,1.2362154400485283,-1,38428,4746,1288
2d558de2cabe,2d558de2cabe_green_preprocessed.png,2d558de2cabe.png,1.2361956810373755,-1,147797,16416,1289
6c6505a0c637,6c6505a0c637_green_preprocessed.png,6c6505a0c637.png,1.2360742517424184,-1,154195,14172,1290
7d48f8cdfb69,7d48f8cdfb69_green_preprocessed.png,7d48f8cdfb69.png,1.2358198553535755,-1,125655,10331,1291
1f5496352859,1f5496352859_green_preprocessed.png,1f5496352859.png,1.2354633507290123,-1,135658,10097,1292
8e4a354e3da2,8e4a354e3da2_green_preprocessed.png,8e4a354e3da2.png,1.2353128430928086,-1,138332,11704,1293
e03a74e7d74f,e03a74e7d74f_green_preprocessed.png,e03a74e7d74f.png,1.235186231146243,-1,132923,18671,1294
4dd7b322f342,4dd7b322f342_green_preprocessed.png,4dd7b322f342.png,1.2323578079860353,-1,39644,4882,1295
1f4fb37e0854,1f4fb37e0854_green_preprocessed.png,1f4fb37e0854.png,1.2323245506601168,-1,41642,5328,1296
b7aca95b97b9,b7aca95b97b9_green_preprocessed.png,b7aca95b97b9.png,1.2315077929430154,-1,40242,4759,1297
c5b58cc992af,c5b58cc992af_green_preprocessed.png,c5b58cc992af.png,1.231292469762153,-1,21624,3202,1298
54f57cf26126,54f57cf26126_green_preprocessed.png,54f57cf26126.png,1.2311458115378655,-1,123807,11596,1299
76bc31e0d3be,76bc31e0d3be_green_preprocessed.png,76bc31e0d3be.png,1.2307747455151732,-1,142345,9853,1300
898f0bc8acfa,898f0bc8acfa_green_preprocessed.png,898f0bc8acfa.png,1.2304769817187569,-1,136222,10352,1301
cb02bb47fdc5,cb02bb47fdc5_green_preprocessed.png,cb02bb47fdc5.png,1.2301908878074792,-1,341027,26762,1302
bb08949dd70a,bb08949dd70a_green_preprocessed.png,bb08949dd70a.png,1.229752579929944,-1,41660,4768,1303
66366a90d1ef,66366a90d1ef_green_preprocessed.png,66366a90d1ef.png,1.2291224102352218,-1,413989,30049,1304
6d9effbcde78,6d9effbcde78_green_preprocessed.png,6d9effbcde78.png,1.2288291126021358,-1,418850,34085,1305
2d3f4094c08a,2d3f4094c08a_green_preprocessed.png,2d3f4094c08a.png,1.2284279895880261,-1,154456,12661,1306
67d8f94f04e0,67d8f94f04e0_green_preprocessed.png,67d8f94f04e0.png,1.2277356292249182,-1,139786,10354,1307
de2eb5c8aa83,de2eb5c8aa83_green_preprocessed.png,de2eb5c8aa83.png,1.2276563182866902,-1,140457,14342,1308
66b88a4bc474,66b88a4bc474_green_preprocessed.png,66b88a4bc474.png,1.2275741177105155,-1,129832,10283,1309
26d60db3bbfd,26d60db3bbfd_green_preprocessed.png,26d60db3bbfd.png,1.2275311850701325,-1,39687,4382,1310
2a7373eeb352,2a7373eeb352_green_preprocessed.png,2a7373eeb352.png,1.2271847481995681,-1,41812,4679,1311
c373b73a80c8,c373b73a80c8_green_preprocessed.png,c373b73a80c8.png,1.2267812279879216,-1,143676,10091,1312
5d4e5fd34d91,5d4e5fd34d91_green_preprocessed.png,5d4e5fd34d91.png,1.2266739858713762,-1,143477,12715,1313
bed8296c8dfe,bed8296c8dfe_green_preprocessed.png,bed8296c8dfe.png,1.2258419351247163,-1,134963,9637,1314
c80b0f27541a,c80b0f27541a_green_preprocessed.png,c80b0f27541a.png,1.2248100120742136,-1,464854,38258,1315
7c3747c0b2c3,7c3747c0b2c3_green_preprocessed.png,7c3747c0b2c3.png,1.2231213477206135,-1,126256,9034,1316
ad1aa75d5630,ad1aa75d5630_green_preprocessed.png,ad1aa75d5630.png,1.2227955491390228,-1,131839,9075,1317
5db895d3f1fc,5db895d3f1fc_green_preprocessed.png,5db895d3f1fc.png,1.2213165576996734,-1,136024,10103,1318
e2ec22b3d07e,e2ec22b3d07e_green_preprocessed.png,e2ec22b3d07e.png,1.2199468448597182,-1,39233,4799,1319
a6b6d27c1b32,a6b6d27c1b32_green_preprocessed.png,a6b6d27c1b32.png,1.2186051293295845,-1,143081,8990,1320
65a3b13ad9a0,65a3b13ad9a0_green_preprocessed.png,65a3b13ad9a0.png,1.2182535492404787,-1,305152,28053,1321
5511f114e7ee,5511f114e7ee_green_preprocessed.png,5511f114e7ee.png,1.2181431847171678,-1,144573,9139,1322
cd01f4f83336,cd01f4f83336_green_preprocessed.png,cd01f4f83336.png,1.2175849590679475,-1,136984,11217,1323
7569ac24762e,7569ac24762e_green_preprocessed.png,7569ac24762e.png,1.2175414549601773,-1,131935,14842,1324
5fcff7280019,5fcff7280019_green_preprocessed.png,5fcff7280019.png,1.2169682996880096,-1,42578,5740,1325
bb85097857fa,bb85097857fa_green_preprocessed.png,bb85097857fa.png,1.2161095810270386,-1,153402,13353,1326
7da558d92100,7da558d92100_green_preprocessed.png,7da558d92100.png,1.215227313200565,-1,20866,2572,1327
76b950c6ed5e,76b950c6ed5e_green_preprocessed.png,76b950c6ed5e.png,1.2143631790336527,-1,149011,13446,1328
bc34f52c37c7,bc34f52c37c7_green_preprocessed.png,bc34f52c37c7.png,1.214251668734374,-1,141036,10400,1329
4e85aa647534,4e85aa647534_green_preprocessed.png,4e85aa647534.png,1.2140863509049744,-1,18957,2719,1330
894a37fc3738,894a37fc3738_green_preprocessed.png,894a37fc3738.png,1.213799358736839,-1,143879,15504,1331
8f06ca4642bd,8f06ca4642bd_green_preprocessed.png,8f06ca4642bd.png,1.2133894051819298,-1,21078,2775,1332
289a47dcbb82,289a47dcbb82_green_preprocessed.png,289a47dcbb82.png,1.2133428328685865,-1,143111,10461,1333
4704dbb59536,4704dbb59536_green_preprocessed.png,4704dbb59536.png,1.2119540346153663,-1,134923,9168,1334
6b30767595d8,6b30767595d8_green_preprocessed.png,6b30767595d8.png,1.2117862224374065,-1,146619,9942,1335
5baed382f062,5baed382f062_green_preprocessed.png,5baed382f062.png,1.2100963195111953,-1,20091,2845,1336
d2afca74cbc3,d2afca74cbc3_green_preprocessed.png,d2afca74cbc3.png,1.209761514904964,-1,20015,3021,1337
2ef955d6d9ff,2ef955d6d9ff_green_preprocessed.png,2ef955d6d9ff.png,1.2082985444185461,-1,20508,3483,1338
e2c3b037413b,e2c3b037413b_green_preprocessed.png,e2c3b037413b.png,1.2078882061246916,-1,329272,25194,1339
a8b637abd96b,a8b637abd96b_green_preprocessed.png,a8b637abd96b.png,1.2078882061246916,-1,329272,25194,1340
51e656e5a541,51e656e5a541_green_preprocessed.png,51e656e5a541.png,1.2077654404308262,-1,23430,3318,1341
99c626e58464,99c626e58464_green_preprocessed.png,99c626e58464.png,1.2071336239460173,-1,137612,9706,1342
a07efb1ecfc0,a07efb1ecfc0_green_preprocessed.png,a07efb1ecfc0.png,1.2070874936834026,-1,122412,8788,1343
98277aeb96a7,98277aeb96a7_green_preprocessed.png,98277aeb96a7.png,1.2068790866534802,-1,128582,13132,1344
b6d9974443ce,b6d9974443ce_green_preprocessed.png,b6d9974443ce.png,1.2062211869135138,-1,144814,11814,1345
aeb6f4fd2eed,aeb6f4fd2eed_green_preprocessed.png,aeb6f4fd2eed.png,1.205454023634515,-1,141208,11096,1346
e1ab92228e60,e1ab92228e60_green_preprocessed.png,e1ab92228e60.png,1.2049036166816725,-1,279489,22506,1347
4a96c28f3f07,4a96c28f3f07_green_preprocessed.png,4a96c28f3f07.png,1.2043478716785763,-1,18796,2416,1348
d29b37d110f3,d29b37d110f3_green_preprocessed.png,d29b37d110f3.png,1.2030809408745053,-1,16286,1555,1349
3d2ecffe0386,3d2ecffe0386_green_preprocessed.png,3d2ecffe0386.png,1.201245169009166,-1,20483,3077,1350
a06e5ac695ce,a06e5ac695ce_green_preprocessed.png,a06e5ac695ce.png,1.200991051895251,-1,133237,13184,1351
904b03ad5594,904b03ad5594_green_preprocessed.png,904b03ad5594.png,1.200409057929234,-1,471078,37855,1352
d7a01fca9838,d7a01fca9838_green_preprocessed.png,d7a01fca9838.png,1.2003110671074877,-1,20924,2696,1353
ab03d50bba2f,ab03d50bba2f_green_preprocessed.png,ab03d50bba2f.png,1.200204871051058,-1,120851,11587,1354
d56d32a1d62d,d56d32a1d62d_green_preprocessed.png,d56d32a1d62d.png,1.1996570844839154,-1,125157,10015,1355
767d777ee889,767d777ee889_green_preprocessed.png,767d777ee889.png,1.197171040166374,-1,129818,8787,1356
484dbeb9bf2a,484dbeb9bf2a_green_preprocessed.png,484dbeb9bf2a.png,1.1967264242613587,-1,134032,8830,1357
54b322c66d01,54b322c66d01_green_preprocessed.png,54b322c66d01.png,1.196492012879159,-1,128204,11404,1358
27f82ada84ac,27f82ada84ac_green_preprocessed.png,27f82ada84ac.png,1.194884988564512,-1,38133,4355,1359
33b978734eab,33b978734eab_green_preprocessed.png,33b978734eab.png,1.194138556901946,-1,140131,12875,1360
a8854768549f,a8854768549f_green_preprocessed.png,a8854768549f.png,1.1932103562265801,-1,131739,8608,1361
a9b3177f01c0,a9b3177f01c0_green_preprocessed.png,a9b3177f01c0.png,1.1930343565224,-1,20870,2544,1362
4c389d033cb0,4c389d033cb0_green_preprocessed.png,4c389d033cb0.png,1.1929109458319573,-1,148791,13146,1363
d6f36ec5564a,d6f36ec5564a_green_preprocessed.png,d6f36ec5564a.png,1.191871257351723,-1,115740,11720,1364
d51c2153d151,d51c2153d151_green_preprocessed.png,d51c2153d151.png,1.1916919523165972,-1,326383,22653,1365
7b691d9ced34,7b691d9ced34_green_preprocessed.png,7b691d9ced34.png,1.1916919523165972,-1,326383,22653,1366
482088e6be44,482088e6be44_green_preprocessed.png,482088e6be44.png,1.1916238853676528,-1,155191,15792,1367
b532dedd928c,b532dedd928c_green_preprocessed.png,b532dedd928c.png,1.1889445566055497,-1,131649,9343,1368
dea7538bb91a,dea7538bb91a_green_preprocessed.png,dea7538bb91a.png,1.1883170749705418,-1,37720,4073,1369
628b581aa905,628b581aa905_green_preprocessed.png,628b581aa905.png,1.1877465362753135,-1,151826,10930,1370
3286073a976e,3286073a976e_green_preprocessed.png,3286073a976e.png,1.1867266798623604,-1,37682,3569,1371
4036471a1bb7,4036471a1bb7_green_preprocessed.png,4036471a1bb7.png,1.1841711523307457,-1,100651,12009,1372
b9519abce0c1,b9519abce0c1_green_preprocessed.png,b9519abce0c1.png,1.1812210238660286,-1,14935,2003,1373
91f3c4c1e72b,91f3c4c1e72b_green_preprocessed.png,91f3c4c1e72b.png,1.1795857972304467,-1,466629,41206,1374
4ec7796df40e,4ec7796df40e_green_preprocessed.png,4ec7796df40e.png,1.179238373827617,-1,116526,9173,1375
61d9c88a3a4b,61d9c88a3a4b_green_preprocessed.png,61d9c88a3a4b.png,1.1772476192459809,-1,150265,11822,1376
c3b15bf9b4bc,c3b15bf9b4bc_green_preprocessed.png,c3b15bf9b4bc.png,1.1769027843980095,-1,126445,10515,1377
3ac92ac3d65a,3ac92ac3d65a_green_preprocessed.png,3ac92ac3d65a.png,1.1743878890628163,-1,136186,9035,1378
9858cc2ae073,9858cc2ae073_green_preprocessed.png,9858cc2ae073.png,1.1743014469281103,-1,137044,9840,1379
5d9c841eb245,5d9c841eb245_green_preprocessed.png,5d9c841eb245.png,1.1733305524755047,-1,136925,8716,1380
a62e995f167c,a62e995f167c_green_preprocessed.png,a62e995f167c.png,1.1722880592892393,-1,104955,11606,1381
a8aed92940fb,a8aed92940fb_green_preprocessed.png,a8aed92940fb.png,1.1715364654682514,-1,19499,2738,1382
8a7765e785fb,8a7765e785fb_green_preprocessed.png,8a7765e785fb.png,1.1714486227110334,-1,123255,7884,1383
87d46b1cc4e9,87d46b1cc4e9_green_preprocessed.png,87d46b1cc4e9.png,1.170972413356225,-1,137619,20215,1384
a8263d248523,a8263d248523_green_preprocessed.png,a8263d248523.png,1.1705613835689368,-1,477104,35131,1385
50d8249f7bc9,50d8249f7bc9_green_preprocessed.png,50d8249f7bc9.png,1.1697428545135242,-1,138376,9359,1386
6b664ed2a938,6b664ed2a938_green_preprocessed.png,6b664ed2a938.png,1.1692764262743585,-1,140008,10416,1387
c23ff6dcf15e,c23ff6dcf15e_green_preprocessed.png,c23ff6dcf15e.png,1.167679838274536,-1,148715,9554,1388
a02dfd67a925,a02dfd67a925_green_preprocessed.png,a02dfd67a925.png,1.166080471981267,-1,40348,5099,1389
b64e1eef3d63,b64e1eef3d63_green_preprocessed.png,b64e1eef3d63.png,1.1640864436558866,-1,150190,10419,1390
2cf18033da31,2cf18033da31_green_preprocessed.png,2cf18033da31.png,1.1638504800926872,-1,140809,9388,1391
1ee355480567,1ee355480567_green_preprocessed.png,1ee355480567.png,1.163130597858354,-1,145471,15449,1392
5a27b9b2a9c1,5a27b9b2a9c1_green_preprocessed.png,5a27b9b2a9c1.png,1.1618711627120015,-1,40081,3890,1393
29f9e1ac9507,29f9e1ac9507_green_preprocessed.png,29f9e1ac9507.png,1.1600893862157038,-1,17442,2139,1394
9f935fb38440,9f935fb38440_green_preprocessed.png,9f935fb38440.png,1.154184662107019,-1,18824,2455,1395
38373431d996,38373431d996_green_preprocessed.png,38373431d996.png,1.153395159677461,-1,145167,10794,1396
8a87dd2a784e,8a87dd2a784e_green_preprocessed.png,8a87dd2a784e.png,1.1532978440183022,-1,19688,2461,1397
2585bbc91909,2585bbc91909_green_preprocessed.png,2585bbc91909.png,1.1509923571527887,-1,149446,15133,1398
b963a11638f2,b963a11638f2_green_preprocessed.png,b963a11638f2.png,1.1507899714647996,-1,39451,3898,1399
ddb222ff7c1d,ddb222ff7c1d_green_preprocessed.png,ddb222ff7c1d.png,1.1503557187780582,-1,145683,9990,1400
4982378d72f9,4982378d72f9_green_preprocessed.png,4982378d72f9.png,1.1494357379869515,-1,139813,8999,1401
6cffc6c6851a,6cffc6c6851a_green_preprocessed.png,6cffc6c6851a.png,1.1493532021677786,-1,19254,2567,1402
720b5f62ce80,720b5f62ce80_green_preprocessed.png,720b5f62ce80.png,1.1479552980801966,-1,139938,15341,1403
d1f7ea924a01,d1f7ea924a01_green_preprocessed.png,d1f7ea924a01.png,1.147471423001396,-1,151418,11968,1404
ab724603ee93,ab724603ee93_green_preprocessed.png,ab724603ee93.png,1.1453841929949042,-1,155536,15583,1405
dee1031a76ae,dee1031a76ae_green_preprocessed.png,dee1031a76ae.png,1.1420646635654468,-1,39417,4912,1406
2399d68d407f,2399d68d407f_green_preprocessed.png,2399d68d407f.png,1.1387084224213662,-1,139341,10827,1407
598b8f5b3822,598b8f5b3822_green_preprocessed.png,598b8f5b3822.png,1.134722082047682,-1,21088,2920,1408
b74de20d73de,b74de20d73de_green_preprocessed.png,b74de20d73de.png,1.1329205094920183,-1,138386,9938,1409
5ca73d28f17f,5ca73d28f17f_green_preprocessed.png,5ca73d28f17f.png,1.1327029226730712,-1,130362,8974,1410
e47452069ea1,e47452069ea1_green_preprocessed.png,e47452069ea1.png,1.1319297005131828,-1,145644,11252,1411
ace2281f00c4,ace2281f00c4_green_preprocessed.png,ace2281f00c4.png,1.1259378599545065,-1,134167,9291,1412
9be0683649ff,9be0683649ff_green_preprocessed.png,9be0683649ff.png,1.1251790008975617,-1,140083,9912,1413
962c0fc85e13,962c0fc85e13_green_preprocessed.png,962c0fc85e13.png,1.1241936296228239,-1,130151,8101,1414
aebe87a423c8,aebe87a423c8_green_preprocessed.png,aebe87a423c8.png,1.1209208362699494,-1,18194,2025,1415
de4cdabbce6d,de4cdabbce6d_green_preprocessed.png,de4cdabbce6d.png,1.1166835827116508,-1,134693,8799,1416
76cab26493f1,76cab26493f1_green_preprocessed.png,76cab26493f1.png,1.114605351876498,-1,38045,3509,1417
4c5ab774a381,4c5ab774a381_green_preprocessed.png,4c5ab774a381.png,1.1098134596220146,-1,108396,9524,1418
bab776139279,bab776139279_green_preprocessed.png,bab776139279.png,1.1055572172221337,-1,123858,9055,1419
beeca5f14618,beeca5f14618_green_preprocessed.png,beeca5f14618.png,1.0994938801821221,-1,40920,5024,1420
a2dff8dbc9f8,a2dff8dbc9f8_green_preprocessed.png,a2dff8dbc9f8.png,1.0994037404864794,-1,133582,11590,1421
3f0d3629d69e,3f0d3629d69e_green_preprocessed.png,3f0d3629d69e.png,1.0986529844192254,-1,147082,10540,1422
684dd88a0d49,684dd88a0d49_green_preprocessed.png,684dd88a0d49.png,1.098275306022643,-1,38715,3883,1423
dc0f6e5b489b,dc0f6e5b489b_green_preprocessed.png,dc0f6e5b489b.png,1.0973918638107854,-1,142130,11389,1424
cd314653a4d8,cd314653a4d8_green_preprocessed.png,cd314653a4d8.png,1.0817787707851,-1,126110,8323,1425
5d3c8c1f57da,5d3c8c1f57da_green_preprocessed.png,5d3c8c1f57da.png,1.074442543840579,-1,37552,4308,1426
8433a032b96c,8433a032b96c_green_preprocessed.png,8433a032b96c.png,1.0653245651484693,-1,131857,10908,1427
d160ebef4117,d160ebef4117_green_preprocessed.png,d160ebef4117.png,1.0586214423656337,-1,34276,3231,1428
5056fa7d505f,5056fa7d505f_green_preprocessed.png,5056fa7d505f.png,1.048831684853175,-1,35719,3507,1429
af87d48ffe01,af87d48ffe01_green_preprocessed.png,af87d48ffe01.png,1.0481226404483068,-1,142546,9334,1430
387138ddf43d,387138ddf43d_green_preprocessed.png,387138ddf43d.png,1.048089449612189,-1,38796,4106,1431
ad12cde115ab,ad12cde115ab_green_preprocessed.png,ad12cde115ab.png,1.0250806163268398,-1,146788,11789,1432
525d0dd8dc45,525d0dd8dc45_green_preprocessed.png,525d0dd8dc45.png,0.9581006773036568,-1,36981,3753,1433
77e15f213b04,77e15f213b04_green_preprocessed.png,77e15f213b04.png,0.8203103211212749,-1,120890,10109,1434
