image,green_output,color_output,mask_output,before_mean,before_std,before_min,before_max,before_dark_ratio,after_mean,after_std,after_min,after_max,after_dark_ratio,noise_std,pre_denoise_h,brightness_scale,clahe_clip_limit,is_dark,is_noisy,touches_border
1b3647865779.png,preprocessed_green_images/1b3647865779_green_preprocessed.png,preprocessed_images/1b3647865779_preprocessed.png,fundus_masks/1b3647865779_fundus_mask.png,68.90549410869575,17.70965006782945,0.0,255.0,0.0005889154927761133,124.03910054979775,20.094589601879647,8.0,255.0,3.4389225855539456e-05,14.378113312345592,11.626312515276393,1.8320872783660889,1.0,True,True,False
1b398c0494d1.png,preprocessed_green_images/1b398c0494d1_green_preprocessed.png,preprocessed_images/1b398c0494d1_preprocessed.png,fundus_masks/1b398c0494d1_fundus_mask.png,71.52025430560815,14.246203058912672,0.0,221.0,0.0008677429622212361,127.06840068118403,16.490892921779675,1.0,254.0,0.0005215750870647055,19.034219785924297,12.0,1.6854642629623413,1.0,True,True,False
1b862fb6f65d.png,preprocessed_green_images/1b862fb6f65d_green_preprocessed.png,preprocessed_images/1b862fb6f65d_preprocessed.png,fundus_masks/1b862fb6f65d_fundus_mask.png,73.77918006739203,20.64766589880068,0.0,253.0,0.0005439716204891328,126.04023995192593,17.56116715959332,2.0,255.0,0.0007601654696578906,21.429914749893637,12.0,1.6923902034759521,1.0,True,True,False
1b8701231c8f.png,preprocessed_green_images/1b8701231c8f_green_preprocessed.png,preprocessed_images/1b8701231c8f_preprocessed.png,fundus_masks/1b8701231c8f_fundus_mask.png,35.16542769857434,13.62115643092202,0.0,174.0,0.30744399185336047,94.46728105906314,18.75582608033112,1.0,255.0,0.002074847250509165,6.784749874088607,11.588084154206612,2.8,1.0,True,True,False
1c13a1483f4a.png,preprocessed_green_images/1c13a1483f4a_green_preprocessed.png,preprocessed_images/1c13a1483f4a_preprocessed.png,fundus_masks/1c13a1483f4a_fundus_mask.png,80.96828640647277,12.366747626887141,0.0,170.0,0.0008067787965549618,126.11150123451065,12.499051817415271,5.0,206.0,0.00044396017109274476,18.98850195027648,12.0,1.531070351600647,1.0,True,True,False
1c47815f4a6b.png,preprocessed_green_images/1c47815f4a6b_green_preprocessed.png,preprocessed_images/1c47815f4a6b_preprocessed.png,fundus_masks/1c47815f4a6b_fundus_mask.png,60.74334025170222,25.845881248804265,7.0,255.0,0.11751724231333101,124.61313361480825,15.527107998682366,1.0,255.0,0.0006460153919600202,9.508644500150119,10.404049777686517,1.9524502754211426,1.0,True,True,False
1c7a013eeba7.png,preprocessed_green_images/1c7a013eeba7_green_preprocessed.png,preprocessed_images/1c7a013eeba7_preprocessed.png,fundus_masks/1c7a013eeba7_fundus_mask.png,81.2429624914035,12.321485350176374,0.0,184.0,0.0006598390364491366,125.0566381201093,10.85176637472345,1.0,214.0,0.00042169290533633204,21.019789155609523,12.0,1.491222858428955,1.0,True,True,False
1c9c583c10bf.png,preprocessed_green_images/1c9c583c10bf_green_preprocessed.png,preprocessed_images/1c9c583c10bf_preprocessed.png,fundus_masks/1c9c583c10bf_fundus_mask.png,65.83837775050408,13.39438590966495,0.0,187.0,2.8548951936253364e-05,124.92267386600102,12.498325907774436,2.0,212.0,2.191636714298238e-05,12.21404021153456,11.033315840124573,1.8715298175811768,1.0,True,True,False
1ca35d483772.png,preprocessed_green_images/1ca35d483772_green_preprocessed.png,preprocessed_images/1ca35d483772_preprocessed.png,fundus_masks/1ca35d483772_fundus_mask.png,86.89135930458822,12.640323193229156,0.0,210.0,0.001074984518831363,124.74978488713242,10.677552817759242,1.0,221.0,0.0008349394321020296,22.562868527840806,12.0,1.3928403854370117,1.0,True,True,False
1ca62b3e4fd3.png,preprocessed_green_images/1ca62b3e4fd3_green_preprocessed.png,preprocessed_images/1ca62b3e4fd3_preprocessed.png,fundus_masks/1ca62b3e4fd3_fundus_mask.png,45.1051613425812,17.795585951841453,5.0,216.0,0.12188245982119458,125.08253808231275,16.226953617468652,1.0,242.0,0.0007887656581795773,8.884599219400473,11.544492012864083,2.638845920562744,1.0,True,True,False
1ca91751be4d.png,preprocessed_green_images/1ca91751be4d_green_preprocessed.png,preprocessed_images/1ca91751be4d_preprocessed.png,fundus_masks/1ca91751be4d_fundus_mask.png,92.78531335099387,13.989951272927897,0.0,185.0,0.0011439210092439932,125.7402268853856,11.83909332137796,3.0,200.0,0.0007977343880254163,19.70864474390557,11.883457897562227,1.3136156797409058,1.0,False,True,False
1caba2fb38f6.png,preprocessed_green_images/1caba2fb38f6_green_preprocessed.png,preprocessed_images/1caba2fb38f6_preprocessed.png,fundus_masks/1caba2fb38f6_fundus_mask.png,53.0207835323048,15.779171612320258,0.0,177.0,0.04179156910027208,125.79676992710002,17.03997417659611,1.0,255.0,8.840591342501957e-05,21.173074122228957,12.0,2.3879001140594482,1.0,True,True,False
1cb6961d141c.png,preprocessed_green_images/1cb6961d141c_green_preprocessed.png,preprocessed_images/1cb6961d141c_preprocessed.png,fundus_masks/1cb6961d141c_fundus_mask.png,99.03268546682477,14.39387337723894,0.0,220.0,5.585056108332904e-05,122.77886614768607,10.447411907045266,3.0,226.0,6.444295509614889e-05,15.399320552445273,10.15972822097811,1.25910484790802,1.0,False,True,False
1cc58b15f466.png,preprocessed_green_images/1cc58b15f466_green_preprocessed.png,preprocessed_images/1cc58b15f466_preprocessed.png,fundus_masks/1cc58b15f466_fundus_mask.png,63.900454356616784,16.797094138310158,13.0,221.0,0.011572775433831098,125.31758288856808,15.325051042952333,7.0,238.0,0.00045490469472606515,9.801170950541161,10.240427992961639,1.8301211595535278,1.0,True,True,False
1d0b93317aa8.png,preprocessed_green_images/1d0b93317aa8_green_preprocessed.png,preprocessed_images/1d0b93317aa8_preprocessed.png,fundus_masks/1d0b93317aa8_fundus_mask.png,37.55487971244467,14.576060426649095,0.0,239.0,0.20654329551115594,107.29828707480593,17.729126907475703,2.0,255.0,0.0036093732395991274,25.917147440617274,12.0,2.8,1.0,True,True,False
1d2472849dce.png,preprocessed_green_images/1d2472849dce_green_preprocessed.png,preprocessed_images/1d2472849dce_preprocessed.png,fundus_masks/1d2472849dce_fundus_mask.png,37.40369031234692,16.814327949551767,0.0,164.0,0.3810235834752385,105.26070120599968,22.20039741676403,1.0,245.0,0.0065945088525507945,21.040745639674544,12.0,2.8,1.0,True,True,False
1d29cb2f4296.png,preprocessed_green_images/1d29cb2f4296_green_preprocessed.png,preprocessed_images/1d29cb2f4296_preprocessed.png,fundus_masks/1d29cb2f4296_fundus_mask.png,58.152143389425234,13.284046422060944,13.0,222.0,0.009670672730450889,125.16254742898849,12.961162304602793,12.0,253.0,0.00010689456822261056,9.49290447809293,10.628082378843818,2.064600944519043,1.0,True,True,False
1d37f1c8b6d8.png,preprocessed_green_images/1d37f1c8b6d8_green_preprocessed.png,preprocessed_images/1d37f1c8b6d8_preprocessed.png,fundus_masks/1d37f1c8b6d8_fundus_mask.png,97.61516948075212,9.273887876329105,0.0,171.0,0.0011152330432571739,122.36078771278993,7.163341021875119,4.0,187.0,0.0008170671104485201,19.320920093761448,11.728368037504579,1.2404577732086182,1.0,False,True,False
1d3e9b939732.png,preprocessed_green_images/1d3e9b939732_green_preprocessed.png,preprocessed_images/1d3e9b939732_preprocessed.png,fundus_masks/1d3e9b939732_fundus_mask.png,91.84047748173694,13.096708679669824,0.0,178.0,0.0008807060481329031,125.50496555975822,12.776507088724767,1.0,195.0,0.0008540531019394075,20.8761613493345,12.0,1.3291815519332886,1.0,False,True,False
1d46f1326394.png,preprocessed_green_images/1d46f1326394_green_preprocessed.png,preprocessed_images/1d46f1326394_preprocessed.png,fundus_masks/1d46f1326394_fundus_mask.png,81.19717972318219,17.968208909576695,0.0,250.0,0.0015849585236383423,124.37842650319249,15.80403622582614,1.0,245.0,0.0015120203300742696,21.053857872661368,12.0,1.5163722038269043,1.0,True,True,False
1d74c4713e21.png,preprocessed_green_images/1d74c4713e21_green_preprocessed.png,preprocessed_images/1d74c4713e21_preprocessed.png,fundus_masks/1d74c4713e21_fundus_mask.png,80.2832794658658,27.319057534920855,0.0,255.0,3.249650324084919e-05,123.77098427846254,15.526737595286487,1.0,239.0,0.0009241193109116488,21.01121576909534,12.0,1.631857991218567,1.0,True,True,False
1da4a17c18c9.png,preprocessed_green_images/1da4a17c18c9_green_preprocessed.png,preprocessed_images/1da4a17c18c9_preprocessed.png,fundus_masks/1da4a17c18c9_fundus_mask.png,88.03854840788665,17.458251478489583,0.0,253.0,0.0006398413286403895,128.028314430338,15.608876291075884,7.0,254.0,0.0004203676242610181,20.838251331143226,12.0,1.4129472970962524,1.0,True,True,False
1db0393cdbc1.png,preprocessed_green_images/1db0393cdbc1_green_preprocessed.png,preprocessed_images/1db0393cdbc1_preprocessed.png,fundus_masks/1db0393cdbc1_fundus_mask.png,83.3204305144071,26.48754392016368,0.0,255.0,6.449976135088301e-05,125.27267059111881,21.54678189655127,5.0,255.0,0.0006664975339591244,22.375180745544867,12.0,1.5372955799102783,1.0,True,True,False
1db6bb46c102.png,preprocessed_green_images/1db6bb46c102_green_preprocessed.png,preprocessed_images/1db6bb46c102_preprocessed.png,fundus_masks/1db6bb46c102_fundus_mask.png,92.17938930854896,14.416180771066962,0.0,193.0,0.0008631681286770208,125.79372718086273,14.240352829847886,1.0,214.0,0.000676380401906859,20.641322640057783,12.0,1.316075325012207,1.0,False,True,False
1df0431bfa73.png,preprocessed_green_images/1df0431bfa73_green_preprocessed.png,preprocessed_images/1df0431bfa73_preprocessed.png,fundus_masks/1df0431bfa73_fundus_mask.png,98.3386220363376,10.915951792877367,0.0,244.0,1.7567448868588725e-05,122.99333045046993,7.789960635938147,1.0,185.0,3.175654218552577e-05,19.416996199894566,11.766798479957826,1.249509334564209,1.0,False,True,False
1df0a4c23c95.png,preprocessed_green_images/1df0a4c23c95_green_preprocessed.png,preprocessed_images/1df0a4c23c95_preprocessed.png,fundus_masks/1df0a4c23c95_fundus_mask.png,70.3074892973196,11.882578390218974,0.0,189.0,4.2982652201571446e-05,122.37906830803088,11.615124751555587,7.0,250.0,3.4386121761257156e-05,14.350381533308285,11.490598009117127,1.6767945289611816,1.0,True,True,False
1df1530b9b8d.png,preprocessed_green_images/1df1530b9b8d_green_preprocessed.png,preprocessed_images/1df1530b9b8d_preprocessed.png,fundus_masks/1df1530b9b8d_fundus_mask.png,78.60537677611747,16.06930473784296,0.0,228.0,0.0008662854700934102,127.12405068582868,15.727390912052865,3.0,244.0,0.0004656574711896213,22.571619909274343,12.0,1.5491654872894287,1.0,True,True,False
1dfe599d12a9.png,preprocessed_green_images/1dfe599d12a9_green_preprocessed.png,preprocessed_images/1dfe599d12a9_preprocessed.png,fundus_masks/1dfe599d12a9_fundus_mask.png,87.58491068361388,29.35609906157981,0.0,255.0,4.723462727585022e-05,122.30846788045345,18.133434071211095,2.0,255.0,6.870491240123669e-05,14.190900235222493,9.891034699989984,1.4380587339401245,1.0,True,True,False
1e036f2e7095.png,preprocessed_green_images/1e036f2e7095_green_preprocessed.png,preprocessed_images/1e036f2e7095_preprocessed.png,fundus_masks/1e036f2e7095_fundus_mask.png,41.02105025633461,12.226188163767388,11.0,245.0,0.11219479323336327,123.60975195378865,16.81580515561245,1.0,255.0,0.0020220538201715455,9.049149134977728,11.973344075650237,2.8,1.0,True,True,False
1e742358e0b9.png,preprocessed_green_images/1e742358e0b9_green_preprocessed.png,preprocessed_images/1e742358e0b9_preprocessed.png,fundus_masks/1e742358e0b9_fundus_mask.png,89.50154193824348,44.2877127712639,2.0,253.0,0.0369636769286277,124.44324080811353,19.138726052693432,0.0,255.0,0.008273651699345137,18.628604543425546,11.495749200637466,1.4395698308944702,1.0,True,True,False
1e7ccd4a1c87.png,preprocessed_green_images/1e7ccd4a1c87_green_preprocessed.png,preprocessed_images/1e7ccd4a1c87_preprocessed.png,fundus_masks/1e7ccd4a1c87_fundus_mask.png,64.14899023209564,22.3938500364276,12.0,255.0,0.004030920375956292,126.94332016717934,19.876478146046548,7.0,255.0,0.0008705613532112604,10.38507820250908,10.451898815928462,1.9121307134628296,1.0,True,True,False
1e8c31e29dd3.png,preprocessed_green_images/1e8c31e29dd3_green_preprocessed.png,preprocessed_images/1e8c31e29dd3_preprocessed.png,fundus_masks/1e8c31e29dd3_fundus_mask.png,90.97871077478479,15.357640139032966,0.0,226.0,0.000775247616402851,123.90716814773674,11.147532995810069,1.0,225.0,0.0006676386189021568,20.782531450633968,12.0,1.341604471206665,1.0,False,True,False
1ec95179cdfe.png,preprocessed_green_images/1ec95179cdfe_green_preprocessed.png,preprocessed_images/1ec95179cdfe_preprocessed.png,fundus_masks/1ec95179cdfe_fundus_mask.png,44.54931739832265,22.227144659080246,0.0,250.0,0.06184916056033934,115.30579078424084,28.21377068990853,1.0,255.0,0.012312800118137701,10.53013630917663,12.0,2.8,1.0,True,True,False
1ee355480567.png,preprocessed_green_images/1ee355480567_green_preprocessed.png,preprocessed_images/1ee355480567_preprocessed.png,fundus_masks/1ee355480567_fundus_mask.png,71.57416841494639,21.538872159418755,0.0,240.0,0.0006544639784513679,123.69743751660668,10.762426881207555,2.0,252.0,2.028297453878206e-05,21.260611733370233,12.0,1.7580666542053223,1.0,True,True,False
1eee55494271.png,preprocessed_green_images/1eee55494271_green_preprocessed.png,preprocessed_images/1eee55494271_preprocessed.png,fundus_masks/1eee55494271_fundus_mask.png,81.97347077857542,9.55487226015184,0.0,246.0,1.8254516640682152e-05,121.94953437460703,7.096568084861405,2.0,202.0,1.8930609849596305e-05,20.452466205766324,12.0,1.4790115356445312,1.0,True,True,False
1f15ca672675.png,preprocessed_green_images/1f15ca672675_green_preprocessed.png,preprocessed_images/1f15ca672675_preprocessed.png,fundus_masks/1f15ca672675_fundus_mask.png,56.89429442207698,13.413590574492723,0.0,248.0,0.031448232684262806,122.02058130411274,9.03994384501592,63.0,255.0,0.0,23.868575399649867,12.0,2.0006041526794434,1.0,True,True,False
1f31701dd61b.png,preprocessed_green_images/1f31701dd61b_green_preprocessed.png,preprocessed_images/1f31701dd61b_preprocessed.png,fundus_masks/1f31701dd61b_fundus_mask.png,88.12196612232854,10.10106009663553,0.0,164.0,0.0007840977996473302,121.41584481601,5.846730746309067,1.0,178.0,0.0006168236023892331,16.62357195305909,10.816365125905543,1.3532495498657227,1.0,True,True,False
1f3f32efaf20.png,preprocessed_green_images/1f3f32efaf20_green_preprocessed.png,preprocessed_images/1f3f32efaf20_preprocessed.png,fundus_masks/1f3f32efaf20_fundus_mask.png,97.78963565016593,15.277728407092972,0.0,235.0,0.0014243154795253205,124.0734336861585,11.493167849201267,2.0,216.0,0.0010927838147858503,20.898496451095873,12.0,1.2483168840408325,1.0,False,True,False
1f4fb37e0854.png,preprocessed_green_images/1f4fb37e0854_green_preprocessed.png,preprocessed_images/1f4fb37e0854_preprocessed.png,fundus_masks/1f4fb37e0854_fundus_mask.png,38.9263544377282,25.812306361709457,0.0,245.0,0.36018699108329555,99.3793189491427,33.19311132780552,1.0,255.0,0.030826539290024595,11.36470119853165,12.0,2.8,1.0,True,True,False
1f5496352859.png,preprocessed_green_images/1f5496352859_green_preprocessed.png,preprocessed_images/1f5496352859_preprocessed.png,fundus_masks/1f5496352859_fundus_mask.png,84.53141271943007,21.009828500562982,0.0,255.0,0.0004569344370161572,123.07100219599306,14.505798320069346,3.0,242.0,1.7600437573955684e-05,20.622758729871666,12.0,1.466260313987732,1.0,True,True,False
1f9ccda4ddf2.png,preprocessed_green_images/1f9ccda4ddf2_green_preprocessed.png,preprocessed_images/1f9ccda4ddf2_preprocessed.png,fundus_masks/1f9ccda4ddf2_fundus_mask.png,74.56025977377317,19.467241794267323,0.0,255.0,4.730979312717733e-05,123.22192163777902,19.52090067217249,15.0,255.0,3.0106231990021936e-05,20.431279731221423,12.0,1.6868785619735718,1.0,True,True,False
1faf8664816c.png,preprocessed_green_images/1faf8664816c_green_preprocessed.png,preprocessed_images/1faf8664816c_preprocessed.png,fundus_masks/1faf8664816c_fundus_mask.png,92.09355385674851,9.836702762215335,0.0,177.0,0.0008564765250201099,121.53688115230814,7.271403722220942,1.0,190.0,0.0006840238193066013,19.701121243954518,11.880448497581806,1.3116787672042847,1.0,False,True,False
1fb455685328.png,preprocessed_green_images/1fb455685328_green_preprocessed.png,preprocessed_images/1fb455685328_preprocessed.png,fundus_masks/1fb455685328_fundus_mask.png,90.45010916536901,16.20033034929891,0.0,249.0,0.000851060869403898,125.06484063479401,12.765263860154684,3.0,242.0,0.0005797417366511567,20.501799913333887,12.0,1.3590494394302368,1.0,False,True,False
1fddd7c98fd2.png,preprocessed_green_images/1fddd7c98fd2_green_preprocessed.png,preprocessed_images/1fddd7c98fd2_preprocessed.png,fundus_masks/1fddd7c98fd2_fundus_mask.png,44.40499771045209,18.462854444390985,4.0,195.0,0.19423097692558153,123.39495239374325,15.506048418278441,25.0,255.0,6.177196262278174e-06,8.649847013028127,11.512827897615509,2.6410064697265625,1.0,True,True,False
201f6e10c108.png,preprocessed_green_images/201f6e10c108_green_preprocessed.png,preprocessed_images/201f6e10c108_preprocessed.png,fundus_masks/201f6e10c108_fundus_mask.png,94.64603425239888,14.532374990414716,0.0,244.0,0.0009728560439115523,124.71424869717109,12.056207214855206,2.0,231.0,0.0008109061673983331,21.853973977273984,12.0,1.275854468345642,1.0,False,True,False
201f882365d3.png,preprocessed_green_images/201f882365d3_green_preprocessed.png,preprocessed_images/201f882365d3_preprocessed.png,fundus_masks/201f882365d3_fundus_mask.png,49.97754070317989,29.243960664109892,0.0,252.0,0.06681787172516317,122.44962886031097,34.31731749525559,1.0,255.0,0.018946452026758712,13.494413564335346,12.0,2.669806480407715,1.0,True,True,False
207dd0487264.png,preprocessed_green_images/207dd0487264_green_preprocessed.png,preprocessed_images/207dd0487264_preprocessed.png,fundus_masks/207dd0487264_fundus_mask.png,85.75731051373056,15.516021490585063,0.0,207.0,0.0008846841943757707,125.6315081896976,14.237937527466933,1.0,219.0,0.0006241423832048958,21.55710211945214,12.0,1.4280128479003906,1.0,True,True,False
20f86e068276.png,preprocessed_green_images/20f86e068276_green_preprocessed.png,preprocessed_images/20f86e068276_preprocessed.png,fundus_masks/20f86e068276_fundus_mask.png,64.9388271984496,16.269557111522445,14.0,255.0,0.00046477830666427666,125.82802369953014,16.456230574597488,14.0,252.0,1.1175716001828435e-05,9.835636699823143,10.161914484511515,1.7995222806930542,1.0,True,True,False
21037f5c7790.png,preprocessed_green_images/21037f5c7790_green_preprocessed.png,preprocessed_images/21037f5c7790_preprocessed.png,fundus_masks/21037f5c7790_fundus_mask.png,86.41730023021796,12.947844444129595,0.0,202.0,0.0006625728714121273,122.09895543240133,9.17813032254153,1.0,212.0,0.0004165738368423007,17.991758584041918,11.515165635375169,1.4057365655899048,1.0,True,True,False
210bfe0127c6.png,preprocessed_green_images/210bfe0127c6_green_preprocessed.png,preprocessed_images/210bfe0127c6_preprocessed.png,fundus_masks/210bfe0127c6_fundus_mask.png,62.4884350636453,23.114274055464058,12.0,255.0,0.0065717040523316,125.95071835810876,19.95611441271176,1.0,255.0,0.001417555324338675,10.106516879368144,10.488079190534343,2.051527738571167,1.0,True,True,False
215d2b7c3fde.png,preprocessed_green_images/215d2b7c3fde_green_preprocessed.png,preprocessed_images/215d2b7c3fde_preprocessed.png,fundus_masks/215d2b7c3fde_fundus_mask.png,40.51474378565607,22.089888386518687,0.0,146.0,0.3041004482477588,97.81692899348003,18.841395672691483,1.0,255.0,0.0015204767726161369,9.145297584489594,12.0,2.8,1.0,True,True,False
218c822a3dd9.png,preprocessed_green_images/218c822a3dd9_green_preprocessed.png,preprocessed_images/218c822a3dd9_preprocessed.png,fundus_masks/218c822a3dd9_fundus_mask.png,77.56170218170145,24.010869275109137,6.0,255.0,0.00230874366595387,126.9831843145567,18.2964951952212,15.0,252.0,0.00042347403736293476,10.574062708492516,9.335251556134654,1.543230414390564,1.0,True,True,False
2209daf71aab.png,preprocessed_green_images/2209daf71aab_green_preprocessed.png,preprocessed_images/2209daf71aab_preprocessed.png,fundus_masks/2209daf71aab_fundus_mask.png,69.92276974932906,28.46636721607583,6.0,255.0,0.0944965410673108,123.96678865093887,13.423813440446681,37.0,224.0,0.0,9.555411450601234,9.606807269189021,1.6245828866958618,1.0,True,True,False
2221cf5c7935.png,preprocessed_green_images/2221cf5c7935_green_preprocessed.png,preprocessed_images/2221cf5c7935_preprocessed.png,fundus_masks/2221cf5c7935_fundus_mask.png,69.80927520298623,33.255229470264815,5.0,255.0,0.09496570343918152,124.4625831615942,17.692699335110984,1.0,254.0,0.0010974105674882693,10.123470151663147,9.84411915373315,1.7183809280395508,1.0,True,True,False
22449af52060.png,preprocessed_green_images/22449af52060_green_preprocessed.png,preprocessed_images/22449af52060_preprocessed.png,fundus_masks/22449af52060_fundus_mask.png,87.648694917901,14.849956302270032,0.0,194.0,0.0007079195609047953,124.77167280698202,13.728467598538252,1.0,210.0,0.000714859948756803,21.344708750845317,12.0,1.3949167728424072,1.0,True,True,False
224c14366e11.png,preprocessed_green_images/224c14366e11_green_preprocessed.png,preprocessed_images/224c14366e11_preprocessed.png,fundus_masks/224c14366e11_fundus_mask.png,93.72814407955596,12.147365807857188,0.0,176.0,0.0010626734505087881,124.63825277520814,11.07299441520149,2.0,195.0,0.0008869102682701203,20.859850840545548,12.0,1.2971950769424438,1.0,False,True,False
226c6ceb9185.png,preprocessed_green_images/226c6ceb9185_green_preprocessed.png,preprocessed_images/226c6ceb9185_preprocessed.png,fundus_masks/226c6ceb9185_fundus_mask.png,39.47520912841199,9.493256476969789,0.0,244.0,0.06567719529785428,110.13352782202253,12.151137481121156,5.0,255.0,1.6937589049374426e-05,24.990677433154794,12.0,2.8,1.0,True,True,False
22d843b2bbd1.png,preprocessed_green_images/22d843b2bbd1_green_preprocessed.png,preprocessed_images/22d843b2bbd1_preprocessed.png,fundus_masks/22d843b2bbd1_fundus_mask.png,69.09294052665643,20.32728686521592,0.0,255.0,5.896166475210686e-05,124.28349242817012,16.546463804576693,2.0,254.0,0.0006743316830844406,21.54221327513472,12.0,1.8636304140090942,1.0,True,True,False
233d948e2544.png,preprocessed_green_images/233d948e2544_green_preprocessed.png,preprocessed_images/233d948e2544_preprocessed.png,fundus_masks/233d948e2544_fundus_mask.png,51.989850799293414,15.41503995530598,12.0,203.0,0.04729575775252661,124.44059526772683,13.136900350408139,1.0,246.0,0.000311625198877623,9.48177874415373,11.171391426613187,2.317511558532715,1.0,True,True,False
237aa50edc34.png,preprocessed_green_images/237aa50edc34_green_preprocessed.png,preprocessed_images/237aa50edc34_preprocessed.png,fundus_masks/237aa50edc34_fundus_mask.png,58.75505098951098,22.168973083522175,3.0,249.0,0.07394773293445533,125.61248702499505,18.737085543519633,1.0,255.0,0.000940960656881894,6.67985861766614,9.449272247998813,2.0928399562835693,1.0,True,True,False
2399d68d407f.png,preprocessed_green_images/2399d68d407f_green_preprocessed.png,preprocessed_images/2399d68d407f_preprocessed.png,fundus_masks/2399d68d407f_fundus_mask.png,89.21062713766206,17.52378251608736,0.0,255.0,2.9065444566113747e-05,122.81171405010072,10.883668202768423,1.0,230.0,4.123237484960322e-05,19.85847431288341,12.0,1.4210683107376099,1.0,True,True,False
2408799a09b2.png,preprocessed_green_images/2408799a09b2_green_preprocessed.png,preprocessed_images/2408799a09b2_preprocessed.png,fundus_masks/2408799a09b2_fundus_mask.png,77.96502331083433,16.253961516374943,0.0,203.0,0.0008268967596780553,125.22620903207849,12.758498559186112,1.0,225.0,0.0005566766404564748,21.36680452945968,12.0,1.5615688562393188,1.0,True,True,False
240b25a7debe.png,preprocessed_green_images/240b25a7debe_green_preprocessed.png,preprocessed_images/240b25a7debe_preprocessed.png,fundus_masks/240b25a7debe_fundus_mask.png,53.414479557221924,35.10763586969657,0.0,196.0,0.20550411916239447,122.83237432091208,28.336353212610387,1.0,255.0,0.007526717167852679,9.519719258304066,11.0599339649019,2.8,1.0,True,True,False
242fc19be06f.png,preprocessed_green_images/242fc19be06f_green_preprocessed.png,preprocessed_images/242fc19be06f_preprocessed.png,fundus_masks/242fc19be06f_fundus_mask.png,61.15903108676191,21.809903630429098,0.0,252.0,0.017291378292701953,127.43717046786723,22.30444826285402,1.0,255.0,0.0018952645162942689,22.95183392787462,12.0,2.0755908489227295,1.0,True,True,False
248dec89b3a2.png,preprocessed_green_images/248dec89b3a2_green_preprocessed.png,preprocessed_images/248dec89b3a2_preprocessed.png,fundus_masks/248dec89b3a2_fundus_mask.png,89.52757894736843,24.305953748606004,0.0,255.0,5.585392051557465e-05,124.75015252416756,22.405426769903436,3.0,255.0,6.44468313641246e-05,15.82103706400121,10.370407808056624,1.413068175315857,1.0,True,True,False
24de56d433cd.png,preprocessed_green_images/24de56d433cd_green_preprocessed.png,preprocessed_images/24de56d433cd_preprocessed.png,fundus_masks/24de56d433cd_fundus_mask.png,70.98039940226775,16.370150729579134,0.0,177.0,0.0022995958567766615,127.34560985189162,17.837422757425166,1.0,222.0,0.00028120373791811626,20.003206739329727,12.0,1.7164596319198608,1.0,True,True,False
24f271c87e73.png,preprocessed_green_images/24f271c87e73_green_preprocessed.png,preprocessed_images/24f271c87e73_preprocessed.png,fundus_masks/24f271c87e73_fundus_mask.png,69.65085401723402,24.387588042689814,11.0,255.0,0.0007186139650939515,125.95137101153355,17.33996113436435,6.0,250.0,0.0010369261912429502,9.919767502428071,9.776719977217093,1.8030109405517578,1.0,True,True,False
24f3e70f0419.png,preprocessed_green_images/24f3e70f0419_green_preprocessed.png,preprocessed_images/24f3e70f0419_preprocessed.png,fundus_masks/24f3e70f0419_fundus_mask.png,56.8333004588667,22.385682489440526,5.0,211.0,0.12340704357606463,124.1686460138287,12.778795989018533,15.0,255.0,5.437185427073056e-05,9.298438398028196,10.667526429534238,1.9397907257080078,1.0,True,True,False
252305189b3a.png,preprocessed_green_images/252305189b3a_green_preprocessed.png,preprocessed_images/252305189b3a_preprocessed.png,fundus_masks/252305189b3a_fundus_mask.png,87.02460655414995,19.397944181623338,0.0,251.0,0.005187234292384574,125.10316333801865,19.03324494481496,1.0,246.0,0.0053852379094041355,25.78449521300535,12.0,1.4051162004470825,1.0,True,True,False
253e96488cfb.png,preprocessed_green_images/253e96488cfb_green_preprocessed.png,preprocessed_images/253e96488cfb_preprocessed.png,fundus_masks/253e96488cfb_fundus_mask.png,49.40735136051275,12.44118993585914,0.0,129.0,0.08320427334832764,123.41647159945315,11.702385257029738,1.0,204.0,2.2771052630820417e-05,11.219485023333808,12.0,2.357637405395508,1.0,True,True,False
2585bbc91909.png,preprocessed_green_images/2585bbc91909_green_preprocessed.png,preprocessed_images/2585bbc91909_preprocessed.png,fundus_masks/2585bbc91909_fundus_mask.png,39.41499282615553,11.287804249501598,0.0,240.0,0.16083318352491852,116.27812130072145,16.05447165234156,14.0,255.0,7.462155002526957e-06,25.258600614514755,12.0,2.8,1.0,True,True,False
25a0a1e41afd.png,preprocessed_green_images/25a0a1e41afd_green_preprocessed.png,preprocessed_images/25a0a1e41afd_preprocessed.png,fundus_masks/25a0a1e41afd_fundus_mask.png,81.14924879326317,16.699788828283456,0.0,198.0,0.001047115556515218,124.0830158321086,12.768236709158273,1.0,202.0,0.0006152674556020682,20.950208273733175,12.0,1.4869481325149536,1.0,True,True,False
25b4080f598b.png,preprocessed_green_images/25b4080f598b_green_preprocessed.png,preprocessed_images/25b4080f598b_preprocessed.png,fundus_masks/25b4080f598b_fundus_mask.png,94.77188191827075,16.1665321699104,0.0,255.0,2.0942705486786168e-05,123.05045030194653,10.432412498728157,1.0,255.0,2.9725130368341655e-05,19.621406659367274,11.84856266374691,1.2962584495544434,1.0,False,True,False
260a455692b5.png,preprocessed_green_images/260a455692b5_green_preprocessed.png,preprocessed_images/260a455692b5_preprocessed.png,fundus_masks/260a455692b5_fundus_mask.png,45.184568316718824,13.878979855449645,0.0,250.0,0.058974278944668654,123.27484102449974,19.370676262648843,2.0,255.0,0.0007775754302448345,25.591861211623204,12.0,2.8,1.0,True,True,False
263d8851e33b.png,preprocessed_green_images/263d8851e33b_green_preprocessed.png,preprocessed_images/263d8851e33b_preprocessed.png,fundus_masks/263d8851e33b_fundus_mask.png,109.10841540322963,24.49923657257941,0.0,249.0,1.9602144068999548e-05,124.4439736925708,11.489136519741413,1.0,201.0,2.298182408089602e-05,19.013580533145994,11.605432213258398,1.0663683414459229,1.0,False,True,False
266fbefa58fb.png,preprocessed_green_images/266fbefa58fb_green_preprocessed.png,preprocessed_images/266fbefa58fb_preprocessed.png,fundus_masks/266fbefa58fb_fundus_mask.png,79.50523481625117,16.619393742344716,0.0,252.0,0.0008878266906665771,125.76949770567502,14.96068681261126,1.0,255.0,0.0008565325383845958,21.167247351884612,12.0,1.5398998260498047,1.0,True,True,False
2682e6da9050.png,preprocessed_green_images/2682e6da9050_green_preprocessed.png,preprocessed_images/2682e6da9050_preprocessed.png,fundus_masks/2682e6da9050_fundus_mask.png,43.884448888415115,15.30579014083327,6.0,197.0,0.10536776206308758,124.83191130903852,15.085722703054815,20.0,255.0,5.439166005133064e-05,8.651296501055276,11.559678699229655,2.616394281387329,1.0,True,True,False
26cd40b57ad1.png,preprocessed_green_images/26cd40b57ad1_green_preprocessed.png,preprocessed_images/26cd40b57ad1_preprocessed.png,fundus_masks/26cd40b57ad1_fundus_mask.png,76.21462081245284,15.389101262236467,0.0,179.0,0.0009517218514641562,124.89465447628056,15.531700253685349,1.0,214.0,0.0008566655885895389,22.103059767346036,12.0,1.5911885499954224,1.0,True,True,False
26d60db3bbfd.png,preprocessed_green_images/26d60db3bbfd_green_preprocessed.png,preprocessed_images/26d60db3bbfd_preprocessed.png,fundus_masks/26d60db3bbfd_fundus_mask.png,36.15560536403347,13.103252637484207,0.0,222.0,0.19617436929307336,100.57642728881983,20.319436980630297,1.0,255.0,0.0017217885205608548,9.475614421266426,12.0,2.8,1.0,True,True,False
26d9576e8043.png,preprocessed_green_images/26d9576e8043_green_preprocessed.png,preprocessed_images/26d9576e8043_preprocessed.png,fundus_masks/26d9576e8043_fundus_mask.png,70.03398064513355,14.66805420320215,0.0,255.0,4.299170689973904e-05,123.41118988147187,18.133440803256864,32.0,255.0,0.0,17.07284765400353,12.0,1.7837127447128296,1.0,True,True,False
26fc2358a38d.png,preprocessed_green_images/26fc2358a38d_green_preprocessed.png,preprocessed_images/26fc2358a38d_preprocessed.png,fundus_masks/26fc2358a38d_fundus_mask.png,72.37894560537084,23.856475154553266,0.0,255.0,0.002604233303945082,126.45835436648157,18.85403282128021,7.0,255.0,0.000715320894116224,20.763934531716945,12.0,1.7421156167984009,1.0,True,True,False
274f4de2a59d.png,preprocessed_green_images/274f4de2a59d_green_preprocessed.png,preprocessed_images/274f4de2a59d_preprocessed.png,fundus_masks/274f4de2a59d_fundus_mask.png,82.63213666990843,17.703934879630292,0.0,244.0,0.0005402937106326317,125.85063028456631,13.824258847633665,2.0,245.0,0.0003357954459630764,23.37697398715323,12.0,1.5065207481384277,1.0,True,True,False
276b14f72328.png,preprocessed_green_images/276b14f72328_green_preprocessed.png,preprocessed_images/276b14f72328_preprocessed.png,fundus_masks/276b14f72328_fundus_mask.png,55.30099308963381,22.937127734700834,5.0,164.0,0.13002337872865305,123.91079567499477,15.564909937941339,36.0,246.0,0.0,9.297477608252839,10.803347213111463,2.149503707885742,1.0,True,True,False
27933cdbe0cc.png,preprocessed_green_images/27933cdbe0cc_green_preprocessed.png,preprocessed_images/27933cdbe0cc_preprocessed.png,fundus_masks/27933cdbe0cc_fundus_mask.png,91.6362698981304,13.379038113894122,0.0,207.0,0.0005933587939605132,123.55318689408604,9.391400795695304,1.0,207.0,0.0005027873929254447,19.20956727416715,11.683826909666859,1.3484089374542236,1.0,False,True,False
27f82ada84ac.png,preprocessed_green_images/27f82ada84ac_green_preprocessed.png,preprocessed_images/27f82ada84ac_preprocessed.png,fundus_masks/27f82ada84ac_fundus_mask.png,31.567475352399576,11.504380901259912,0.0,133.0,0.5237284078872322,88.89715737798419,21.237168121301764,3.0,253.0,0.007549600749612972,6.699486591844564,11.87379682763564,2.8,1.0,True,True,False
2821998fc002.png,preprocessed_green_images/2821998fc002_green_preprocessed.png,preprocessed_images/2821998fc002_preprocessed.png,fundus_masks/2821998fc002_fundus_mask.png,92.73380163798724,16.775474745507925,0.0,250.0,0.0022336189714254003,122.68953852414667,12.514864026325954,1.0,232.0,0.0021688763925435048,21.586729528673448,12.0,1.3182462453842163,1.0,False,True,False
283c3aeba594.png,preprocessed_green_images/283c3aeba594_green_preprocessed.png,preprocessed_images/283c3aeba594_preprocessed.png,fundus_masks/283c3aeba594_fundus_mask.png,76.78902503959692,17.588851643270505,0.0,255.0,2.6386670266079124e-05,124.06981507003631,13.57887843328336,9.0,246.0,0.0002760451658605201,20.79820521759307,12.0,1.615721344947815,1.0,True,True,False
28503940d10b.png,preprocessed_green_images/28503940d10b_green_preprocessed.png,preprocessed_images/28503940d10b_preprocessed.png,fundus_masks/28503940d10b_fundus_mask.png,91.30827570050857,9.765776843684494,0.0,191.0,0.0025584242783731792,121.75763863324521,10.493174245094105,1.0,214.0,0.0022906956213670547,20.78480103852502,12.0,1.311714768409729,1.0,False,True,False
286e9981dd9b.png,preprocessed_green_images/286e9981dd9b_green_preprocessed.png,preprocessed_images/286e9981dd9b_preprocessed.png,fundus_masks/286e9981dd9b_fundus_mask.png,63.47286706425253,14.564119454035062,13.0,246.0,9.198644733009336e-05,123.31544868579839,10.62582909499084,1.0,246.0,0.00018813418632511952,9.57885535666342,10.18950951473181,2.049959659576416,1.0,True,True,False
28751f290ba3.png,preprocessed_green_images/28751f290ba3_green_preprocessed.png,preprocessed_images/28751f290ba3_preprocessed.png,fundus_masks/28751f290ba3_fundus_mask.png,84.43016546632356,15.974207767845305,0.0,202.0,0.005206197024310098,123.83431598774527,13.425529011778965,2.0,218.0,0.002780686658890979,28.12173582777932,12.0,1.396255612373352,1.0,True,True,False
289a47dcbb82.png,preprocessed_green_images/289a47dcbb82_green_preprocessed.png,preprocessed_images/289a47dcbb82_preprocessed.png,fundus_masks/289a47dcbb82_fundus_mask.png,77.43014637711563,18.578016099848767,0.0,255.0,3.3159864382921995e-05,123.71299799010617,13.050887583404903,7.0,246.0,3.248313245673991e-05,21.039915367897503,12.0,1.6511989831924438,1.0,True,True,False
28dc010a0780.png,preprocessed_green_images/28dc010a0780_green_preprocessed.png,preprocessed_images/28dc010a0780_preprocessed.png,fundus_masks/28dc010a0780_fundus_mask.png,84.88946266880589,16.954500478087635,0.0,244.0,0.001361328545531578,125.25326383149161,15.999935560781118,1.0,245.0,0.0014736149986919207,21.86142321812086,12.0,1.4634379148483276,1.0,True,True,False
28f73575e1f2.png,preprocessed_green_images/28f73575e1f2_green_preprocessed.png,preprocessed_images/28f73575e1f2_preprocessed.png,fundus_masks/28f73575e1f2_fundus_mask.png,83.9948652283577,16.731559687770535,0.0,227.0,4.296880035406292e-05,124.4686778929819,17.69235810890004,2.0,255.0,6.875008056650066e-05,14.7468952946336,10.432547875332755,1.477624773979187,1.0,True,True,False
29192375ab1b.png,preprocessed_green_images/29192375ab1b_green_preprocessed.png,preprocessed_images/29192375ab1b_preprocessed.png,fundus_masks/29192375ab1b_fundus_mask.png,45.26413724075324,14.21991185502417,0.0,143.0,0.070612881450618,125.14755825050628,19.15545496907568,1.0,243.0,0.0015444240124764322,21.384672794055223,12.0,2.7270398139953613,1.0,True,True,False
291f581d365e.png,preprocessed_green_images/291f581d365e_green_preprocessed.png,preprocessed_images/291f581d365e_preprocessed.png,fundus_masks/291f581d365e_fundus_mask.png,75.12075229269482,8.110418804720208,0.0,141.0,2.27691493589908e-05,121.60598217607931,6.785355532930206,2.0,177.0,2.449845184195213e-05,11.124067582103649,9.772226829046364,1.6360294818878174,1.0,True,True,False
2923971566fe.png,preprocessed_green_images/2923971566fe_green_preprocessed.png,preprocessed_images/2923971566fe_preprocessed.png,fundus_masks/2923971566fe_fundus_mask.png,68.87452562825867,15.334653223042148,0.0,126.0,0.00010670570365057516,122.27194150451005,6.416403510966265,2.0,185.0,1.7880415206312594e-05,11.390009800345386,10.43382386429294,1.6495182514190674,1.0,True,True,False
2927665214e1.png,preprocessed_green_images/2927665214e1_green_preprocessed.png,preprocessed_images/2927665214e1_preprocessed.png,fundus_masks/2927665214e1_fundus_mask.png,74.66643308855892,15.464957537068024,0.0,212.0,0.0011223331557367556,124.83360513331326,13.798417998047398,1.0,247.0,0.0007632792049850587,19.547439125752224,12.0,1.5859187841415405,1.0,True,True,False
2974c6ad1d58.png,preprocessed_green_images/2974c6ad1d58_green_preprocessed.png,preprocessed_images/2974c6ad1d58_preprocessed.png,fundus_masks/2974c6ad1d58_fundus_mask.png,60.75255959051187,15.802003373527063,0.0,203.0,0.004367672502204696,126.89815408184432,18.070520242557773,2.0,255.0,0.0006060739502926654,20.762290113873846,12.0,2.042607307434082,1.0,True,True,False
29a13e666266.png,preprocessed_green_images/29a13e666266_green_preprocessed.png,preprocessed_images/29a13e666266_preprocessed.png,fundus_masks/29a13e666266_fundus_mask.png,71.03952728105254,14.39175575867222,0.0,183.0,0.0006008351259603774,125.1008810311586,12.205039960439036,1.0,219.0,0.00042418727461419295,21.64409126557897,12.0,1.7244759798049927,1.0,True,True,False
29d059522fa1.png,preprocessed_green_images/29d059522fa1_green_preprocessed.png,preprocessed_images/29d059522fa1_preprocessed.png,fundus_masks/29d059522fa1_fundus_mask.png,82.25728647290121,14.717707647047112,0.0,182.0,0.001119971276848329,127.46311912579698,15.764462074207609,4.0,211.0,0.0006404799545988893,21.673142559025468,12.0,1.4691883325576782,1.0,True,True,False
29f9e1ac9507.png,preprocessed_green_images/29f9e1ac9507_green_preprocessed.png,preprocessed_images/29f9e1ac9507_preprocessed.png,fundus_masks/29f9e1ac9507_fundus_mask.png,89.79852009001426,13.726363797618074,0.0,255.0,3.435658701664577e-05,122.97402212564204,14.301049636273138,9.0,255.0,3.435658701664577e-05,12.02700183723192,8.828710060224832,1.364044189453125,1.0,True,True,False
2a2274bcb00a.png,preprocessed_green_images/2a2274bcb00a_green_preprocessed.png,preprocessed_images/2a2274bcb00a_preprocessed.png,fundus_masks/2a2274bcb00a_fundus_mask.png,70.85159300648716,11.253548353294573,12.0,184.0,0.0003654001142203954,126.83058994812326,14.988916158683846,9.0,222.0,1.3362953817412543e-05,10.225259064952859,9.792184247626729,1.6956760883331299,1.0,True,True,False
2a2a6435f7f3.png,preprocessed_green_images/2a2a6435f7f3_green_preprocessed.png,preprocessed_images/2a2a6435f7f3_preprocessed.png,fundus_masks/2a2a6435f7f3_fundus_mask.png,80.05388563559734,21.313631059383468,0.0,206.0,0.0026775903078185637,127.13272154451755,15.721624640112653,1.0,223.0,0.0005691328316618678,26.310190191216666,12.0,1.5165914297103882,1.0,True,True,False
2a4520f1f9a3.png,preprocessed_green_images/2a4520f1f9a3_green_preprocessed.png,preprocessed_images/2a4520f1f9a3_preprocessed.png,fundus_masks/2a4520f1f9a3_fundus_mask.png,81.64610681991199,17.378903071118046,0.0,237.0,0.0006127337207791002,124.64595479696233,13.67163448887838,4.0,240.0,0.0003214531073026719,20.210977168056246,12.0,1.510046362876892,1.0,True,True,False
2a7373eeb352.png,preprocessed_green_images/2a7373eeb352_green_preprocessed.png,preprocessed_images/2a7373eeb352_preprocessed.png,fundus_masks/2a7373eeb352_fundus_mask.png,38.03405190413624,22.81307837206117,0.0,250.0,0.3490721218973121,98.5522020553875,31.19088710633459,1.0,255.0,0.02277171754209063,8.654067798107425,12.0,2.8,1.0,True,True,False
2a93334f663a.png,preprocessed_green_images/2a93334f663a_green_preprocessed.png,preprocessed_images/2a93334f663a_preprocessed.png,fundus_masks/2a93334f663a_fundus_mask.png,82.24996725127488,17.2509292205416,0.0,251.0,0.001075781129547001,124.44246251864938,13.660359295240648,1.0,240.0,0.0007801731683029436,20.221362773588105,12.0,1.5019444227218628,1.0,True,True,False
2b10f138e67d.png,preprocessed_green_images/2b10f138e67d_green_preprocessed.png,preprocessed_images/2b10f138e67d_preprocessed.png,fundus_masks/2b10f138e67d_fundus_mask.png,68.50590371607085,21.837809320529747,0.0,255.0,0.0008950240107402881,122.9225675140708,20.681656681464514,28.0,255.0,8.606000103272e-06,15.27567626908274,12.0,1.758960485458374,1.0,True,True,False
2b2f5a0f880d.png,preprocessed_green_images/2b2f5a0f880d_green_preprocessed.png,preprocessed_images/2b2f5a0f880d_preprocessed.png,fundus_masks/2b2f5a0f880d_fundus_mask.png,87.71162105231818,23.01965678006083,0.0,250.0,5.007236810498416e-05,125.06414405684973,16.49408142109773,24.0,229.0,8.322839563396016e-05,20.090708166340562,12.0,1.343838095664978,1.0,True,True,False
2b3a4a81d748.png,preprocessed_green_images/2b3a4a81d748_green_preprocessed.png,preprocessed_images/2b3a4a81d748_preprocessed.png,fundus_masks/2b3a4a81d748_fundus_mask.png,96.7631952812322,16.411747747560543,0.0,251.0,0.0009451916419544476,122.82207898090945,10.914430362781296,1.0,215.0,0.0007758689674448165,21.43678267565908,12.0,1.2753194570541382,1.0,False,True,False
2b4c7b5f1f1e.png,preprocessed_green_images/2b4c7b5f1f1e_green_preprocessed.png,preprocessed_images/2b4c7b5f1f1e_preprocessed.png,fundus_masks/2b4c7b5f1f1e_fundus_mask.png,89.34103430241929,12.220212569359829,0.0,211.0,0.0007282349926190832,122.65958029080696,9.597051455852531,1.0,215.0,0.0006250297150026845,17.98761037769267,11.25361887975091,1.3739553689956665,1.0,True,True,False
2b5bb6d33959.png,preprocessed_green_images/2b5bb6d33959_green_preprocessed.png,preprocessed_images/2b5bb6d33959_preprocessed.png,fundus_masks/2b5bb6d33959_fundus_mask.png,104.50284089947716,20.888975947542338,0.0,255.0,2.3688262465948122e-05,123.93109964298404,13.07325390065699,1.0,220.0,4.196206493967953e-05,19.506493814247232,11.802597525698893,1.1760252714157104,1.0,False,True,False
2bb3c492d6d3.png,preprocessed_green_images/2bb3c492d6d3_green_preprocessed.png,preprocessed_images/2bb3c492d6d3_preprocessed.png,fundus_masks/2bb3c492d6d3_fundus_mask.png,41.69519631883003,14.80337632600669,9.0,187.0,0.2120767553767804,117.80794377355015,15.381573889974783,1.0,255.0,0.0007498760807295665,8.812695615391593,11.818838573371746,2.8,1.0,True,True,False
2c77bf969079.png,preprocessed_green_images/2c77bf969079_green_preprocessed.png,preprocessed_images/2c77bf969079_preprocessed.png,fundus_masks/2c77bf969079_fundus_mask.png,36.30305961052397,11.850567667619472,9.0,203.0,0.20620151090142957,107.88102178178171,13.8366504684809,2.0,239.0,0.0013742054242801614,8.69464057308459,12.0,2.8,1.0,True,True,False
2c8101f14723.png,preprocessed_green_images/2c8101f14723_green_preprocessed.png,preprocessed_images/2c8101f14723_preprocessed.png,fundus_masks/2c8101f14723_fundus_mask.png,73.67460133979388,24.846506998794982,0.0,255.0,4.338974225815134e-05,122.67051456844494,12.252060701863643,4.0,238.0,1.5593188624023137e-05,21.560415485983096,12.0,1.6667531728744507,1.0,True,True,False
2c827005b8f8.png,preprocessed_green_images/2c827005b8f8_green_preprocessed.png,preprocessed_images/2c827005b8f8_preprocessed.png,fundus_masks/2c827005b8f8_fundus_mask.png,90.78000307887119,12.850091048129547,0.0,204.0,0.0008646303676241647,126.13605601230623,13.609309951088013,2.0,221.0,0.0006991121044779056,22.57762003812873,12.0,1.3454736471176147,1.0,False,True,False
2c9dfc270f1b.png,preprocessed_green_images/2c9dfc270f1b_green_preprocessed.png,preprocessed_images/2c9dfc270f1b_preprocessed.png,fundus_masks/2c9dfc270f1b_fundus_mask.png,86.76783974678283,17.76789955579024,0.0,255.0,0.0006688054507644237,124.58489010574326,13.743845890450796,4.0,238.0,0.0004493536622323472,20.20290206945701,12.0,1.4399687051773071,1.0,True,True,False
2cacdb0dffae.png,preprocessed_green_images/2cacdb0dffae_green_preprocessed.png,preprocessed_images/2cacdb0dffae_preprocessed.png,fundus_masks/2cacdb0dffae_fundus_mask.png,86.25151341760153,13.985415058982506,0.0,250.0,0.0009293776984030655,124.77667539403187,13.680777570056751,1.0,255.0,0.0007201521220212809,21.48728872297853,12.0,1.4209741353988647,1.0,True,True,False
2cdcc910778d.png,preprocessed_green_images/2cdcc910778d_green_preprocessed.png,preprocessed_images/2cdcc910778d_preprocessed.png,fundus_masks/2cdcc910778d_fundus_mask.png,82.48219917333357,28.896692313233828,1.0,255.0,0.00018475393354014315,123.68850486805133,18.89453495439884,31.0,255.0,0.0,13.522719562391314,10.077336787326875,1.4856014251708984,1.0,True,True,False
2cf18033da31.png,preprocessed_green_images/2cf18033da31_green_preprocessed.png,preprocessed_images/2cf18033da31_preprocessed.png,fundus_masks/2cf18033da31_fundus_mask.png,104.75416597016704,21.46236624638583,0.0,255.0,2.9777474288166094e-05,124.41111119382632,13.033506057283978,3.0,213.0,2.842395272961309e-05,19.470322201010234,11.788128880404093,1.2052525281906128,1.0,False,True,False
2cfe8703f265.png,preprocessed_green_images/2cfe8703f265_green_preprocessed.png,preprocessed_images/2cfe8703f265_preprocessed.png,fundus_masks/2cfe8703f265_fundus_mask.png,61.14540551448251,13.194777181694873,6.0,193.0,0.003595020344686379,125.3423533842774,12.358100631147755,17.0,234.0,6.134847004584265e-06,9.742845037608653,10.461990858200572,1.9333758354187012,1.0,True,True,False
2d04cead4d3a.png,preprocessed_green_images/2d04cead4d3a_green_preprocessed.png,preprocessed_images/2d04cead4d3a_preprocessed.png,fundus_masks/2d04cead4d3a_fundus_mask.png,67.97393655924964,21.91729463790767,0.0,251.0,0.005113635979212576,126.76564080462298,17.3728499735135,8.0,255.0,0.0003125826703355663,22.476311862320934,12.0,1.8660612106323242,1.0,True,True,False
2d07162a13b1.png,preprocessed_green_images/2d07162a13b1_green_preprocessed.png,preprocessed_images/2d07162a13b1_preprocessed.png,fundus_masks/2d07162a13b1_fundus_mask.png,54.13305331986988,14.309430836961546,13.0,114.0,0.09635883824014718,122.94919630434855,8.158455089753806,2.0,185.0,4.10043208028953e-05,9.254611192030866,10.890017515046136,2.0273211002349854,1.0,True,True,False
2d3f4094c08a.png,preprocessed_green_images/2d3f4094c08a_green_preprocessed.png,preprocessed_images/2d3f4094c08a_preprocessed.png,fundus_masks/2d3f4094c08a_fundus_mask.png,82.92766233406164,21.815720461864167,0.0,255.0,2.2991816941858427e-05,124.53995943973,15.34078864960176,2.0,235.0,0.0003739551402602268,20.21106634410135,12.0,1.5593682527542114,1.0,True,True,False
2d558de2cabe.png,preprocessed_green_images/2d558de2cabe_green_preprocessed.png,preprocessed_images/2d558de2cabe_preprocessed.png,fundus_masks/2d558de2cabe_fundus_mask.png,35.949377982571704,17.003017810287783,0.0,242.0,0.3888218082452857,103.08674172006535,19.865069168992402,1.0,255.0,0.003973934249204704,27.205109010305865,12.0,2.8,1.0,True,True,False
2da82d14e1b7.png,preprocessed_green_images/2da82d14e1b7_green_preprocessed.png,preprocessed_images/2da82d14e1b7_preprocessed.png,fundus_masks/2da82d14e1b7_fundus_mask.png,94.48035628209644,13.827469855416156,0.0,201.0,0.0011112089582676727,122.45277535734812,10.797621470270522,1.0,213.0,0.0011760970726190697,19.942511636057574,11.97700465442303,1.311713457107544,1.0,False,True,False
2db0cd3e30da.png,preprocessed_green_images/2db0cd3e30da_green_preprocessed.png,preprocessed_images/2db0cd3e30da_preprocessed.png,fundus_masks/2db0cd3e30da_fundus_mask.png,53.79403280696859,24.566727180825133,13.0,255.0,0.0703394166284925,126.08317273855346,19.543628892904525,1.0,255.0,0.002700054584673817,9.238714784563495,10.913794108761524,2.48197603225708,1.0,True,True,False
2dc647e00ad3.png,preprocessed_green_images/2dc647e00ad3_green_preprocessed.png,preprocessed_images/2dc647e00ad3_preprocessed.png,fundus_masks/2dc647e00ad3_fundus_mask.png,44.47317645261897,19.30314662909533,4.0,255.0,0.13071134486855518,124.25728999318642,17.4926575814647,1.0,255.0,0.0014343122003645842,8.698732043015402,11.526321576973363,2.710784673690796,1.0,True,True,False
2dd28ac497d2.png,preprocessed_green_images/2dd28ac497d2_green_preprocessed.png,preprocessed_images/2dd28ac497d2_preprocessed.png,fundus_masks/2dd28ac497d2_fundus_mask.png,94.27830817501525,15.975977350614713,0.0,255.0,0.0009381525806724353,125.26264450155722,13.375329281762967,2.0,237.0,0.0007806356041644708,21.078110680613626,12.0,1.3056228160858154,1.0,False,True,False
2eba4279e503.png,preprocessed_green_images/2eba4279e503_green_preprocessed.png,preprocessed_images/2eba4279e503_preprocessed.png,fundus_masks/2eba4279e503_fundus_mask.png,75.29689720085784,14.194348093593327,0.0,205.0,0.0008119170870270728,124.04518898530083,12.1373905421103,1.0,225.0,0.0006042982890587214,18.91142157919215,12.0,1.611532211303711,1.0,True,True,False
2ef10194e80d.png,preprocessed_green_images/2ef10194e80d_green_preprocessed.png,preprocessed_images/2ef10194e80d_preprocessed.png,fundus_masks/2ef10194e80d_fundus_mask.png,48.12397562655588,13.939957131022302,0.0,249.0,0.0493855115223369,123.87068353029868,15.865139001469661,18.0,255.0,5.423552318297438e-06,24.891310250025466,12.0,2.619067668914795,1.0,True,True,False
2ef4a04aed1b.png,preprocessed_green_images/2ef4a04aed1b_green_preprocessed.png,preprocessed_images/2ef4a04aed1b_preprocessed.png,fundus_masks/2ef4a04aed1b_fundus_mask.png,90.7038689665169,18.36399539054081,0.0,255.0,0.0008209885490650818,126.13153906363242,15.365650215139699,3.0,243.0,0.0005716770546456008,21.462501511351444,12.0,1.3529433012008667,1.0,False,True,False
2ef955d6d9ff.png,preprocessed_green_images/2ef955d6d9ff_green_preprocessed.png,preprocessed_images/2ef955d6d9ff_preprocessed.png,fundus_masks/2ef955d6d9ff_fundus_mask.png,65.15287845565157,13.086410102092001,0.0,240.0,4.2994109806956444e-05,122.37744528999526,15.561686771694221,17.0,255.0,3.009587686486951e-05,13.586805783843998,11.643355339701904,1.920677900314331,1.0,True,True,False
2f143453bb71.png,preprocessed_green_images/2f143453bb71_green_preprocessed.png,preprocessed_images/2f143453bb71_preprocessed.png,fundus_masks/2f143453bb71_fundus_mask.png,60.429489652584266,29.479493757275986,15.0,255.0,0.054266719743826713,125.47423580288265,18.735274087232447,1.0,255.0,0.003970045893037831,9.599837090001303,10.468424644659697,2.1715848445892334,1.0,True,True,False
2f7fbdcc9a4b.png,preprocessed_green_images/2f7fbdcc9a4b_green_preprocessed.png,preprocessed_images/2f7fbdcc9a4b_preprocessed.png,fundus_masks/2f7fbdcc9a4b_fundus_mask.png,92.48688495198016,18.21472779819147,0.0,255.0,2.5709810660775962e-05,123.93301511804525,13.5666192723366,1.0,237.0,2.50332366960187e-05,19.72592310542104,11.890369242168415,1.3320043087005615,1.0,False,True,False
2f81ee5f2926.png,preprocessed_green_images/2f81ee5f2926_green_preprocessed.png,preprocessed_images/2f81ee5f2926_preprocessed.png,fundus_masks/2f81ee5f2926_fundus_mask.png,96.76723301596023,25.673517224815505,0.0,255.0,4.721962275814109e-05,123.5421327815792,21.39501318795321,3.0,255.0,6.009770169217957e-05,18.12282550423204,11.249130201692816,1.308269739151001,1.0,False,True,False
2f8d14a7d390.png,preprocessed_green_images/2f8d14a7d390_green_preprocessed.png,preprocessed_images/2f8d14a7d390_preprocessed.png,fundus_masks/2f8d14a7d390_fundus_mask.png,32.16480730667006,10.884518074322958,4.0,168.0,0.3393111501917782,103.3600600003183,11.350970793678204,12.0,244.0,0.0002691658841691468,8.282457262133503,12.0,2.8,1.0,True,True,False
2fdfb80ea53c.png,preprocessed_green_images/2fdfb80ea53c_green_preprocessed.png,preprocessed_images/2fdfb80ea53c_preprocessed.png,fundus_masks/2fdfb80ea53c_fundus_mask.png,99.13805026971936,15.468927190259146,0.0,211.0,0.0012343579545520276,122.4304878316831,8.644972628677662,1.0,210.0,0.0012817887663014494,18.3624583489713,11.34498333958852,1.195443868637085,1.0,False,True,False
2fefb720869a.png,preprocessed_green_images/2fefb720869a_green_preprocessed.png,preprocessed_images/2fefb720869a_preprocessed.png,fundus_masks/2fefb720869a_fundus_mask.png,95.42563847936586,18.727883360553918,0.0,255.0,1.555864323219313e-05,122.19962686314753,11.299270040017072,1.0,229.0,3.0440823715160476e-05,19.77019598963426,11.908078395853703,1.2911847829818726,1.0,False,True,False
30263a7d5609.png,preprocessed_green_images/30263a7d5609_green_preprocessed.png,preprocessed_images/30263a7d5609_preprocessed.png,fundus_masks/30263a7d5609_fundus_mask.png,36.46975367484857,14.996041645417286,5.0,153.0,0.34108698906902774,103.94089442684466,13.976922176269767,16.0,227.0,0.00020884798733453427,8.412881599274744,12.0,2.8,1.0,True,True,False
306c841af3fc.png,preprocessed_green_images/306c841af3fc_green_preprocessed.png,preprocessed_images/306c841af3fc_preprocessed.png,fundus_masks/306c841af3fc_fundus_mask.png,65.1034147595483,29.34853013924482,3.0,255.0,0.0820299432888295,124.95636782181673,21.487640742008217,7.0,255.0,0.002033258296420013,10.077406637735013,10.243992454245268,1.9480037689208984,1.0,True,True,False
3079490a4b9c.png,preprocessed_green_images/3079490a4b9c_green_preprocessed.png,preprocessed_images/3079490a4b9c_preprocessed.png,fundus_masks/3079490a4b9c_fundus_mask.png,69.05609353213978,9.126823701052357,0.0,129.0,0.0011101083660643237,124.41698199002875,9.897417769739015,1.0,193.0,0.0007307923412962632,17.503371882400725,12.0,1.738766074180603,1.0,True,True,False
30db694bee42.png,preprocessed_green_images/30db694bee42_green_preprocessed.png,preprocessed_images/30db694bee42_preprocessed.png,fundus_masks/30db694bee42_fundus_mask.png,91.73671618591653,21.570982721406846,0.0,255.0,2.7756415116820658e-05,122.72319001094009,12.732641559759154,1.0,225.0,8.191527388134877e-05,20.104870031441827,12.0,1.3529775142669678,1.0,False,True,False
3132556f5352.png,preprocessed_green_images/3132556f5352_green_preprocessed.png,preprocessed_images/3132556f5352_preprocessed.png,fundus_masks/3132556f5352_fundus_mask.png,70.92855451667116,11.925582963483345,0.0,207.0,0.0010364342020965452,127.30557979963046,16.1767116131451,1.0,255.0,0.00100741868692027,21.059698825923125,12.0,1.7214608192443848,1.0,True,True,False
31360e44ac64.png,preprocessed_green_images/31360e44ac64_green_preprocessed.png,preprocessed_images/31360e44ac64_preprocessed.png,fundus_masks/31360e44ac64_fundus_mask.png,42.22141168951674,13.340781781256794,12.0,195.0,0.14645433698732377,123.06125455869703,16.918454593200686,1.0,255.0,0.000608119304787989,8.956819008953367,11.82971323117986,2.8,1.0,True,True,False
315c1a0d87fd.png,preprocessed_green_images/315c1a0d87fd_green_preprocessed.png,preprocessed_images/315c1a0d87fd_preprocessed.png,fundus_masks/315c1a0d87fd_fundus_mask.png,92.17204612788952,16.303578456068173,0.0,248.0,0.0009427343935713168,123.26807748279481,13.6004240328379,1.0,229.0,0.0009299790696730578,19.92512482818692,11.970049931274769,1.3193386793136597,1.0,False,True,False
3178559fbf57.png,preprocessed_green_images/3178559fbf57_green_preprocessed.png,preprocessed_images/3178559fbf57_preprocessed.png,fundus_masks/3178559fbf57_fundus_mask.png,101.11078680948219,12.056763501200772,0.0,254.0,0.002545671839757384,121.91554955309701,11.472349700271913,1.0,236.0,0.0023948427981435364,22.556964864441884,12.0,1.2048336267471313,1.0,False,True,False
318eb706a134.png,preprocessed_green_images/318eb706a134_green_preprocessed.png,preprocessed_images/318eb706a134_preprocessed.png,fundus_masks/318eb706a134_fundus_mask.png,88.06955571666896,21.122836088167936,0.0,255.0,2.297329894545801e-05,123.27182953271634,11.500931869865921,1.0,235.0,3.175720736578019e-05,20.09316922205201,12.0,1.4385836124420166,1.0,True,True,False
3232b34cbe99.png,preprocessed_green_images/3232b34cbe99_green_preprocessed.png,preprocessed_images/3232b34cbe99_preprocessed.png,fundus_masks/3232b34cbe99_fundus_mask.png,86.75908564071034,17.834306460422933,0.0,246.0,0.0011439912093307073,125.48218303164617,15.477577339871454,2.0,234.0,0.0008336778043705558,20.90994594692218,12.0,1.4290673732757568,1.0,True,True,False
3254e48c8aa0.png,preprocessed_green_images/3254e48c8aa0_green_preprocessed.png,preprocessed_images/3254e48c8aa0_preprocessed.png,fundus_masks/3254e48c8aa0_fundus_mask.png,87.39583135074912,14.516303820679108,0.0,224.0,0.0009435166595100213,126.44408648322444,12.95113702854375,6.0,235.0,0.0006139241240846263,20.1865734772417,12.0,1.4050230979919434,1.0,True,True,False
3286073a976e.png,preprocessed_green_images/3286073a976e_green_preprocessed.png,preprocessed_images/3286073a976e_preprocessed.png,fundus_masks/3286073a976e_fundus_mask.png,44.45783739882936,20.00993217967842,0.0,223.0,0.07380014613890325,113.35419080037782,28.691568330073046,1.0,255.0,0.009239339370686165,8.419381173385775,11.415944700569478,2.8,1.0,True,True,False
328d141ed3aa.png,preprocessed_green_images/328d141ed3aa_green_preprocessed.png,preprocessed_images/328d141ed3aa_preprocessed.png,fundus_masks/328d141ed3aa_fundus_mask.png,84.32370248561274,20.34202239708746,0.0,250.0,0.002124672938077819,125.52340206889448,17.654553962329466,1.0,236.0,0.00220799344545342,22.140234030352715,12.0,1.4660719633102417,1.0,True,True,False
32d7d360d891.png,preprocessed_green_images/32d7d360d891_green_preprocessed.png,preprocessed_images/32d7d360d891_preprocessed.png,fundus_masks/32d7d360d891_fundus_mask.png,89.94361524743337,14.599481413715804,0.0,217.0,0.0011003995760736722,123.71166632267101,13.239004928254426,1.0,215.0,0.0011595359073484429,19.59534328914503,11.843149293663934,1.3777477741241455,1.0,True,True,False
32ed318235b8.png,preprocessed_green_images/32ed318235b8_green_preprocessed.png,preprocessed_images/32ed318235b8_preprocessed.png,fundus_masks/32ed318235b8_fundus_mask.png,88.10857617935675,19.481720428612974,0.0,253.0,0.0005643216354644797,124.18879229364232,12.28666828151708,3.0,235.0,0.0003564747779580149,19.16074957051252,11.832426390039965,1.3949997425079346,1.0,True,True,False
331121c65e88.png,preprocessed_green_images/331121c65e88_green_preprocessed.png,preprocessed_images/331121c65e88_preprocessed.png,fundus_masks/331121c65e88_fundus_mask.png,76.23135168757673,26.97126844529769,0.0,255.0,0.00021275961415976214,123.20552917517027,18.094560833794034,4.0,250.0,0.0011274904393689307,21.09488003554498,12.0,1.7347298860549927,1.0,True,True,False
3323fd59782e.png,preprocessed_green_images/3323fd59782e_green_preprocessed.png,preprocessed_images/3323fd59782e_preprocessed.png,fundus_masks/3323fd59782e_fundus_mask.png,88.98822090352354,12.201927887571122,0.0,165.0,0.000783033653072075,124.14448013399605,9.29092746746068,4.0,186.0,0.0005571585608397457,19.53423146613921,11.903628506142482,1.382278561592102,1.0,True,True,False
3325b1fe55d2.png,preprocessed_green_images/3325b1fe55d2_green_preprocessed.png,preprocessed_images/3325b1fe55d2_preprocessed.png,fundus_masks/3325b1fe55d2_fundus_mask.png,94.59098886205278,14.10406014316665,0.0,240.0,0.000763380885359652,122.48535038487603,9.45940161543259,2.0,221.0,0.0006266905295592895,19.238136008768812,11.695254403507525,1.2944926023483276,1.0,False,True,False
33596a635b53.png,preprocessed_green_images/33596a635b53_green_preprocessed.png,preprocessed_images/33596a635b53_preprocessed.png,fundus_masks/33596a635b53_fundus_mask.png,92.22296570960425,27.051966504670105,0.0,255.0,3.7208194732807957e-05,124.3234163346681,14.875743909997453,14.0,236.0,0.00027601715365428443,19.905356015723694,11.962142406289477,1.3666555881500244,1.0,False,True,False
338326891d84.png,preprocessed_green_images/338326891d84_green_preprocessed.png,preprocessed_images/338326891d84_preprocessed.png,fundus_masks/338326891d84_fundus_mask.png,72.8401191799574,27.943443329900948,0.0,255.0,0.003197494539954803,125.63403683177916,18.122982424510518,1.0,255.0,0.0010953940642911013,20.97880055153853,12.0,1.8814619779586792,1.0,True,True,False
33b91def2035.png,preprocessed_green_images/33b91def2035_green_preprocessed.png,preprocessed_images/33b91def2035_preprocessed.png,fundus_masks/33b91def2035_fundus_mask.png,93.19925286616,21.856289553835442,0.0,255.0,6.0114217012323416e-05,123.14099360212975,17.458844994910635,11.0,255.0,4.2938726437373865e-05,15.741410360105638,10.296564144042256,1.2649351358413696,1.0,False,True,False
33b978734eab.png,preprocessed_green_images/33b978734eab_green_preprocessed.png,preprocessed_images/33b978734eab_preprocessed.png,fundus_masks/33b978734eab_fundus_mask.png,43.74626815093445,14.76952575270664,0.0,243.0,0.09152306884223725,119.72989918500822,19.34439132890292,1.0,255.0,0.0011087954726444027,24.888622072835542,12.0,2.8,1.0,True,True,False
33d72035c27a.png,preprocessed_green_images/33d72035c27a_green_preprocessed.png,preprocessed_images/33d72035c27a_preprocessed.png,fundus_masks/33d72035c27a_fundus_mask.png,109.00034389730915,31.342673451500044,0.0,255.0,1.4863930847588632e-05,123.15886636853224,9.154110081538313,1.0,213.0,3.5132927457936766e-05,19.658763808442682,11.863505523377073,1.2380836009979248,1.0,False,True,False
33e7bf536fc5.png,preprocessed_green_images/33e7bf536fc5_green_preprocessed.png,preprocessed_images/33e7bf536fc5_preprocessed.png,fundus_masks/33e7bf536fc5_fundus_mask.png,59.03167395380877,25.970841861188287,4.0,201.0,0.0942160103455094,124.84454887487801,16.782893472725302,1.0,246.0,0.0008369450131710709,9.29480727289795,10.470663002153955,2.0820984840393066,1.0,True,True,False
342edf9b889d.png,preprocessed_green_images/342edf9b889d_green_preprocessed.png,preprocessed_images/342edf9b889d_preprocessed.png,fundus_masks/342edf9b889d_fundus_mask.png,70.56348152065036,18.449737096293376,0.0,255.0,0.001018868411210132,124.80836245921301,21.722322693159832,18.0,255.0,0.00024074527859817464,17.79285621396551,12.0,1.7853150367736816,1.0,True,True,False
345b1f0abbba.png,preprocessed_green_images/345b1f0abbba_green_preprocessed.png,preprocessed_images/345b1f0abbba_preprocessed.png,fundus_masks/345b1f0abbba_fundus_mask.png,70.03970409996158,29.794847076141313,12.0,255.0,0.0006387734847865631,125.33911070897722,19.294634530845347,1.0,252.0,0.002846979456036716,9.776315270008935,9.684774632451433,1.8758474588394165,1.0,True,True,False
348598d01e18.png,preprocessed_green_images/348598d01e18_green_preprocessed.png,preprocessed_images/348598d01e18_preprocessed.png,fundus_masks/348598d01e18_fundus_mask.png,81.51164380853592,20.48775681777687,0.0,251.0,0.0006512067092896963,122.89282649294952,14.790684682351607,1.0,233.0,0.0006419037562998435,22.351685734729195,12.0,1.522835373878479,1.0,True,True,False
3486f7096276.png,preprocessed_green_images/3486f7096276_green_preprocessed.png,preprocessed_images/3486f7096276_preprocessed.png,fundus_masks/3486f7096276_fundus_mask.png,83.85352629744129,43.591983242644496,5.0,248.0,0.09310575120288231,123.29523047931852,16.001126210391412,1.0,255.0,0.002493315555795554,9.936522043951408,8.520962035585782,1.5618081092834473,1.0,True,True,False
34a7dbd3f05c.png,preprocessed_green_images/34a7dbd3f05c_green_preprocessed.png,preprocessed_images/34a7dbd3f05c_preprocessed.png,fundus_masks/34a7dbd3f05c_fundus_mask.png,95.21974710074338,21.8689753547494,0.0,255.0,2.6401496355578062e-05,123.31731010723746,15.226520980632822,26.0,228.0,4.061768670088932e-06,19.688852626473402,11.87554105058936,1.2957991361618042,1.0,False,True,False
34acae864963.png,preprocessed_green_images/34acae864963_green_preprocessed.png,preprocessed_images/34acae864963_preprocessed.png,fundus_masks/34acae864963_fundus_mask.png,94.12071680419724,21.49848604254035,0.0,255.0,2.0959187053983428e-05,122.68118372079658,12.23305575897617,1.0,220.0,3.312903760145768e-05,19.725932946469,11.8903731785876,1.3123974800109863,1.0,False,True,False
351e842842a2.png,preprocessed_green_images/351e842842a2_green_preprocessed.png,preprocessed_images/351e842842a2_preprocessed.png,fundus_masks/351e842842a2_fundus_mask.png,42.684455273841145,17.793379198744507,11.0,255.0,0.24127371482907078,121.16243736864081,18.32266122411122,1.0,255.0,0.002532666552047186,9.200621582476204,11.88607483087127,2.8,1.0,True,True,False
35362d43e753.png,preprocessed_green_images/35362d43e753_green_preprocessed.png,preprocessed_images/35362d43e753_preprocessed.png,fundus_masks/35362d43e753_fundus_mask.png,113.65396740619484,11.998344070191367,0.0,251.0,0.001162990990866012,122.29104022954621,8.614083006185975,1.0,215.0,0.001087847437778248,17.360784058221423,10.944313623288568,1.064767837524414,1.0,False,True,False
356304d15a5c.png,preprocessed_green_images/356304d15a5c_green_preprocessed.png,preprocessed_images/356304d15a5c_preprocessed.png,fundus_masks/356304d15a5c_fundus_mask.png,62.001786752853505,11.385581569142245,0.0,159.0,0.0005769358528918473,123.45629332118077,10.535768874550984,1.0,230.0,0.0002540848806675206,20.09024697558984,12.0,1.9684473276138306,1.0,True,True,False
35777eb7859d.png,preprocessed_green_images/35777eb7859d_green_preprocessed.png,preprocessed_images/35777eb7859d_preprocessed.png,fundus_masks/35777eb7859d_fundus_mask.png,81.81887245084627,24.27228840810553,4.0,255.0,0.014374617442705271,124.65767776234544,15.874876384725194,5.0,237.0,0.000783754774921928,10.246404038061772,8.825772952927263,1.3900943994522095,1.0,True,True,False
357f02a779d7.png,preprocessed_green_images/357f02a779d7_green_preprocessed.png,preprocessed_images/357f02a779d7_preprocessed.png,fundus_masks/357f02a779d7_fundus_mask.png,88.05607740300344,13.53422738706411,0.0,217.0,0.0017204778488476961,122.94670796738492,9.368791800325662,1.0,217.0,0.001263764979025895,20.04049408354748,12.0,1.4048073291778564,1.0,True,True,False
3580a545016d.png,preprocessed_green_images/3580a545016d_green_preprocessed.png,preprocessed_images/3580a545016d_preprocessed.png,fundus_masks/3580a545016d_fundus_mask.png,50.70791926818644,16.594277941981304,0.0,168.0,0.061761579788006386,126.75370756497749,20.99556864068049,1.0,255.0,0.0010384782924350226,22.601727311639706,12.0,2.480844020843506,1.0,True,True,False
3599029efeb3.png,preprocessed_green_images/3599029efeb3_green_preprocessed.png,preprocessed_images/3599029efeb3_preprocessed.png,fundus_masks/3599029efeb3_fundus_mask.png,50.229845822305556,15.82587768032036,13.0,255.0,0.03156412417921617,125.73219022883244,18.181170361071732,1.0,255.0,0.0012819412076905054,9.220909780016676,11.223488727801733,2.41081166267395,1.0,True,True,False
359bab5d784b.png,preprocessed_green_images/359bab5d784b_green_preprocessed.png,preprocessed_images/359bab5d784b_preprocessed.png,fundus_masks/359bab5d784b_fundus_mask.png,74.83009979372247,15.119920929914795,0.0,238.0,0.0006864302837709761,126.52131534444631,15.747882357498362,1.0,255.0,0.0004134842318485068,19.588581414527308,12.0,1.646968126296997,1.0,True,True,False
35ac70c0d08f.png,preprocessed_green_images/35ac70c0d08f_green_preprocessed.png,preprocessed_images/35ac70c0d08f_preprocessed.png,fundus_masks/35ac70c0d08f_fundus_mask.png,73.02768800190455,16.36697744207096,0.0,247.0,0.0014400269424395683,128.02645584981911,18.81854613268502,2.0,255.0,0.0006538186843495781,23.51828154018608,12.0,1.6704790592193604,1.0,True,True,False
35beb47fe159.png,preprocessed_green_images/35beb47fe159_green_preprocessed.png,preprocessed_images/35beb47fe159_preprocessed.png,fundus_masks/35beb47fe159_fundus_mask.png,72.88446236390813,16.90339807481064,0.0,195.0,0.0035622471378527025,125.90835446678193,15.9278234557529,0.0,247.0,0.0007421348203859797,21.751231508010793,12.0,1.6299108266830444,1.0,True,True,False
35cd9832fc0a.png,preprocessed_green_images/35cd9832fc0a_green_preprocessed.png,preprocessed_images/35cd9832fc0a_preprocessed.png,fundus_masks/35cd9832fc0a_fundus_mask.png,85.46102916507596,17.76765559676522,0.0,230.0,0.0012239845440136976,125.1123728872384,15.538338085293649,1.0,229.0,0.001016902092805331,21.861723199044068,12.0,1.441281795501709,1.0,True,True,False
35df2bc6ae95.png,preprocessed_green_images/35df2bc6ae95_green_preprocessed.png,preprocessed_images/35df2bc6ae95_preprocessed.png,fundus_masks/35df2bc6ae95_fundus_mask.png,82.66065468519669,11.475609489824677,0.0,173.0,0.000839042842176505,125.8073898350655,12.225466493809137,1.0,212.0,0.0006431889190717683,20.47383565167346,12.0,1.4778138399124146,1.0,True,True,False
3601dac9bed7.png,preprocessed_green_images/3601dac9bed7_green_preprocessed.png,preprocessed_images/3601dac9bed7_preprocessed.png,fundus_masks/3601dac9bed7_fundus_mask.png,55.2123126043731,21.02352042664715,4.0,255.0,0.11136230686278774,125.46650671725408,17.961326960748167,2.0,255.0,0.000683378921988789,9.630475798958033,10.944429199194493,2.074392318725586,1.0,True,True,False
360832d84ce0.png,preprocessed_green_images/360832d84ce0_green_preprocessed.png,preprocessed_images/360832d84ce0_preprocessed.png,fundus_masks/360832d84ce0_fundus_mask.png,53.86541280656879,11.689720652734009,0.0,177.0,0.001216602540678804,121.79583861745803,16.84126089625995,6.0,255.0,6.018528469789137e-05,13.90441201973053,12.0,2.231916666030884,1.0,True,True,False
369229040a34.png,preprocessed_green_images/369229040a34_green_preprocessed.png,preprocessed_images/369229040a34_preprocessed.png,fundus_masks/369229040a34_fundus_mask.png,90.58904703249947,12.478697603870131,0.0,209.0,0.0009698736614990284,123.52193339737357,10.3169350267546,2.0,215.0,0.0007103136851838762,19.653348540585082,11.861339416234033,1.3527449369430542,1.0,False,True,False
3694e8c8e09a.png,preprocessed_green_images/3694e8c8e09a_green_preprocessed.png,preprocessed_images/3694e8c8e09a_preprocessed.png,fundus_masks/3694e8c8e09a_fundus_mask.png,53.18539694279883,20.853347221225683,5.0,232.0,0.09441915005009005,124.82050363341551,15.921466696063158,1.0,253.0,0.0008532389315287674,9.296891064386188,10.99116558639458,2.251725912094116,1.0,True,True,False
36e4b704b905.png,preprocessed_green_images/36e4b704b905_green_preprocessed.png,preprocessed_images/36e4b704b905_preprocessed.png,fundus_masks/36e4b704b905_fundus_mask.png,35.57916037358613,19.387062231134635,0.0,221.0,0.5034192758012057,91.78235067888862,24.094430732931677,1.0,255.0,0.007987224515889126,7.778225953100999,11.948698348032744,2.8,1.0,True,True,False
370f575adb23.png,preprocessed_green_images/370f575adb23_green_preprocessed.png,preprocessed_images/370f575adb23_preprocessed.png,fundus_masks/370f575adb23_fundus_mask.png,82.73150238755794,24.39475329012702,0.0,254.0,0.00047925645454915575,124.6442835290491,16.41571525591068,2.0,237.0,0.0005199699883093996,22.824075456356972,12.0,1.5013337135314941,1.0,True,True,False
3710ff45299c.png,preprocessed_green_images/3710ff45299c_green_preprocessed.png,preprocessed_images/3710ff45299c_preprocessed.png,fundus_masks/3710ff45299c_fundus_mask.png,86.69460950764007,16.064645969940536,0.0,193.0,0.0009103602475252117,126.29391067568446,14.920366930462597,1.0,215.0,0.0007178509467746574,24.401345866745864,12.0,1.4434776306152344,1.0,True,True,False
3730c322d35b.png,preprocessed_green_images/3730c322d35b_green_preprocessed.png,preprocessed_images/3730c322d35b_preprocessed.png,fundus_masks/3730c322d35b_fundus_mask.png,89.62906415156267,17.950517748466613,0.0,197.0,0.0009765636286099629,122.93749646067916,9.741703765480967,1.0,189.0,0.001092133288800491,22.982968818408725,12.0,1.373881459236145,1.0,True,True,False
3732de8b416f.png,preprocessed_green_images/3732de8b416f_green_preprocessed.png,preprocessed_images/3732de8b416f_preprocessed.png,fundus_masks/3732de8b416f_fundus_mask.png,71.73436132760497,23.26355865814393,14.0,255.0,0.0006453726561412851,126.07013677736616,16.36717240983453,1.0,245.0,0.0016168283385434301,10.070508394673574,9.651815684304543,1.7107596397399902,1.0,True,True,False
37c523296d42.png,preprocessed_green_images/37c523296d42_green_preprocessed.png,preprocessed_images/37c523296d42_preprocessed.png,fundus_masks/37c523296d42_fundus_mask.png,73.3720955325703,16.481929322700513,0.0,244.0,0.0015152482002076795,128.16549039627338,17.451018128228917,3.0,255.0,0.0007564638794298675,21.835665617132623,12.0,1.6846874952316284,1.0,True,True,False
3823acc4e464.png,preprocessed_green_images/3823acc4e464_green_preprocessed.png,preprocessed_images/3823acc4e464_preprocessed.png,fundus_masks/3823acc4e464_fundus_mask.png,81.33978343836101,13.178582541577168,0.0,237.0,2.4364707180211528e-05,123.41855724386433,9.401676557607248,2.0,215.0,2.6395099445229155e-05,21.01443471447675,12.0,1.4983054399490356,1.0,True,True,False
38373431d996.png,preprocessed_green_images/38373431d996_green_preprocessed.png,preprocessed_images/38373431d996_preprocessed.png,fundus_masks/38373431d996_fundus_mask.png,74.06486328847893,17.599238177613433,0.0,239.0,8.052003764819239e-05,124.46322636347827,14.356271271020677,9.0,216.0,2.1652447098673583e-05,21.09433782065643,12.0,1.708450436592102,1.0,True,True,False
384db24ebbd7.png,preprocessed_green_images/384db24ebbd7_green_preprocessed.png,preprocessed_images/384db24ebbd7_preprocessed.png,fundus_masks/384db24ebbd7_fundus_mask.png,90.11028336003768,9.858410593790307,0.0,166.0,0.0009049700257684414,122.44470111044463,6.791386869740824,1.0,184.0,0.0006543629417094884,19.691415254837604,11.876566101935042,1.338971734046936,1.0,False,True,False
384e6c915722.png,preprocessed_green_images/384e6c915722_green_preprocessed.png,preprocessed_images/384e6c915722_preprocessed.png,fundus_masks/384e6c915722_fundus_mask.png,44.696007181815126,16.310212479208552,4.0,217.0,0.096600222027452,124.83054858504691,16.244446890794183,1.0,255.0,0.0006054390963438989,8.789251468227148,11.542722171129515,2.6068508625030518,1.0,True,True,False
387138ddf43d.png,preprocessed_green_images/387138ddf43d_green_preprocessed.png,preprocessed_images/387138ddf43d_preprocessed.png,fundus_masks/387138ddf43d_fundus_mask.png,30.82808286329085,9.657191734661364,0.0,135.0,0.5940335374781955,85.71079845681763,17.13337066744463,1.0,255.0,0.0009167420007894167,8.253293670482254,12.0,2.8,1.0,True,True,False
388279491b5d.png,preprocessed_green_images/388279491b5d_green_preprocessed.png,preprocessed_images/388279491b5d_preprocessed.png,fundus_masks/388279491b5d_fundus_mask.png,95.86901570875395,22.187077521653592,0.0,255.0,2.6378531933242022e-05,124.74714418573193,16.21652754620632,1.0,233.0,0.00040108895990801334,19.8109689077055,11.9243875630822,1.2894824743270874,1.0,False,True,False
389552047476.png,preprocessed_green_images/389552047476_green_preprocessed.png,preprocessed_images/389552047476_preprocessed.png,fundus_masks/389552047476_fundus_mask.png,69.8444478003787,14.243747177365563,0.0,229.0,0.0007481151911527247,127.26981517837436,16.993740331571463,1.0,255.0,0.00048209286386394527,20.415605573668227,12.0,1.7373274564743042,1.0,True,True,False
38c7153457e2.png,preprocessed_green_images/38c7153457e2_green_preprocessed.png,preprocessed_images/38c7153457e2_preprocessed.png,fundus_masks/38c7153457e2_fundus_mask.png,71.46770331179331,19.813776883328142,0.0,253.0,0.002139299382354204,126.36044002474762,17.288512269296735,5.0,255.0,0.00040626955172217663,23.18984361214706,12.0,1.7126550674438477,1.0,True,True,False
38f1901f214a.png,preprocessed_green_images/38f1901f214a_green_preprocessed.png,preprocessed_images/38f1901f214a_preprocessed.png,fundus_masks/38f1901f214a_fundus_mask.png,56.58063960425992,23.648823921573136,4.0,254.0,0.0920274956442821,124.74063650703837,17.50480945650192,1.0,255.0,0.0005069999607845334,9.184375881442257,10.644360165531577,2.0921213626861572,1.0,True,True,False
3908b3cfd620.png,preprocessed_green_images/3908b3cfd620_green_preprocessed.png,preprocessed_images/3908b3cfd620_preprocessed.png,fundus_masks/3908b3cfd620_fundus_mask.png,80.16825036725737,15.717013302275072,0.0,204.0,0.0006659445487847965,126.79295284229318,14.973765983413887,4.0,226.0,0.0002940383435297618,22.244402373137152,12.0,1.5170865058898926,1.0,True,True,False
393fa5a023a5.png,preprocessed_green_images/393fa5a023a5_green_preprocessed.png,preprocessed_images/393fa5a023a5_preprocessed.png,fundus_masks/393fa5a023a5_fundus_mask.png,83.649885546524,7.94948237650549,0.0,157.0,0.0018640556029076495,124.00787661661204,8.63798181458688,4.0,198.0,0.0013847600172777396,19.296973081138773,12.0,1.4540233612060547,1.0,True,True,False
39f8935185e6.png,preprocessed_green_images/39f8935185e6_green_preprocessed.png,preprocessed_images/39f8935185e6_preprocessed.png,fundus_masks/39f8935185e6_fundus_mask.png,89.30567649106521,17.948083539775517,0.0,197.0,0.0006973775818055234,127.98078208401022,16.01080533089409,6.0,210.0,0.00033418426549083316,22.69876644393795,12.0,1.393069863319397,1.0,True,True,False
39fd8ef3a45c.png,preprocessed_green_images/39fd8ef3a45c_green_preprocessed.png,preprocessed_images/39fd8ef3a45c_preprocessed.png,fundus_masks/39fd8ef3a45c_fundus_mask.png,86.30639303485475,15.073079265474435,0.0,198.0,0.0008206168671006922,126.35617557718848,13.05285276155892,3.0,221.0,0.0005931191217658468,19.44817934973848,12.0,1.4202699661254883,1.0,True,True,False
3a4cfea0a766.png,preprocessed_green_images/3a4cfea0a766_green_preprocessed.png,preprocessed_images/3a4cfea0a766_preprocessed.png,fundus_masks/3a4cfea0a766_fundus_mask.png,92.51048093340593,12.590618679869097,0.0,222.0,0.0009398333269752973,124.51720889154,12.158290391716495,3.0,222.0,0.0007479362393026044,19.856768982572344,11.942707593028938,1.323592185974121,1.0,False,True,False
3a643599f852.png,preprocessed_green_images/3a643599f852_green_preprocessed.png,preprocessed_images/3a643599f852_preprocessed.png,fundus_masks/3a643599f852_fundus_mask.png,37.11890497026815,13.646762877130037,0.0,239.0,0.3208646546243315,107.35268878621285,17.62190937711949,2.0,255.0,0.0008880457214351526,26.225096958870445,12.0,2.8,1.0,True,True,False
3abac0961bfd.png,preprocessed_green_images/3abac0961bfd_green_preprocessed.png,preprocessed_images/3abac0961bfd_preprocessed.png,fundus_masks/3abac0961bfd_fundus_mask.png,89.61379778639447,15.777621011549984,0.0,255.0,0.0016842650774114142,123.51572289212375,13.0922297440638,2.0,233.0,0.0012284955441009078,19.78859278960042,11.949766201493993,1.367838740348816,1.0,True,True,False
3ac92ac3d65a.png,preprocessed_green_images/3ac92ac3d65a_green_preprocessed.png,preprocessed_images/3ac92ac3d65a_preprocessed.png,fundus_masks/3ac92ac3d65a_fundus_mask.png,99.11874502499012,16.67524303971329,0.0,255.0,2.6398011620540088e-05,124.54046138309336,12.268557292955947,1.0,221.0,3.4520476734552424e-05,19.973319545557807,11.989327818223122,1.2540937662124634,1.0,False,True,False
3af9aaa880e9.png,preprocessed_green_images/3af9aaa880e9_green_preprocessed.png,preprocessed_images/3af9aaa880e9_preprocessed.png,fundus_masks/3af9aaa880e9_fundus_mask.png,95.04420000417758,17.302662712932733,0.0,252.0,0.0006034288685012451,125.34934237857735,13.442566028291662,3.0,240.0,0.00044328813032206853,20.46929833922865,12.0,1.3039556741714478,1.0,False,True,False
3b0190bbe615.png,preprocessed_green_images/3b0190bbe615_green_preprocessed.png,preprocessed_images/3b0190bbe615_preprocessed.png,fundus_masks/3b0190bbe615_fundus_mask.png,84.62150709819753,18.68914274920087,0.0,254.0,0.0013869641590849048,126.7947478436589,17.29786381407696,2.0,245.0,0.0009651972802988519,20.946918754947884,12.0,1.4657644033432007,1.0,True,True,False
3b10191dfd25.png,preprocessed_green_images/3b10191dfd25_green_preprocessed.png,preprocessed_images/3b10191dfd25_preprocessed.png,fundus_masks/3b10191dfd25_fundus_mask.png,46.99598904946839,23.583399848456548,0.0,254.0,0.1430903418857834,124.19271407652639,28.390843036216015,1.0,255.0,0.010403005029604635,10.538474851072728,12.0,2.762451410293579,1.0,True,True,False
3b2b91590590.png,preprocessed_green_images/3b2b91590590_green_preprocessed.png,preprocessed_images/3b2b91590590_preprocessed.png,fundus_masks/3b2b91590590_fundus_mask.png,77.39010554611218,12.873208647795918,0.0,169.0,0.0008522284669886455,126.24846354717718,14.307249392366943,10.0,222.0,0.0001639348074289209,21.015349849331464,12.0,1.5353819131851196,1.0,True,True,False
3b5dffe159b6.png,preprocessed_green_images/3b5dffe159b6_green_preprocessed.png,preprocessed_images/3b5dffe159b6_preprocessed.png,fundus_masks/3b5dffe159b6_fundus_mask.png,87.14820987312827,16.659965751325885,0.0,245.0,0.0032029117798923067,125.06515660728775,14.27046202187798,1.0,239.0,0.002450302426790588,22.398387832298685,12.0,1.425093173980713,1.0,True,True,False
3b9817a39adf.png,preprocessed_green_images/3b9817a39adf_green_preprocessed.png,preprocessed_images/3b9817a39adf_preprocessed.png,fundus_masks/3b9817a39adf_fundus_mask.png,85.879655698995,11.435592514842325,0.0,224.0,0.0007160385687570821,123.62827054671514,10.487355692188903,1.0,236.0,0.0005294977765727938,19.71686469287244,12.0,1.4024076461791992,1.0,True,True,False
3bf2deaa5ef0.png,preprocessed_green_images/3bf2deaa5ef0_green_preprocessed.png,preprocessed_images/3bf2deaa5ef0_preprocessed.png,fundus_masks/3bf2deaa5ef0_fundus_mask.png,82.75820593029916,16.52989964193313,0.0,252.0,0.000710736174268336,126.17683417469965,15.210500027513696,6.0,255.0,0.00040696312751743215,20.74331884904381,12.0,1.5103306770324707,1.0,True,True,False
3bf3085ac167.png,preprocessed_green_images/3bf3085ac167_green_preprocessed.png,preprocessed_images/3bf3085ac167_preprocessed.png,fundus_masks/3bf3085ac167_fundus_mask.png,93.87267710634315,13.131974244020164,0.0,199.0,0.0008872836956408423,124.83794910049588,11.80881790406502,3.0,210.0,0.000706583621854979,22.388895966535156,12.0,1.2994394302368164,1.0,False,True,False
3c28fd846b43.png,preprocessed_green_images/3c28fd846b43_green_preprocessed.png,preprocessed_images/3c28fd846b43_preprocessed.png,fundus_masks/3c28fd846b43_fundus_mask.png,98.65557473679823,14.365840117485691,0.0,234.0,0.0008984694757731643,123.37938220960969,9.55519803937434,1.0,212.0,0.0007792138623651283,19.59958263022992,11.839833052091969,1.2489687204360962,1.0,False,True,False
3c326543fff6.png,preprocessed_green_images/3c326543fff6_green_preprocessed.png,preprocessed_images/3c326543fff6_preprocessed.png,fundus_masks/3c326543fff6_fundus_mask.png,138.11386853917784,29.803391519080993,0.0,255.0,2.0940781496455266e-05,123.16274499869965,6.939800918360981,18.0,177.0,1.2834672530085486e-05,18.49845009280433,11.399380037121732,0.8583385348320007,1.0,False,True,False
3c42512c81e0.png,preprocessed_green_images/3c42512c81e0_green_preprocessed.png,preprocessed_images/3c42512c81e0_preprocessed.png,fundus_masks/3c42512c81e0_fundus_mask.png,103.49313132527058,19.742535619580508,0.0,249.0,0.0014444554865041634,123.3550714254349,11.777692048694007,1.0,206.0,0.001369343801205947,20.63332161571356,12.0,1.2059434652328491,1.0,False,True,False
3c9529918097.png,preprocessed_green_images/3c9529918097_green_preprocessed.png,preprocessed_images/3c9529918097_preprocessed.png,fundus_masks/3c9529918097_fundus_mask.png,91.74190066670758,12.601100965724306,0.0,220.0,0.000740014151757331,123.04871122887515,8.984237322970209,1.0,214.0,0.0006589484387322712,19.968575792713136,11.987430317085254,1.3303121328353882,1.0,False,True,False
3ca12e02dd4e.png,preprocessed_green_images/3ca12e02dd4e_green_preprocessed.png,preprocessed_images/3ca12e02dd4e_preprocessed.png,fundus_masks/3ca12e02dd4e_fundus_mask.png,88.59882997535875,14.254160450603624,0.0,239.0,0.0007143064212204668,125.07767850413103,13.256592152938019,1.0,249.0,0.0005218147557617046,22.427487274287053,12.0,1.340968132019043,1.0,True,True,False
3ca8be3b40d6.png,preprocessed_green_images/3ca8be3b40d6_green_preprocessed.png,preprocessed_images/3ca8be3b40d6_preprocessed.png,fundus_masks/3ca8be3b40d6_fundus_mask.png,78.50874501512651,20.303652046454605,0.0,255.0,6.016226622662266e-05,123.07262015264027,17.536378015587047,3.0,255.0,6.44595709570957e-05,13.745342518462706,10.519581894929393,1.5751522779464722,1.0,True,True,False
3cab32dd6ef9.png,preprocessed_green_images/3cab32dd6ef9_green_preprocessed.png,preprocessed_images/3cab32dd6ef9_preprocessed.png,fundus_masks/3cab32dd6ef9_fundus_mask.png,84.85509867219118,15.033876686835631,0.0,230.0,0.0006124600827981075,125.76146883703342,13.543560196443853,7.0,236.0,0.0003909072876950042,20.653270201890486,12.0,1.456295132637024,1.0,True,True,False
3cd9713c0ecb.png,preprocessed_green_images/3cd9713c0ecb_green_preprocessed.png,preprocessed_images/3cd9713c0ecb_preprocessed.png,fundus_masks/3cd9713c0ecb_fundus_mask.png,93.33083059052205,15.518825609871454,0.0,236.0,0.0006656971147712855,127.2449579822187,14.637782681003811,3.0,241.0,0.000498692960542949,20.63087614757656,12.0,1.3127068281173706,1.0,False,True,False
3cdef7c591cc.png,preprocessed_green_images/3cdef7c591cc_green_preprocessed.png,preprocessed_images/3cdef7c591cc_preprocessed.png,fundus_masks/3cdef7c591cc_fundus_mask.png,86.11743484561173,11.823159185199158,0.0,176.0,5.589883171441717e-05,123.01552697548621,12.109485597641521,3.0,219.0,6.449865197817366e-05,12.500206151485942,9.345199363206667,1.4014612436294556,1.0,True,True,False
3ce2f8a77a32.png,preprocessed_green_images/3ce2f8a77a32_green_preprocessed.png,preprocessed_images/3ce2f8a77a32_preprocessed.png,fundus_masks/3ce2f8a77a32_fundus_mask.png,65.6385637367685,16.616328842123615,0.0,238.0,0.0004519018777605421,123.98580162184066,13.385195677698789,2.0,239.0,2.570699304625838e-05,21.396842927396758,12.0,1.9662220478057861,1.0,True,True,False
3d2ecffe0386.png,preprocessed_green_images/3d2ecffe0386_green_preprocessed.png,preprocessed_images/3d2ecffe0386_preprocessed.png,fundus_masks/3d2ecffe0386_fundus_mask.png,95.3281144015043,17.298927034411264,0.0,255.0,6.010286175483184e-05,122.96567697287644,15.90966212922987,2.0,255.0,6.43959233087484e-05,12.938829173711724,9.17553166948469,1.2821154594421387,1.0,False,True,False
3dec415b188a.png,preprocessed_green_images/3dec415b188a_green_preprocessed.png,preprocessed_images/3dec415b188a_preprocessed.png,fundus_masks/3dec415b188a_fundus_mask.png,94.46099221552502,12.661308931992458,0.0,236.0,0.0007285961799249093,125.2008066849571,12.033142611076064,2.0,234.0,0.0004950270696140532,21.343310444500748,12.0,1.2761849164962769,1.0,False,True,False
3e61703b5ab2.png,preprocessed_green_images/3e61703b5ab2_green_preprocessed.png,preprocessed_images/3e61703b5ab2_preprocessed.png,fundus_masks/3e61703b5ab2_fundus_mask.png,39.88723125873704,18.268273757520333,0.0,229.0,0.29036638411966953,112.60550135756857,19.016615889218194,4.0,255.0,0.0017872561514507975,26.424398049932098,12.0,2.8,1.0,True,True,False
3f0d3629d69e.png,preprocessed_green_images/3f0d3629d69e_green_preprocessed.png,preprocessed_images/3f0d3629d69e_preprocessed.png,fundus_masks/3f0d3629d69e_fundus_mask.png,79.39880092014228,17.936417103181196,0.0,250.0,8.319428164443305e-05,122.4433802039545,13.291357259185208,2.0,244.0,2.164404075302323e-05,20.961637903750784,12.0,1.5365468263626099,1.0,True,True,False
3f44d749cd0b.png,preprocessed_green_images/3f44d749cd0b_green_preprocessed.png,preprocessed_images/3f44d749cd0b_preprocessed.png,fundus_masks/3f44d749cd0b_fundus_mask.png,73.37962181684513,11.897857399769482,0.0,158.0,2.1317778652895e-05,122.81224193604609,7.77197282366507,1.0,188.0,2.5927028091358782e-05,8.880831981184649,9.029699742087626,1.6612035036087036,1.0,True,True,False
3f6bccf21ce8.png,preprocessed_green_images/3f6bccf21ce8_green_preprocessed.png,preprocessed_images/3f6bccf21ce8_preprocessed.png,fundus_masks/3f6bccf21ce8_fundus_mask.png,84.48714874788611,17.714508953921943,0.0,255.0,0.001047096161419603,127.015715708759,16.76447965575649,1.0,242.0,0.0007308823870085945,21.917313503904076,12.0,1.4271515607833862,1.0,True,True,False
3f6c627e2ff2.png,preprocessed_green_images/3f6c627e2ff2_green_preprocessed.png,preprocessed_images/3f6c627e2ff2_preprocessed.png,fundus_masks/3f6c627e2ff2_fundus_mask.png,94.73305039037082,11.550471287136256,0.0,255.0,0.0009546135207144174,123.14604890915396,11.19089340620409,1.0,255.0,0.0009464940861518404,20.2554724517332,12.0,1.2794677019119263,1.0,False,True,False
3f82631e9080.png,preprocessed_green_images/3f82631e9080_green_preprocessed.png,preprocessed_images/3f82631e9080_preprocessed.png,fundus_masks/3f82631e9080_fundus_mask.png,93.9738941276499,17.91385234224279,0.0,248.0,1.7586544399598756e-05,121.5498074611591,8.750473527706927,1.0,220.0,3.179106103004391e-05,20.450848356118033,12.0,1.3426766395568848,1.0,False,True,False
3f98be586fe3.png,preprocessed_green_images/3f98be586fe3_green_preprocessed.png,preprocessed_images/3f98be586fe3_preprocessed.png,fundus_masks/3f98be586fe3_fundus_mask.png,86.03967775448491,14.40743439666965,0.0,213.0,0.000907880822959761,127.35830102220656,14.499607337379748,1.0,224.0,0.0006632283917407195,17.97679000364549,11.542744645503982,1.4050407409667969,1.0,True,True,False
3fd45879afe6.png,preprocessed_green_images/3fd45879afe6_green_preprocessed.png,preprocessed_images/3fd45879afe6_preprocessed.png,fundus_masks/3fd45879afe6_fundus_mask.png,96.044926645752,15.161838418176059,0.0,202.0,0.0010058550987909994,123.14087546561451,8.713044681313102,1.0,203.0,0.0006318535493560089,17.610465405613198,11.044186162245278,1.2520416975021362,1.0,False,True,False
3fe282197c1c.png,preprocessed_green_images/3fe282197c1c_green_preprocessed.png,preprocessed_images/3fe282197c1c_preprocessed.png,fundus_masks/3fe282197c1c_fundus_mask.png,89.61081889048664,18.0946788178454,0.0,255.0,1.8920759857715887e-05,122.55378834156836,11.190852151167475,9.0,248.0,1.4866311316776767e-05,20.0398949165687,12.0,1.3475871086120605,1.0,True,True,False
401fdfd0db07.png,preprocessed_green_images/401fdfd0db07_green_preprocessed.png,preprocessed_images/401fdfd0db07_preprocessed.png,fundus_masks/401fdfd0db07_fundus_mask.png,91.64985567019886,14.56457147749933,0.0,217.0,0.0007257129985067729,122.76468088367459,13.518301634236739,1.0,222.0,0.0007164238721258863,21.47473300347537,12.0,1.3230446577072144,1.0,False,True,False
4036471a1bb7.png,preprocessed_green_images/4036471a1bb7_green_preprocessed.png,preprocessed_images/4036471a1bb7_preprocessed.png,fundus_masks/4036471a1bb7_fundus_mask.png,51.171678217882175,9.414997523893279,0.0,247.0,0.001577137404114519,121.31263783855589,10.671172664712339,20.0,255.0,4.744289569747156e-06,24.207598414017816,12.0,2.392854690551758,1.0,True,True,False
404ede327e98.png,preprocessed_green_images/404ede327e98_green_preprocessed.png,preprocessed_images/404ede327e98_preprocessed.png,fundus_masks/404ede327e98_fundus_mask.png,81.90672335673946,24.468796195653457,0.0,187.0,5.583113229831004e-05,123.18564710429685,15.086905944216197,3.0,240.0,6.44205372672808e-05,14.649391265669948,10.579158874557805,1.552378535270691,1.0,True,True,False
405085b53d7b.png,preprocessed_green_images/405085b53d7b_green_preprocessed.png,preprocessed_images/405085b53d7b_preprocessed.png,fundus_masks/405085b53d7b_fundus_mask.png,89.91805523853002,14.759081941217259,0.0,252.0,0.0008330851844084458,125.715170608662,14.331205215335244,3.0,252.0,0.0006685537571678348,22.174921963301664,12.0,1.3764175176620483,1.0,True,True,False
40c24aded50c.png,preprocessed_green_images/40c24aded50c_green_preprocessed.png,preprocessed_images/40c24aded50c_preprocessed.png,fundus_masks/40c24aded50c_fundus_mask.png,94.38664277097253,9.681482666202747,0.0,166.0,0.0007841499628804752,125.11518420564217,10.28909775977122,1.0,177.0,0.0006878711952487008,21.145910717753228,12.0,1.2905274629592896,1.0,False,True,False
40dd4e6e4444.png,preprocessed_green_images/40dd4e6e4444_green_preprocessed.png,preprocessed_images/40dd4e6e4444_preprocessed.png,fundus_masks/40dd4e6e4444_fundus_mask.png,89.89783610419063,9.296477870735595,0.0,239.0,2.0260564364773904e-05,122.66982101142088,7.386406913078028,11.0,164.0,1.553309934632666e-05,19.922998869554274,11.978280783004765,1.3300727605819702,1.0,True,True,False
41345cec5957.png,preprocessed_green_images/41345cec5957_green_preprocessed.png,preprocessed_images/41345cec5957_preprocessed.png,fundus_masks/41345cec5957_fundus_mask.png,33.93810843009735,14.372127590704032,0.0,232.0,0.4486205517792883,95.96678403468545,19.751481806669343,1.0,255.0,0.0049007607841217255,26.92067831174963,12.0,2.8,1.0,True,True,False
4134b290f5f3.png,preprocessed_green_images/4134b290f5f3_green_preprocessed.png,preprocessed_images/4134b290f5f3_preprocessed.png,fundus_masks/4134b290f5f3_fundus_mask.png,84.96601237212981,28.601300684652973,3.0,255.0,0.06227358727287885,126.7245880782213,18.19209892758359,8.0,232.0,0.0001468179117030919,11.720104133973738,9.13550722051129,1.3406168222427368,1.0,True,True,False
4145dcb25053.png,preprocessed_green_images/4145dcb25053_green_preprocessed.png,preprocessed_images/4145dcb25053_preprocessed.png,fundus_masks/4145dcb25053_fundus_mask.png,93.35396401568491,18.589675430720025,0.0,255.0,2.572629389718148e-05,122.59563885157824,12.287367094504598,1.0,221.0,3.181936350440868e-05,20.16140892263197,12.0,1.340743899345398,1.0,False,True,False
4158c340fa49.png,preprocessed_green_images/4158c340fa49_green_preprocessed.png,preprocessed_images/4158c340fa49_preprocessed.png,fundus_masks/4158c340fa49_fundus_mask.png,49.59039802365266,18.33770406890294,15.0,255.0,0.04907603218362172,126.00106088767221,16.867435116752645,1.0,255.0,0.00208142740484684,6.135587190995581,10.046199496517996,2.5443925857543945,1.0,True,True,False
415d5c5e785f.png,preprocessed_green_images/415d5c5e785f_green_preprocessed.png,preprocessed_images/415d5c5e785f_preprocessed.png,fundus_masks/415d5c5e785f_fundus_mask.png,107.02284708193818,14.50203649840158,0.0,239.0,0.0017664259161893165,123.5771058748651,11.208911405066228,3.0,207.0,0.0015265978544612632,21.443739358329314,12.0,1.149588704109192,1.0,False,True,False
415f2d2bd2a1.png,preprocessed_green_images/415f2d2bd2a1_green_preprocessed.png,preprocessed_images/415f2d2bd2a1_preprocessed.png,fundus_masks/415f2d2bd2a1_fundus_mask.png,80.70892704300688,16.334441254221762,0.0,219.0,0.0007132634528445875,126.2566275512216,14.03717422709598,1.0,237.0,0.00040476251226465206,20.678417077855336,12.0,1.4915294647216797,1.0,True,True,False
41960d5f58c2.png,preprocessed_green_images/41960d5f58c2_green_preprocessed.png,preprocessed_images/41960d5f58c2_preprocessed.png,fundus_masks/41960d5f58c2_fundus_mask.png,84.79194241000522,35.061720185466214,5.0,255.0,0.09404140352590265,124.41389732533675,14.039263898494182,26.0,223.0,2.818213518573317e-05,10.273037464899216,8.572153438403667,1.362987756729126,1.0,True,True,False
41ab357d103f.png,preprocessed_green_images/41ab357d103f_green_preprocessed.png,preprocessed_images/41ab357d103f_preprocessed.png,fundus_masks/41ab357d103f_fundus_mask.png,81.07710098574051,24.932485146495242,0.0,255.0,3.439129556309298e-05,123.38956740049093,20.317129323738744,11.0,255.0,3.439129556309298e-05,14.53120065592512,10.605626841415337,1.555882453918457,1.0,True,True,False
4205e9deb058.png,preprocessed_green_images/4205e9deb058_green_preprocessed.png,preprocessed_images/4205e9deb058_preprocessed.png,fundus_masks/4205e9deb058_fundus_mask.png,126.98297254960896,7.849156065523663,0.0,178.0,0.0010138552510650105,121.44960260804726,5.075061132604158,2.0,160.0,0.00103466413877216,16.150052725591394,10.460021090236557,0.9389663934707642,1.0,False,True,False
4210809074c1.png,preprocessed_green_images/4210809074c1_green_preprocessed.png,preprocessed_images/4210809074c1_preprocessed.png,fundus_masks/4210809074c1_fundus_mask.png,64.34665506338294,13.2128414333424,0.0,173.0,0.005293418037304557,126.64037826704957,17.77033965673964,1.0,243.0,0.0005929277985669945,22.80944262925506,12.0,1.8832987546920776,1.0,True,True,False
4276b82e4489.png,preprocessed_green_images/4276b82e4489_green_preprocessed.png,preprocessed_images/4276b82e4489_preprocessed.png,fundus_masks/4276b82e4489_fundus_mask.png,73.80906737923368,16.233675684326776,0.0,245.0,5.950078838544611e-05,123.6980646016287,13.80021077591836,1.0,246.0,6.152922435313178e-05,21.392371268809953,12.0,1.6698051691055298,1.0,True,True,False
42985aa2e32f.png,preprocessed_green_images/42985aa2e32f_green_preprocessed.png,preprocessed_images/42985aa2e32f_preprocessed.png,fundus_masks/42985aa2e32f_fundus_mask.png,66.71911396460192,6.993994139126516,0.0,157.0,2.7368467146892037e-05,122.04767270078948,6.40608141999592,1.0,198.0,2.82327345304781e-05,10.91462336270742,10.435261437118353,1.8049572706222534,1.0,True,True,False
42af7282349b.png,preprocessed_green_images/42af7282349b_green_preprocessed.png,preprocessed_images/42af7282349b_preprocessed.png,fundus_masks/42af7282349b_fundus_mask.png,52.28928910268742,21.320323790904386,4.0,195.0,0.09580593435839894,122.98205291454022,10.861877993705642,40.0,232.0,0.0,9.014035672231394,10.957677459764787,2.3939921855926514,1.0,True,True,False
42b9c1977681.png,preprocessed_green_images/42b9c1977681_green_preprocessed.png,preprocessed_images/42b9c1977681_preprocessed.png,fundus_masks/42b9c1977681_fundus_mask.png,84.25458875693677,17.488772963109735,0.0,243.0,0.0016418647687823067,126.69448792603261,16.088249212644786,1.0,246.0,0.0012511102298842578,26.908538062147514,12.0,1.4462363719940186,1.0,True,True,False
42c65af5ab16.png,preprocessed_green_images/42c65af5ab16_green_preprocessed.png,preprocessed_images/42c65af5ab16_preprocessed.png,fundus_masks/42c65af5ab16_fundus_mask.png,43.65665721880648,19.05678196690267,0.0,245.0,0.17169272957351853,120.03029592757484,22.830736268427525,1.0,255.0,0.004685090897266714,24.924917871161703,12.0,2.8,1.0,True,True,False
4318b6adeb97.png,preprocessed_green_images/4318b6adeb97_green_preprocessed.png,preprocessed_images/4318b6adeb97_preprocessed.png,fundus_masks/4318b6adeb97_fundus_mask.png,87.86762363899349,15.946155475052658,0.0,245.0,1.961933085904255e-05,122.73836269242166,11.595830657764704,1.0,242.0,2.5708088711848856e-05,19.94110250497256,12.0,1.3704711198806763,1.0,True,True,False
4350a1b2f3cb.png,preprocessed_green_images/4350a1b2f3cb_green_preprocessed.png,preprocessed_images/4350a1b2f3cb_preprocessed.png,fundus_masks/4350a1b2f3cb_fundus_mask.png,72.79298102996766,14.815076680533496,0.0,215.0,0.0007722725134857362,123.97098577973394,11.514965601176995,1.0,241.0,0.0003751037922645004,18.507769736958664,12.0,1.6740926504135132,1.0,True,True,False
435414ccccf7.png,preprocessed_green_images/435414ccccf7_green_preprocessed.png,preprocessed_images/435414ccccf7_preprocessed.png,fundus_masks/435414ccccf7_fundus_mask.png,91.45261245245213,16.42236131515612,0.0,255.0,2.7059077407226262e-05,127.1337699315473,15.623785631912511,8.0,238.0,9.605972479565323e-05,19.37651389627961,11.750605558511845,1.3393077850341797,1.0,False,True,False
436e7a7af761.png,preprocessed_green_images/436e7a7af761_green_preprocessed.png,preprocessed_images/436e7a7af761_preprocessed.png,fundus_masks/436e7a7af761_fundus_mask.png,111.01843235674133,36.66540503079796,0.0,255.0,2.705865640241634e-05,122.54443031381277,7.815257110406023,1.0,203.0,4.261738383380573e-05,19.67750902158135,11.87100360863254,1.0760353803634644,1.0,False,True,False
436fa3fd145a.png,preprocessed_green_images/436fa3fd145a_green_preprocessed.png,preprocessed_images/436fa3fd145a_preprocessed.png,fundus_masks/436fa3fd145a_fundus_mask.png,28.333629898068597,18.844275715689857,0.0,246.0,0.6515961561952848,83.30534291569961,22.548867363904193,1.0,255.0,0.023542625242613028,28.46094275770286,12.0,2.8,1.0,True,True,False
43823561c3f0.png,preprocessed_green_images/43823561c3f0_green_preprocessed.png,preprocessed_images/43823561c3f0_preprocessed.png,fundus_masks/43823561c3f0_fundus_mask.png,110.63528006154175,25.671127824951913,0.0,255.0,3.039265281256986e-05,122.34233000882737,10.868325986642049,1.0,205.0,4.2549713937597804e-05,19.309555650305867,11.723822260122347,1.0685352087020874,1.0,False,True,False
43bc7c066dfb.png,preprocessed_green_images/43bc7c066dfb_green_preprocessed.png,preprocessed_images/43bc7c066dfb_preprocessed.png,fundus_masks/43bc7c066dfb_fundus_mask.png,95.82822145564322,12.679860322632315,0.0,216.0,0.0012251368436167244,123.50342239313923,10.360351307132447,1.0,206.0,0.0011278669997000846,24.78858335056711,12.0,1.2606749534606934,1.0,False,True,False
43e9c66eb0f3.png,preprocessed_green_images/43e9c66eb0f3_green_preprocessed.png,preprocessed_images/43e9c66eb0f3_preprocessed.png,fundus_masks/43e9c66eb0f3_fundus_mask.png,61.82943497253759,26.01552019877613,5.0,255.0,0.09419441457061627,125.36455676341815,17.362886814966625,1.0,255.0,0.0009286871172467485,9.74326617997727,10.401356696654233,1.8976596593856812,1.0,True,True,False
43f22d1be8dd.png,preprocessed_green_images/43f22d1be8dd_green_preprocessed.png,preprocessed_images/43f22d1be8dd_preprocessed.png,fundus_masks/43f22d1be8dd_fundus_mask.png,95.53094664105507,9.078233952904254,0.0,147.0,5.1566991968441003e-05,124.00646306299338,10.98967692907374,3.0,187.0,5.5864241299144415e-05,15.192080653673534,10.076832261469413,1.2754195928573608,1.0,False,True,False
4403538fb50f.png,preprocessed_green_images/4403538fb50f_green_preprocessed.png,preprocessed_images/4403538fb50f_preprocessed.png,fundus_masks/4403538fb50f_fundus_mask.png,92.02987568127196,14.829997255934394,0.0,226.0,0.001013285165574738,123.32335854179685,12.51602906786212,1.0,219.0,0.0009158984906224748,21.61018017788688,12.0,1.3069730997085571,1.0,False,True,False
4409965eb2a4.png,preprocessed_green_images/4409965eb2a4_green_preprocessed.png,preprocessed_images/4409965eb2a4_preprocessed.png,fundus_masks/4409965eb2a4_fundus_mask.png,90.97596500883469,10.814440155912251,0.0,183.0,0.0007809286562581467,123.3245326304203,9.063687524847111,2.0,197.0,0.0005271847753671466,18.90994584246587,11.563978336986349,1.3395991325378418,1.0,False,True,False
441848e0f308.png,preprocessed_green_images/441848e0f308_green_preprocessed.png,preprocessed_images/441848e0f308_preprocessed.png,fundus_masks/441848e0f308_fundus_mask.png,39.7409338826561,14.23185471344598,0.0,151.0,0.22250118403161492,108.05204901126994,21.19558504248848,2.0,255.0,0.002696536516553526,8.070822757574145,11.69580164679356,2.8,1.0,True,True,False
44271f3cb18f.png,preprocessed_green_images/44271f3cb18f_green_preprocessed.png,preprocessed_images/44271f3cb18f_preprocessed.png,fundus_masks/44271f3cb18f_fundus_mask.png,66.74630357557564,12.36901411439687,0.0,175.0,0.001402017873577554,125.82245550958619,14.494135509884094,7.0,238.0,5.5908688210147854e-05,15.916401240402546,12.0,1.762902021408081,1.0,True,True,False
445a8a6da55c.png,preprocessed_green_images/445a8a6da55c_green_preprocessed.png,preprocessed_images/445a8a6da55c_preprocessed.png,fundus_masks/445a8a6da55c_fundus_mask.png,83.96932044329606,17.237473794526785,0.0,255.0,0.0009034314157547306,127.71832191383653,16.534984311686664,2.0,250.0,0.0006436513937662072,19.52343906099624,12.0,1.4759424924850464,1.0,True,True,False
4464bb62bf20.png,preprocessed_green_images/4464bb62bf20_green_preprocessed.png,preprocessed_images/4464bb62bf20_preprocessed.png,fundus_masks/4464bb62bf20_fundus_mask.png,67.77676355548586,23.144228206415708,5.0,163.0,0.09420582563585458,125.44337437883406,16.155512048925903,44.0,204.0,0.0,9.675060158428446,9.845422858439303,1.6453934907913208,1.0,True,True,False
44878f34e31f.png,preprocessed_green_images/44878f34e31f_green_preprocessed.png,preprocessed_images/44878f34e31f_preprocessed.png,fundus_masks/44878f34e31f_fundus_mask.png,69.1064475494436,15.406791059546903,0.0,202.0,0.0009380786801883123,125.05504478513006,14.119736365698527,1.0,247.0,0.00045742945543836023,20.04312233137157,12.0,1.7628117799758911,1.0,True,True,False
44976c3b11a6.png,preprocessed_green_images/44976c3b11a6_green_preprocessed.png,preprocessed_images/44976c3b11a6_preprocessed.png,fundus_masks/44976c3b11a6_fundus_mask.png,62.09808027098787,23.829225157432845,5.0,255.0,0.09462246030742578,124.19284583912497,13.561549739763503,33.0,255.0,0.0,9.447850736111798,10.259310937023574,1.8834490776062012,1.0,True,True,False
44a4d04162cc.png,preprocessed_green_images/44a4d04162cc_green_preprocessed.png,preprocessed_images/44a4d04162cc_preprocessed.png,fundus_masks/44a4d04162cc_fundus_mask.png,80.38165073326994,19.812837586922168,0.0,213.0,0.001250149866662321,125.69761854598491,15.418053965680508,1.0,219.0,0.0007542803664778249,25.631374461700315,12.0,1.51498544216156,1.0,True,True,False
44a86263117b.png,preprocessed_green_images/44a86263117b_green_preprocessed.png,preprocessed_images/44a86263117b_preprocessed.png,fundus_masks/44a86263117b_fundus_mask.png,91.29813198105828,12.28924732170838,0.0,212.0,0.001066976498743236,125.5925804629891,12.856218927522656,1.0,226.0,0.0009130634029375414,20.12662310842164,12.0,1.3248902559280396,1.0,False,True,False
44f7f3ef9d50.png,preprocessed_green_images/44f7f3ef9d50_green_preprocessed.png,preprocessed_images/44f7f3ef9d50_preprocessed.png,fundus_masks/44f7f3ef9d50_fundus_mask.png,47.63352599988983,9.881378969329978,13.0,165.0,0.021604375389683968,123.57094261767112,9.2999317883957,36.0,214.0,0.0,9.128425319059849,11.417278927633733,2.4845871925354004,1.0,True,True,False
4528fbbd43a3.png,preprocessed_green_images/4528fbbd43a3_green_preprocessed.png,preprocessed_images/4528fbbd43a3_preprocessed.png,fundus_masks/4528fbbd43a3_fundus_mask.png,69.27737101437472,22.60788831044614,0.0,252.0,0.009621929156074207,128.09590399013373,18.462337053938914,4.0,255.0,0.0007562580352416244,25.398800718382954,12.0,1.8157151937484741,1.0,True,True,False
45369821d6a3.png,preprocessed_green_images/45369821d6a3_green_preprocessed.png,preprocessed_images/45369821d6a3_preprocessed.png,fundus_masks/45369821d6a3_fundus_mask.png,88.85914766457404,14.88170773669013,0.0,211.0,0.000784734650729328,124.0684202839418,11.193616678896056,6.0,213.0,0.0005378388152709131,20.3322059111786,12.0,1.3957749605178833,1.0,True,True,False
454792eb6e05.png,preprocessed_green_images/454792eb6e05_green_preprocessed.png,preprocessed_images/454792eb6e05_preprocessed.png,fundus_masks/454792eb6e05_fundus_mask.png,111.06177650801632,17.634610820239462,0.0,255.0,1.8248878200903927e-05,123.14650604950312,13.415649135405305,1.0,215.0,8.24578940929733e-05,18.669568580560075,11.46782743222403,1.1095534563064575,1.0,False,True,False
454a944eb557.png,preprocessed_green_images/454a944eb557_green_preprocessed.png,preprocessed_images/454a944eb557_preprocessed.png,fundus_masks/454a944eb557_fundus_mask.png,89.78523596596351,16.58052318520193,0.0,255.0,6.443049882092187e-05,124.3966685136743,13.685665610748963,16.0,255.0,4.2953665880614584e-05,13.857636313339569,9.562144661694628,1.338053822517395,1.0,True,True,False
4554062fa836.png,preprocessed_green_images/4554062fa836_green_preprocessed.png,preprocessed_images/4554062fa836_preprocessed.png,fundus_masks/4554062fa836_fundus_mask.png,56.785942953748936,31.079643288176765,5.0,165.0,0.14276173925196428,123.62996943170931,16.952156500586437,1.0,255.0,0.004475858435343439,9.176815736735021,10.623086921027436,2.345377206802368,1.0,True,True,False
45693d027798.png,preprocessed_green_images/45693d027798_green_preprocessed.png,preprocessed_images/45693d027798_preprocessed.png,fundus_masks/45693d027798_fundus_mask.png,82.73544153325315,15.870818911958933,0.0,184.0,0.0010751865935354405,126.98740131571326,14.435044012083518,2.0,191.0,0.0006534539210711083,20.468756786745427,12.0,1.4836636781692505,1.0,True,True,False
461fa5292fda.png,preprocessed_green_images/461fa5292fda_green_preprocessed.png,preprocessed_images/461fa5292fda_preprocessed.png,fundus_masks/461fa5292fda_fundus_mask.png,71.46044421999689,21.65806228496623,0.0,250.0,0.0030498234802663273,126.65387936150357,18.983632922736536,7.0,255.0,0.0003013751550511174,20.61501276730419,12.0,1.7127231359481812,1.0,True,True,False
462937ece243.png,preprocessed_green_images/462937ece243_green_preprocessed.png,preprocessed_images/462937ece243_preprocessed.png,fundus_masks/462937ece243_fundus_mask.png,85.84750563429803,13.389337884162785,0.0,212.0,0.0027528805528817058,123.48556755105452,11.864413234155275,1.0,216.0,0.0023620821829374436,21.87576124921265,12.0,1.4092811346054077,1.0,True,True,False
46acc506fa61.png,preprocessed_green_images/46acc506fa61_green_preprocessed.png,preprocessed_images/46acc506fa61_preprocessed.png,fundus_masks/46acc506fa61_fundus_mask.png,90.80725318386932,12.840104711944633,0.0,255.0,0.003061723046005356,123.58392025000806,13.10458544513753,1.0,255.0,0.002978755767378188,22.735639827078902,12.0,1.3376761674880981,1.0,False,True,False
4704dbb59536.png,preprocessed_green_images/4704dbb59536_green_preprocessed.png,preprocessed_images/4704dbb59536_preprocessed.png,fundus_masks/4704dbb59536_fundus_mask.png,90.25535096909022,23.145337471319326,0.0,255.0,2.371733276231031e-05,123.31933829996869,15.550513922303187,2.0,231.0,0.00023988387993879572,20.326161041940228,12.0,1.3871408700942993,1.0,False,True,False
4731e708ede3.png,preprocessed_green_images/4731e708ede3_green_preprocessed.png,preprocessed_images/4731e708ede3_preprocessed.png,fundus_masks/4731e708ede3_fundus_mask.png,69.27019467490452,21.52861435713625,0.0,255.0,0.0015381508676803569,122.75196672782033,21.1633956283666,3.0,255.0,6.444766205364623e-05,13.712445223847677,11.32762745176978,1.7405802011489868,1.0,True,True,False
475300735b7f.png,preprocessed_green_images/475300735b7f_green_preprocessed.png,preprocessed_images/475300735b7f_preprocessed.png,fundus_masks/475300735b7f_fundus_mask.png,85.09765791308443,14.594751221787254,0.0,219.0,0.000707649224080027,125.77412880839991,12.977552967792029,2.0,238.0,0.0004849137305991005,21.259350758536144,12.0,1.4436968564987183,1.0,True,True,False
47536db39f00.png,preprocessed_green_images/47536db39f00_green_preprocessed.png,preprocessed_images/47536db39f00_preprocessed.png,fundus_masks/47536db39f00_fundus_mask.png,67.0346890434242,28.862092780503126,6.0,255.0,0.09369585575869886,124.66930744806372,15.424113337426567,14.0,243.0,0.00027536816843240464,9.52000433458229,9.849362707750766,1.7038123607635498,1.0,True,True,False
478fc46eaa49.png,preprocessed_green_images/478fc46eaa49_green_preprocessed.png,preprocessed_images/478fc46eaa49_preprocessed.png,fundus_masks/478fc46eaa49_fundus_mask.png,101.05327564894932,14.50292444704182,0.0,252.0,0.0011610041241639038,122.55766551528944,11.532994273912356,1.0,229.0,0.001096311357046313,19.45732225159615,11.78292890063846,1.2116426229476929,1.0,False,True,False
482088e6be44.png,preprocessed_green_images/482088e6be44_green_preprocessed.png,preprocessed_images/482088e6be44_preprocessed.png,fundus_masks/482088e6be44_fundus_mask.png,64.02385992035637,15.61524324068146,0.0,247.0,0.012293115083891153,124.86093637783273,14.469148754948971,3.0,236.0,2.978344054243768e-05,22.479600500694204,12.0,1.8196502923965454,1.0,True,True,False
4826d10030b3.png,preprocessed_green_images/4826d10030b3_green_preprocessed.png,preprocessed_images/4826d10030b3_preprocessed.png,fundus_masks/4826d10030b3_fundus_mask.png,88.97609000267286,12.032227714886153,0.0,218.0,0.0009985640579421712,122.88410292962264,9.703202848865732,1.0,230.0,0.0009939357193190326,19.59431066192449,11.92873848675443,1.3484060764312744,1.0,True,True,False
484dbeb9bf2a.png,preprocessed_green_images/484dbeb9bf2a_green_preprocessed.png,preprocessed_images/484dbeb9bf2a_preprocessed.png,fundus_masks/484dbeb9bf2a_fundus_mask.png,95.58748967216876,20.657690459138617,0.0,255.0,2.5037166658884844e-05,124.13412951523308,13.761457070931893,15.0,221.0,0.00012315579275451463,19.931669461208106,11.972667784483242,1.2987102270126343,1.0,False,True,False
4860f7813654.png,preprocessed_green_images/4860f7813654_green_preprocessed.png,preprocessed_images/4860f7813654_preprocessed.png,fundus_masks/4860f7813654_fundus_mask.png,33.20250619155154,11.425281411049529,12.0,220.0,0.3770775173685296,98.16174026482463,13.819318647630643,1.0,255.0,0.0015011752578723823,8.63837602465006,12.0,2.8,1.0,True,True,False
486e852a3b4d.png,preprocessed_green_images/486e852a3b4d_green_preprocessed.png,preprocessed_images/486e852a3b4d_preprocessed.png,fundus_masks/486e852a3b4d_fundus_mask.png,43.101000071288176,18.811290290838908,0.0,208.0,0.09569674009348936,109.32607212326744,26.039998391431823,1.0,255.0,0.008849918018596031,10.240085767816819,12.0,2.8,1.0,True,True,False
48a45619d1a3.png,preprocessed_green_images/48a45619d1a3_green_preprocessed.png,preprocessed_images/48a45619d1a3_preprocessed.png,fundus_masks/48a45619d1a3_fundus_mask.png,90.61280499589832,15.336338839785151,0.0,255.0,6.442441083876288e-05,123.32775704266184,13.045905952031726,4.0,255.0,6.442441083876288e-05,16.13773295770079,10.455093183080317,1.3636618852615356,1.0,False,True,False
4926dea289f8.png,preprocessed_green_images/4926dea289f8_green_preprocessed.png,preprocessed_images/4926dea289f8_preprocessed.png,fundus_masks/4926dea289f8_fundus_mask.png,83.98629427001688,19.415251498731017,0.0,254.0,0.0016867522845775541,124.69867639692127,15.71647183395866,1.0,234.0,0.001484295734645406,21.21396994589198,12.0,1.4847593307495117,1.0,True,True,False
4927945ecfed.png,preprocessed_green_images/4927945ecfed_green_preprocessed.png,preprocessed_images/4927945ecfed_preprocessed.png,fundus_masks/4927945ecfed_fundus_mask.png,90.47961201259777,18.771464148508933,0.0,253.0,0.000997304613431527,124.52244862027945,13.138494913221084,1.0,230.0,0.0008803153382206278,21.52336833689811,12.0,1.351185917854309,1.0,False,True,False
493d99f030e2.png,preprocessed_green_images/493d99f030e2_green_preprocessed.png,preprocessed_images/493d99f030e2_preprocessed.png,fundus_masks/493d99f030e2_fundus_mask.png,64.11297047864532,24.671740699592156,4.0,255.0,0.08731934841280561,126.11604162639605,18.152297325723996,2.0,255.0,0.0005477476632263773,9.593277697933393,10.13838036996044,1.7160946130752563,1.0,True,True,False
495106ae3b68.png,preprocessed_green_images/495106ae3b68_green_preprocessed.png,preprocessed_images/495106ae3b68_preprocessed.png,fundus_masks/495106ae3b68_fundus_mask.png,92.64368629737069,17.110377372826367,0.0,253.0,0.0011740021560000184,124.44345126560903,11.37980537230235,2.0,231.0,0.0008189098782739045,20.330926287524864,12.0,1.3230087757110596,1.0,False,True,False
4958bfcc9f38.png,preprocessed_green_images/4958bfcc9f38_green_preprocessed.png,preprocessed_images/4958bfcc9f38_preprocessed.png,fundus_masks/4958bfcc9f38_fundus_mask.png,79.25325675913653,19.290271810765798,0.0,250.0,0.0013451075622619125,126.49380856605278,15.03202112558579,1.0,239.0,0.0008376509625455321,20.0384084751248,12.0,1.547523021697998,1.0,True,True,False
496155f71d0a.png,preprocessed_green_images/496155f71d0a_green_preprocessed.png,preprocessed_images/496155f71d0a_preprocessed.png,fundus_masks/496155f71d0a_fundus_mask.png,72.93524126270545,15.520042591551618,0.0,195.0,0.0006057532634666957,125.54130900727252,14.252653722983299,1.0,226.0,0.0004351675743295228,20.128424286961216,12.0,1.6757196187973022,1.0,True,True,False
4982378d72f9.png,preprocessed_green_images/4982378d72f9_green_preprocessed.png,preprocessed_images/4982378d72f9_preprocessed.png,fundus_masks/4982378d72f9_fundus_mask.png,93.28151121720505,20.31635280148887,0.0,255.0,2.0939593326078777e-05,124.99903610323625,13.77433217723469,3.0,243.0,2.2290534830987086e-05,19.721024437732456,11.888409775092983,1.3502978086471558,1.0,False,True,False
49e4b95ee2dc.png,preprocessed_green_images/49e4b95ee2dc_green_preprocessed.png,preprocessed_images/49e4b95ee2dc_preprocessed.png,fundus_masks/49e4b95ee2dc_fundus_mask.png,35.05392787930317,11.262882131870434,3.0,90.0,0.2936727444210758,101.08592580194346,12.589007116761566,1.0,236.0,0.002598420724717999,8.329504825387666,12.0,2.8,1.0,True,True,False
49eb73968c44.png,preprocessed_green_images/49eb73968c44_green_preprocessed.png,preprocessed_images/49eb73968c44_preprocessed.png,fundus_masks/49eb73968c44_fundus_mask.png,83.65274319844167,7.95459828371333,0.0,163.0,6.450031605154866e-05,122.02546902479823,10.721361680084115,6.0,214.0,5.5900273911342166e-05,11.534548374470376,9.178019954371113,1.4487512111663818,1.0,True,True,False
4a05f81b3aba.png,preprocessed_green_images/4a05f81b3aba_green_preprocessed.png,preprocessed_images/4a05f81b3aba_preprocessed.png,fundus_masks/4a05f81b3aba_fundus_mask.png,40.35598515964585,25.025993991712777,0.0,238.0,0.2822391924891715,103.32561692635589,30.238085457169813,1.0,255.0,0.018043711310804584,9.035680975042217,12.0,2.8,1.0,True,True,False
4a1afe4044f4.png,preprocessed_green_images/4a1afe4044f4_green_preprocessed.png,preprocessed_images/4a1afe4044f4_preprocessed.png,fundus_masks/4a1afe4044f4_fundus_mask.png,77.89180777481161,14.614379230515915,0.0,255.0,6.448201596574715e-05,122.6871074657278,14.08097597366216,15.0,255.0,3.0091607450682004e-05,16.63012816656931,11.728335019977804,1.5100977420806885,1.0,True,True,False
4a4cb731f91a.png,preprocessed_green_images/4a4cb731f91a_green_preprocessed.png,preprocessed_images/4a4cb731f91a_preprocessed.png,fundus_masks/4a4cb731f91a_fundus_mask.png,88.82961234023513,22.75627917633182,0.0,255.0,1.8277216637141065e-05,123.10683777751754,11.739963153416102,2.0,227.0,7.784740419523046e-05,20.233245178592593,12.0,1.4169327020645142,1.0,True,True,False
4a589edaea60.png,preprocessed_green_images/4a589edaea60_green_preprocessed.png,preprocessed_images/4a589edaea60_preprocessed.png,fundus_masks/4a589edaea60_fundus_mask.png,77.32722377285573,15.220683807812453,0.0,194.0,0.0007276694268587776,125.17593236272057,13.433792532848644,3.0,227.0,0.0005338563578230266,19.143203977554315,12.0,1.542592167854309,1.0,True,True,False
4a5a6efc0bef.png,preprocessed_green_images/4a5a6efc0bef_green_preprocessed.png,preprocessed_images/4a5a6efc0bef_preprocessed.png,fundus_masks/4a5a6efc0bef_fundus_mask.png,89.34655178612643,19.58617233079971,0.0,255.0,0.0005972891192479029,125.31922725865171,15.96859187391651,4.0,244.0,0.0004987074199545597,19.759461055458466,11.961868707861038,1.4015717506408691,1.0,True,True,False
4a96c28f3f07.png,preprocessed_green_images/4a96c28f3f07_green_preprocessed.png,preprocessed_images/4a96c28f3f07_preprocessed.png,fundus_masks/4a96c28f3f07_fundus_mask.png,77.26893520768202,24.523299975685077,0.0,255.0,3.440223958579704e-05,121.37716895369888,20.28792855380234,6.0,255.0,3.440223958579704e-05,11.905717544738467,9.893937221656985,1.6607778072357178,1.0,True,True,False
4aa3d771c5e4.png,preprocessed_green_images/4aa3d771c5e4_green_preprocessed.png,preprocessed_images/4aa3d771c5e4_preprocessed.png,fundus_masks/4aa3d771c5e4_fundus_mask.png,90.12050356151813,19.26637968272951,0.0,246.0,0.0009408882310951916,126.13260818176843,16.58629003118889,5.0,241.0,0.0004506481997943554,23.197366579732947,12.0,1.3400814533233643,1.0,False,True,False
4ab8c0cece7f.png,preprocessed_green_images/4ab8c0cece7f_green_preprocessed.png,preprocessed_images/4ab8c0cece7f_preprocessed.png,fundus_masks/4ab8c0cece7f_fundus_mask.png,79.94261193786988,18.473444119576527,0.0,244.0,0.0019014677099169213,123.41887381042042,13.514054788779516,1.0,245.0,0.000712469258055668,18.385584403549412,12.0,1.4977407455444336,1.0,True,True,False
4ad8d3ec8789.png,preprocessed_green_images/4ad8d3ec8789_green_preprocessed.png,preprocessed_images/4ad8d3ec8789_preprocessed.png,fundus_masks/4ad8d3ec8789_fundus_mask.png,60.98393036038232,17.318347831103342,0.0,255.0,0.0015934259334470528,123.51272371591801,15.929142244747325,1.0,255.0,7.445915576855387e-06,22.618952088430643,12.0,2.003141403198242,1.0,True,True,False
4b237b958555.png,preprocessed_green_images/4b237b958555_green_preprocessed.png,preprocessed_images/4b237b958555_preprocessed.png,fundus_masks/4b237b958555_fundus_mask.png,82.46368351585134,17.470573622662307,0.0,213.0,0.0008443536171505849,126.99032240854189,14.635578159131418,1.0,223.0,0.0004848074340232754,22.60940748505127,12.0,1.4815659523010254,1.0,True,True,False
4b6895d0cf8d.png,preprocessed_green_images/4b6895d0cf8d_green_preprocessed.png,preprocessed_images/4b6895d0cf8d_preprocessed.png,fundus_masks/4b6895d0cf8d_fundus_mask.png,34.396180436194186,21.316970962373325,0.0,251.0,0.5185261576461302,93.90015914849191,27.49150090210767,1.0,255.0,0.017857733980112804,8.572420466931266,12.0,2.8,1.0,True,True,False
4b6cb0bcfd44.png,preprocessed_green_images/4b6cb0bcfd44_green_preprocessed.png,preprocessed_images/4b6cb0bcfd44_preprocessed.png,fundus_masks/4b6cb0bcfd44_fundus_mask.png,71.12423109052249,17.62348369087416,0.0,241.0,0.0005024355580628364,123.2845324433692,13.713591607947992,21.0,255.0,4.06830411386912e-06,21.74902591528166,12.0,1.6737430095672607,1.0,True,True,False
4bcee3cbe232.png,preprocessed_green_images/4bcee3cbe232_green_preprocessed.png,preprocessed_images/4bcee3cbe232_preprocessed.png,fundus_masks/4bcee3cbe232_fundus_mask.png,81.46789526941858,20.7265819142747,0.0,246.0,0.002277054838683444,127.77478649706481,18.22637099128112,1.0,243.0,0.0004275286635895446,22.835636433305314,12.0,1.4993822574615479,1.0,True,True,False
4bd5d0b30198.png,preprocessed_green_images/4bd5d0b30198_green_preprocessed.png,preprocessed_images/4bd5d0b30198_preprocessed.png,fundus_masks/4bd5d0b30198_fundus_mask.png,79.51484025546138,15.770762396873582,0.0,187.0,0.000828034415615291,124.17881832298677,14.79396455731594,1.0,212.0,0.0007201811934132993,21.21830478935703,12.0,1.4999018907546997,1.0,True,True,False
4beeca5cc859.png,preprocessed_green_images/4beeca5cc859_green_preprocessed.png,preprocessed_images/4beeca5cc859_preprocessed.png,fundus_masks/4beeca5cc859_fundus_mask.png,80.80629290338908,19.143222873437505,0.0,209.0,0.001000716289966252,125.89033101419462,13.624965509466794,1.0,234.0,0.0005050018400641758,20.47556163874528,12.0,1.487763524055481,1.0,True,True,False
4c17e85686f0.png,preprocessed_green_images/4c17e85686f0_green_preprocessed.png,preprocessed_images/4c17e85686f0_preprocessed.png,fundus_masks/4c17e85686f0_fundus_mask.png,106.07377402704037,14.784683718663588,0.0,215.0,0.001637552067236504,122.71905257234059,10.153119249677651,1.0,195.0,0.0014092173423683155,20.959213711960803,12.0,1.1487711668014526,1.0,False,True,False
4c389d033cb0.png,preprocessed_green_images/4c389d033cb0_green_preprocessed.png,preprocessed_images/4c389d033cb0_preprocessed.png,fundus_masks/4c389d033cb0_fundus_mask.png,99.57898507438453,18.192798406029684,0.0,255.0,2.773649249727878e-05,124.86683371702148,12.738824390664051,2.0,234.0,2.638349286326518e-05,19.62613973843518,11.850455895374072,1.2397311925888062,1.0,False,True,False
4c53cc97ea13.png,preprocessed_green_images/4c53cc97ea13_green_preprocessed.png,preprocessed_images/4c53cc97ea13_preprocessed.png,fundus_masks/4c53cc97ea13_fundus_mask.png,39.77107973382469,15.51634833671054,0.0,244.0,0.16839083385082101,108.3416348538988,20.784637355035876,1.0,255.0,0.0037829198521851554,26.98449058338406,12.0,2.8,1.0,True,True,False
4c5ab774a381.png,preprocessed_green_images/4c5ab774a381_green_preprocessed.png,preprocessed_images/4c5ab774a381_preprocessed.png,fundus_masks/4c5ab774a381_fundus_mask.png,115.47924494863575,12.651167692832146,0.0,244.0,1.8939867948534966e-05,122.21667479502666,5.885500512385566,6.0,179.0,1.8939867948534966e-05,19.949994014519746,11.979997605807899,1.0274351835250854,1.0,False,True,False
4c60f6fcea75.png,preprocessed_green_images/4c60f6fcea75_green_preprocessed.png,preprocessed_images/4c60f6fcea75_preprocessed.png,fundus_masks/4c60f6fcea75_fundus_mask.png,38.073119495221874,18.021324236157042,0.0,215.0,0.34466181342255564,101.30576711048641,24.701219829019923,1.0,255.0,0.007086347513667255,6.697834959407176,11.294856695298705,2.8,1.0,True,True,False
4c635a01593d.png,preprocessed_green_images/4c635a01593d_green_preprocessed.png,preprocessed_images/4c635a01593d_preprocessed.png,fundus_masks/4c635a01593d_fundus_mask.png,75.64451861677264,14.404103728681452,0.0,243.0,0.00013481087862820786,124.27762843954036,13.297070155214175,1.0,222.0,3.658184646192575e-05,20.89638705589373,12.0,1.6098287105560303,1.0,True,True,False
4c6c5a1bf5ab.png,preprocessed_green_images/4c6c5a1bf5ab_green_preprocessed.png,preprocessed_images/4c6c5a1bf5ab_preprocessed.png,fundus_masks/4c6c5a1bf5ab_fundus_mask.png,43.491771098018646,20.143142052273586,0.0,252.0,0.11685702792021631,119.58520936343129,27.799733060477866,1.0,255.0,0.008633727295410452,10.481066714250321,12.0,2.8,1.0,True,True,False
4ccee4db09b6.png,preprocessed_green_images/4ccee4db09b6_green_preprocessed.png,preprocessed_images/4ccee4db09b6_preprocessed.png,fundus_masks/4ccee4db09b6_fundus_mask.png,90.7759547442572,15.429265597836407,0.0,248.0,1.9597666661260415e-05,123.26217690881273,10.748647379951475,11.0,213.0,1.5542977007206537e-05,19.815079566560026,11.92603182662401,1.3612900972366333,1.0,False,True,False
4cddfc22b0ad.png,preprocessed_green_images/4cddfc22b0ad_green_preprocessed.png,preprocessed_images/4cddfc22b0ad_preprocessed.png,fundus_masks/4cddfc22b0ad_fundus_mask.png,37.29500836565421,15.460020943952538,0.0,211.0,0.3244778787654994,99.75729416288705,25.353081601765915,2.0,255.0,0.006990478179266929,8.622103891143272,12.0,2.8,1.0,True,True,False
4cde86044ad1.png,preprocessed_green_images/4cde86044ad1_green_preprocessed.png,preprocessed_images/4cde86044ad1_preprocessed.png,fundus_masks/4cde86044ad1_fundus_mask.png,83.69228279969612,20.84495338086204,0.0,255.0,0.0013535692123897397,127.83246014393997,17.175673414778235,4.0,250.0,0.0007399975642713402,19.957880513156674,12.0,1.492807149887085,1.0,True,True,False
4cf4d528c08e.png,preprocessed_green_images/4cf4d528c08e_green_preprocessed.png,preprocessed_images/4cf4d528c08e_preprocessed.png,fundus_masks/4cf4d528c08e_fundus_mask.png,77.5105487542694,22.732741676544343,0.0,240.0,0.003235681467238894,122.19260890846795,12.631624811875618,1.0,197.0,3.109932041224178e-05,21.00931695820466,12.0,1.609419584274292,1.0,True,True,False
4cfd22ae43d4.png,preprocessed_green_images/4cfd22ae43d4_green_preprocessed.png,preprocessed_images/4cfd22ae43d4_preprocessed.png,fundus_masks/4cfd22ae43d4_fundus_mask.png,96.80255038411075,9.165247480488288,0.0,174.0,0.0011787586987060312,121.74113902630127,7.28955218906591,1.0,184.0,0.001004900483557649,18.706247089504576,11.482498835801831,1.2529314756393433,1.0,False,True,False
4d167ca69ea8.png,preprocessed_green_images/4d167ca69ea8_green_preprocessed.png,preprocessed_images/4d167ca69ea8_preprocessed.png,fundus_masks/4d167ca69ea8_fundus_mask.png,86.94417448220833,14.157566860440909,0.0,185.0,0.0011228938512599308,124.82348363072866,15.154840368265772,1.0,211.0,0.0009043285187283892,21.941214070496365,12.0,1.4019910097122192,1.0,True,True,False
4d17559ac1e2.png,preprocessed_green_images/4d17559ac1e2_green_preprocessed.png,preprocessed_images/4d17559ac1e2_preprocessed.png,fundus_masks/4d17559ac1e2_fundus_mask.png,58.146636796191935,25.28189748908864,14.0,255.0,0.0050376258720845404,124.71799541060678,18.934639920086124,1.0,255.0,0.0027817629211340923,9.683693238408827,10.704887357924248,2.314432144165039,1.0,True,True,False
4d1e7def7624.png,preprocessed_green_images/4d1e7def7624_green_preprocessed.png,preprocessed_images/4d1e7def7624_preprocessed.png,fundus_masks/4d1e7def7624_fundus_mask.png,51.530330519273654,26.9201321207427,4.0,222.0,0.2623650047785919,123.5850991557821,19.268400970858007,1.0,255.0,0.0024745141764893276,9.139771493620358,11.075434773512708,2.360365390777588,1.0,True,True,False
4d3de40ced3a.png,preprocessed_green_images/4d3de40ced3a_green_preprocessed.png,preprocessed_images/4d3de40ced3a_preprocessed.png,fundus_masks/4d3de40ced3a_fundus_mask.png,86.43882032877981,15.550163389124661,0.0,241.0,0.0006876591803658254,124.57112989117851,12.367693297679704,1.0,241.0,0.0006147256309330864,21.295132332858408,12.0,1.4469033479690552,1.0,True,True,False
4dd14c380696.png,preprocessed_green_images/4dd14c380696_green_preprocessed.png,preprocessed_images/4dd14c380696_preprocessed.png,fundus_masks/4dd14c380696_fundus_mask.png,66.77680210092883,21.191198509759584,0.0,214.0,0.001478558749070528,122.71717835974538,15.443320185561435,23.0,255.0,8.596271796921675e-06,12.543981960716895,11.081877041981972,1.9313217401504517,1.0,True,True,False
4dd4a4bf2421.png,preprocessed_green_images/4dd4a4bf2421_green_preprocessed.png,preprocessed_images/4dd4a4bf2421_preprocessed.png,fundus_masks/4dd4a4bf2421_fundus_mask.png,82.32395183654234,17.829026809948243,0.0,242.0,0.00045154692547618466,123.14521470533951,12.496525084670195,3.0,236.0,0.0002611775275890528,19.649113103589876,12.0,1.4580614566802979,1.0,True,True,False
4dd7b322f342.png,preprocessed_green_images/4dd7b322f342_green_preprocessed.png,preprocessed_images/4dd7b322f342_preprocessed.png,fundus_masks/4dd7b322f342_fundus_mask.png,79.82892312078111,59.50040893256578,0.0,255.0,0.1368268868548855,122.97133446685469,33.486270557456116,1.0,255.0,0.013103371038190167,15.779418771815534,11.215863231323448,2.1045241355895996,1.0,True,True,False
4e1e252317b5.png,preprocessed_green_images/4e1e252317b5_green_preprocessed.png,preprocessed_images/4e1e252317b5_preprocessed.png,fundus_masks/4e1e252317b5_fundus_mask.png,90.51259939084424,15.760507450769342,0.0,250.0,0.0018838919180345802,124.09142172809084,14.60044823716726,1.0,233.0,0.0015718291369909549,23.631287071821536,12.0,1.3541549444198608,1.0,False,True,False
4e231670b48c.png,preprocessed_green_images/4e231670b48c_green_preprocessed.png,preprocessed_images/4e231670b48c_preprocessed.png,fundus_masks/4e231670b48c_fundus_mask.png,71.60148552741441,19.75493049466297,0.0,255.0,0.0030580295018090733,127.87579900732906,18.29436095917503,4.0,255.0,0.0006528898784673903,23.185834875358367,12.0,1.7141814231872559,1.0,True,True,False
4e4a6224a04e.png,preprocessed_green_images/4e4a6224a04e_green_preprocessed.png,preprocessed_images/4e4a6224a04e_preprocessed.png,fundus_masks/4e4a6224a04e_fundus_mask.png,87.1575368310815,18.06466278753579,0.0,251.0,0.0005503328120265135,126.51968600842683,14.94513486840526,3.0,251.0,0.0002473014535055852,20.986554808798818,12.0,1.4159941673278809,1.0,True,True,False
4e54ccfd49b2.png,preprocessed_green_images/4e54ccfd49b2_green_preprocessed.png,preprocessed_images/4e54ccfd49b2_preprocessed.png,fundus_masks/4e54ccfd49b2_fundus_mask.png,89.26165582878065,9.46908322166806,0.0,207.0,0.0016886311923214636,123.32229177976184,9.653405697976396,1.0,223.0,0.0013721572205731183,20.24325831771234,12.0,1.3594870567321777,1.0,True,True,False
4e8585a96739.png,preprocessed_green_images/4e8585a96739_green_preprocessed.png,preprocessed_images/4e8585a96739_preprocessed.png,fundus_masks/4e8585a96739_fundus_mask.png,43.239166301724225,20.548186758999503,0.0,255.0,0.07542087199177097,115.08501970689181,26.2653194154813,1.0,255.0,0.009405330536007088,10.165376707087988,12.0,2.8,1.0,True,True,False
4e85aa647534.png,preprocessed_green_images/4e85aa647534_green_preprocessed.png,preprocessed_images/4e85aa647534_preprocessed.png,fundus_masks/4e85aa647534_fundus_mask.png,77.73993717583461,21.309344330315547,0.0,255.0,3.86742468190432e-05,120.90174592738695,21.412621526066626,21.0,255.0,2.148569267724622e-05,13.458196176986757,10.473061832942737,1.6470057964324951,1.0,True,True,False
4eabad7948cf.png,preprocessed_green_images/4eabad7948cf_green_preprocessed.png,preprocessed_images/4eabad7948cf_preprocessed.png,fundus_masks/4eabad7948cf_fundus_mask.png,40.271782741542474,12.028944947034443,0.0,242.0,0.17592571859348993,113.53245027810065,15.83283053493227,2.0,255.0,0.0002083125529687253,25.58300069910118,12.0,2.8,1.0,True,True,False
4eaf2f81819d.png,preprocessed_green_images/4eaf2f81819d_green_preprocessed.png,preprocessed_images/4eaf2f81819d_preprocessed.png,fundus_masks/4eaf2f81819d_fundus_mask.png,88.53834607812566,15.706801819084543,0.0,194.0,0.0006934780483945285,125.67700561763762,10.782266077353597,6.0,198.0,0.00045378597126487604,21.84642934164458,12.0,1.3822309970855713,1.0,True,True,False
4ec7796df40e.png,preprocessed_green_images/4ec7796df40e_green_preprocessed.png,preprocessed_images/4ec7796df40e_preprocessed.png,fundus_masks/4ec7796df40e_fundus_mask.png,112.91706442866156,27.977970845769537,0.0,244.0,1.4861189732809319e-05,122.65087214918474,7.525130649425032,1.0,182.0,2.5669327720307005e-05,19.707425532044006,11.882970212817602,1.1370609998703003,1.0,False,True,False
4ef16a53d899.png,preprocessed_green_images/4ef16a53d899_green_preprocessed.png,preprocessed_images/4ef16a53d899_preprocessed.png,fundus_masks/4ef16a53d899_fundus_mask.png,50.76787182124521,13.866874154909688,0.0,237.0,0.006296183127262086,123.39979256594208,20.02313031260966,19.0,255.0,0.0001850552798853518,14.350034415154875,12.0,2.4534590244293213,1.0,True,True,False
4f5dd7660b17.png,preprocessed_green_images/4f5dd7660b17_green_preprocessed.png,preprocessed_images/4f5dd7660b17_preprocessed.png,fundus_masks/4f5dd7660b17_fundus_mask.png,80.40775535456399,10.024964415681051,0.0,149.0,2.2754124689146973e-05,123.29089305042947,7.375179865556159,4.0,175.0,1.641753300356174e-05,10.015693424783965,8.858921338396787,1.5271908044815063,1.0,True,True,False
4f6abc40c72d.png,preprocessed_green_images/4f6abc40c72d_green_preprocessed.png,preprocessed_images/4f6abc40c72d_preprocessed.png,fundus_masks/4f6abc40c72d_fundus_mask.png,80.52495439629044,13.303377611470413,0.0,204.0,0.0007310518327353407,124.03051619221789,11.597316623629519,3.0,224.0,0.0005186986813217417,17.365026827012088,11.788237006690128,1.4941290616989136,1.0,True,True,False
4faf4063db8c.png,preprocessed_green_images/4faf4063db8c_green_preprocessed.png,preprocessed_images/4faf4063db8c_preprocessed.png,fundus_masks/4faf4063db8c_fundus_mask.png,85.38905122872819,14.096417268769136,0.0,164.0,0.0005999740049947546,125.87190032772274,12.412490834079856,4.0,193.0,0.00037715967431972,20.810463939830225,12.0,1.4182648658752441,1.0,True,True,False
4fd5ec0dca09.png,preprocessed_green_images/4fd5ec0dca09_green_preprocessed.png,preprocessed_images/4fd5ec0dca09_preprocessed.png,fundus_masks/4fd5ec0dca09_fundus_mask.png,97.53076239192897,8.869041036610437,0.0,157.0,5.583400978383648e-05,120.76351719902247,7.081035416256795,3.0,187.0,6.442385744288825e-05,13.310266951963316,9.324106780785327,1.2287144660949707,1.0,False,True,False
4ffa38550c95.png,preprocessed_green_images/4ffa38550c95_green_preprocessed.png,preprocessed_images/4ffa38550c95_preprocessed.png,fundus_masks/4ffa38550c95_fundus_mask.png,88.8856613453803,36.18141417588023,0.0,255.0,3.720706203567278e-05,121.94088812580587,10.55959858448249,1.0,190.0,6.764920370122324e-05,20.64430443956303,12.0,1.4933947324752808,1.0,True,True,False
500aad15b7c8.png,preprocessed_green_images/500aad15b7c8_green_preprocessed.png,preprocessed_images/500aad15b7c8_preprocessed.png,fundus_masks/500aad15b7c8_fundus_mask.png,94.48554221344007,27.77308192357584,0.0,255.0,2.6346455895019508e-05,122.7612281501748,11.43968272108677,13.0,222.0,1.4186553174241273e-05,20.133111967389308,12.0,1.3404463529586792,1.0,False,True,False
501c319f7a9f.png,preprocessed_green_images/501c319f7a9f_green_preprocessed.png,preprocessed_images/501c319f7a9f_preprocessed.png,fundus_masks/501c319f7a9f_fundus_mask.png,86.20321770828026,15.96759425155026,0.0,251.0,0.0011394216740235018,125.63852310571147,14.838192135875412,1.0,243.0,0.0009367806242733871,20.76452018545217,12.0,1.4248911142349243,1.0,True,True,False
504a69096fcb.png,preprocessed_green_images/504a69096fcb_green_preprocessed.png,preprocessed_images/504a69096fcb_preprocessed.png,fundus_masks/504a69096fcb_fundus_mask.png,87.84904307968169,21.12689485826347,0.0,249.0,0.0007388136994849181,126.3370625834355,16.719115141152926,3.0,228.0,0.0004244989230949451,22.37492786725609,12.0,1.4294050931930542,1.0,True,True,False
5056fa7d505f.png,preprocessed_green_images/5056fa7d505f_green_preprocessed.png,preprocessed_images/5056fa7d505f_preprocessed.png,fundus_masks/5056fa7d505f_fundus_mask.png,46.54354544713957,23.165672575292987,0.0,253.0,0.07102452088552168,121.30926050385939,30.890896595924996,1.0,255.0,0.015144803568155434,7.6815847202934515,10.93542984837164,2.8,1.0,True,True,False
5069feccd866.png,preprocessed_green_images/5069feccd866_green_preprocessed.png,preprocessed_images/5069feccd866_preprocessed.png,fundus_masks/5069feccd866_fundus_mask.png,52.35101525835117,15.420069061892814,0.0,251.0,0.04447879158303869,124.13534993650823,14.43844159895081,1.0,255.0,0.00012535726821441106,24.10425205812035,12.0,2.3532025814056396,1.0,True,True,False
5077cdb88aed.png,preprocessed_green_images/5077cdb88aed_green_preprocessed.png,preprocessed_images/5077cdb88aed_preprocessed.png,fundus_masks/5077cdb88aed_fundus_mask.png,88.99248801640569,14.777027346717686,0.0,223.0,0.0028509612782807643,122.99481622468707,12.960736964261091,1.0,224.0,0.0026517624490632473,22.108564153004963,12.0,1.3663312196731567,1.0,True,True,False
5078caaf1f57.png,preprocessed_green_images/5078caaf1f57_green_preprocessed.png,preprocessed_images/5078caaf1f57_preprocessed.png,fundus_masks/5078caaf1f57_fundus_mask.png,37.99940422693353,14.723846811639167,0.0,188.0,0.255749591997291,102.4006115585067,18.4215323167004,1.0,255.0,0.0014919787049319318,6.9003982250368425,11.382434469842869,2.8,1.0,True,True,False
50915e2329a1.png,preprocessed_green_images/50915e2329a1_green_preprocessed.png,preprocessed_images/50915e2329a1_preprocessed.png,fundus_masks/50915e2329a1_fundus_mask.png,128.15925076261567,26.918030657842888,0.0,255.0,2.2961197602040575e-05,122.74298180865354,9.65986916147504,1.0,193.0,3.9844431132952764e-05,18.99286685916179,11.597146743664716,0.9683923125267029,1.0,False,True,False
50916d67bb51.png,preprocessed_green_images/50916d67bb51_green_preprocessed.png,preprocessed_images/50916d67bb51_preprocessed.png,fundus_masks/50916d67bb51_fundus_mask.png,91.01828877972753,16.887269840109877,0.0,255.0,0.0009903378281218836,125.33317446180821,13.6276096224081,2.0,239.0,0.0008013155026138425,18.389275464576937,11.355710185830775,1.3628618717193604,1.0,False,True,False
50d8249f7bc9.png,preprocessed_green_images/50d8249f7bc9_green_preprocessed.png,preprocessed_images/50d8249f7bc9_preprocessed.png,fundus_masks/50d8249f7bc9_fundus_mask.png,107.08679342056206,29.210898109320084,0.0,255.0,2.5035913002232255e-05,125.25624121628525,15.776218583734932,5.0,223.0,0.00042358058214587546,18.970271619425272,11.58810864777011,1.1992084980010986,1.0,False,True,False
50ddd7d976df.png,preprocessed_green_images/50ddd7d976df_green_preprocessed.png,preprocessed_images/50ddd7d976df_preprocessed.png,fundus_masks/50ddd7d976df_fundus_mask.png,55.03137319897024,22.3581631126276,5.0,255.0,0.09478631783076523,124.93972080689309,17.88452236605003,1.0,255.0,0.0013145854877542878,9.120848268647222,10.756661689772645,2.1488869190216064,1.0,True,True,False
50f5201fd18a.png,preprocessed_green_images/50f5201fd18a_green_preprocessed.png,preprocessed_images/50f5201fd18a_preprocessed.png,fundus_masks/50f5201fd18a_fundus_mask.png,86.46487436408634,16.484057328801303,0.0,255.0,6.874742197167606e-05,122.45070809844631,15.346940541657746,5.0,255.0,6.015399422521656e-05,14.89005545155226,10.270255570479897,1.4503614902496338,1.0,True,True,False
511fd66b2df8.png,preprocessed_green_images/511fd66b2df8_green_preprocessed.png,preprocessed_images/511fd66b2df8_preprocessed.png,fundus_masks/511fd66b2df8_fundus_mask.png,67.16229253507669,31.374446939538384,5.0,255.0,0.09166758845530897,125.39201827379883,18.911903752963937,7.0,246.0,0.002186649269671748,10.217200055199484,10.116898463406311,1.8844202756881714,1.0,True,True,False
519c6e8f78dc.png,preprocessed_green_images/519c6e8f78dc_green_preprocessed.png,preprocessed_images/519c6e8f78dc_preprocessed.png,fundus_masks/519c6e8f78dc_fundus_mask.png,78.36848553279673,12.605476069656458,0.0,244.0,2.2987961745327188e-05,122.93539233351476,12.4480474368209,1.0,237.0,3.177747653030523e-05,20.733940793650802,12.0,1.53934907913208,1.0,True,True,False
51a078d6d43a.png,preprocessed_green_images/51a078d6d43a_green_preprocessed.png,preprocessed_images/51a078d6d43a_preprocessed.png,fundus_masks/51a078d6d43a_fundus_mask.png,84.83640068998136,11.589944804533197,0.0,183.0,0.0008543619990911535,124.1515095660722,12.485183381964417,1.0,208.0,0.0005981693236513368,19.545433939853066,12.0,1.447203516960144,1.0,True,True,False
51aa3361294c.png,preprocessed_green_images/51aa3361294c_green_preprocessed.png,preprocessed_images/51aa3361294c_preprocessed.png,fundus_masks/51aa3361294c_fundus_mask.png,41.44299726521321,18.479623152602407,0.0,197.0,0.1738397526978646,110.64333949551586,25.97531215761774,1.0,255.0,0.009352767125520094,8.656069451500874,11.778605801470286,2.8,1.0,True,True,False
51af8a689511.png,preprocessed_green_images/51af8a689511_green_preprocessed.png,preprocessed_images/51af8a689511_preprocessed.png,fundus_masks/51af8a689511_fundus_mask.png,81.29762652806411,16.241359251644006,0.0,217.0,0.0005226632596765296,124.3143680130085,11.913477541679,2.0,229.0,0.00026017015592787245,20.256099950276294,12.0,1.4886202812194824,1.0,True,True,False
51cd8d2057fa.png,preprocessed_green_images/51cd8d2057fa_green_preprocessed.png,preprocessed_images/51cd8d2057fa_preprocessed.png,fundus_masks/51cd8d2057fa_fundus_mask.png,66.49685402831025,19.70178953530053,0.0,224.0,0.004489090938716984,126.08223637502124,17.027369591081072,4.0,251.0,0.000735573106888549,19.95019381807732,12.0,1.8030940294265747,1.0,True,True,False
51e656e5a541.png,preprocessed_green_images/51e656e5a541_green_preprocessed.png,preprocessed_images/51e656e5a541_preprocessed.png,fundus_masks/51e656e5a541_fundus_mask.png,77.74053138580707,16.548735591047215,0.0,205.0,3.868688127855844e-05,124.84776282362651,17.004648790198654,16.0,252.0,3.0089796549989897e-05,12.92156216040509,10.258355407645851,1.5872725248336792,1.0,True,True,False
521b5377a727.png,preprocessed_green_images/521b5377a727_green_preprocessed.png,preprocessed_images/521b5377a727_preprocessed.png,fundus_masks/521b5377a727_fundus_mask.png,32.484903684718724,21.41148503789817,0.0,244.0,0.607827001908217,82.42382800060125,26.104411619128427,1.0,255.0,0.01969616292963545,7.3534260297342655,12.0,2.8,1.0,True,True,False
5257cb536da2.png,preprocessed_green_images/5257cb536da2_green_preprocessed.png,preprocessed_images/5257cb536da2_preprocessed.png,fundus_masks/5257cb536da2_fundus_mask.png,60.60600893322983,20.314528263528228,0.0,255.0,0.011773538806103101,125.22891719583116,26.09670805321415,1.0,255.0,0.0065179491747578994,11.212074506657219,11.097629008598014,2.0693600177764893,1.0,True,True,False
525d0dd8dc45.png,preprocessed_green_images/525d0dd8dc45_green_preprocessed.png,preprocessed_images/525d0dd8dc45_preprocessed.png,fundus_masks/525d0dd8dc45_fundus_mask.png,45.785090165458264,24.66188515201812,0.0,255.0,0.21060083989741943,121.0155831786221,27.404149611302547,1.0,255.0,0.009445662609794049,8.665801009388687,11.396534611270296,2.8,1.0,True,True,False
5264a54e1830.png,preprocessed_green_images/5264a54e1830_green_preprocessed.png,preprocessed_images/5264a54e1830_preprocessed.png,fundus_masks/5264a54e1830_fundus_mask.png,47.68835122984415,19.931428546893343,0.0,255.0,0.06665495628974527,118.88209687027448,24.512561896299367,1.0,255.0,0.005297672689873579,7.612520851701906,10.806043786916838,2.8,1.0,True,True,False
5288f7441f64.png,preprocessed_green_images/5288f7441f64_green_preprocessed.png,preprocessed_images/5288f7441f64_preprocessed.png,fundus_masks/5288f7441f64_fundus_mask.png,77.9702390170874,9.404645291560628,0.0,178.0,3.4415707328824874e-05,120.70666202054618,9.900249129040953,8.0,239.0,3.4415707328824874e-05,11.195333426494944,9.547445457967987,1.578450322151184,1.0,True,True,False
5293576816aa.png,preprocessed_green_images/5293576816aa_green_preprocessed.png,preprocessed_images/5293576816aa_preprocessed.png,fundus_masks/5293576816aa_fundus_mask.png,78.72666116705477,17.94252878937158,0.0,187.0,0.0017078963520401355,126.8824858245763,14.415063494821556,4.0,217.0,0.0005859291153398563,20.20632400461097,12.0,1.5700734853744507,1.0,True,True,False
529906ff9dfa.png,preprocessed_green_images/529906ff9dfa_green_preprocessed.png,preprocessed_images/529906ff9dfa_preprocessed.png,fundus_masks/529906ff9dfa_fundus_mask.png,102.75189533884466,14.984292004507724,0.0,238.0,0.0010296096748564454,124.9198884917666,12.142776517426139,1.0,214.0,0.0009172675618518613,18.164687521990516,11.265875008796206,1.1975409984588623,1.0,False,True,False
5299a532f0e0.png,preprocessed_green_images/5299a532f0e0_green_preprocessed.png,preprocessed_images/5299a532f0e0_preprocessed.png,fundus_masks/5299a532f0e0_fundus_mask.png,82.84422870495708,11.162748546069745,0.0,199.0,0.0011938494174918047,123.14308823716728,10.41637035136608,1.0,223.0,0.0008314101665946806,18.59536411710669,12.0,1.4437119960784912,1.0,True,True,False
52ddde91a349.png,preprocessed_green_images/52ddde91a349_green_preprocessed.png,preprocessed_images/52ddde91a349_preprocessed.png,fundus_masks/52ddde91a349_fundus_mask.png,90.39138343105016,14.996574939811065,0.0,238.0,0.00048171625635662325,127.72213561647493,14.366024696518377,5.0,237.0,0.000305280422703113,21.025942362317135,12.0,1.3560593128204346,1.0,False,True,False
52edbe29d655.png,preprocessed_green_images/52edbe29d655_green_preprocessed.png,preprocessed_images/52edbe29d655_preprocessed.png,fundus_masks/52edbe29d655_fundus_mask.png,74.32085366462744,15.614791915685256,0.0,221.0,0.000612116657587517,125.12481953012207,13.437053788731337,2.0,247.0,0.00042279025305855066,19.472187664706937,12.0,1.6379278898239136,1.0,True,True,False
5321ab64f9ea.png,preprocessed_green_images/5321ab64f9ea_green_preprocessed.png,preprocessed_images/5321ab64f9ea_preprocessed.png,fundus_masks/5321ab64f9ea_fundus_mask.png,87.68144533109208,17.45953778756101,0.0,253.0,0.0005572181811005524,126.56023760711939,16.029990997298803,3.0,255.0,0.0003296874238178268,23.579876632342003,12.0,1.3978694677352905,1.0,True,True,False
53273d664cd8.png,preprocessed_green_images/53273d664cd8_green_preprocessed.png,preprocessed_images/53273d664cd8_preprocessed.png,fundus_masks/53273d664cd8_fundus_mask.png,87.26154418203807,16.345010353641932,0.0,206.0,0.0008861428114705106,124.90071262099035,12.249582697596999,2.0,216.0,0.0005293689736497037,21.091237712874292,12.0,1.3910021781921387,1.0,True,True,False
53327edb9e4d.png,preprocessed_green_images/53327edb9e4d_green_preprocessed.png,preprocessed_images/53327edb9e4d_preprocessed.png,fundus_masks/53327edb9e4d_fundus_mask.png,77.90169849950789,11.639244944252587,0.0,198.0,0.0006441623799884863,125.68739438058275,13.660980853419742,2.0,232.0,0.00047354639826180617,18.19301439301008,12.0,1.5487372875213623,1.0,True,True,False
535682537302.png,preprocessed_green_images/535682537302_green_preprocessed.png,preprocessed_images/535682537302_preprocessed.png,fundus_masks/535682537302_fundus_mask.png,98.98462264467379,12.362219919936818,0.0,206.0,0.0008142653741746021,122.46500451662824,8.300113435006068,1.0,208.0,0.0007413978762015909,18.171372246996704,11.26854889879868,1.1953885555267334,1.0,False,True,False
537e5c578f40.png,preprocessed_green_images/537e5c578f40_green_preprocessed.png,preprocessed_images/537e5c578f40_preprocessed.png,fundus_masks/537e5c578f40_fundus_mask.png,43.1460125948882,19.253779636276136,0.0,148.0,0.2141894937343869,110.10467304474929,23.40502723230271,1.0,254.0,0.004858683113529701,9.055875231336238,11.787148972988877,2.8,1.0,True,True,False
53c874dbc594.png,preprocessed_green_images/53c874dbc594_green_preprocessed.png,preprocessed_images/53c874dbc594_preprocessed.png,fundus_masks/53c874dbc594_fundus_mask.png,95.05824733559056,36.39701790280602,0.0,252.0,2.838432374348681e-05,121.53896559414471,9.681767212618311,1.0,213.0,5.338956132703472e-05,20.301447966096973,12.0,1.4061921834945679,1.0,False,True,False
53ddae6a619e.png,preprocessed_green_images/53ddae6a619e_green_preprocessed.png,preprocessed_images/53ddae6a619e_preprocessed.png,fundus_masks/53ddae6a619e_fundus_mask.png,87.70168043931852,16.595048837654694,0.0,246.0,2.163597738499464e-05,124.82010698990817,13.813836361767699,8.0,221.0,1.7579231625308142e-05,19.87629522509539,12.0,1.4291355609893799,1.0,True,True,False
54038e56131d.png,preprocessed_green_images/54038e56131d_green_preprocessed.png,preprocessed_images/54038e56131d_preprocessed.png,fundus_masks/54038e56131d_fundus_mask.png,89.35163560355339,19.668960603718354,0.0,253.0,0.0005922313185856122,124.54506531963072,14.129488206573804,3.0,238.0,0.000400627068454973,20.503852028028742,12.0,1.399981141090393,1.0,True,True,False
540e4973829e.png,preprocessed_green_images/540e4973829e_green_preprocessed.png,preprocessed_images/540e4973829e_preprocessed.png,fundus_masks/540e4973829e_fundus_mask.png,100.03793377256046,20.32042889898072,0.0,255.0,5.150546172500375e-05,123.26126574672189,15.987257718301162,1.0,255.0,6.43818271562547e-05,13.085283686688678,9.234113474675471,1.2591618299484253,1.0,False,True,False
542964865b1e.png,preprocessed_green_images/542964865b1e_green_preprocessed.png,preprocessed_images/542964865b1e_preprocessed.png,fundus_masks/542964865b1e_fundus_mask.png,74.99153318423072,18.93915488236049,0.0,216.0,0.0014287388912939778,125.90215633955007,16.205436008354113,1.0,237.0,0.0008124429113775666,21.899637256347873,12.0,1.612989068031311,1.0,True,True,False
54334705a34d.png,preprocessed_green_images/54334705a34d_green_preprocessed.png,preprocessed_images/54334705a34d_preprocessed.png,fundus_masks/54334705a34d_fundus_mask.png,109.18938766577551,41.48425383074207,0.0,255.0,3.917685377441968e-05,124.05240512109025,10.793778631156847,1.0,244.0,7.970463354106073e-05,19.552368093810713,11.820947237524285,1.247455358505249,1.0,False,True,False
5445255635f0.png,preprocessed_green_images/5445255635f0_green_preprocessed.png,preprocessed_images/5445255635f0_preprocessed.png,fundus_masks/5445255635f0_fundus_mask.png,91.99453340943775,20.431761252585755,13.0,194.0,0.00017222093799060235,127.09842755272075,15.002426234400785,6.0,201.0,1.8624401691095673e-05,10.798116524338077,8.319246609735231,1.2502647638320923,1.0,False,True,False
549381330191.png,preprocessed_green_images/549381330191_green_preprocessed.png,preprocessed_images/549381330191_preprocessed.png,fundus_masks/549381330191_fundus_mask.png,75.5981904774077,14.86172329688392,0.0,185.0,0.0004031747396502023,124.68543191401108,13.795057087575193,3.0,218.0,0.0002416724664185651,21.609234468213895,12.0,1.6463744640350342,1.0,True,True,False
54b322c66d01.png,preprocessed_green_images/54b322c66d01_green_preprocessed.png,preprocessed_images/54b322c66d01_preprocessed.png,fundus_masks/54b322c66d01_fundus_mask.png,90.19988228130708,13.285339563997084,0.0,255.0,2.8414856910899127e-05,122.8369075164062,8.764829172340336,4.0,216.0,2.7738312698734864e-05,20.280575041054888,12.0,1.356917142868042,1.0,False,True,False
54bdcdecd8f3.png,preprocessed_green_images/54bdcdecd8f3_green_preprocessed.png,preprocessed_images/54bdcdecd8f3_preprocessed.png,fundus_masks/54bdcdecd8f3_fundus_mask.png,82.63554416170852,17.323761601606535,0.0,249.0,2.162818314475135e-05,123.9474942060125,13.548973660191834,1.0,233.0,3.9876962673135295e-05,20.2886581171477,12.0,1.4740122556686401,1.0,True,True,False
54f57cf26126.png,preprocessed_green_images/54f57cf26126_green_preprocessed.png,preprocessed_images/54f57cf26126_preprocessed.png,fundus_masks/54f57cf26126_fundus_mask.png,96.99121147415659,39.75630262413816,0.0,255.0,2.568558545222515e-05,122.89992355158645,12.12096913210365,1.0,227.0,6.35380271712938e-05,21.13653427775967,12.0,1.410542368888855,1.0,False,True,False
5511f114e7ee.png,preprocessed_green_images/5511f114e7ee_green_preprocessed.png,preprocessed_images/5511f114e7ee_preprocessed.png,fundus_masks/5511f114e7ee_fundus_mask.png,84.79172370001206,13.540196728752564,0.0,240.0,3.181682175674889e-05,124.87588867090982,12.031165110574904,16.0,237.0,1.5569934051174987e-05,20.415897470757855,12.0,1.4120652675628662,1.0,True,True,False
555d0bef3c5b.png,preprocessed_green_images/555d0bef3c5b_green_preprocessed.png,preprocessed_images/555d0bef3c5b_preprocessed.png,fundus_masks/555d0bef3c5b_fundus_mask.png,97.35941950092368,13.513512513390696,0.0,228.0,0.0006752413437650206,124.23120472089832,10.551615437051508,4.0,216.0,0.0005177236375007963,18.64497730879968,11.457990923519873,1.260056972503662,1.0,False,True,False
55968f0e63c4.png,preprocessed_green_images/55968f0e63c4_green_preprocessed.png,preprocessed_images/55968f0e63c4_preprocessed.png,fundus_masks/55968f0e63c4_fundus_mask.png,83.78989616881181,9.52100152229435,0.0,158.0,0.0011490559014540064,123.5056227443709,10.037322131912365,2.0,198.0,0.0009247934820555384,19.794880935478005,12.0,1.4509446620941162,1.0,True,True,False
55f7f018c61c.png,preprocessed_green_images/55f7f018c61c_green_preprocessed.png,preprocessed_images/55f7f018c61c_preprocessed.png,fundus_masks/55f7f018c61c_fundus_mask.png,55.24443287689022,19.378290313599347,12.0,255.0,0.004415266714750255,124.12038555491795,15.230567420973205,1.0,255.0,0.0018597292929080217,9.227079077021592,10.780215375085062,2.2493298053741455,1.0,True,True,False
565f3404f9b2.png,preprocessed_green_images/565f3404f9b2_green_preprocessed.png,preprocessed_images/565f3404f9b2_preprocessed.png,fundus_masks/565f3404f9b2_fundus_mask.png,83.49915575556982,17.182961909298555,0.0,242.0,0.0009079391402835457,125.25772385216342,13.21630226253404,1.0,231.0,0.0005373517360861801,20.298675624518815,12.0,1.4702787399291992,1.0,True,True,False
568455854a11.png,preprocessed_green_images/568455854a11_green_preprocessed.png,preprocessed_images/568455854a11_preprocessed.png,fundus_masks/568455854a11_fundus_mask.png,82.53061066535952,15.779106764148215,0.0,207.0,6.879767463859721e-05,123.0670949321913,12.997947658048615,3.0,240.0,6.449781997368489e-05,15.19014687997732,10.740004470625637,1.5177781581878662,1.0,True,True,False
571bbdbf585e.png,preprocessed_green_images/571bbdbf585e_green_preprocessed.png,preprocessed_images/571bbdbf585e_preprocessed.png,fundus_masks/571bbdbf585e_fundus_mask.png,97.37352257915013,16.86500186338952,0.0,255.0,0.0009906439185470555,124.55762824783477,13.020418033570762,1.0,234.0,0.0008214813312863888,20.551943298930162,12.0,1.2650305032730103,1.0,False,True,False
5728b8aa98ef.png,preprocessed_green_images/5728b8aa98ef_green_preprocessed.png,preprocessed_images/5728b8aa98ef_preprocessed.png,fundus_masks/5728b8aa98ef_fundus_mask.png,83.07751638804669,17.587952186942886,0.0,227.0,0.000944572705441666,125.6695490621494,13.447035853307533,4.0,225.0,0.0005169072719349485,20.86096153239342,12.0,1.4869790077209473,1.0,True,True,False
573ea80a53be.png,preprocessed_green_images/573ea80a53be_green_preprocessed.png,preprocessed_images/573ea80a53be_preprocessed.png,fundus_masks/573ea80a53be_fundus_mask.png,97.96472119695287,21.539334983709203,0.0,244.0,2.7710997278239364e-05,123.90158675873927,11.44410307388154,15.0,183.0,1.5545193595109888e-05,20.016449440971858,12.0,1.284670352935791,1.0,False,True,False
57a5e4274275.png,preprocessed_green_images/57a5e4274275_green_preprocessed.png,preprocessed_images/57a5e4274275_preprocessed.png,fundus_masks/57a5e4274275_fundus_mask.png,87.48461087785718,15.45462009736849,0.0,255.0,3.2473638847131695e-05,122.7381034853686,11.059667620128812,5.0,236.0,2.4355229135348773e-05,20.47228277250618,12.0,1.4153519868850708,1.0,True,True,False
57a710de68a4.png,preprocessed_green_images/57a710de68a4_green_preprocessed.png,preprocessed_images/57a710de68a4_preprocessed.png,fundus_masks/57a710de68a4_fundus_mask.png,88.3608810026979,16.00645354477089,0.0,250.0,0.0009545858396527767,125.71416939433094,13.418183866121705,3.0,240.0,0.0006866522686202233,19.72258811163257,12.0,1.4002894163131714,1.0,True,True,False
57db4781e7ec.png,preprocessed_green_images/57db4781e7ec_green_preprocessed.png,preprocessed_images/57db4781e7ec_preprocessed.png,fundus_masks/57db4781e7ec_fundus_mask.png,96.49256177888007,10.663996650306203,0.0,172.0,0.0011290363628371203,123.82562519231793,9.633320617221097,1.0,186.0,0.0009879068174824803,21.34209679622101,12.0,1.2591204643249512,1.0,False,True,False
57f5ad4b5b29.png,preprocessed_green_images/57f5ad4b5b29_green_preprocessed.png,preprocessed_images/57f5ad4b5b29_preprocessed.png,fundus_masks/57f5ad4b5b29_fundus_mask.png,63.97974209809438,23.004040510898673,0.0,181.0,0.013890550810239698,123.54252580928498,23.86139864410425,1.0,255.0,0.003992005804702318,14.120943114195972,11.96128905918111,1.9770052433013916,1.0,True,True,False
58059e73d2d4.png,preprocessed_green_images/58059e73d2d4_green_preprocessed.png,preprocessed_images/58059e73d2d4_preprocessed.png,fundus_masks/58059e73d2d4_fundus_mask.png,60.993665466031494,14.922338864766772,0.0,255.0,0.0029564027420958183,124.97166673121694,19.534566679153723,30.0,255.0,0.0,17.05803555494129,12.0,2.002361536026001,1.0,True,True,False
5814cbd2e9bf.png,preprocessed_green_images/5814cbd2e9bf_green_preprocessed.png,preprocessed_images/5814cbd2e9bf_preprocessed.png,fundus_masks/5814cbd2e9bf_fundus_mask.png,85.18504465114552,14.363670677537499,0.0,209.0,0.0012682874754000966,124.98451018343174,12.479731173204087,1.0,226.0,0.001011845085589098,22.984897957225353,12.0,1.408437728881836,1.0,True,True,False
586f5c56081e.png,preprocessed_green_images/586f5c56081e_green_preprocessed.png,preprocessed_images/586f5c56081e_preprocessed.png,fundus_masks/586f5c56081e_fundus_mask.png,91.01349839470107,17.16338764546221,0.0,255.0,0.0012310184247823447,124.25877650189454,13.55692317635119,1.0,242.0,0.000908223179938102,20.274132557555035,12.0,1.3257933855056763,1.0,False,True,False
5889a0c75cac.png,preprocessed_green_images/5889a0c75cac_green_preprocessed.png,preprocessed_images/5889a0c75cac_preprocessed.png,fundus_masks/5889a0c75cac_fundus_mask.png,89.64839587538974,21.9057055088882,0.0,253.0,0.0010319642221482711,126.234715044531,16.391022999789854,1.0,233.0,0.0008963015097984423,23.21671813687099,12.0,1.3896368741989136,1.0,True,True,False
58a9e0d7f7af.png,preprocessed_green_images/58a9e0d7f7af_green_preprocessed.png,preprocessed_images/58a9e0d7f7af_preprocessed.png,fundus_masks/58a9e0d7f7af_fundus_mask.png,82.30998910127917,18.535397652741384,0.0,157.0,0.0012314742057803845,126.27883895544059,14.246433637808039,2.0,187.0,0.0005257849342304563,20.69219185887352,12.0,1.4997981786727905,1.0,True,True,False
58af2c054ced.png,preprocessed_green_images/58af2c054ced_green_preprocessed.png,preprocessed_images/58af2c054ced_preprocessed.png,fundus_masks/58af2c054ced_fundus_mask.png,92.03407926977971,16.462259772162394,0.0,252.0,0.0007339364308857173,124.83420585058819,13.467492931110424,3.0,238.0,0.0005760007432267654,20.919982069762035,12.0,1.3518956899642944,1.0,False,True,False
58c12863f33d.png,preprocessed_green_images/58c12863f33d_green_preprocessed.png,preprocessed_images/58c12863f33d_preprocessed.png,fundus_masks/58c12863f33d_fundus_mask.png,87.67344524306539,13.438150619343064,0.0,218.0,0.0017902473154963947,124.75448747231651,13.702955791187064,1.0,225.0,0.0016144607573856376,20.638045753682885,12.0,1.3892062902450562,1.0,True,True,False
58eb3809f456.png,preprocessed_green_images/58eb3809f456_green_preprocessed.png,preprocessed_images/58eb3809f456_preprocessed.png,fundus_masks/58eb3809f456_fundus_mask.png,31.193221004652465,14.527892648753449,0.0,240.0,0.5453766512445191,89.50985837399512,17.850460854068245,1.0,255.0,0.002454995709023553,28.249176715033496,12.0,2.8,1.0,True,True,False
58f07741ee3b.png,preprocessed_green_images/58f07741ee3b_green_preprocessed.png,preprocessed_images/58f07741ee3b_preprocessed.png,fundus_masks/58f07741ee3b_fundus_mask.png,96.01705668922293,14.180089079616906,0.0,248.0,2.3643871947491688e-05,123.85627768444078,11.683255451279933,1.0,220.0,3.0399263932489316e-05,19.590700696007122,11.83628027840285,1.2707628011703491,1.0,False,True,False
596f4fdb0004.png,preprocessed_green_images/596f4fdb0004_green_preprocessed.png,preprocessed_images/596f4fdb0004_preprocessed.png,fundus_masks/596f4fdb0004_fundus_mask.png,89.03391055483566,19.44087961919283,0.0,205.0,0.001032479005293485,125.73284895760223,15.678947292676865,1.0,216.0,0.0007726191208151247,23.095823081957644,12.0,1.3598628044128418,1.0,True,True,False
598b8f5b3822.png,preprocessed_green_images/598b8f5b3822_green_preprocessed.png,preprocessed_images/598b8f5b3822_preprocessed.png,fundus_masks/598b8f5b3822_fundus_mask.png,67.23891652086441,20.976300821701447,0.0,237.0,0.00021064306318002243,121.26222482063099,15.413532210389626,2.0,255.0,6.878140838531344e-05,12.535228437126541,11.037298795218225,1.8421722650527954,1.0,True,True,False
59928f999ae7.png,preprocessed_green_images/59928f999ae7_green_preprocessed.png,preprocessed_images/59928f999ae7_preprocessed.png,fundus_masks/59928f999ae7_fundus_mask.png,82.84860356529605,16.80970772539855,0.0,255.0,2.302113068960474e-05,123.83381452010421,11.188928838722372,4.0,231.0,1.6927301977650546e-05,21.523542214258317,12.0,1.5082879066467285,1.0,True,True,False
599498e9e4bc.png,preprocessed_green_images/599498e9e4bc_green_preprocessed.png,preprocessed_images/599498e9e4bc_preprocessed.png,fundus_masks/599498e9e4bc_fundus_mask.png,84.69163216889406,27.185664627030757,0.0,254.0,1.5550196371936356e-05,123.53234677478785,13.47496195963916,1.0,242.0,0.00011358404306457861,20.311494459507006,12.0,1.564980387687683,1.0,True,True,False
5995321563b7.png,preprocessed_green_images/5995321563b7_green_preprocessed.png,preprocessed_images/5995321563b7_preprocessed.png,fundus_masks/5995321563b7_fundus_mask.png,86.73323402408946,14.21755704514743,0.0,240.0,0.0008063075291720904,124.60838281393207,12.150243052567207,1.0,246.0,0.0006636084988294039,22.033194166276488,12.0,1.4005985260009766,1.0,True,True,False
59bd19c1c5bb.png,preprocessed_green_images/59bd19c1c5bb_green_preprocessed.png,preprocessed_images/59bd19c1c5bb_preprocessed.png,fundus_masks/59bd19c1c5bb_fundus_mask.png,86.20767784611814,23.83736204320432,0.0,255.0,0.000612742253684577,125.78646048508762,15.871346963761402,2.0,229.0,0.0004433097365672508,20.668852801974694,12.0,1.448979139328003,1.0,True,True,False
5a0fe0ee4301.png,preprocessed_green_images/5a0fe0ee4301_green_preprocessed.png,preprocessed_images/5a0fe0ee4301_preprocessed.png,fundus_masks/5a0fe0ee4301_fundus_mask.png,85.4172739092311,17.94378209293846,0.0,251.0,0.0005023851666127843,123.26401387141266,11.428157124926148,1.0,232.0,0.0003605078741897295,21.15797071213078,12.0,1.4648349285125732,1.0,True,True,False
5a179c123fd8.png,preprocessed_green_images/5a179c123fd8_green_preprocessed.png,preprocessed_images/5a179c123fd8_preprocessed.png,fundus_masks/5a179c123fd8_fundus_mask.png,42.714428702045886,34.01127406312923,0.0,255.0,0.29401412486215145,102.73487995395284,36.57318712533908,1.0,255.0,0.03806275962011099,12.690851726451974,12.0,2.8,1.0,True,True,False
5a27b9b2a9c1.png,preprocessed_green_images/5a27b9b2a9c1_green_preprocessed.png,preprocessed_images/5a27b9b2a9c1_preprocessed.png,fundus_masks/5a27b9b2a9c1_fundus_mask.png,49.173800318862284,34.375671416645396,0.0,242.0,0.18350626263861086,118.22213902599287,35.55208518806894,1.0,255.0,0.019452636726211395,9.468806312817884,11.416518052339395,2.8,1.0,True,True,False
5a444c32cd9a.png,preprocessed_green_images/5a444c32cd9a_green_preprocessed.png,preprocessed_images/5a444c32cd9a_preprocessed.png,fundus_masks/5a444c32cd9a_fundus_mask.png,89.15641333074886,13.884258775166558,0.0,226.0,0.0006708784212768278,123.49292037555263,10.347845734677113,1.0,239.0,0.0004863288209601918,20.731521137062476,12.0,1.3538758754730225,1.0,True,True,False
5a93c0f783c4.png,preprocessed_green_images/5a93c0f783c4_green_preprocessed.png,preprocessed_images/5a93c0f783c4_preprocessed.png,fundus_masks/5a93c0f783c4_fundus_mask.png,33.27772542267547,21.119874603090384,0.0,245.0,0.5498321523720258,90.17098553810574,28.899556413154976,1.0,255.0,0.02133626069105339,9.555590135058177,12.0,2.8,1.0,True,True,False
5ac7a414560e.png,preprocessed_green_images/5ac7a414560e_green_preprocessed.png,preprocessed_images/5ac7a414560e_preprocessed.png,fundus_masks/5ac7a414560e_fundus_mask.png,92.4797454985166,19.44991858636257,0.0,254.0,0.0007327119966517845,125.86476246566862,14.383623462945954,7.0,241.0,0.0003872243779773671,20.29534355890465,12.0,1.343843698501587,1.0,False,True,False
5ad3dabeb2cd.png,preprocessed_green_images/5ad3dabeb2cd_green_preprocessed.png,preprocessed_images/5ad3dabeb2cd_preprocessed.png,fundus_masks/5ad3dabeb2cd_fundus_mask.png,82.25331631320897,13.298870532942946,0.0,208.0,0.0007160056862688213,124.58299689576141,13.188639596992282,1.0,229.0,0.0005999593837941339,21.270795496520023,12.0,1.4922094345092773,1.0,True,True,False
5b1c4cefeb24.png,preprocessed_green_images/5b1c4cefeb24_green_preprocessed.png,preprocessed_images/5b1c4cefeb24_preprocessed.png,fundus_masks/5b1c4cefeb24_fundus_mask.png,123.81855667874524,32.67331330859795,0.0,255.0,1.6888377283646377e-05,123.70575110044666,11.045094672821445,1.0,196.0,3.0399079110563476e-05,18.509738696987014,11.403895478794805,1.0641756057739258,1.0,False,True,False
5b2648ad455e.png,preprocessed_green_images/5b2648ad455e_green_preprocessed.png,preprocessed_images/5b2648ad455e_preprocessed.png,fundus_masks/5b2648ad455e_fundus_mask.png,74.1884466704604,15.405051985694275,0.0,246.0,3.4508961165239056e-05,123.06233265691259,13.131683430697176,1.0,245.0,3.4508961165239056e-05,21.56849117329191,12.0,1.6532644033432007,1.0,True,True,False
5b32ece9c627.png,preprocessed_green_images/5b32ece9c627_green_preprocessed.png,preprocessed_images/5b32ece9c627_preprocessed.png,fundus_masks/5b32ece9c627_fundus_mask.png,79.00201050757191,14.814416072617302,0.0,211.0,0.0006245110125204011,123.79518592551835,12.269247358701646,1.0,228.0,0.0004805716713446953,18.795764335238836,12.0,1.5578166246414185,1.0,True,True,False
5b3d41626ec5.png,preprocessed_green_images/5b3d41626ec5_green_preprocessed.png,preprocessed_images/5b3d41626ec5_preprocessed.png,fundus_masks/5b3d41626ec5_fundus_mask.png,83.90788899802287,21.641307791028915,0.0,252.0,0.0012783714588821364,127.13899426294655,18.720975180976584,3.0,241.0,0.00085263327167071,21.34778494696138,12.0,1.4948118925094604,1.0,True,True,False
5b47043942f4.png,preprocessed_green_images/5b47043942f4_green_preprocessed.png,preprocessed_images/5b47043942f4_preprocessed.png,fundus_masks/5b47043942f4_fundus_mask.png,78.51707415639522,23.048881025771017,0.0,255.0,0.0009071250155844937,125.85053073262168,18.897049352553406,4.0,255.0,6.018838965963466e-05,16.788907451811973,11.736267500156323,1.6188431978225708,1.0,True,True,False
5b994ff78547.png,preprocessed_green_images/5b994ff78547_green_preprocessed.png,preprocessed_images/5b994ff78547_preprocessed.png,fundus_masks/5b994ff78547_fundus_mask.png,81.84856193908557,13.560387962123352,0.0,181.0,0.0011665745686744028,125.45568001334551,13.430100383456594,2.0,214.0,0.0007750132933894494,20.4585196625678,12.0,1.4988274574279785,1.0,True,True,False
5ba156a35ff2.png,preprocessed_green_images/5ba156a35ff2_green_preprocessed.png,preprocessed_images/5ba156a35ff2_preprocessed.png,fundus_masks/5ba156a35ff2_fundus_mask.png,85.32577919463009,22.79448479099735,0.0,255.0,0.0007914670107962134,126.3523304757738,17.43412775273942,1.0,242.0,0.0012637940978842764,23.481133969025134,12.0,1.459088921546936,1.0,True,True,False
5baed382f062.png,preprocessed_green_images/5baed382f062_green_preprocessed.png,preprocessed_images/5baed382f062_preprocessed.png,fundus_masks/5baed382f062_fundus_mask.png,67.53359736541897,14.278004005866325,0.0,192.0,4.735358057642222e-05,121.83134807034159,13.887361280905711,24.0,255.0,2.1524354807464648e-05,11.58074212839855,10.629310418877733,1.8429193496704102,1.0,True,True,False
5bea250d8bf5.png,preprocessed_green_images/5bea250d8bf5_green_preprocessed.png,preprocessed_images/5bea250d8bf5_preprocessed.png,fundus_masks/5bea250d8bf5_fundus_mask.png,92.40526171072607,12.448676887271082,0.0,211.0,0.0011056247068419339,125.49936689410727,12.436257546507267,1.0,225.0,0.0009577459581734201,20.941007087832052,12.0,1.3120726346969604,1.0,False,True,False
5bf3357a2823.png,preprocessed_green_images/5bf3357a2823_green_preprocessed.png,preprocessed_images/5bf3357a2823_preprocessed.png,fundus_masks/5bf3357a2823_fundus_mask.png,61.62480825561497,13.416284923080035,0.0,237.0,0.0008160343302800839,124.0886682874579,14.521968035518123,3.0,255.0,2.0976006831411773e-05,22.09257029593947,12.0,2.0086421966552734,1.0,True,True,False
5bf6f2958e53.png,preprocessed_green_images/5bf6f2958e53_green_preprocessed.png,preprocessed_images/5bf6f2958e53_preprocessed.png,fundus_masks/5bf6f2958e53_fundus_mask.png,105.86158209692346,11.991648006575756,0.0,222.0,0.0019154833364488785,122.45562078968685,10.200132347340876,1.0,208.0,0.0019431770714336816,20.171062694796444,12.0,1.1595160961151123,1.0,False,True,False
5c817060c0ed.png,preprocessed_green_images/5c817060c0ed_green_preprocessed.png,preprocessed_images/5c817060c0ed_preprocessed.png,fundus_masks/5c817060c0ed_fundus_mask.png,73.13814191714921,17.3568478005671,0.0,184.0,0.0016345408194064573,124.50188297244964,13.537505490249531,3.0,216.0,0.00035987759518181945,20.42105201990057,12.0,1.625609040260315,1.0,True,True,False
5c85d22bd0de.png,preprocessed_green_images/5c85d22bd0de_green_preprocessed.png,preprocessed_images/5c85d22bd0de_preprocessed.png,fundus_masks/5c85d22bd0de_fundus_mask.png,79.27652714853441,16.83580780709971,0.0,172.0,0.0009459904380770426,126.00335154210353,13.666948269515524,1.0,204.0,0.00047183591703107395,19.03535745618305,12.0,1.4618399143218994,1.0,True,True,False
5ca73d28f17f.png,preprocessed_green_images/5ca73d28f17f_green_preprocessed.png,preprocessed_images/5ca73d28f17f_preprocessed.png,fundus_masks/5ca73d28f17f_fundus_mask.png,107.86067419681635,21.255160135948405,0.0,255.0,2.772747007800211e-05,122.70355073924141,10.825566228561266,1.0,204.0,4.1929344996003185e-05,19.592301826769955,11.836920730707982,1.152466058731079,1.0,False,True,False
5ca779ace6e7.png,preprocessed_green_images/5ca779ace6e7_green_preprocessed.png,preprocessed_images/5ca779ace6e7_preprocessed.png,fundus_masks/5ca779ace6e7_fundus_mask.png,76.43068803793706,14.503623980011838,0.0,253.0,0.0010117011993236783,125.94915998669607,14.826977231758956,1.0,255.0,0.000704598315221989,20.039999660851652,12.0,1.5765652656555176,1.0,True,True,False
5cbe88914a72.png,preprocessed_green_images/5cbe88914a72_green_preprocessed.png,preprocessed_images/5cbe88914a72_preprocessed.png,fundus_masks/5cbe88914a72_fundus_mask.png,82.84317079498024,17.435336645717417,0.0,252.0,0.0009878767945077293,124.734332945749,14.933426344747067,4.0,248.0,0.0008037356335150811,20.65463099620662,12.0,1.5027276277542114,1.0,True,True,False
5ce5eeaf757a.png,preprocessed_green_images/5ce5eeaf757a_green_preprocessed.png,preprocessed_images/5ce5eeaf757a_preprocessed.png,fundus_masks/5ce5eeaf757a_fundus_mask.png,91.23727101757498,20.551599216866357,0.0,255.0,2.704051074116688e-05,122.81598188826591,13.088389300316605,1.0,255.0,3.177260012087108e-05,20.128639193283345,12.0,1.414801836013794,1.0,False,True,False
5d3c8c1f57da.png,preprocessed_green_images/5d3c8c1f57da_green_preprocessed.png,preprocessed_images/5d3c8c1f57da_preprocessed.png,fundus_masks/5d3c8c1f57da_fundus_mask.png,27.039007914169343,14.70557678658751,0.0,196.0,0.7742767845089114,74.53173946157158,23.527003865767718,1.0,255.0,0.017224207627863378,8.044839018495129,12.0,2.8,1.0,True,True,False
5d4e5fd34d91.png,preprocessed_green_images/5d4e5fd34d91_green_preprocessed.png,preprocessed_images/5d4e5fd34d91_preprocessed.png,fundus_masks/5d4e5fd34d91_fundus_mask.png,99.31888472653468,20.393514544567623,0.0,255.0,2.299477139477491e-05,124.15671274863942,11.963022168170959,4.0,226.0,1.961318736613154e-05,19.602158790180763,11.840863516072305,1.2851135730743408,1.0,False,True,False
5d5b5da5f939.png,preprocessed_green_images/5d5b5da5f939_green_preprocessed.png,preprocessed_images/5d5b5da5f939_preprocessed.png,fundus_masks/5d5b5da5f939_fundus_mask.png,84.5688497299931,17.450476554497975,0.0,212.0,0.0012493982123280918,127.52591776245193,16.95669309047667,3.0,224.0,0.0006798025556399831,23.20790373096423,12.0,1.4721853733062744,1.0,True,True,False
5d6239c0fd39.png,preprocessed_green_images/5d6239c0fd39_green_preprocessed.png,preprocessed_images/5d6239c0fd39_preprocessed.png,fundus_masks/5d6239c0fd39_fundus_mask.png,81.45060440018142,11.843758173697136,0.0,180.0,0.0008723540137540378,123.5524615655168,10.277378089824545,1.0,209.0,0.0006895530400496108,19.08735699484975,12.0,1.4959492683410645,1.0,True,True,False
5d9c841eb245.png,preprocessed_green_images/5d9c841eb245_green_preprocessed.png,preprocessed_images/5d9c841eb245_preprocessed.png,fundus_masks/5d9c841eb245_fundus_mask.png,89.80690938912052,24.157845864844326,0.0,255.0,2.165231524147068e-05,122.74775188070657,15.19748890582762,4.0,223.0,0.0006942273574296536,20.217035615338865,12.0,1.4288413524627686,1.0,True,True,False
5db2e3a4594a.png,preprocessed_green_images/5db2e3a4594a_green_preprocessed.png,preprocessed_images/5db2e3a4594a_preprocessed.png,fundus_masks/5db2e3a4594a_fundus_mask.png,74.66845534152243,15.744890734658766,0.0,210.0,0.0005948022893486159,126.89344076246437,15.31007883579027,4.0,250.0,0.0002339633271214712,19.227029138712076,12.0,1.6229825019836426,1.0,True,True,False
5db895d3f1fc.png,preprocessed_green_images/5db895d3f1fc_green_preprocessed.png,preprocessed_images/5db895d3f1fc_preprocessed.png,fundus_masks/5db895d3f1fc_fundus_mask.png,80.96213675774959,27.685429506327537,0.0,255.0,0.0004014680325155256,124.45757539034811,16.804364150237895,1.0,237.0,0.000865221156078991,20.71197317836853,12.0,1.5448049306869507,1.0,True,True,False
5de4615a5161.png,preprocessed_green_images/5de4615a5161_green_preprocessed.png,preprocessed_images/5de4615a5161_preprocessed.png,fundus_masks/5de4615a5161_fundus_mask.png,75.44026056249183,14.538144038235467,0.0,236.0,0.0010567410938022656,125.92075714978523,15.589265444627317,1.0,255.0,0.0008044195620948243,20.08429517627789,12.0,1.576567530632019,1.0,True,True,False
5e505e25cd3e.png,preprocessed_green_images/5e505e25cd3e_green_preprocessed.png,preprocessed_images/5e505e25cd3e_preprocessed.png,fundus_masks/5e505e25cd3e_fundus_mask.png,106.80338139845355,24.103221991464142,0.0,255.0,2.2994429261358064e-05,122.71975809860417,12.09386560304471,1.0,220.0,3.44916438920371e-05,19.1523441191103,11.66093764764412,1.1550414562225342,1.0,False,True,False
5e5275ddee29.png,preprocessed_green_images/5e5275ddee29_green_preprocessed.png,preprocessed_images/5e5275ddee29_preprocessed.png,fundus_masks/5e5275ddee29_fundus_mask.png,77.1201686260154,14.417089008070361,0.0,192.0,0.0012268133436513858,127.5735589866684,15.040612983088147,6.0,228.0,0.0006290459354133167,21.412234687240623,12.0,1.6031908988952637,1.0,True,True,False
5e97cb2b0888.png,preprocessed_green_images/5e97cb2b0888_green_preprocessed.png,preprocessed_images/5e97cb2b0888_preprocessed.png,fundus_masks/5e97cb2b0888_fundus_mask.png,41.73624202426964,18.53137523087024,0.0,239.0,0.1306848561695107,109.18093004781619,27.02431809954703,1.0,255.0,0.007892981357287259,8.036657145869015,11.504774678412527,2.8,1.0,True,True,False
5ea9e447bb62.png,preprocessed_green_images/5ea9e447bb62_green_preprocessed.png,preprocessed_images/5ea9e447bb62_preprocessed.png,fundus_masks/5ea9e447bb62_fundus_mask.png,84.78449820217085,16.21050281553927,0.0,236.0,0.0008394893956488013,123.63033942504252,12.07602122503584,1.0,240.0,0.000570481744004434,20.347033874879262,12.0,1.418819546699524,1.0,True,True,False
5ead17e894ae.png,preprocessed_green_images/5ead17e894ae_green_preprocessed.png,preprocessed_images/5ead17e894ae_preprocessed.png,fundus_masks/5ead17e894ae_fundus_mask.png,41.51314643648308,14.896413871982105,0.0,186.0,0.12003921269065261,115.83390624602144,24.522218480526,1.0,255.0,0.004937234232169684,7.736656140897002,11.404604995338081,2.8,1.0,True,True,False
5eb8fb1aad41.png,preprocessed_green_images/5eb8fb1aad41_green_preprocessed.png,preprocessed_images/5eb8fb1aad41_preprocessed.png,fundus_masks/5eb8fb1aad41_fundus_mask.png,87.5244987363883,16.91416257386394,0.0,199.0,0.0005435388560597614,127.2824601869402,13.248134659595605,1.0,215.0,0.0003460995280038652,22.300232752254804,12.0,1.3874719142913818,1.0,True,True,False
5f4a8c074bd5.png,preprocessed_green_images/5f4a8c074bd5_green_preprocessed.png,preprocessed_images/5f4a8c074bd5_preprocessed.png,fundus_masks/5f4a8c074bd5_fundus_mask.png,74.76105949356811,15.673078649582813,0.0,180.0,0.0009383953323821786,126.94132767280277,15.269646521055058,1.0,220.0,0.0005010961478233636,21.476662462353467,12.0,1.6343865394592285,1.0,True,True,False
5f51192841f7.png,preprocessed_green_images/5f51192841f7_green_preprocessed.png,preprocessed_images/5f51192841f7_preprocessed.png,fundus_masks/5f51192841f7_fundus_mask.png,97.44513165074403,8.633441182753876,0.0,170.0,0.0011768568442664645,122.51228763398596,7.153506649070047,4.0,177.0,0.0009352428163178485,19.621576193317573,11.84863047732703,1.252977728843689,1.0,False,True,False
5f6db235c04d.png,preprocessed_green_images/5f6db235c04d_green_preprocessed.png,preprocessed_images/5f6db235c04d_preprocessed.png,fundus_masks/5f6db235c04d_fundus_mask.png,90.08453758061418,13.244812349713952,0.0,235.0,0.0014034446293078114,123.25688011829199,12.05412541648233,3.0,233.0,0.001079483791545085,19.349130615524256,11.739652246209703,1.3390027284622192,1.0,False,True,False
5fcff7280019.png,preprocessed_green_images/5fcff7280019_green_preprocessed.png,preprocessed_images/5fcff7280019_preprocessed.png,fundus_masks/5fcff7280019_fundus_mask.png,44.93274422796392,28.121026536658064,0.0,255.0,0.08994676666692125,113.48357302335292,32.761532657673776,1.0,255.0,0.026104954442348376,10.70375680447524,12.0,2.8,1.0,True,True,False
606daaf0bfc7.png,preprocessed_green_images/606daaf0bfc7_green_preprocessed.png,preprocessed_images/606daaf0bfc7_preprocessed.png,fundus_masks/606daaf0bfc7_fundus_mask.png,45.28353647666441,21.965636828284868,0.0,254.0,0.16162246410398765,119.31921092440827,33.04381968610087,1.0,255.0,0.011106244047043004,9.71585201884486,11.861137565167773,2.8,1.0,True,True,False
609be3ca5ddf.png,preprocessed_green_images/609be3ca5ddf_green_preprocessed.png,preprocessed_images/609be3ca5ddf_preprocessed.png,fundus_masks/609be3ca5ddf_fundus_mask.png,42.26839346315706,17.709554860021363,0.0,255.0,0.15067377141416893,116.23378964278531,24.586121150520608,1.0,255.0,0.006079599988798057,7.342598422508682,11.179848838945066,2.8,1.0,True,True,False
60aa4e649abf.png,preprocessed_green_images/60aa4e649abf_green_preprocessed.png,preprocessed_images/60aa4e649abf_preprocessed.png,fundus_masks/60aa4e649abf_fundus_mask.png,60.03199242867851,18.741461485121096,12.0,255.0,0.0024751048083021462,126.54333570905395,19.232739323765486,1.0,255.0,0.0009126537924678329,9.910694955282167,10.628100877341444,2.0853021144866943,1.0,True,True,False
60edda7b4871.png,preprocessed_green_images/60edda7b4871_green_preprocessed.png,preprocessed_images/60edda7b4871_preprocessed.png,fundus_masks/60edda7b4871_fundus_mask.png,54.68983184605935,10.729502961489858,0.0,246.0,0.004429278664206031,123.44611982171696,11.362042655364052,4.0,255.0,1.5593664361968272e-05,23.776316974713883,12.0,2.1997666358947754,1.0,True,True,False
6107a2e9f60e.png,preprocessed_green_images/6107a2e9f60e_green_preprocessed.png,preprocessed_images/6107a2e9f60e_preprocessed.png,fundus_masks/6107a2e9f60e_fundus_mask.png,84.37998712532796,30.17485650167163,0.0,222.0,0.03424557449603821,127.45000401510734,21.697897900998665,7.0,249.0,0.0006503157454079678,21.793975872314473,12.0,1.42117440700531,1.0,True,True,False
6110ecb3bb1c.png,preprocessed_green_images/6110ecb3bb1c_green_preprocessed.png,preprocessed_images/6110ecb3bb1c_preprocessed.png,fundus_masks/6110ecb3bb1c_fundus_mask.png,82.0895685024442,17.757325669285148,0.0,196.0,0.0007574208657831639,126.88658435716808,13.237123999365725,1.0,214.0,0.00031365588000223046,21.626864578422776,12.0,1.4499504566192627,1.0,True,True,False
6155cf375354.png,preprocessed_green_images/6155cf375354_green_preprocessed.png,preprocessed_images/6155cf375354_preprocessed.png,fundus_masks/6155cf375354_fundus_mask.png,88.77277427660503,18.478997295576907,0.0,255.0,0.0008156493126237417,124.86526681724808,14.515769152818434,1.0,244.0,0.0007378024409060911,18.5627564099343,11.534189294942161,1.3773537874221802,1.0,True,True,False
6180920bc224.png,preprocessed_green_images/6180920bc224_green_preprocessed.png,preprocessed_images/6180920bc224_preprocessed.png,fundus_masks/6180920bc224_fundus_mask.png,91.84409798527408,14.679549048699844,0.0,194.0,0.0029585594144681164,121.8332737624436,11.479074146550628,1.0,210.0,0.0034958504071189904,21.155523328489778,12.0,1.3672370910644531,1.0,False,True,False
61a62b1dcc36.png,preprocessed_green_images/61a62b1dcc36_green_preprocessed.png,preprocessed_images/61a62b1dcc36_preprocessed.png,fundus_masks/61a62b1dcc36_fundus_mask.png,38.35021233338717,12.98175079575566,0.0,244.0,0.21993165158595193,113.60145247165835,19.378625107300465,3.0,255.0,0.0013300525370752146,26.128104685180773,12.0,2.8,1.0,True,True,False
61c667663f2f.png,preprocessed_green_images/61c667663f2f_green_preprocessed.png,preprocessed_images/61c667663f2f_preprocessed.png,fundus_masks/61c667663f2f_fundus_mask.png,98.94202581669177,9.169730169357038,0.0,193.0,0.001292222831506637,122.25705169585447,7.475828422533148,0.0,196.0,0.001174222179032441,23.180210722545247,12.0,1.209249496459961,1.0,False,True,False
61d9c88a3a4b.png,preprocessed_green_images/61d9c88a3a4b_green_preprocessed.png,preprocessed_images/61d9c88a3a4b_preprocessed.png,fundus_masks/61d9c88a3a4b_fundus_mask.png,76.17581437009486,17.88761977952229,0.0,255.0,2.0295406405365566e-05,124.93885602912256,15.291947186455134,4.0,255.0,0.0003849362081551002,20.558620250879372,12.0,1.6819781064987183,1.0,True,True,False
61da799bf0aa.png,preprocessed_green_images/61da799bf0aa_green_preprocessed.png,preprocessed_images/61da799bf0aa_preprocessed.png,fundus_masks/61da799bf0aa_fundus_mask.png,42.90630004665642,17.456578507588617,5.0,255.0,0.09554456025679503,123.19003205170858,14.597705223425795,1.0,255.0,0.000395854590075987,8.709835611045369,11.670040906937576,2.8,1.0,True,True,False
628b581aa905.png,preprocessed_green_images/628b581aa905_green_preprocessed.png,preprocessed_images/628b581aa905_preprocessed.png,fundus_masks/628b581aa905_fundus_mask.png,80.75541903655864,19.055611219560554,0.0,255.0,2.16315312014558e-05,124.11043843057833,14.157155754912266,1.0,255.0,0.00014601283560982666,20.4473781513646,12.0,1.5932718515396118,1.0,True,True,False
6294b378d09f.png,preprocessed_green_images/6294b378d09f_green_preprocessed.png,preprocessed_images/6294b378d09f_preprocessed.png,fundus_masks/6294b378d09f_fundus_mask.png,77.65352835271926,16.25256772842861,0.0,230.0,3.867158798430793e-05,123.24967666255603,16.77729349711208,35.0,255.0,0.0,13.350233379085687,10.43755749805923,1.5129042863845825,1.0,True,True,False
62b4be2799ca.png,preprocessed_green_images/62b4be2799ca_green_preprocessed.png,preprocessed_images/62b4be2799ca_preprocessed.png,fundus_masks/62b4be2799ca_fundus_mask.png,83.47157694230704,15.043788201339638,0.0,254.0,0.0007679556024217282,126.06514282002114,13.536607706676705,3.0,255.0,0.000544065222863732,19.773341316033804,12.0,1.482844352722168,1.0,True,True,False
62b826899151.png,preprocessed_green_images/62b826899151_green_preprocessed.png,preprocessed_images/62b826899151_preprocessed.png,fundus_masks/62b826899151_fundus_mask.png,97.31160034065826,12.128219276543435,0.0,226.0,0.0005909377951068034,123.78440967052322,9.08744275616292,1.0,228.0,0.0005480658374225842,20.859308894685963,12.0,1.2571169137954712,1.0,False,True,False
6324d77cf926.png,preprocessed_green_images/6324d77cf926_green_preprocessed.png,preprocessed_images/6324d77cf926_preprocessed.png,fundus_masks/6324d77cf926_fundus_mask.png,75.90240379655421,15.552856905736364,0.0,202.0,0.001080358001894104,126.22416269356897,15.031742633279368,2.0,227.0,0.0006433462350335062,21.167236904052896,12.0,1.6084953546524048,1.0,True,True,False
633fe9dbaf39.png,preprocessed_green_images/633fe9dbaf39_green_preprocessed.png,preprocessed_images/633fe9dbaf39_preprocessed.png,fundus_masks/633fe9dbaf39_fundus_mask.png,56.05112207820252,25.886340847903035,7.0,255.0,0.11417288610040909,124.54724374755384,16.07491779856484,1.0,251.0,0.0008734728614105604,6.355141995674029,9.559734835762722,2.1071596145629883,1.0,True,True,False
639915f58a2f.png,preprocessed_green_images/639915f58a2f_green_preprocessed.png,preprocessed_images/639915f58a2f_preprocessed.png,fundus_masks/639915f58a2f_fundus_mask.png,89.42936409627117,17.690761136195192,0.0,212.0,0.0010117965756358458,126.67799747629687,14.608733720396005,0.0,215.0,0.0007605839247056645,21.448128002368808,12.0,1.4005417823791504,1.0,True,True,False
63b71347e95d.png,preprocessed_green_images/63b71347e95d_green_preprocessed.png,preprocessed_images/63b71347e95d_preprocessed.png,fundus_masks/63b71347e95d_fundus_mask.png,82.59278697348944,15.991662801941555,0.0,250.0,0.0008932756068473636,125.37278827279941,14.61307092324086,1.0,248.0,0.0005730885062111657,18.546257388721887,12.0,1.4832375049591064,1.0,True,True,False
63c0eafd6aa9.png,preprocessed_green_images/63c0eafd6aa9_green_preprocessed.png,preprocessed_images/63c0eafd6aa9_preprocessed.png,fundus_masks/63c0eafd6aa9_fundus_mask.png,79.72629594088414,21.013506662751915,0.0,251.0,0.0011114356178608515,125.36070547767393,17.0601454465335,1.0,238.0,0.0010326268357810414,22.66048114203997,12.0,1.568716049194336,1.0,True,True,False
63c7b0265775.png,preprocessed_green_images/63c7b0265775_green_preprocessed.png,preprocessed_images/63c7b0265775_preprocessed.png,fundus_masks/63c7b0265775_fundus_mask.png,63.44663894030298,20.432679742594527,13.0,234.0,0.0543318887721772,126.121779959406,17.661174334296934,5.0,255.0,0.00031627288322351823,15.976802708491316,12.0,1.7821863889694214,1.0,True,True,False
63e041a757eb.png,preprocessed_green_images/63e041a757eb_green_preprocessed.png,preprocessed_images/63e041a757eb_preprocessed.png,fundus_masks/63e041a757eb_fundus_mask.png,81.6711726745336,31.09553854338444,4.0,244.0,0.09309419144006925,125.10241702802655,15.52264131312176,1.0,233.0,0.0002747097111473106,10.097639522455797,8.779396015690445,1.3100306987762451,1.0,True,True,False
64ac539f58cb.png,preprocessed_green_images/64ac539f58cb_green_preprocessed.png,preprocessed_images/64ac539f58cb_preprocessed.png,fundus_masks/64ac539f58cb_fundus_mask.png,70.54997794178936,17.707003087842576,0.0,252.0,0.0035476108348846368,121.34159189125268,5.664808526659853,28.0,253.0,1.3553432033943215e-06,22.76914902506592,12.0,1.5931142568588257,1.0,True,True,False
64b9206afb3f.png,preprocessed_green_images/64b9206afb3f_green_preprocessed.png,preprocessed_images/64b9206afb3f_preprocessed.png,fundus_masks/64b9206afb3f_fundus_mask.png,98.1555627096033,13.588779520232276,0.0,240.0,0.0009160011858220155,123.36817804932278,9.829974349057021,1.0,221.0,0.0008048303718663726,19.60105389127472,11.840421556509888,1.2393341064453125,1.0,False,True,False
64c6c6ee0d98.png,preprocessed_green_images/64c6c6ee0d98_green_preprocessed.png,preprocessed_images/64c6c6ee0d98_preprocessed.png,fundus_masks/64c6c6ee0d98_fundus_mask.png,57.01755453179976,24.37459300479705,5.0,255.0,0.09476557438998057,124.04709014220026,15.802964021020777,1.0,255.0,0.0011683968016055484,9.196861840294872,10.610517666624638,2.07139253616333,1.0,True,True,False
650104ede84c.png,preprocessed_green_images/650104ede84c_green_preprocessed.png,preprocessed_images/650104ede84c_preprocessed.png,fundus_masks/650104ede84c_fundus_mask.png,90.87974727656697,19.242369934890245,0.0,236.0,0.0006725816681419322,126.6758806870323,14.338437458298348,5.0,224.0,0.00042747850410402595,21.737833255908857,12.0,1.3844391107559204,1.0,False,True,False
6504b703c429.png,preprocessed_green_images/6504b703c429_green_preprocessed.png,preprocessed_images/6504b703c429_preprocessed.png,fundus_masks/6504b703c429_fundus_mask.png,80.34001000107901,11.189864981872006,0.0,173.0,0.000723976020614753,125.15063342100714,10.83551049211029,1.0,215.0,0.0005162970018807133,18.41002587280658,12.0,1.513498067855835,1.0,True,True,False
658ad9f09f5d.png,preprocessed_green_images/658ad9f09f5d_green_preprocessed.png,preprocessed_images/658ad9f09f5d_preprocessed.png,fundus_masks/658ad9f09f5d_fundus_mask.png,61.94004854995739,17.731738762680695,0.0,208.0,0.006903735075622584,125.147341373344,18.30970514162152,34.0,255.0,0.0,14.835519399269074,12.0,1.9044499397277832,1.0,True,True,False
65a3b13ad9a0.png,preprocessed_green_images/65a3b13ad9a0_green_preprocessed.png,preprocessed_images/65a3b13ad9a0_preprocessed.png,fundus_masks/65a3b13ad9a0_fundus_mask.png,45.135451218109104,14.780998947369369,1.0,154.0,0.11876646682758754,124.46758653581922,15.956032178609078,2.0,240.0,0.000879768693787149,11.212411435135111,12.0,2.7362070083618164,1.0,True,True,False
65a7fe9482fe.png,preprocessed_green_images/65a7fe9482fe_green_preprocessed.png,preprocessed_images/65a7fe9482fe_preprocessed.png,fundus_masks/65a7fe9482fe_fundus_mask.png,78.71078598914194,15.65377103402005,0.0,241.0,0.0004731512805310455,125.15347190736931,14.772679856112441,1.0,255.0,0.00034992269149838987,21.265881276642517,12.0,1.5721304416656494,1.0,True,True,False
65cf00be6fb4.png,preprocessed_green_images/65cf00be6fb4_green_preprocessed.png,preprocessed_images/65cf00be6fb4_preprocessed.png,fundus_masks/65cf00be6fb4_fundus_mask.png,81.5583307897667,17.269639294762367,0.0,255.0,3.869087282310103e-05,122.69237316916939,15.281392574451386,28.0,255.0,1.2896957607700343e-05,14.11845617067314,10.397753064734438,1.5097631216049194,1.0,True,True,False
65dda202653d.png,preprocessed_green_images/65dda202653d_green_preprocessed.png,preprocessed_images/65dda202653d_preprocessed.png,fundus_masks/65dda202653d_fundus_mask.png,44.356500002878434,18.76473580766396,5.0,255.0,0.1746987126665048,124.58888961456223,17.094516870741355,1.0,255.0,0.0008641247674674593,8.787602399143092,11.572240959401375,2.621809720993042,1.0,True,True,False
65e6f1bd9875.png,preprocessed_green_images/65e6f1bd9875_green_preprocessed.png,preprocessed_images/65e6f1bd9875_preprocessed.png,fundus_masks/65e6f1bd9875_fundus_mask.png,57.87901678186298,16.053779980842734,14.0,254.0,0.003219983904467377,126.17761852359351,15.87303343774128,10.0,255.0,0.0002991865153742167,9.511861961411128,10.659943292843298,2.075334072113037,1.0,True,True,False
65f5d2a6eb7e.png,preprocessed_green_images/65f5d2a6eb7e_green_preprocessed.png,preprocessed_images/65f5d2a6eb7e_preprocessed.png,fundus_masks/65f5d2a6eb7e_fundus_mask.png,83.6361774190747,13.26089688213181,0.0,227.0,0.0011405677364072695,124.74936458218745,11.991863795516236,3.0,230.0,0.0007792914584792817,18.845031065400395,12.0,1.4642384052276611,1.0,True,True,False
65f69234c8a7.png,preprocessed_green_images/65f69234c8a7_green_preprocessed.png,preprocessed_images/65f69234c8a7_preprocessed.png,fundus_masks/65f69234c8a7_fundus_mask.png,84.63434820444392,19.14743184914652,0.0,251.0,0.0008354121946974532,125.40352381504903,14.364792483523996,4.0,245.0,0.0004734002436618901,20.10792427669931,12.0,1.4690117835998535,1.0,True,True,False
66366a90d1ef.png,preprocessed_green_images/66366a90d1ef_green_preprocessed.png,preprocessed_images/66366a90d1ef_preprocessed.png,fundus_masks/66366a90d1ef_fundus_mask.png,65.56486603179276,14.848403162158025,10.0,231.0,0.0010495068894837043,125.14360894992137,12.71268603358271,7.0,242.0,0.00019123763609252221,6.750753265588032,8.8723132145203,1.7772746086120605,1.0,True,True,False
66393d8c60ba.png,preprocessed_green_images/66393d8c60ba_green_preprocessed.png,preprocessed_images/66393d8c60ba_preprocessed.png,fundus_masks/66393d8c60ba_fundus_mask.png,77.7313236368034,21.062394027581018,0.0,216.0,0.0015802987101785656,128.06022810257173,15.850179544157776,5.0,227.0,0.00026280169867575853,22.091637717580223,12.0,1.5903619527816772,1.0,True,True,False
66460ecab347.png,preprocessed_green_images/66460ecab347_green_preprocessed.png,preprocessed_images/66460ecab347_preprocessed.png,fundus_masks/66460ecab347_fundus_mask.png,28.392812133800437,12.349915069193933,0.0,235.0,0.6207779294434821,86.10453575672005,17.093793528847797,6.0,255.0,0.002567435128905647,28.616114505833842,12.0,2.8,1.0,True,True,False
6653ad026901.png,preprocessed_green_images/6653ad026901_green_preprocessed.png,preprocessed_images/6653ad026901_preprocessed.png,fundus_masks/6653ad026901_fundus_mask.png,70.07068066480294,17.277772845083234,0.0,230.0,0.00110474879175369,125.60489647922374,16.652470875624903,1.0,255.0,0.0004930668291616468,20.39508888116566,12.0,1.742949366569519,1.0,True,True,False
668a319c2d23.png,preprocessed_green_images/668a319c2d23_green_preprocessed.png,preprocessed_images/668a319c2d23_preprocessed.png,fundus_masks/668a319c2d23_fundus_mask.png,81.512707704783,15.620253742716963,0.0,220.0,0.0009723772823855656,127.74130582020663,17.037024194490986,4.0,245.0,0.0006610306734496856,21.997704937058927,12.0,1.4955681562423706,1.0,True,True,False
66b88a4bc474.png,preprocessed_green_images/66b88a4bc474_green_preprocessed.png,preprocessed_images/66b88a4bc474_preprocessed.png,fundus_masks/66b88a4bc474_fundus_mask.png,81.83621714293459,23.97346473987675,0.0,255.0,2.6427956712362184e-05,123.99620995995149,13.961114223368183,3.0,238.0,2.3717397049555808e-05,20.928228491506562,12.0,1.5547609329223633,1.0,True,True,False
66bfec8d6bcd.png,preprocessed_green_images/66bfec8d6bcd_green_preprocessed.png,preprocessed_images/66bfec8d6bcd_preprocessed.png,fundus_masks/66bfec8d6bcd_fundus_mask.png,95.32826779750518,16.834728481088796,0.0,252.0,0.0008221893861140319,125.35901768054585,13.519398315161187,2.0,231.0,0.0005326860811443023,19.272578522036614,11.709031408814646,1.2734243869781494,1.0,False,True,False
675de69373f8.png,preprocessed_green_images/675de69373f8_green_preprocessed.png,preprocessed_images/675de69373f8_preprocessed.png,fundus_masks/675de69373f8_fundus_mask.png,93.40722718741813,18.212061789985924,0.0,255.0,6.442109060611656e-05,123.75195732746958,17.105948016589963,8.0,255.0,5.583161185863436e-05,21.30372525911162,12.0,1.311764121055603,1.0,False,True,False
67d8f94f04e0.png,preprocessed_green_images/67d8f94f04e0_green_preprocessed.png,preprocessed_images/67d8f94f04e0_preprocessed.png,fundus_masks/67d8f94f04e0_fundus_mask.png,90.14699929878941,20.232878186802854,0.0,255.0,3.3809575006880246e-05,123.76377249942692,14.212318092119816,16.0,233.0,3.989529850811869e-05,19.7844571705109,11.913782868204361,1.4016283750534058,1.0,False,True,False
67ed8cc78b97.png,preprocessed_green_images/67ed8cc78b97_green_preprocessed.png,preprocessed_images/67ed8cc78b97_preprocessed.png,fundus_masks/67ed8cc78b97_fundus_mask.png,78.07866342251874,17.23653027342711,0.0,255.0,3.8689043262947934e-05,123.14150732512553,18.640951993613733,14.0,255.0,3.439026067817594e-05,13.336181572792151,10.394146991559639,1.570879340171814,1.0,True,True,False
682312e82ee3.png,preprocessed_green_images/682312e82ee3_green_preprocessed.png,preprocessed_images/682312e82ee3_preprocessed.png,fundus_masks/682312e82ee3_fundus_mask.png,76.08511999432588,39.362476471514114,4.0,255.0,0.0917426586567513,126.07017581608832,20.48165388379936,1.0,255.0,0.001456982168156024,9.78863928606405,9.152333937152209,1.667899250984192,1.0,True,True,False
683023cda6a5.png,preprocessed_green_images/683023cda6a5_green_preprocessed.png,preprocessed_images/683023cda6a5_preprocessed.png,fundus_masks/683023cda6a5_fundus_mask.png,122.17639645586766,37.05758407241775,0.0,255.0,4.715222022658785e-05,119.94550489311449,17.485110030792164,2.0,232.0,9.001787497803136e-05,14.26292232801994,9.705168931207975,0.9852685332298279,1.0,False,True,False
684dd88a0d49.png,preprocessed_green_images/684dd88a0d49_green_preprocessed.png,preprocessed_images/684dd88a0d49_preprocessed.png,fundus_masks/684dd88a0d49_fundus_mask.png,37.49414544954493,16.939427375038637,0.0,206.0,0.2814538842739492,97.40677284140509,23.10509102825532,1.0,255.0,0.0035371772866870732,7.886683544997517,11.821860489150568,2.8,1.0,True,True,False
6852f4531591.png,preprocessed_green_images/6852f4531591_green_preprocessed.png,preprocessed_images/6852f4531591_preprocessed.png,fundus_masks/6852f4531591_fundus_mask.png,79.24176623231804,18.358304200960948,0.0,254.0,0.0009687468782886866,126.92653553349611,16.843020669382014,7.0,255.0,0.0007062327362104574,21.98332828517635,12.0,1.5535602569580078,1.0,True,True,False
68987fb159ab.png,preprocessed_green_images/68987fb159ab_green_preprocessed.png,preprocessed_images/68987fb159ab_preprocessed.png,fundus_masks/68987fb159ab_fundus_mask.png,90.8219439185238,15.93346722224274,0.0,188.0,0.001120934729869784,127.02423210760047,12.592410281441614,1.0,193.0,0.0008627028654473027,23.530385676634022,12.0,1.3570719957351685,1.0,False,True,False
68ddb15a74de.png,preprocessed_green_images/68ddb15a74de_green_preprocessed.png,preprocessed_images/68ddb15a74de_preprocessed.png,fundus_masks/68ddb15a74de_fundus_mask.png,85.65214687771173,17.241387439351232,0.0,255.0,0.0008549923665539051,127.71699868676885,16.73612883945829,3.0,254.0,0.000604411157360359,20.803398747959612,12.0,1.4571120738983154,1.0,True,True,False
691eeb59b4cb.png,preprocessed_green_images/691eeb59b4cb_green_preprocessed.png,preprocessed_images/691eeb59b4cb_preprocessed.png,fundus_masks/691eeb59b4cb_fundus_mask.png,75.97288315615666,12.363604745118705,0.0,187.0,0.0007838444555759634,126.1185773455038,12.716568065760914,2.0,230.0,0.0005148327489285914,20.09003968743318,12.0,1.600029468536377,1.0,True,True,False
692e946b1f85.png,preprocessed_green_images/692e946b1f85_green_preprocessed.png,preprocessed_images/692e946b1f85_preprocessed.png,fundus_masks/692e946b1f85_fundus_mask.png,120.72461978780242,22.61888245350731,0.0,254.0,0.005779271343221186,120.12475737856295,15.545049749883649,0.0,215.0,0.006536135376445105,22.0324054671672,12.0,1.0119266510009766,1.0,False,True,False
6966abf40b8c.png,preprocessed_green_images/6966abf40b8c_green_preprocessed.png,preprocessed_images/6966abf40b8c_preprocessed.png,fundus_masks/6966abf40b8c_fundus_mask.png,93.75614366510324,16.862610933299717,0.0,229.0,0.0010281022346718776,123.03744798568547,9.846923576110346,2.0,205.0,0.0008668085432278696,21.030093985698006,12.0,1.3380587100982666,1.0,False,True,False
69b3a00927fc.png,preprocessed_green_images/69b3a00927fc_green_preprocessed.png,preprocessed_images/69b3a00927fc_preprocessed.png,fundus_masks/69b3a00927fc_fundus_mask.png,85.82302734131078,10.066592353819507,0.0,144.0,0.001347175903012586,124.77680359678621,9.79224645821337,1.0,178.0,0.0010962427090608854,20.82299650835928,12.0,1.4323357343673706,1.0,True,True,False
69c4cbb630de.png,preprocessed_green_images/69c4cbb630de_green_preprocessed.png,preprocessed_images/69c4cbb630de_preprocessed.png,fundus_masks/69c4cbb630de_fundus_mask.png,104.2719540782593,18.665266309293504,0.0,255.0,4.2933564602134655e-05,122.52162992984655,14.237443880552746,5.0,255.0,5.152027752256159e-05,16.54197028102025,10.6167881124081,1.177962064743042,1.0,False,True,False
69f43381317b.png,preprocessed_green_images/69f43381317b_green_preprocessed.png,preprocessed_images/69f43381317b_preprocessed.png,fundus_masks/69f43381317b_fundus_mask.png,103.2514406244949,16.31804192258143,0.0,244.0,2.5698265840444876e-05,125.91827613327662,12.986975068566187,2.0,226.0,2.7050806147836714e-05,18.89540686868324,11.558162747473295,1.1623282432556152,1.0,False,True,False
6a2642131e4a.png,preprocessed_green_images/6a2642131e4a_green_preprocessed.png,preprocessed_images/6a2642131e4a_preprocessed.png,fundus_masks/6a2642131e4a_fundus_mask.png,89.48651493041591,19.471915667011803,0.0,255.0,0.0017049754917017185,122.97375774975689,16.205994962675337,1.0,242.0,0.0019588093684404515,20.923248237709657,12.0,1.365046739578247,1.0,True,True,False
6a2c3f4ef329.png,preprocessed_green_images/6a2c3f4ef329_green_preprocessed.png,preprocessed_images/6a2c3f4ef329_preprocessed.png,fundus_masks/6a2c3f4ef329_fundus_mask.png,56.7709764059287,35.078242813758806,4.0,186.0,0.20866791689490508,123.31648335832992,18.607525751255146,1.0,255.0,0.005402373360570449,9.141714069817127,10.61037661406652,2.505403995513916,1.0,True,True,False
6a57a3db3eff.png,preprocessed_green_images/6a57a3db3eff_green_preprocessed.png,preprocessed_images/6a57a3db3eff_preprocessed.png,fundus_masks/6a57a3db3eff_fundus_mask.png,78.49920350180547,18.64935210139876,0.0,201.0,0.0007407665424315255,124.94836578540992,13.236281439575578,1.0,232.0,0.0002867857930730201,20.795099965356993,12.0,1.5058637857437134,1.0,True,True,False
6a905a7202d2.png,preprocessed_green_images/6a905a7202d2_green_preprocessed.png,preprocessed_images/6a905a7202d2_preprocessed.png,fundus_masks/6a905a7202d2_fundus_mask.png,90.46800342826607,12.56729706133053,0.0,218.0,0.0013370700354045967,123.56124787034585,11.690579489997909,1.0,231.0,0.0011207792943832649,20.70834359413709,12.0,1.349766731262207,1.0,False,True,False
6af071b0ac6e.png,preprocessed_green_images/6af071b0ac6e_green_preprocessed.png,preprocessed_images/6af071b0ac6e_preprocessed.png,fundus_masks/6af071b0ac6e_fundus_mask.png,55.194096535816705,23.800612253167664,6.0,163.0,0.1634042359273647,123.88947222783945,14.034886081496348,1.0,240.0,0.0014253986942681927,9.36341468066619,10.839223957971658,2.2872862815856934,1.0,True,True,False
6b30767595d8.png,preprocessed_green_images/6b30767595d8_green_preprocessed.png,preprocessed_images/6b30767595d8_preprocessed.png,fundus_masks/6b30767595d8_fundus_mask.png,89.03441248000671,20.74181173656058,0.0,255.0,1.8275707320639163e-05,123.55166847054667,15.135538274584498,5.0,233.0,1.624507317390148e-05,20.06658094752975,12.0,1.4089947938919067,1.0,True,True,False
6b3860e8f64f.png,preprocessed_green_images/6b3860e8f64f_green_preprocessed.png,preprocessed_images/6b3860e8f64f_preprocessed.png,fundus_masks/6b3860e8f64f_fundus_mask.png,97.00884125796883,11.163512065639484,0.0,201.0,0.0010096355354657638,122.78552770824312,8.18309793595338,2.0,193.0,0.0008521694427784429,19.35942999970467,11.743771999881869,1.2451176643371582,1.0,False,True,False
6b664ed2a938.png,preprocessed_green_images/6b664ed2a938_green_preprocessed.png,preprocessed_images/6b664ed2a938_preprocessed.png,fundus_masks/6b664ed2a938_fundus_mask.png,89.05561260383689,24.820568346263023,0.0,255.0,2.5029087858863004e-05,123.44112549719945,17.592423133737228,3.0,234.0,0.0007163730822307005,19.68676409243473,11.958651183299501,1.442214846611023,1.0,True,True,False
6b66b0e86f7e.png,preprocessed_green_images/6b66b0e86f7e_green_preprocessed.png,preprocessed_images/6b66b0e86f7e_preprocessed.png,fundus_masks/6b66b0e86f7e_fundus_mask.png,96.25200169489956,15.078545036609901,0.0,227.0,0.0006807383464078317,123.02624315788499,9.794485252157735,1.0,211.0,0.0004816108029007789,18.98153090677708,11.592612362710833,1.2485555410385132,1.0,False,True,False
6b91e99c9408.png,preprocessed_green_images/6b91e99c9408_green_preprocessed.png,preprocessed_images/6b91e99c9408_preprocessed.png,fundus_masks/6b91e99c9408_fundus_mask.png,85.96845322533488,18.381016557813737,0.0,247.0,2.774860038766825e-05,121.31550090961265,9.887221816653286,1.0,217.0,3.5193346833140224e-05,20.91481115348405,12.0,1.3997271060943604,1.0,True,True,False
6bb30ec3231a.png,preprocessed_green_images/6bb30ec3231a_green_preprocessed.png,preprocessed_images/6bb30ec3231a_preprocessed.png,fundus_masks/6bb30ec3231a_fundus_mask.png,85.89444186259432,14.65167267051513,0.0,219.0,0.0007150630286917592,126.79189927462245,13.047818691186563,1.0,237.0,0.0005539710335731942,21.23965622606396,12.0,1.3990745544433594,1.0,True,True,False
6bcce181be65.png,preprocessed_green_images/6bcce181be65_green_preprocessed.png,preprocessed_images/6bcce181be65_preprocessed.png,fundus_masks/6bcce181be65_fundus_mask.png,66.67844148648418,29.08985764276172,5.0,255.0,0.09525629591880069,126.38091206729511,20.076237261475285,1.0,252.0,0.0005258919425019517,10.19826064586573,10.15233168176992,1.7419378757476807,1.0,True,True,False
6bf26b777e3a.png,preprocessed_green_images/6bf26b777e3a_green_preprocessed.png,preprocessed_images/6bf26b777e3a_preprocessed.png,fundus_masks/6bf26b777e3a_fundus_mask.png,37.709232343478774,10.46048659406549,8.0,136.0,0.20633588241798553,116.24300149891091,14.968972732860268,12.0,238.0,0.0003973254795549604,8.810928897187944,12.0,2.8,1.0,True,True,False
6bf2a81a5d91.png,preprocessed_green_images/6bf2a81a5d91_green_preprocessed.png,preprocessed_images/6bf2a81a5d91_preprocessed.png,fundus_masks/6bf2a81a5d91_fundus_mask.png,89.98308232694316,18.780150480451756,0.0,209.0,6.448922385069454e-05,121.542672519422,14.493667176851162,7.0,225.0,4.729209749050934e-05,15.394246668916947,10.159202460727386,1.3591971397399902,1.0,True,True,False
6c00dd8bf708.png,preprocessed_green_images/6c00dd8bf708_green_preprocessed.png,preprocessed_images/6c00dd8bf708_preprocessed.png,fundus_masks/6c00dd8bf708_fundus_mask.png,72.21899423937958,19.47705653572451,0.0,234.0,0.0009740516363602549,124.95434975660332,14.019997328857524,4.0,243.0,0.00023944467433199585,19.9462190799211,12.0,1.7030742168426514,1.0,True,True,False
6c30dd481717.png,preprocessed_green_images/6c30dd481717_green_preprocessed.png,preprocessed_images/6c30dd481717_preprocessed.png,fundus_masks/6c30dd481717_fundus_mask.png,80.57286574748817,13.073119272467093,0.0,168.0,4.729169084991767e-05,121.63754358359236,16.39350506494317,2.0,222.0,6.0189424718077035e-05,16.7271918485278,11.528844228523283,1.4768760204315186,1.0,True,True,False
6c3589d7ed8d.png,preprocessed_green_images/6c3589d7ed8d_green_preprocessed.png,preprocessed_images/6c3589d7ed8d_preprocessed.png,fundus_masks/6c3589d7ed8d_fundus_mask.png,91.80631086196435,28.798049131235775,0.0,255.0,0.004974716097899269,124.76747363250209,24.034171435015967,1.0,255.0,0.00576646343225359,25.07974075565291,12.0,1.3396739959716797,1.0,False,True,False
6c4ec95dd8ba.png,preprocessed_green_images/6c4ec95dd8ba_green_preprocessed.png,preprocessed_images/6c4ec95dd8ba_preprocessed.png,fundus_masks/6c4ec95dd8ba_fundus_mask.png,41.34987265544823,11.197895653651207,13.0,152.0,0.09888506866204948,115.46293403514916,14.162997246167741,5.0,244.0,0.0005555895667652114,8.851124125250456,11.86490541406034,2.8,1.0,True,True,False
6c6505a0c637.png,preprocessed_green_images/6c6505a0c637_green_preprocessed.png,preprocessed_images/6c6505a0c637_preprocessed.png,fundus_masks/6c6505a0c637_fundus_mask.png,34.9741407424116,12.389644366928469,0.0,241.0,0.2854539722743863,106.5700681862035,21.54295808742346,11.0,255.0,0.0034983136891480935,28.024703866465906,12.0,2.8,1.0,True,True,False
6c9c902a97de.png,preprocessed_green_images/6c9c902a97de_green_preprocessed.png,preprocessed_images/6c9c902a97de_preprocessed.png,fundus_masks/6c9c902a97de_fundus_mask.png,70.95477578039865,18.20287322211131,0.0,255.0,0.0009827306887604684,126.76160349084549,18.655106890313135,1.0,255.0,0.0011920697703899173,20.27839202857282,12.0,1.7089406251907349,1.0,True,True,False
6cb96a6fb029.png,preprocessed_green_images/6cb96a6fb029_green_preprocessed.png,preprocessed_images/6cb96a6fb029_preprocessed.png,fundus_masks/6cb96a6fb029_fundus_mask.png,28.467053285407868,15.205389358031868,0.0,247.0,0.6136911804472817,81.05857246683327,18.603647379801625,1.0,255.0,0.008294320668776858,29.399303570777775,12.0,2.8,1.0,True,True,False
6ccfdb031184.png,preprocessed_green_images/6ccfdb031184_green_preprocessed.png,preprocessed_images/6ccfdb031184_preprocessed.png,fundus_masks/6ccfdb031184_fundus_mask.png,75.06985251999114,54.529528073461556,0.0,251.0,0.1710136736600653,122.11691730376096,21.475053420807555,1.0,255.0,0.000534624578983144,10.323097408423854,9.456363183814773,2.1194000244140625,1.0,True,True,False
6cee2e148520.png,preprocessed_green_images/6cee2e148520_green_preprocessed.png,preprocessed_images/6cee2e148520_preprocessed.png,fundus_masks/6cee2e148520_fundus_mask.png,76.11080805435179,33.78909709103195,6.0,255.0,0.09387907360667969,124.3921855405813,15.299829924320019,8.0,238.0,0.0005549867454005746,9.858135373682048,9.177848989085993,1.5871726274490356,1.0,True,True,False
6cffc6c6851a.png,preprocessed_green_images/6cffc6c6851a_green_preprocessed.png,preprocessed_images/6cffc6c6851a_preprocessed.png,fundus_masks/6cffc6c6851a_fundus_mask.png,82.3324815555699,15.893848968811954,0.0,255.0,3.441526316921555e-05,122.46156030199394,15.585360780526537,7.0,255.0,3.871717106536749e-05,12.189531969639411,9.557369982916217,1.5006968975067139,1.0,True,True,False
6d10709053ae.png,preprocessed_green_images/6d10709053ae_green_preprocessed.png,preprocessed_images/6d10709053ae_preprocessed.png,fundus_masks/6d10709053ae_fundus_mask.png,44.05450882833648,12.81092166357575,0.0,143.0,0.09048782591868092,124.42562304297242,20.771814691422268,1.0,255.0,0.0016075895948501177,20.7375221494743,12.0,2.751939296722412,1.0,True,True,False
6d4f6c9a8406.png,preprocessed_green_images/6d4f6c9a8406_green_preprocessed.png,preprocessed_images/6d4f6c9a8406_preprocessed.png,fundus_masks/6d4f6c9a8406_fundus_mask.png,74.12356303198514,10.6229185023607,0.0,154.0,0.0009510284080641648,125.19891900157076,11.804423634757063,1.0,200.0,0.0006568003743877972,19.65516465765481,12.0,1.6237497329711914,1.0,True,True,False
6d5a8362dd1e.png,preprocessed_green_images/6d5a8362dd1e_green_preprocessed.png,preprocessed_images/6d5a8362dd1e_preprocessed.png,fundus_masks/6d5a8362dd1e_fundus_mask.png,40.49528183963299,12.02334040468313,4.0,141.0,0.22005574512504275,118.86817396338628,13.975789625897832,1.0,255.0,0.0006013105148200454,8.900789201880226,11.960735072784715,2.8,1.0,True,True,False
6d6be4cfc73f.png,preprocessed_green_images/6d6be4cfc73f_green_preprocessed.png,preprocessed_images/6d6be4cfc73f_preprocessed.png,fundus_masks/6d6be4cfc73f_fundus_mask.png,73.61018588934084,21.515965326250225,0.0,239.0,0.0016860974866682015,125.3571480068002,16.960132838521048,4.0,254.0,0.0004104775260647415,20.812667845471182,12.0,1.6615781784057617,1.0,True,True,False
6d6fcf49e515.png,preprocessed_green_images/6d6fcf49e515_green_preprocessed.png,preprocessed_images/6d6fcf49e515_preprocessed.png,fundus_masks/6d6fcf49e515_fundus_mask.png,82.24169402136744,14.658254129827354,0.0,226.0,0.0006374699988504639,125.82582438572392,12.200176733718994,4.0,246.0,0.00039246786814473006,19.526241886393162,12.0,1.4945135116577148,1.0,True,True,False
6d9effbcde78.png,preprocessed_green_images/6d9effbcde78_green_preprocessed.png,preprocessed_images/6d9effbcde78_preprocessed.png,fundus_masks/6d9effbcde78_fundus_mask.png,48.13850280098689,13.637135285508018,11.0,215.0,0.03987167304026823,124.36403359649786,13.13554586078828,19.0,253.0,0.0002286385702088108,6.421075579537314,10.289452205060535,2.474541664123535,1.0,True,True,False
6dc0281f11e3.png,preprocessed_green_images/6dc0281f11e3_green_preprocessed.png,preprocessed_images/6dc0281f11e3_preprocessed.png,fundus_masks/6dc0281f11e3_fundus_mask.png,80.24476525674645,15.473690438195362,0.0,198.0,0.0008880109250848016,126.20714188003274,14.553187830016666,1.0,219.0,0.0006144200917688574,19.419017794553252,12.0,1.5095242261886597,1.0,True,True,False
6dc07f968794.png,preprocessed_green_images/6dc07f968794_green_preprocessed.png,preprocessed_images/6dc07f968794_preprocessed.png,fundus_masks/6dc07f968794_fundus_mask.png,62.82002829437739,11.685142239312922,0.0,113.0,0.0023474368793225107,125.04984074274479,11.918873702574992,1.0,179.0,0.0006465299993395661,20.924992015416027,12.0,1.8858157396316528,1.0,True,True,False
6de39b94f634.png,preprocessed_green_images/6de39b94f634_green_preprocessed.png,preprocessed_images/6de39b94f634_preprocessed.png,fundus_masks/6de39b94f634_fundus_mask.png,88.11616362460808,18.124168153394073,0.0,255.0,2.231834892912504e-05,126.31484697728398,14.916274609937522,2.0,241.0,9.603653175562896e-05,20.4216619926333,12.0,1.4289547204971313,1.0,True,True,False
6df8b7b6e837.png,preprocessed_green_images/6df8b7b6e837_green_preprocessed.png,preprocessed_images/6df8b7b6e837_preprocessed.png,fundus_masks/6df8b7b6e837_fundus_mask.png,48.966990027512885,15.51892843370395,12.0,255.0,0.09623123109284819,125.48006292545892,14.763299938804384,1.0,255.0,0.0006725712497624606,9.306061248546783,11.36980316363979,2.3921639919281006,1.0,True,True,False
6e018411ba4a.png,preprocessed_green_images/6e018411ba4a_green_preprocessed.png,preprocessed_images/6e018411ba4a_preprocessed.png,fundus_masks/6e018411ba4a_fundus_mask.png,86.42362012044576,22.99949153549777,13.0,186.0,0.0004188656015387615,127.48616998670234,17.136237252781093,21.0,229.0,3.943295411975788e-06,10.601627614884459,8.558551479691939,1.4570895433425903,1.0,True,True,False
6e092caa065f.png,preprocessed_green_images/6e092caa065f_green_preprocessed.png,preprocessed_images/6e092caa065f_preprocessed.png,fundus_masks/6e092caa065f_fundus_mask.png,84.71543345574474,13.254459791653565,0.0,200.0,0.0007416532145452102,123.86523929325084,10.334288959507743,1.0,210.0,0.00046005675964757567,20.601661138640676,12.0,1.444405198097229,1.0,True,True,False
6e0f78e188ff.png,preprocessed_green_images/6e0f78e188ff_green_preprocessed.png,preprocessed_images/6e0f78e188ff_preprocessed.png,fundus_masks/6e0f78e188ff_fundus_mask.png,62.744497993818214,29.148382253044595,5.0,255.0,0.09458883004371418,124.8433297533719,17.36568564621142,1.0,254.0,0.0005820747200441035,9.531422390976504,10.235280245828982,1.9348338842391968,1.0,True,True,False
6e1db8711879.png,preprocessed_green_images/6e1db8711879_green_preprocessed.png,preprocessed_images/6e1db8711879_preprocessed.png,fundus_masks/6e1db8711879_fundus_mask.png,63.690514416653855,12.323763755723757,0.0,247.0,0.0022880568039387894,125.08064875450214,15.844870800436896,7.0,227.0,0.00020043350516894988,21.590825827837286,12.0,1.907309651374817,1.0,True,True,False
6e3526053de0.png,preprocessed_green_images/6e3526053de0_green_preprocessed.png,preprocessed_images/6e3526053de0_preprocessed.png,fundus_masks/6e3526053de0_fundus_mask.png,36.209626368365704,19.114444721245988,0.0,203.0,0.43070130095005765,98.418185799808,28.814528297301376,1.0,255.0,0.014478766936668764,8.658789909949054,12.0,2.8,1.0,True,True,False
6e44f6d04fc9.png,preprocessed_green_images/6e44f6d04fc9_green_preprocessed.png,preprocessed_images/6e44f6d04fc9_preprocessed.png,fundus_masks/6e44f6d04fc9_fundus_mask.png,81.48617586443518,15.155035551069519,0.0,230.0,0.0011907282883020492,126.80530840325535,14.259925043526911,1.0,246.0,0.0009037500419474252,21.32324811444275,12.0,1.5065068006515503,1.0,True,True,False
6e861bc3bd7b.png,preprocessed_green_images/6e861bc3bd7b_green_preprocessed.png,preprocessed_images/6e861bc3bd7b_preprocessed.png,fundus_masks/6e861bc3bd7b_fundus_mask.png,89.73102846482517,18.689636125183785,0.0,251.0,3.4388191095177913e-05,121.95354155383042,17.48786687961144,6.0,255.0,3.4388191095177913e-05,11.92071435295721,8.792194322087314,1.3926291465759277,1.0,True,True,False
6f0e5848d9ce.png,preprocessed_green_images/6f0e5848d9ce_green_preprocessed.png,preprocessed_images/6f0e5848d9ce_preprocessed.png,fundus_masks/6f0e5848d9ce_fundus_mask.png,81.2367276609076,15.421414490887257,0.0,217.0,0.0005047399139041343,126.0167910144692,13.838313304707963,5.0,242.0,0.00025295011777264656,19.971584609839564,12.0,1.516191005706787,1.0,True,True,False
6f3b62e5b7f5.png,preprocessed_green_images/6f3b62e5b7f5_green_preprocessed.png,preprocessed_images/6f3b62e5b7f5_preprocessed.png,fundus_masks/6f3b62e5b7f5_fundus_mask.png,39.86513032276461,14.807064065143612,0.0,161.0,0.22015102063677144,107.90188495750954,21.97325400961819,12.0,255.0,0.001815200843190069,9.327866682763652,12.0,2.8,1.0,True,True,False
6f460f9968c7.png,preprocessed_green_images/6f460f9968c7_green_preprocessed.png,preprocessed_images/6f460f9968c7_preprocessed.png,fundus_masks/6f460f9968c7_fundus_mask.png,77.57416775741457,14.43484798471358,0.0,182.0,0.0006067890629177487,127.46094928777843,14.855279772662248,1.0,218.0,0.0002894453575986962,19.207563207993783,12.0,1.5458840131759644,1.0,True,True,False
6f689fced922.png,preprocessed_green_images/6f689fced922_green_preprocessed.png,preprocessed_images/6f689fced922_preprocessed.png,fundus_masks/6f689fced922_fundus_mask.png,83.49725185153385,16.951096223902294,0.0,231.0,0.0007727535902294243,127.15226378512345,16.75940635552503,1.0,239.0,0.0005929085354463,20.650143505141166,12.0,1.4774701595306396,1.0,True,True,False
6fbaaf8eb67a.png,preprocessed_green_images/6fbaaf8eb67a_green_preprocessed.png,preprocessed_images/6fbaaf8eb67a_preprocessed.png,fundus_masks/6fbaaf8eb67a_fundus_mask.png,47.199642590758785,17.10710899575045,0.0,229.0,0.07178223492784355,121.71374676384261,22.182545960613936,1.0,255.0,0.0012142749861898494,6.920944815656952,10.572854140417554,2.69818377494812,1.0,True,True,False
6fe4751a3b42.png,preprocessed_green_images/6fe4751a3b42_green_preprocessed.png,preprocessed_images/6fe4751a3b42_preprocessed.png,fundus_masks/6fe4751a3b42_fundus_mask.png,79.39383822137577,14.324593926849266,0.0,184.0,0.0010033503074502244,127.57646655789297,15.263237188574632,2.0,226.0,0.00046451403122695577,21.506994020283308,12.0,1.5144734382629395,1.0,True,True,False
6fe67fd7f5d1.png,preprocessed_green_images/6fe67fd7f5d1_green_preprocessed.png,preprocessed_images/6fe67fd7f5d1_preprocessed.png,fundus_masks/6fe67fd7f5d1_fundus_mask.png,82.48228195525026,22.212390806583397,0.0,242.0,0.0013752325504281023,124.68097513528356,18.204911900399555,1.0,230.0,0.0010215348386428712,25.932010551007128,12.0,1.4761617183685303,1.0,True,True,False
705f508d1e42.png,preprocessed_green_images/705f508d1e42_green_preprocessed.png,preprocessed_images/705f508d1e42_preprocessed.png,fundus_masks/705f508d1e42_fundus_mask.png,79.37875297541562,18.96740725980464,0.0,222.0,0.0014679491947781455,127.26508047569457,16.914154035924216,6.0,237.0,0.00036146650797783315,22.39477654206227,12.0,1.569455623626709,1.0,True,True,False
70d0392397de.png,preprocessed_green_images/70d0392397de_green_preprocessed.png,preprocessed_images/70d0392397de_preprocessed.png,fundus_masks/70d0392397de_fundus_mask.png,35.87100168082417,8.650249575054618,15.0,75.0,0.25990889941774425,105.40864823741609,10.381552363091615,44.0,160.0,0.0,5.591301068983927,8.811466517260072,2.8,1.0,True,False,False
7131bf4c9e6f.png,preprocessed_green_images/7131bf4c9e6f_green_preprocessed.png,preprocessed_images/7131bf4c9e6f_preprocessed.png,fundus_masks/7131bf4c9e6f_fundus_mask.png,41.281678522509125,16.055808404587896,0.0,241.0,0.1326513465758935,106.40574987142733,19.776588447497893,1.0,255.0,0.0022022842652517733,8.193963322612506,11.608102793710858,2.8,1.0,True,True,False
7179f85bfd6f.png,preprocessed_green_images/7179f85bfd6f_green_preprocessed.png,preprocessed_images/7179f85bfd6f_preprocessed.png,fundus_masks/7179f85bfd6f_fundus_mask.png,44.96635337484535,26.801644874664056,0.0,247.0,0.13787046418443147,118.26306584728806,32.43119901017393,1.0,255.0,0.01812289660860755,8.567787185788559,11.430105685440282,2.8,1.0,True,True,False
71c22da3d6c6.png,preprocessed_green_images/71c22da3d6c6_green_preprocessed.png,preprocessed_images/71c22da3d6c6_preprocessed.png,fundus_masks/71c22da3d6c6_fundus_mask.png,75.33274487244265,17.879672985005474,0.0,255.0,0.0014109533539903398,126.09877282230578,15.368507828445882,2.0,255.0,0.00022185651970701412,21.781706408232612,12.0,1.5962685346603394,1.0,True,True,False
71e43b4f8ba6.png,preprocessed_green_images/71e43b4f8ba6_green_preprocessed.png,preprocessed_images/71e43b4f8ba6_preprocessed.png,fundus_masks/71e43b4f8ba6_fundus_mask.png,78.12873225136813,15.116616895259577,0.0,175.0,0.0007422973580486989,126.63607216663705,13.045866829182557,3.0,208.0,0.0004356205152867951,20.15632047411273,12.0,1.5661671161651611,1.0,True,True,False
720b5f62ce80.png,preprocessed_green_images/720b5f62ce80_green_preprocessed.png,preprocessed_images/720b5f62ce80_preprocessed.png,fundus_masks/720b5f62ce80_fundus_mask.png,28.677466523951438,15.62690774272282,0.0,239.0,0.6134395909796005,87.8377270788565,17.927353547677516,1.0,255.0,0.0070042298403418645,29.263131723784955,12.0,2.8,1.0,True,True,False
721214151233.png,preprocessed_green_images/721214151233_green_preprocessed.png,preprocessed_images/721214151233_preprocessed.png,fundus_masks/721214151233_fundus_mask.png,63.59136816278067,14.408118070922427,0.0,199.0,0.002317917654207038,126.34715541991531,15.766113284300271,2.0,255.0,0.0005762906824116548,19.883894896942127,12.0,1.9174124002456665,1.0,True,True,False
7214fc7cbe03.png,preprocessed_green_images/7214fc7cbe03_green_preprocessed.png,preprocessed_images/7214fc7cbe03_preprocessed.png,fundus_masks/7214fc7cbe03_fundus_mask.png,31.167481499890677,15.384440395258357,0.0,232.0,0.4660180594203548,100.73065144558204,22.1979816527249,1.0,255.0,0.009632007735483407,27.331054993572337,12.0,2.8,1.0,True,True,False
72606afaf3da.png,preprocessed_green_images/72606afaf3da_green_preprocessed.png,preprocessed_images/72606afaf3da_preprocessed.png,fundus_masks/72606afaf3da_fundus_mask.png,37.45466151741196,16.929246402836768,0.0,246.0,0.3499131470073347,106.70613245861092,22.553536625256093,1.0,255.0,0.004509439923629031,25.536416298193114,12.0,2.8,1.0,True,True,False
7269a1d84a57.png,preprocessed_green_images/7269a1d84a57_green_preprocessed.png,preprocessed_images/7269a1d84a57_preprocessed.png,fundus_masks/7269a1d84a57_fundus_mask.png,27.830882293016472,15.66527508003679,0.0,244.0,0.5937806464932941,90.35882170770071,21.477849046305433,1.0,255.0,0.013718762649106651,27.299558248710824,12.0,2.8,1.0,True,True,False
726dff37edc0.png,preprocessed_green_images/726dff37edc0_green_preprocessed.png,preprocessed_images/726dff37edc0_preprocessed.png,fundus_masks/726dff37edc0_fundus_mask.png,38.487554107042826,16.38146673599954,0.0,241.0,0.1799154657025004,102.34203035086826,25.013585065094606,1.0,255.0,0.009296226511177879,9.170879777838417,12.0,2.8,1.0,True,True,False
72a867980067.png,preprocessed_green_images/72a867980067_green_preprocessed.png,preprocessed_images/72a867980067_preprocessed.png,fundus_masks/72a867980067_fundus_mask.png,36.960291125411594,14.107272736844939,0.0,134.0,0.2830374627880504,97.97139677551613,18.739885742974725,2.0,255.0,0.0009142234321322798,9.566780188219337,12.0,2.8,1.0,True,True,False
72c31aa48e2c.png,preprocessed_green_images/72c31aa48e2c_green_preprocessed.png,preprocessed_images/72c31aa48e2c_preprocessed.png,fundus_masks/72c31aa48e2c_fundus_mask.png,75.49184631496998,15.130069521756456,0.0,146.0,0.001336935567583599,128.38139852265144,16.34235439548886,5.0,185.0,0.0004634092088677986,20.842869576039956,12.0,1.6396734714508057,1.0,True,True,False
7347bd23ba80.png,preprocessed_green_images/7347bd23ba80_green_preprocessed.png,preprocessed_images/7347bd23ba80_preprocessed.png,fundus_masks/7347bd23ba80_fundus_mask.png,99.82971721675423,14.246175242724991,0.0,198.0,0.0010568526604010952,124.7730611263228,11.508842353201711,3.0,194.0,0.0008915026270998298,21.577043445347776,12.0,1.225980520248413,1.0,False,True,False
735836b1ffa6.png,preprocessed_green_images/735836b1ffa6_green_preprocessed.png,preprocessed_images/735836b1ffa6_preprocessed.png,fundus_masks/735836b1ffa6_fundus_mask.png,74.19345542215072,19.478045822685054,1.0,190.0,0.001206610240967502,122.35235209728519,13.412212009830947,1.0,209.0,2.3059918604252307e-05,10.82187010121804,9.73377422518493,1.5609601736068726,1.0,True,True,False
737ef6226677.png,preprocessed_green_images/737ef6226677_green_preprocessed.png,preprocessed_images/737ef6226677_preprocessed.png,fundus_masks/737ef6226677_fundus_mask.png,93.52327509893922,12.783798485766352,0.0,180.0,0.0019643576423553364,125.18708717616087,12.364276147605246,1.0,197.0,0.001773923440834402,23.442780828687283,12.0,1.3065894842147827,1.0,False,True,False
73a07e2ea23e.png,preprocessed_green_images/73a07e2ea23e_green_preprocessed.png,preprocessed_images/73a07e2ea23e_preprocessed.png,fundus_masks/73a07e2ea23e_fundus_mask.png,67.69187915885762,16.031158661038326,0.0,228.0,9.026977767843326e-05,122.85887824756271,16.100492513140132,3.0,255.0,6.447841262745232e-05,13.051837545257742,11.203679092871308,1.8256655931472778,1.0,True,True,False
73ba798fee25.png,preprocessed_green_images/73ba798fee25_green_preprocessed.png,preprocessed_images/73ba798fee25_preprocessed.png,fundus_masks/73ba798fee25_fundus_mask.png,97.662501475172,12.542483221682636,0.0,244.0,0.0008700622233329399,123.26945433677425,10.244819200860816,3.0,230.0,0.0006675876367860456,19.305990841397485,11.722396336558994,1.2473634481430054,1.0,False,True,False
73d40ce06a67.png,preprocessed_green_images/73d40ce06a67_green_preprocessed.png,preprocessed_images/73d40ce06a67_preprocessed.png,fundus_masks/73d40ce06a67_fundus_mask.png,81.29254212304323,17.34524862248104,0.0,177.0,0.0008916344461520219,126.19545278057423,12.661419802402143,5.0,208.0,0.0004452359750667854,20.913570715211666,12.0,1.4739090204238892,1.0,True,True,False
73ef3c3dcbe4.png,preprocessed_green_images/73ef3c3dcbe4_green_preprocessed.png,preprocessed_images/73ef3c3dcbe4_preprocessed.png,fundus_masks/73ef3c3dcbe4_fundus_mask.png,62.065346696565314,21.77733913550024,6.0,218.0,0.09440539525176724,123.88318867921159,14.791668454022943,25.0,232.0,2.6593628127008788e-05,9.368402370239998,10.230441241734638,1.8808320760726929,1.0,True,True,False
74211a2b6dcf.png,preprocessed_green_images/74211a2b6dcf_green_preprocessed.png,preprocessed_images/74211a2b6dcf_preprocessed.png,fundus_masks/74211a2b6dcf_fundus_mask.png,53.45238739794262,21.965127508862594,11.0,255.0,0.13169766793942242,124.4283215077892,17.364074677075834,1.0,255.0,0.0015059128451296872,9.46325912693464,11.033980326512289,2.16812801361084,1.0,True,True,False
7435e9a3e36e.png,preprocessed_green_images/7435e9a3e36e_green_preprocessed.png,preprocessed_images/7435e9a3e36e_preprocessed.png,fundus_masks/7435e9a3e36e_fundus_mask.png,59.9614756122197,25.083273456729327,3.0,239.0,0.08018593603653423,124.59641207931257,17.328443646852307,3.0,252.0,0.0008890729929539383,10.763307082212224,10.975413889576473,1.9813122749328613,1.0,True,True,False
74898f372d2b.png,preprocessed_green_images/74898f372d2b_green_preprocessed.png,preprocessed_images/74898f372d2b_preprocessed.png,fundus_masks/74898f372d2b_fundus_mask.png,43.19758023461324,16.676524282793213,5.0,242.0,0.11239643505365182,124.48126279521405,17.067038724870166,1.0,255.0,0.0007516118372414039,9.029503318548585,11.772016417676035,2.8,1.0,True,True,False
750e0168399d.png,preprocessed_green_images/750e0168399d_green_preprocessed.png,preprocessed_images/750e0168399d_preprocessed.png,fundus_masks/750e0168399d_fundus_mask.png,95.75441997392777,23.384830272929488,0.0,255.0,2.366515029398878e-05,123.99221010867036,14.899949664904073,1.0,231.0,3.110276895781383e-05,19.749941038964838,11.899976415585936,1.3337363004684448,1.0,False,True,False
75238d945315.png,preprocessed_green_images/75238d945315_green_preprocessed.png,preprocessed_images/75238d945315_preprocessed.png,fundus_masks/75238d945315_fundus_mask.png,78.1731892100005,15.487628155464037,0.0,247.0,0.0005717155060146094,124.92023351041438,13.576698757216404,1.0,244.0,0.0004464715412081636,21.89113133623614,12.0,1.557220220565796,1.0,True,True,False
7526c59c36d3.png,preprocessed_green_images/7526c59c36d3_green_preprocessed.png,preprocessed_images/7526c59c36d3_preprocessed.png,fundus_masks/7526c59c36d3_fundus_mask.png,67.30963271011626,23.518919620920464,0.0,255.0,0.005386716719405786,127.72835690021898,21.847355445324894,6.0,255.0,0.0016443906393004712,26.562733222144622,12.0,1.8871430158615112,1.0,True,True,False
7526cf435753.png,preprocessed_green_images/7526cf435753_green_preprocessed.png,preprocessed_images/7526cf435753_preprocessed.png,fundus_masks/7526cf435753_fundus_mask.png,36.5174439329436,15.841764995372744,0.0,239.0,0.3576324526918298,97.30140498645429,21.992981481709837,1.0,255.0,0.005285885971523435,9.382604848767222,12.0,2.8,1.0,True,True,False
75369248dba0.png,preprocessed_green_images/75369248dba0_green_preprocessed.png,preprocessed_images/75369248dba0_preprocessed.png,fundus_masks/75369248dba0_fundus_mask.png,90.71728188503496,14.4637599536725,0.0,206.0,0.0010140834611573547,125.28202078755068,12.54355896413584,2.0,222.0,0.0007216932641188497,23.349064312964824,12.0,1.3422491550445557,1.0,False,True,False
7569ac24762e.png,preprocessed_green_images/7569ac24762e_green_preprocessed.png,preprocessed_images/7569ac24762e_preprocessed.png,fundus_masks/7569ac24762e_fundus_mask.png,49.093444653860196,16.60579150812352,0.0,243.0,0.04280222695329938,124.50249195694268,14.949677390922487,26.0,255.0,6.445301104114002e-05,25.551418491389114,12.0,2.639657735824585,1.0,True,True,False
757e39293591.png,preprocessed_green_images/757e39293591_green_preprocessed.png,preprocessed_images/757e39293591_preprocessed.png,fundus_masks/757e39293591_fundus_mask.png,67.32416640698037,15.344944929765404,0.0,208.0,0.0010999846513769576,123.90349553262047,12.825157045862474,6.0,238.0,0.00018720669013920735,25.765073477520193,12.0,1.7419259548187256,1.0,True,True,False
75a071608ea6.png,preprocessed_green_images/75a071608ea6_green_preprocessed.png,preprocessed_images/75a071608ea6_preprocessed.png,fundus_masks/75a071608ea6_fundus_mask.png,88.71944114184302,14.74096542137366,0.0,219.0,0.0007319209154231164,127.98170661686666,14.474027314107921,2.0,238.0,0.0005335715072815111,21.183892470497266,12.0,1.386081337928772,1.0,True,True,False
75a4343b12f9.png,preprocessed_green_images/75a4343b12f9_green_preprocessed.png,preprocessed_images/75a4343b12f9_preprocessed.png,fundus_masks/75a4343b12f9_fundus_mask.png,50.4451214345131,7.5233076571073445,0.0,153.0,7.090477373594947e-05,121.6652421340377,5.3503374044434295,20.0,160.0,3.1705386629896104e-06,11.6774221420675,12.0,2.3683903217315674,1.0,True,True,False
75c180e04f65.png,preprocessed_green_images/75c180e04f65_green_preprocessed.png,preprocessed_images/75c180e04f65_preprocessed.png,fundus_masks/75c180e04f65_fundus_mask.png,88.53945770942939,14.290405748828901,0.0,178.0,0.000787356834987865,124.79946520033535,12.535696115471785,1.0,201.0,0.0006702389552621296,20.436295738232474,12.0,1.3658957481384277,1.0,True,True,False
75ed83dbccce.png,preprocessed_green_images/75ed83dbccce_green_preprocessed.png,preprocessed_images/75ed83dbccce_preprocessed.png,fundus_masks/75ed83dbccce_fundus_mask.png,89.14523883779249,23.259477168185327,0.0,255.0,0.0008567807997625593,125.78239738629684,18.02189807854671,1.0,242.0,0.0008092462763657191,21.387933927009545,12.0,1.4065818786621094,1.0,True,True,False
76095c338728.png,preprocessed_green_images/76095c338728_green_preprocessed.png,preprocessed_images/76095c338728_preprocessed.png,fundus_masks/76095c338728_fundus_mask.png,76.9792718167848,20.34037487931368,0.0,255.0,0.0014448817707764234,126.60434650194472,17.566620092910163,3.0,254.0,0.0007102355285152009,20.375569319936314,12.0,1.6014188528060913,1.0,True,True,False
7635921c5efb.png,preprocessed_green_images/7635921c5efb_green_preprocessed.png,preprocessed_images/7635921c5efb_preprocessed.png,fundus_masks/7635921c5efb_fundus_mask.png,86.17702579125887,25.63401025133007,0.0,255.0,2.1660244178640157e-05,122.97879597471437,11.028228943772586,1.0,228.0,3.6551662051455267e-05,21.006115061687364,12.0,1.3895207643508911,1.0,True,True,False
763ad1236efe.png,preprocessed_green_images/763ad1236efe_green_preprocessed.png,preprocessed_images/763ad1236efe_preprocessed.png,fundus_masks/763ad1236efe_fundus_mask.png,82.95399436679944,15.82416257297201,0.0,248.0,0.0006135168926298959,125.95434760379823,14.897357399241303,2.0,240.0,0.0004717573075904124,19.53943800603076,12.0,1.4710599184036255,1.0,True,True,False
76516f828d88.png,preprocessed_green_images/76516f828d88_green_preprocessed.png,preprocessed_images/76516f828d88_preprocessed.png,fundus_masks/76516f828d88_fundus_mask.png,83.26337371249389,18.872390422437498,0.0,253.0,0.0011584945832550566,124.6718143718269,13.795068909623298,1.0,241.0,0.0005972219323086629,23.083070524748678,12.0,1.4712224006652832,1.0,True,True,False
767d777ee889.png,preprocessed_green_images/767d777ee889_green_preprocessed.png,preprocessed_images/767d777ee889_preprocessed.png,fundus_masks/767d777ee889_fundus_mask.png,101.3480911208283,10.080986141439974,0.0,233.0,1.9572364091865928e-05,123.29880655822677,8.666681359843958,1.0,197.0,2.2272000518330194e-05,20.51270441416986,12.0,1.1891645193099976,1.0,False,True,False
76b950c6ed5e.png,preprocessed_green_images/76b950c6ed5e_green_preprocessed.png,preprocessed_images/76b950c6ed5e_preprocessed.png,fundus_masks/76b950c6ed5e_fundus_mask.png,56.336012571113656,13.47478436649864,0.0,241.0,0.008718806637883818,125.32847382970095,15.49457790540025,5.0,255.0,0.0009789869854309676,22.88377203411812,12.0,2.2128865718841553,1.0,True,True,False
76bc31e0d3be.png,preprocessed_green_images/76bc31e0d3be_green_preprocessed.png,preprocessed_images/76bc31e0d3be_preprocessed.png,fundus_masks/76bc31e0d3be_fundus_mask.png,96.35794606172666,20.22499179774,0.0,255.0,1.8266730803188155e-05,123.29760496097347,13.03639484746844,1.0,228.0,3.315073367985998e-05,19.658494476443288,11.863397790577315,1.280361294746399,1.0,False,True,False
76cab26493f1.png,preprocessed_green_images/76cab26493f1_green_preprocessed.png,preprocessed_images/76cab26493f1_preprocessed.png,fundus_masks/76cab26493f1_fundus_mask.png,34.37178752378551,18.62638431395429,0.0,208.0,0.54290561452578,86.10701503677042,22.610203236460958,1.0,255.0,0.00809280359476375,7.11030190251089,11.788850758890089,2.8,1.0,True,True,False
76cb010f7aa0.png,preprocessed_green_images/76cb010f7aa0_green_preprocessed.png,preprocessed_images/76cb010f7aa0_preprocessed.png,fundus_masks/76cb010f7aa0_fundus_mask.png,82.42790334571988,17.38652825968574,0.0,255.0,1.8265247930445937e-05,124.05139637820429,13.668013472431587,16.0,237.0,0.0001244742821926686,20.446570582195314,12.0,1.5146993398666382,1.0,True,True,False
76df141d966b.png,preprocessed_green_images/76df141d966b_green_preprocessed.png,preprocessed_images/76df141d966b_preprocessed.png,fundus_masks/76df141d966b_fundus_mask.png,91.25437404875252,17.731600981098023,0.0,255.0,2.9737043435006988e-05,123.94500606906023,12.273218263807063,23.0,227.0,8.785944651252065e-06,20.05724267503861,12.0,1.3198715448379517,1.0,False,True,False
76e5b50f95a7.png,preprocessed_green_images/76e5b50f95a7_green_preprocessed.png,preprocessed_images/76e5b50f95a7_preprocessed.png,fundus_masks/76e5b50f95a7_fundus_mask.png,74.77639461975168,14.609605595829521,0.0,182.0,0.0006138756831982923,122.07276752132579,9.561849696306286,1.0,212.0,0.0004755211258107984,20.036590646723713,12.0,1.5480413436889648,1.0,True,True,False
76f3473df8a6.png,preprocessed_green_images/76f3473df8a6_green_preprocessed.png,preprocessed_images/76f3473df8a6_preprocessed.png,fundus_masks/76f3473df8a6_fundus_mask.png,73.60972994474959,13.317128053071944,0.0,239.0,2.6383814138883044e-05,125.92814740298705,14.652699988912481,3.0,255.0,0.0002834568749792819,20.21624321856835,12.0,1.6483334302902222,1.0,True,True,False
77a1f1398fdb.png,preprocessed_green_images/77a1f1398fdb_green_preprocessed.png,preprocessed_images/77a1f1398fdb_preprocessed.png,fundus_masks/77a1f1398fdb_fundus_mask.png,64.61402221055255,28.681209371084183,5.0,255.0,0.09394922763384256,126.10218025549977,18.696422151746372,1.0,253.0,0.001116781604174877,9.646511046613307,10.11513577770732,1.841516137123108,1.0,True,True,False
77ab222bf85c.png,preprocessed_green_images/77ab222bf85c_green_preprocessed.png,preprocessed_images/77ab222bf85c_preprocessed.png,fundus_masks/77ab222bf85c_fundus_mask.png,117.08541277910044,23.94822973286849,1.0,243.0,2.144864122857817e-05,120.47358599832701,14.897298803449372,2.0,221.0,6.005619544001887e-05,13.544555205432472,9.41782208217299,1.0176037549972534,1.0,False,True,False
77acc2cafee1.png,preprocessed_green_images/77acc2cafee1_green_preprocessed.png,preprocessed_images/77acc2cafee1_preprocessed.png,fundus_masks/77acc2cafee1_fundus_mask.png,93.21535533613066,17.87220469160645,0.0,247.0,0.0007410809343882429,123.8977041567798,12.239045590214607,1.0,221.0,0.0006146680676459605,22.21510744403277,12.0,1.3377902507781982,1.0,False,True,False
77b7b71ebcc3.png,preprocessed_green_images/77b7b71ebcc3_green_preprocessed.png,preprocessed_images/77b7b71ebcc3_preprocessed.png,fundus_masks/77b7b71ebcc3_fundus_mask.png,83.82269547998598,14.739937947128125,0.0,241.0,0.0006581192414566372,127.03413862985842,15.69876910170716,3.0,250.0,0.0004538353146552825,21.598577117604954,12.0,1.4788672924041748,1.0,True,True,False
77e15f213b04.png,preprocessed_green_images/77e15f213b04_green_preprocessed.png,preprocessed_images/77e15f213b04_preprocessed.png,fundus_masks/77e15f213b04_fundus_mask.png,134.14754590341778,32.14758000374506,0.0,255.0,1.8249840313897253e-05,122.37684703592177,8.141071960325919,5.0,200.0,1.8925760325523078e-05,18.6899907762221,11.47599631048884,0.9052531719207764,1.0,False,True,False
780be525036d.png,preprocessed_green_images/780be525036d_green_preprocessed.png,preprocessed_images/780be525036d_preprocessed.png,fundus_masks/780be525036d_fundus_mask.png,85.55533592479574,15.046123265112309,0.0,246.0,0.0008949018451692131,126.20001462485506,15.141401915272139,1.0,238.0,0.0006395472330586724,21.306574962182935,12.0,1.4040913581848145,1.0,True,True,False
780f9c237c56.png,preprocessed_green_images/780f9c237c56_green_preprocessed.png,preprocessed_images/780f9c237c56_preprocessed.png,fundus_masks/780f9c237c56_fundus_mask.png,106.92473583756994,17.389995985449723,0.0,245.0,0.00918671894899275,120.75598941408539,16.020911431898575,1.0,220.0,0.009029095274373703,21.473558689576812,12.0,1.142722249031067,1.0,False,True,False
780f9daaa24b.png,preprocessed_green_images/780f9daaa24b_green_preprocessed.png,preprocessed_images/780f9daaa24b_preprocessed.png,fundus_masks/780f9daaa24b_fundus_mask.png,88.12827884203922,16.789939278834968,0.0,234.0,0.0006007127375453579,126.53304325943485,15.01555567942496,2.0,239.0,0.0004256014955195875,20.948393238380813,12.0,1.3948179483413696,1.0,True,True,False
7828dd083cdc.png,preprocessed_green_images/7828dd083cdc_green_preprocessed.png,preprocessed_images/7828dd083cdc_preprocessed.png,fundus_masks/7828dd083cdc_fundus_mask.png,85.0392878426353,17.08504243865278,0.0,254.0,0.001146658689910563,126.27756212710405,15.525348573580585,3.0,248.0,0.0006052131811256965,21.37917346081629,12.0,1.434211254119873,1.0,True,True,False
7831ce1d895e.png,preprocessed_green_images/7831ce1d895e_green_preprocessed.png,preprocessed_images/7831ce1d895e_preprocessed.png,fundus_masks/7831ce1d895e_fundus_mask.png,95.99937572337045,17.740473807189304,0.0,251.0,0.0033729400890603885,122.66065199405033,17.226068242679883,1.0,235.0,0.0039649066527579525,22.258416827871223,12.0,1.288367748260498,1.0,False,True,False
784d6d302f98.png,preprocessed_green_images/784d6d302f98_green_preprocessed.png,preprocessed_images/784d6d302f98_preprocessed.png,fundus_masks/784d6d302f98_fundus_mask.png,84.95932756453921,17.756799340207746,0.0,255.0,0.0005790455148341249,125.83669988152195,13.683210069714475,5.0,247.0,0.00024368648920874996,20.39030457649793,12.0,1.468510389328003,1.0,True,True,False
78937523f7a8.png,preprocessed_green_images/78937523f7a8_green_preprocessed.png,preprocessed_images/78937523f7a8_preprocessed.png,fundus_masks/78937523f7a8_fundus_mask.png,78.25420072368478,13.99797661808587,0.0,255.0,0.00022776302331777669,125.79323844639833,17.590841020952926,4.0,255.0,6.016381748016743e-05,19.708861112241973,12.0,1.5241621732711792,1.0,True,True,False
789c60cba801.png,preprocessed_green_images/789c60cba801_green_preprocessed.png,preprocessed_images/789c60cba801_preprocessed.png,fundus_masks/789c60cba801_fundus_mask.png,76.67190400082491,12.405916632776933,0.0,204.0,4.7260603560871656e-05,122.07209819894136,14.620731214999886,3.0,255.0,6.44462775830068e-05,12.463215325330864,10.170005774503466,1.583946704864502,1.0,True,True,False
789f0ec1eab8.png,preprocessed_green_images/789f0ec1eab8_green_preprocessed.png,preprocessed_images/789f0ec1eab8_preprocessed.png,fundus_masks/789f0ec1eab8_fundus_mask.png,82.81243061335766,14.634248186386609,0.0,196.0,0.001180802922834529,124.96127429473073,12.450582902619116,1.0,217.0,0.000791832548253743,20.465199079028416,12.0,1.4972155094146729,1.0,True,True,False
799214e8b07c.png,preprocessed_green_images/799214e8b07c_green_preprocessed.png,preprocessed_images/799214e8b07c_preprocessed.png,fundus_masks/799214e8b07c_fundus_mask.png,92.30128576930395,14.75488916192027,0.0,235.0,0.0007888155238895101,123.89738322050178,11.338934613520932,1.0,215.0,0.0006519328300380951,17.252466656235118,10.900986662494047,1.3197503089904785,1.0,False,True,False
79ade634c633.png,preprocessed_green_images/79ade634c633_green_preprocessed.png,preprocessed_images/79ade634c633_preprocessed.png,fundus_masks/79ade634c633_fundus_mask.png,29.78370626997389,11.259669187384047,0.0,243.0,0.6003630410845802,86.18369892481894,16.220899142084463,4.0,255.0,0.004010590625269917,27.928682955556017,12.0,2.8,1.0,True,True,False
79cbae28d8b2.png,preprocessed_green_images/79cbae28d8b2_green_preprocessed.png,preprocessed_images/79cbae28d8b2_preprocessed.png,fundus_masks/79cbae28d8b2_fundus_mask.png,91.19478290735547,15.723063350841027,0.0,239.0,0.0006973605887997624,124.91247834527124,12.0531024902306,4.0,230.0,0.0004861798447705498,18.430297571841585,11.372119028736634,1.3536657094955444,1.0,False,True,False
7a06ea127e02.png,preprocessed_green_images/7a06ea127e02_green_preprocessed.png,preprocessed_images/7a06ea127e02_preprocessed.png,fundus_masks/7a06ea127e02_fundus_mask.png,72.40534261946398,13.030144830823152,0.0,187.0,0.0006498125406858075,125.92631938054299,14.170161024773517,4.0,233.0,0.00031214209543657537,21.494533305268227,12.0,1.6929134130477905,1.0,True,True,False
7a12f49e29df.png,preprocessed_green_images/7a12f49e29df_green_preprocessed.png,preprocessed_images/7a12f49e29df_preprocessed.png,fundus_masks/7a12f49e29df_fundus_mask.png,49.7811104884983,16.104751426094204,11.0,199.0,0.10395421102416977,125.70473909839615,14.806391521975245,6.0,246.0,0.00029620462843336074,9.241184696684618,11.27148627969622,2.4462926387786865,1.0,True,True,False
7a39c91416e2.png,preprocessed_green_images/7a39c91416e2_green_preprocessed.png,preprocessed_images/7a39c91416e2_preprocessed.png,fundus_masks/7a39c91416e2_fundus_mask.png,93.7634952144876,18.562689274050136,0.0,252.0,0.0007011103037719734,124.34727441920833,13.376518266024325,2.0,231.0,0.0005852243031485067,22.55711599724853,12.0,1.319333791732788,1.0,False,True,False
7a42443ed106.png,preprocessed_green_images/7a42443ed106_green_preprocessed.png,preprocessed_images/7a42443ed106_preprocessed.png,fundus_masks/7a42443ed106_fundus_mask.png,72.47930747961122,23.296261052804045,0.0,253.0,0.008425501806129668,127.53734568763267,19.193830990402372,4.0,255.0,0.0007098834394667263,24.873064696000142,12.0,1.7113633155822754,1.0,True,True,False
7a46cfa69bae.png,preprocessed_green_images/7a46cfa69bae_green_preprocessed.png,preprocessed_images/7a46cfa69bae_preprocessed.png,fundus_masks/7a46cfa69bae_fundus_mask.png,79.19867929712453,12.637549344713584,0.0,166.0,0.000501987662464887,123.70256825235256,11.02141923111475,1.0,194.0,0.000382577202340445,19.69684684666004,12.0,1.539115071296692,1.0,True,True,False
7a6495a39d87.png,preprocessed_green_images/7a6495a39d87_green_preprocessed.png,preprocessed_images/7a6495a39d87_preprocessed.png,fundus_masks/7a6495a39d87_fundus_mask.png,69.96338171877406,27.07771981675625,0.0,228.0,0.07044509471738795,125.64024975614764,18.110384724448746,12.0,233.0,0.00028684737409517944,19.4517694374369,12.0,1.6494636535644531,1.0,True,True,False
7a77c3eb468c.png,preprocessed_green_images/7a77c3eb468c_green_preprocessed.png,preprocessed_images/7a77c3eb468c_preprocessed.png,fundus_masks/7a77c3eb468c_fundus_mask.png,85.42764436953058,15.368069319664713,0.0,248.0,0.002468309127433097,123.52093329331086,13.198706126038134,1.0,235.0,0.0020319102265118107,21.773224488750746,12.0,1.4464300870895386,1.0,True,True,False
7a9f45fdf29b.png,preprocessed_green_images/7a9f45fdf29b_green_preprocessed.png,preprocessed_images/7a9f45fdf29b_preprocessed.png,fundus_masks/7a9f45fdf29b_fundus_mask.png,86.25797632011863,14.584836515668787,0.0,173.0,0.0007634560578326652,126.48852962302185,12.618483322320555,5.0,195.0,0.0005004749878356774,21.8094847320673,12.0,1.4152796268463135,1.0,True,True,False
7aabd768abff.png,preprocessed_green_images/7aabd768abff_green_preprocessed.png,preprocessed_images/7aabd768abff_preprocessed.png,fundus_masks/7aabd768abff_fundus_mask.png,85.04008834058139,35.30612138382242,5.0,255.0,0.0052913280564571,124.98484889747478,16.407842154897804,1.0,232.0,0.003458197811180613,10.179663204132382,8.512746318045718,1.5297932624816895,1.0,True,True,False
7ad0c4975890.png,preprocessed_green_images/7ad0c4975890_green_preprocessed.png,preprocessed_images/7ad0c4975890_preprocessed.png,fundus_masks/7ad0c4975890_fundus_mask.png,58.29417483425761,14.72274454971377,0.0,205.0,2.1623273561800036e-05,123.37336128021312,13.117645197730381,2.0,232.0,0.00039008385505487266,11.367955378685053,11.365477721762232,2.1320555210113525,1.0,True,True,False
7adfb8fc0621.png,preprocessed_green_images/7adfb8fc0621_green_preprocessed.png,preprocessed_images/7adfb8fc0621_preprocessed.png,fundus_masks/7adfb8fc0621_fundus_mask.png,87.91132374210953,20.716689042753917,0.0,255.0,0.0006140580998790457,124.99918512516803,16.33520318396782,2.0,242.0,0.0005026222254208445,22.253171388784743,12.0,1.4222544431686401,1.0,True,True,False
7af4d8704032.png,preprocessed_green_images/7af4d8704032_green_preprocessed.png,preprocessed_images/7af4d8704032_preprocessed.png,fundus_masks/7af4d8704032_fundus_mask.png,88.83140738165595,14.232034048920525,0.0,228.0,0.000553913899994206,123.60529347007359,10.420613411341176,2.0,226.0,0.000331421287444232,20.363718376693033,12.0,1.366455078125,1.0,True,True,False
7b691d9ced34.png,preprocessed_green_images/7b691d9ced34_green_preprocessed.png,preprocessed_images/7b691d9ced34_preprocessed.png,fundus_masks/7b691d9ced34_fundus_mask.png,61.038817676854,13.73667788365536,0.0,201.0,0.0005594670852629568,123.1854297592101,15.309247693187736,2.0,232.0,0.0004424430581548885,12.404136937421905,11.53598209258174,1.9885921478271484,1.0,True,True,False
7b87b0015282.png,preprocessed_green_images/7b87b0015282_green_preprocessed.png,preprocessed_images/7b87b0015282_preprocessed.png,fundus_masks/7b87b0015282_fundus_mask.png,88.19756937162614,16.4018969428188,0.0,253.0,0.001076391342986482,125.03860989098206,13.338522096213932,1.0,236.0,0.0008736265582473707,20.989104453138886,12.0,1.3824450969696045,1.0,True,True,False
7b9d519cbd66.png,preprocessed_green_images/7b9d519cbd66_green_preprocessed.png,preprocessed_images/7b9d519cbd66_preprocessed.png,fundus_masks/7b9d519cbd66_fundus_mask.png,66.38908539898824,27.066209007576013,14.0,255.0,0.0004081026772323808,123.62585457445006,11.550331964055289,1.0,225.0,0.0004017534403011903,9.692577430510342,9.975778936738514,1.9743075370788574,1.0,True,True,False
7ba6b23c4b46.png,preprocessed_green_images/7ba6b23c4b46_green_preprocessed.png,preprocessed_images/7ba6b23c4b46_preprocessed.png,fundus_masks/7ba6b23c4b46_fundus_mask.png,44.753685400467454,26.602422441219037,0.0,250.0,0.15770204141906377,111.76946578879027,32.87658716746524,1.0,255.0,0.021939271729222998,8.723354257169554,11.511236333937381,2.8,1.0,True,True,False
7bc00e58d419.png,preprocessed_green_images/7bc00e58d419_green_preprocessed.png,preprocessed_images/7bc00e58d419_preprocessed.png,fundus_masks/7bc00e58d419_fundus_mask.png,76.56623107036877,19.419167179265674,0.0,253.0,0.0009845033598499097,124.17030631057366,13.983425133857079,4.0,255.0,0.0002774720554293967,25.272361068969847,12.0,1.5961942672729492,1.0,True,True,False
7be1b9aa78aa.png,preprocessed_green_images/7be1b9aa78aa_green_preprocessed.png,preprocessed_images/7be1b9aa78aa_preprocessed.png,fundus_masks/7be1b9aa78aa_fundus_mask.png,90.79339799079355,12.190509457941083,0.0,160.0,0.0008743232680003474,123.60832170464086,9.152110256381558,1.0,186.0,0.000714513187226774,19.8009764235077,11.920390569403079,1.3308911323547363,1.0,False,True,False
7c2e852171c0.png,preprocessed_green_images/7c2e852171c0_green_preprocessed.png,preprocessed_images/7c2e852171c0_preprocessed.png,fundus_masks/7c2e852171c0_fundus_mask.png,84.22557504791824,21.909515923152565,0.0,255.0,0.0005897629686903199,125.11278171920549,16.214161493469078,5.0,237.0,0.0004992088120803888,20.471388547464617,12.0,1.49198579788208,1.0,True,True,False
7c3747c0b2c3.png,preprocessed_green_images/7c3747c0b2c3_green_preprocessed.png,preprocessed_images/7c3747c0b2c3_preprocessed.png,fundus_masks/7c3747c0b2c3_fundus_mask.png,90.02269679813631,18.005604388957465,0.0,255.0,3.2506230360819155e-05,123.09626516957417,10.784818105938754,5.0,234.0,2.5056885903131434e-05,20.21799402544997,12.0,1.3979194164276123,1.0,False,True,False
7c6594b50690.png,preprocessed_green_images/7c6594b50690_green_preprocessed.png,preprocessed_images/7c6594b50690_preprocessed.png,fundus_masks/7c6594b50690_fundus_mask.png,94.55899409653895,11.69348980678597,0.0,187.0,0.0009075124435698576,123.93216923255007,10.344377990921014,1.0,190.0,0.0007130454913763167,19.548193999544228,11.819277599817692,1.2819416522979736,1.0,False,True,False
7ccf9d25dc48.png,preprocessed_green_images/7ccf9d25dc48_green_preprocessed.png,preprocessed_images/7ccf9d25dc48_preprocessed.png,fundus_masks/7ccf9d25dc48_fundus_mask.png,82.5794348182665,19.503601315817455,0.0,255.0,0.0007911291454529214,127.06854983243606,15.213802157574086,1.0,247.0,0.0006948480324432551,21.23760771488028,12.0,1.505405306816101,1.0,True,True,False
7ce671f952be.png,preprocessed_green_images/7ce671f952be_green_preprocessed.png,preprocessed_images/7ce671f952be_preprocessed.png,fundus_masks/7ce671f952be_fundus_mask.png,85.2768910053106,13.548094969003717,0.0,244.0,0.0013554307514943307,124.13526990550181,12.120347676094664,1.0,239.0,0.0010324886680896182,19.81705492368251,12.0,1.4358984231948853,1.0,True,True,False
7d0a871c45db.png,preprocessed_green_images/7d0a871c45db_green_preprocessed.png,preprocessed_images/7d0a871c45db_preprocessed.png,fundus_masks/7d0a871c45db_fundus_mask.png,92.4915306711688,13.187326228602307,0.0,243.0,0.00046034002546364476,123.70149906192675,10.737509486333469,1.0,232.0,0.00037685266568182504,21.085876120077593,12.0,1.3246867656707764,1.0,False,True,False
7d11dbc1e738.png,preprocessed_green_images/7d11dbc1e738_green_preprocessed.png,preprocessed_images/7d11dbc1e738_preprocessed.png,fundus_masks/7d11dbc1e738_fundus_mask.png,100.58962561307312,22.35423752789379,0.0,255.0,2.3657728101055e-05,124.2183986827377,13.288830376471923,1.0,235.0,4.325984567050057e-05,19.620171825205578,11.84806873008223,1.2445683479309082,1.0,False,True,False
7d48f8cdfb69.png,preprocessed_green_images/7d48f8cdfb69_green_preprocessed.png,preprocessed_images/7d48f8cdfb69_preprocessed.png,fundus_masks/7d48f8cdfb69_fundus_mask.png,94.77310247851945,26.440965207707226,0.0,246.0,1.891071575708375e-05,122.9706985213171,9.63272291049716,5.0,224.0,1.6209184934643215e-05,20.01857457602309,12.0,1.3305025100708008,1.0,False,True,False
7d94a000c2d0.png,preprocessed_green_images/7d94a000c2d0_green_preprocessed.png,preprocessed_images/7d94a000c2d0_preprocessed.png,fundus_masks/7d94a000c2d0_fundus_mask.png,98.83274170818456,11.671166517915374,0.0,228.0,0.0010158674327710967,123.13144722927365,9.301137447369705,4.0,215.0,0.0007532228914965648,19.910386093358966,11.964154437343586,1.232478380203247,1.0,False,True,False
7da558d92100.png,preprocessed_green_images/7da558d92100_green_preprocessed.png,preprocessed_images/7da558d92100_preprocessed.png,fundus_masks/7da558d92100_fundus_mask.png,70.68302679617001,18.393715163393725,0.0,234.0,4.7358269614934216e-05,121.91395863470414,16.688642964168068,42.0,255.0,0.0,11.959353260204583,10.500805588866722,1.7592600584030151,1.0,True,True,False
7ddcfcea7369.png,preprocessed_green_images/7ddcfcea7369_green_preprocessed.png,preprocessed_images/7ddcfcea7369_preprocessed.png,fundus_masks/7ddcfcea7369_fundus_mask.png,82.69819917655377,14.165742463275429,0.0,238.0,2.841802920967431e-05,122.85766153450592,9.732845115058716,7.0,193.0,1.8268733063362056e-05,20.40142896648985,12.0,1.5325870513916016,1.0,True,True,False
7e5a76c4e103.png,preprocessed_green_images/7e5a76c4e103_green_preprocessed.png,preprocessed_images/7e5a76c4e103_preprocessed.png,fundus_masks/7e5a76c4e103_fundus_mask.png,90.78873075467854,13.861148037884572,0.0,255.0,2.978130370364354e-05,124.81731065351687,12.007385237947203,1.0,236.0,2.7750760269304208e-05,19.763257092693443,11.905302837077377,1.3408883810043335,1.0,False,True,False
7e70344b0c25.png,preprocessed_green_images/7e70344b0c25_green_preprocessed.png,preprocessed_images/7e70344b0c25_preprocessed.png,fundus_masks/7e70344b0c25_fundus_mask.png,102.37477911299212,26.234987239550843,0.0,255.0,2.297562758940391e-05,122.64041453438202,9.834766865269748,1.0,223.0,3.986947140514208e-05,20.05699386766063,12.0,1.2049915790557861,1.0,False,True,False
7e77b61e1639.png,preprocessed_green_images/7e77b61e1639_green_preprocessed.png,preprocessed_images/7e77b61e1639_preprocessed.png,fundus_masks/7e77b61e1639_fundus_mask.png,72.78951126285102,14.702304405823044,0.0,151.0,0.0007023655999004594,125.27486566095045,11.143669472883454,6.0,190.0,0.00029187709532287303,18.836997937818445,12.0,1.6593433618545532,1.0,True,True,False
7e9081e95bf6.png,preprocessed_green_images/7e9081e95bf6_green_preprocessed.png,preprocessed_images/7e9081e95bf6_preprocessed.png,fundus_masks/7e9081e95bf6_fundus_mask.png,90.7967118822463,13.191624848599476,0.0,200.0,0.0007302806828008467,124.93888246190369,12.635058804903275,1.0,220.0,0.0006155222897892851,20.379989706335817,12.0,1.3470550775527954,1.0,False,True,False
7e980424868e.png,preprocessed_green_images/7e980424868e_green_preprocessed.png,preprocessed_images/7e980424868e_preprocessed.png,fundus_masks/7e980424868e_fundus_mask.png,87.19925015438339,16.580306916125345,0.0,251.0,0.00104853257576372,125.86337678467775,13.752597158605905,6.0,246.0,0.0006522915360828445,21.01903725799897,12.0,1.4196653366088867,1.0,True,True,False
7ec0e61a7e29.png,preprocessed_green_images/7ec0e61a7e29_green_preprocessed.png,preprocessed_images/7ec0e61a7e29_preprocessed.png,fundus_masks/7ec0e61a7e29_fundus_mask.png,96.72561247679442,10.88137303034109,0.0,191.0,0.0010888990098185862,123.08498036051573,9.37992409006335,1.0,197.0,0.000899324235285414,21.159852812625573,12.0,1.2557487487792969,1.0,False,True,False
7ed4128b2a4e.png,preprocessed_green_images/7ed4128b2a4e_green_preprocessed.png,preprocessed_images/7ed4128b2a4e_preprocessed.png,fundus_masks/7ed4128b2a4e_fundus_mask.png,80.1750672541744,19.824956650330893,0.0,254.0,0.0006725417439703154,127.96553571428572,18.277991839433515,2.0,248.0,0.0006841372912801485,21.536830565912137,12.0,1.578874111175537,1.0,True,True,False
7ee6de71c140.png,preprocessed_green_images/7ee6de71c140_green_preprocessed.png,preprocessed_images/7ee6de71c140_preprocessed.png,fundus_masks/7ee6de71c140_fundus_mask.png,90.05253693252216,13.240591437052737,0.0,245.0,0.000905509713965461,124.45412122713935,10.900333944862359,1.0,243.0,0.0006889747823650246,20.147501482878877,12.0,1.33733332157135,1.0,False,True,False
7eeb191ad06b.png,preprocessed_green_images/7eeb191ad06b_green_preprocessed.png,preprocessed_images/7eeb191ad06b_preprocessed.png,fundus_masks/7eeb191ad06b_fundus_mask.png,80.50392115426148,18.988343246627483,0.0,255.0,0.000963742385854584,124.80291932663435,15.191752068395546,1.0,243.0,0.0008209227310833625,24.65420306544561,12.0,1.5505114793777466,1.0,True,True,False
7eee3d1f1268.png,preprocessed_green_images/7eee3d1f1268_green_preprocessed.png,preprocessed_images/7eee3d1f1268_preprocessed.png,fundus_masks/7eee3d1f1268_fundus_mask.png,27.513952329326273,12.381426813981818,4.0,114.0,0.5847951114770369,80.25973807426179,10.820693903023116,1.0,165.0,0.003109340589106957,8.107320105194416,12.0,2.8,1.0,True,True,False
7f0ffeb0a333.png,preprocessed_green_images/7f0ffeb0a333_green_preprocessed.png,preprocessed_images/7f0ffeb0a333_preprocessed.png,fundus_masks/7f0ffeb0a333_fundus_mask.png,79.40444080732841,28.81311799970117,5.0,255.0,0.09211977192737592,126.44071169506441,18.24540782956195,12.0,243.0,0.0002958470470766614,10.527086349731329,9.152662023685561,1.3966015577316284,1.0,True,True,False
7f1f3269f546.png,preprocessed_green_images/7f1f3269f546_green_preprocessed.png,preprocessed_images/7f1f3269f546_preprocessed.png,fundus_masks/7f1f3269f546_fundus_mask.png,89.95837676212692,14.096827235253766,0.0,246.0,0.0008753389764678739,124.21510498850465,10.883126562163596,1.0,236.0,0.0007373716411040633,19.68415515655964,11.877361905990352,1.3529716730117798,1.0,True,True,False
7f2123bc89a3.png,preprocessed_green_images/7f2123bc89a3_green_preprocessed.png,preprocessed_images/7f2123bc89a3_preprocessed.png,fundus_masks/7f2123bc89a3_fundus_mask.png,73.839820661729,17.605283593277328,0.0,250.0,3.868754647878848e-05,123.338025989434,16.35396947375924,23.0,255.0,1.2895848826262826e-05,13.366214341677383,10.782946122295042,1.6446292400360107,1.0,True,True,False
7f2cce721e19.png,preprocessed_green_images/7f2cce721e19_green_preprocessed.png,preprocessed_images/7f2cce721e19_preprocessed.png,fundus_masks/7f2cce721e19_fundus_mask.png,83.4956815586582,21.390729160064826,0.0,255.0,0.0005703711362002131,125.70877964971545,16.57341566563303,5.0,253.0,0.00029273630615571014,19.960532488460522,12.0,1.4696587324142456,1.0,True,True,False
7f39c36469b5.png,preprocessed_green_images/7f39c36469b5_green_preprocessed.png,preprocessed_images/7f39c36469b5_preprocessed.png,fundus_masks/7f39c36469b5_fundus_mask.png,71.54143261606183,13.531330463352024,0.0,169.0,0.0014440617603391456,126.19791307537561,14.97616937415309,1.0,207.0,0.000562998355116146,22.11511081765964,12.0,1.6713218688964844,1.0,True,True,False
7f43becd3e83.png,preprocessed_green_images/7f43becd3e83_green_preprocessed.png,preprocessed_images/7f43becd3e83_preprocessed.png,fundus_masks/7f43becd3e83_fundus_mask.png,41.96220645263139,28.48533327084525,0.0,255.0,0.23569087867515068,107.95586891039596,31.361009648807524,1.0,255.0,0.019842694512131467,10.720241291768184,12.0,2.8,1.0,True,True,False
7f6690fa390a.png,preprocessed_green_images/7f6690fa390a_green_preprocessed.png,preprocessed_images/7f6690fa390a_preprocessed.png,fundus_masks/7f6690fa390a_fundus_mask.png,34.677062284014454,16.993653170555277,0.0,243.0,0.4474316829987865,96.28051655792932,12.801087207595202,1.0,255.0,0.001350780231861291,27.953697407805063,12.0,2.8,1.0,True,True,False
7fc3a8bb40de.png,preprocessed_green_images/7fc3a8bb40de_green_preprocessed.png,preprocessed_images/7fc3a8bb40de_preprocessed.png,fundus_masks/7fc3a8bb40de_fundus_mask.png,81.79476941158198,18.669516598852532,0.0,247.0,0.0012378719266178395,127.05888584572267,16.559944496762608,1.0,246.0,0.0008785645321875677,21.533777685316565,12.0,1.4854623079299927,1.0,True,True,False
7fdb177b8f7d.png,preprocessed_green_images/7fdb177b8f7d_green_preprocessed.png,preprocessed_images/7fdb177b8f7d_preprocessed.png,fundus_masks/7fdb177b8f7d_fundus_mask.png,74.74705453767949,18.282139153916813,0.0,243.0,0.0027365869473517856,126.55596058849983,15.26187187735295,2.0,255.0,0.000689085375702594,23.359796553136455,12.0,1.5979007482528687,1.0,True,True,False
7fe7309d0b4f.png,preprocessed_green_images/7fe7309d0b4f_green_preprocessed.png,preprocessed_images/7fe7309d0b4f_preprocessed.png,fundus_masks/7fe7309d0b4f_fundus_mask.png,82.2917038855984,20.992149556459328,0.0,230.0,0.0020014008644471987,127.20370264967818,17.87219961985474,5.0,234.0,0.0002392853035845171,22.9659323539153,12.0,1.5213640928268433,1.0,True,True,False
8010c931321f.png,preprocessed_green_images/8010c931321f_green_preprocessed.png,preprocessed_images/8010c931321f_preprocessed.png,fundus_masks/8010c931321f_fundus_mask.png,83.12970608285052,24.154268357695408,0.0,255.0,0.0009174386506451684,126.80077993898452,18.411360567243047,7.0,239.0,0.00036929808975337156,21.561240572839026,12.0,1.5133975744247437,1.0,True,True,False
80b5697f2a5e.png,preprocessed_green_images/80b5697f2a5e_green_preprocessed.png,preprocessed_images/80b5697f2a5e_preprocessed.png,fundus_masks/80b5697f2a5e_fundus_mask.png,96.88416251525275,11.763885929054574,0.0,222.0,0.0007427931106808088,123.72267628010137,9.889576550785888,1.0,215.0,0.0006825353232308835,21.12570906904567,12.0,1.260917067527771,1.0,False,True,False
80c67efc8101.png,preprocessed_green_images/80c67efc8101_green_preprocessed.png,preprocessed_images/80c67efc8101_preprocessed.png,fundus_masks/80c67efc8101_fundus_mask.png,92.48842925192903,15.136187810616066,0.0,220.0,0.0003798257912166157,124.65134199305163,11.22630827018661,6.0,205.0,0.000265994208527844,19.096942753189424,11.63877710127577,1.3368839025497437,1.0,False,True,False
80dbeb0fdc75.png,preprocessed_green_images/80dbeb0fdc75_green_preprocessed.png,preprocessed_images/80dbeb0fdc75_preprocessed.png,fundus_masks/80dbeb0fdc75_fundus_mask.png,91.40019986459289,15.530240039716258,0.0,243.0,0.0007929662502434545,125.01368678296838,13.324745131722839,3.0,236.0,0.0005819723064652254,20.99706566628394,12.0,1.3576558828353882,1.0,False,True,False
80e6e425f966.png,preprocessed_green_images/80e6e425f966_green_preprocessed.png,preprocessed_images/80e6e425f966_preprocessed.png,fundus_masks/80e6e425f966_fundus_mask.png,73.76921276691881,15.223991002943578,0.0,203.0,0.0009419130450901769,125.42002602136161,15.416117613459283,1.0,241.0,0.0006742846153044071,20.1206885457584,12.0,1.6104788780212402,1.0,True,True,False
80ed04a84a16.png,preprocessed_green_images/80ed04a84a16_green_preprocessed.png,preprocessed_images/80ed04a84a16_preprocessed.png,fundus_masks/80ed04a84a16_fundus_mask.png,39.040945753651684,12.179860096610412,0.0,238.0,0.19346856713974725,112.77169531300412,16.778648449880297,12.0,255.0,0.0004937969726917368,25.59717202272899,12.0,2.8,1.0,True,True,False
80f6b30ece8c.png,preprocessed_green_images/80f6b30ece8c_green_preprocessed.png,preprocessed_images/80f6b30ece8c_preprocessed.png,fundus_masks/80f6b30ece8c_fundus_mask.png,76.44459330973626,34.15551643665113,0.0,255.0,0.0009480844154303958,123.28016877122431,19.99233544605143,1.0,247.0,0.0009711257807803839,21.48233956083992,12.0,1.7667567729949951,1.0,True,True,False
810ed108f5b7.png,preprocessed_green_images/810ed108f5b7_green_preprocessed.png,preprocessed_images/810ed108f5b7_preprocessed.png,fundus_masks/810ed108f5b7_fundus_mask.png,84.4872420699928,12.28166418492677,0.0,240.0,3.6479215291546615e-05,123.36092670717662,11.661142451302965,1.0,250.0,4.0532461435051794e-05,20.152440825142996,12.0,1.426857829093933,1.0,True,True,False
81371b0c01ad.png,preprocessed_green_images/81371b0c01ad_green_preprocessed.png,preprocessed_images/81371b0c01ad_preprocessed.png,fundus_masks/81371b0c01ad_fundus_mask.png,76.7226080263503,15.421172222039685,0.0,191.0,3.439987272047094e-05,123.45909640134332,14.215332958969663,6.0,238.0,3.439987272047094e-05,18.121657534219725,12.0,1.6490278244018555,1.0,True,True,False
81704925f759.png,preprocessed_green_images/81704925f759_green_preprocessed.png,preprocessed_images/81704925f759_preprocessed.png,fundus_masks/81704925f759_fundus_mask.png,89.54063065985457,22.223564792933526,0.0,255.0,2.0949909442326926e-05,123.26853661503527,11.805266792145225,1.0,246.0,3.1086962398291567e-05,20.003392657102037,12.0,1.4045389890670776,1.0,True,True,False
8185ce1cdcef.png,preprocessed_green_images/8185ce1cdcef_green_preprocessed.png,preprocessed_images/8185ce1cdcef_preprocessed.png,fundus_masks/8185ce1cdcef_fundus_mask.png,87.48414833283991,16.165986311047636,0.0,223.0,0.0014317037969062245,125.94912825660573,15.855105301843901,3.0,228.0,0.0011853767300717933,21.491826171508535,12.0,1.4189763069152832,1.0,True,True,False
81914ceb4e74.png,preprocessed_green_images/81914ceb4e74_green_preprocessed.png,preprocessed_images/81914ceb4e74_preprocessed.png,fundus_masks/81914ceb4e74_fundus_mask.png,82.61532569362076,13.816693720783551,0.0,157.0,0.0006998298589430828,126.75441774852084,13.83532239696195,1.0,190.0,0.0005152976075799814,20.938365475058106,12.0,1.4717612266540527,1.0,True,True,False
8191ae701985.png,preprocessed_green_images/8191ae701985_green_preprocessed.png,preprocessed_images/8191ae701985_preprocessed.png,fundus_masks/8191ae701985_fundus_mask.png,51.59132351375612,12.637740812339718,13.0,142.0,0.0005259392539066488,122.84458922194725,7.999256095732562,1.0,199.0,0.00033427042959664554,9.234382596015825,11.107857614961341,2.52428936958313,1.0,True,True,False
81d79d53ed7b.png,preprocessed_green_images/81d79d53ed7b_green_preprocessed.png,preprocessed_images/81d79d53ed7b_preprocessed.png,fundus_masks/81d79d53ed7b_fundus_mask.png,63.13719770659461,26.32474230466699,6.0,178.0,0.09702540748984351,124.72736103592197,16.228528866934575,1.0,255.0,0.002384135083260173,9.551134469795876,10.208258436221051,1.8024035692214966,1.0,True,True,False
82088c6734e6.png,preprocessed_green_images/82088c6734e6_green_preprocessed.png,preprocessed_images/82088c6734e6_preprocessed.png,fundus_masks/82088c6734e6_fundus_mask.png,91.89240951962259,13.25046263726251,0.0,240.0,0.0005625843151492937,124.75870932718396,12.159839464562276,1.0,241.0,0.0005022659968240085,21.30487338440038,12.0,1.3291301727294922,1.0,False,True,False
8241e43408a8.png,preprocessed_green_images/8241e43408a8_green_preprocessed.png,preprocessed_images/8241e43408a8_preprocessed.png,fundus_masks/8241e43408a8_fundus_mask.png,82.8049117272229,15.221358608276994,0.0,236.0,0.0014594555837475396,125.30855574033255,13.48379036040301,4.0,238.0,0.0010674148207598883,21.83391772519793,12.0,1.4923776388168335,1.0,True,True,False
82d364726a58.png,preprocessed_green_images/82d364726a58_green_preprocessed.png,preprocessed_images/82d364726a58_preprocessed.png,fundus_masks/82d364726a58_fundus_mask.png,57.940562708002204,26.369071830129055,4.0,255.0,0.12728796218490318,124.81889042042849,17.136936404474245,1.0,255.0,0.0012490315832518497,9.40328864685894,10.611043218032268,1.923509120941162,1.0,True,True,False
82e5bc01f8a4.png,preprocessed_green_images/82e5bc01f8a4_green_preprocessed.png,preprocessed_images/82e5bc01f8a4_preprocessed.png,fundus_masks/82e5bc01f8a4_fundus_mask.png,87.47587440672626,18.134328708931193,0.0,255.0,0.0007369787822181201,127.02300791961584,16.38411643763944,3.0,250.0,0.0005521528731129449,22.533730831426297,12.0,1.395248532295227,1.0,True,True,False
83038ca49b6d.png,preprocessed_green_images/83038ca49b6d_green_preprocessed.png,preprocessed_images/83038ca49b6d_preprocessed.png,fundus_masks/83038ca49b6d_fundus_mask.png,94.6700052629072,22.937456425573856,0.0,253.0,0.0014568842427629216,124.53079149244662,13.921677661114794,2.0,225.0,0.0009538293168328219,22.298005718175837,12.0,1.307697057723999,1.0,False,True,False
830e297965a1.png,preprocessed_green_images/830e297965a1_green_preprocessed.png,preprocessed_images/830e297965a1_preprocessed.png,fundus_masks/830e297965a1_fundus_mask.png,101.90480227936871,28.446833973128918,0.0,255.0,2.2312282708792258e-05,124.65491958788537,15.040732073164751,1.0,220.0,0.00010885689442774404,19.4284782998067,11.77139131992268,1.2993757724761963,1.0,False,True,False
8329e80c10ac.png,preprocessed_green_images/8329e80c10ac_green_preprocessed.png,preprocessed_images/8329e80c10ac_preprocessed.png,fundus_masks/8329e80c10ac_fundus_mask.png,83.73828475817625,16.039899163374773,0.0,227.0,0.0015188680777790413,127.24716474091058,15.313700791999022,1.0,243.0,0.0009700333942118247,27.120777329103053,12.0,1.4530978202819824,1.0,True,True,False
8344c783da65.png,preprocessed_green_images/8344c783da65_green_preprocessed.png,preprocessed_images/8344c783da65_preprocessed.png,fundus_masks/8344c783da65_fundus_mask.png,80.55260588208007,11.837685463154532,0.0,175.0,0.0007874472329173818,123.6960500069583,10.73407664549984,1.0,210.0,0.000623927262606114,19.674006333248805,12.0,1.506508708000183,1.0,True,True,False
83517eaeccb9.png,preprocessed_green_images/83517eaeccb9_green_preprocessed.png,preprocessed_images/83517eaeccb9_preprocessed.png,fundus_masks/83517eaeccb9_fundus_mask.png,48.21867534350014,18.56594934744902,0.0,192.0,0.13317873444431347,127.52086209693513,25.16678847969501,1.0,255.0,0.003664623891713865,20.208583788668022,12.0,2.5862512588500977,1.0,True,True,False
835b9f6e12ba.png,preprocessed_green_images/835b9f6e12ba_green_preprocessed.png,preprocessed_images/835b9f6e12ba_preprocessed.png,fundus_masks/835b9f6e12ba_fundus_mask.png,110.18171040334595,11.58420061152502,0.0,237.0,0.0010583320224667118,122.2097972629105,8.664231962316745,3.0,209.0,0.0009391973795005136,17.180376536528193,10.872150614611277,1.106935977935791,1.0,False,True,False
837acf120946.png,preprocessed_green_images/837acf120946_green_preprocessed.png,preprocessed_images/837acf120946_preprocessed.png,fundus_masks/837acf120946_fundus_mask.png,46.70618128860441,31.130209335562856,0.0,255.0,0.19933242694123218,118.1067251238651,35.04837926059482,1.0,255.0,0.025389163013091763,10.091215525095647,11.8848256510512,2.8,1.0,True,True,False
838b3e4d0bb4.png,preprocessed_green_images/838b3e4d0bb4_green_preprocessed.png,preprocessed_images/838b3e4d0bb4_preprocessed.png,fundus_masks/838b3e4d0bb4_fundus_mask.png,67.84515577950751,29.70957627585707,5.0,255.0,0.04495499231853453,126.37243968459096,22.486446891037353,5.0,255.0,0.002300613664591385,10.097192532628856,10.008196499317542,1.867680311203003,1.0,True,True,False
83a63c4a3e4a.png,preprocessed_green_images/83a63c4a3e4a_green_preprocessed.png,preprocessed_images/83a63c4a3e4a_preprocessed.png,fundus_masks/83a63c4a3e4a_fundus_mask.png,88.8454727814319,16.625595026294913,0.0,235.0,0.00045853774055818554,125.168935751317,11.683509695841167,3.0,226.0,0.0002936963249651163,21.543044928468742,12.0,1.3745476007461548,1.0,True,True,False
83d81ba5959c.png,preprocessed_green_images/83d81ba5959c_green_preprocessed.png,preprocessed_images/83d81ba5959c_preprocessed.png,fundus_masks/83d81ba5959c_fundus_mask.png,84.35047356902004,20.99544623447443,0.0,255.0,3.046330627063466e-05,124.50124053352758,13.71271818351113,4.0,233.0,9.342080589661295e-05,20.49519237448328,12.0,1.4966377019882202,1.0,True,True,False
83df53d58f28.png,preprocessed_green_images/83df53d58f28_green_preprocessed.png,preprocessed_images/83df53d58f28_preprocessed.png,fundus_masks/83df53d58f28_fundus_mask.png,105.02091597965106,12.037743664257764,0.0,246.0,0.0010519323615592207,123.0284716082414,9.177868256133095,1.0,217.0,0.001060033050812152,19.931931028494965,11.972772411397987,1.1595379114151,1.0,False,True,False
83fda7c0500b.png,preprocessed_green_images/83fda7c0500b_green_preprocessed.png,preprocessed_images/83fda7c0500b_preprocessed.png,fundus_masks/83fda7c0500b_fundus_mask.png,68.35048912444483,29.641464981215158,4.0,255.0,0.07917675456816918,125.79723307886992,18.270027405656975,4.0,238.0,0.0007103416785864382,10.011815253225462,9.9291270680062,1.6976639032363892,1.0,True,True,False
840a06a9c690.png,preprocessed_green_images/840a06a9c690_green_preprocessed.png,preprocessed_images/840a06a9c690_preprocessed.png,fundus_masks/840a06a9c690_fundus_mask.png,80.58242982489769,17.99008587409331,0.0,255.0,0.0007853059498542654,125.61748165392868,15.1676584847056,1.0,254.0,0.00048791198067868555,21.138606496307478,12.0,1.5066596269607544,1.0,True,True,False
8433a032b96c.png,preprocessed_green_images/8433a032b96c_green_preprocessed.png,preprocessed_images/8433a032b96c_preprocessed.png,fundus_masks/8433a032b96c_fundus_mask.png,104.51013445959457,38.48824499241284,1.0,255.0,2.2292838729551387e-05,123.5710715964915,11.406360946733695,1.0,243.0,2.6346082134924365e-05,19.659541559371448,11.86381662374858,1.3460743427276611,1.0,False,True,False
8448af27ba07.png,preprocessed_green_images/8448af27ba07_green_preprocessed.png,preprocessed_images/8448af27ba07_preprocessed.png,fundus_masks/8448af27ba07_fundus_mask.png,66.173986813023,22.61457237048213,0.0,255.0,0.009573484440904317,128.10845485055768,21.06134831078514,5.0,255.0,0.0012250706278836322,26.183859071167426,12.0,1.861187219619751,1.0,True,True,False
847b04287c9c.png,preprocessed_green_images/847b04287c9c_green_preprocessed.png,preprocessed_images/847b04287c9c_preprocessed.png,fundus_masks/847b04287c9c_fundus_mask.png,91.18451168621127,14.61671087936246,0.0,216.0,0.0008028694763622714,124.5024097669709,11.699599871814353,5.0,216.0,0.0005792709064662853,19.51259163691253,11.805036654765011,1.3227931261062622,1.0,False,True,False
848e66b9e199.png,preprocessed_green_images/848e66b9e199_green_preprocessed.png,preprocessed_images/848e66b9e199_preprocessed.png,fundus_masks/848e66b9e199_fundus_mask.png,55.54416099023106,22.010038783040905,12.0,219.0,0.05356115002928464,125.5784662574937,17.825962204975493,1.0,251.0,0.0011643632857340042,9.55463428455885,10.884594959136335,2.3093936443328857,1.0,True,True,False
84b472c49cfa.png,preprocessed_green_images/84b472c49cfa_green_preprocessed.png,preprocessed_images/84b472c49cfa_preprocessed.png,fundus_masks/84b472c49cfa_fundus_mask.png,36.806740256929324,19.131673132383845,0.0,223.0,0.36064321454489895,97.98072648103586,26.519219051063722,1.0,255.0,0.010124390461275988,7.542974496340619,11.745479553475864,2.8,1.0,True,True,False
84b4da14bc23.png,preprocessed_green_images/84b4da14bc23_green_preprocessed.png,preprocessed_images/84b4da14bc23_preprocessed.png,fundus_masks/84b4da14bc23_fundus_mask.png,76.49302305616591,11.442623149051444,0.0,166.0,0.0008944502321394182,124.00347919098078,10.348776131441845,3.0,213.0,0.0005730978141074872,17.26406290163795,12.0,1.6031190156936646,1.0,True,True,False
84b79243e430.png,preprocessed_green_images/84b79243e430_green_preprocessed.png,preprocessed_images/84b79243e430_preprocessed.png,fundus_masks/84b79243e430_fundus_mask.png,93.94880925858884,13.401406954066006,0.0,246.0,0.0007205714444846696,124.56581799363205,11.743047212362427,3.0,242.0,0.0006010563739823814,21.258689161509643,12.0,1.3019628524780273,1.0,False,True,False
84b88e8d3bca.png,preprocessed_green_images/84b88e8d3bca_green_preprocessed.png,preprocessed_images/84b88e8d3bca_preprocessed.png,fundus_masks/84b88e8d3bca_fundus_mask.png,44.38624981222199,23.566002470303133,0.0,255.0,0.15982390878699226,113.80923791409825,28.922961092945073,1.0,255.0,0.012267314405310235,8.997781391233428,11.653668128740305,2.8,1.0,True,True,False
851e40a21f81.png,preprocessed_green_images/851e40a21f81_green_preprocessed.png,preprocessed_images/851e40a21f81_preprocessed.png,fundus_masks/851e40a21f81_fundus_mask.png,94.71926420024437,10.601179245380816,0.0,214.0,0.0007140985780627989,123.29303429296127,9.19423819564164,1.0,222.0,0.0006167214992360536,19.72828386529856,11.891313546119424,1.2838225364685059,1.0,False,True,False
8564b7aa3c1a.png,preprocessed_green_images/8564b7aa3c1a_green_preprocessed.png,preprocessed_images/8564b7aa3c1a_preprocessed.png,fundus_masks/8564b7aa3c1a_fundus_mask.png,89.62299218548972,14.913293528946548,0.0,226.0,0.0010292621071591671,124.71303871091875,10.766735656190715,4.0,230.0,0.0006595159222675293,19.508212336290473,11.836796740250437,1.373419165611267,1.0,True,True,False
85f99e7e4052.png,preprocessed_green_images/85f99e7e4052_green_preprocessed.png,preprocessed_images/85f99e7e4052_preprocessed.png,fundus_masks/85f99e7e4052_fundus_mask.png,63.560951429025046,22.635397123909573,14.0,255.0,0.00038441532468512155,124.97498164542917,15.054412991941781,3.0,255.0,0.0006352830551128335,9.644957180891105,10.208120523109772,2.0799739360809326,1.0,True,True,False
86410aa13b3e.png,preprocessed_green_images/86410aa13b3e_green_preprocessed.png,preprocessed_images/86410aa13b3e_preprocessed.png,fundus_masks/86410aa13b3e_fundus_mask.png,102.66545730365704,12.077742273572364,0.0,214.0,0.0007909303564397712,122.84641938995298,8.537678810292562,1.0,201.0,0.0007492414943141024,19.810046814943824,11.924018725977529,1.17811918258667,1.0,False,True,False
8650d32f4a9e.png,preprocessed_green_images/8650d32f4a9e_green_preprocessed.png,preprocessed_images/8650d32f4a9e_preprocessed.png,fundus_masks/8650d32f4a9e_fundus_mask.png,78.06611659038656,27.74281202193086,0.0,255.0,0.00011603171533552504,123.7500376028707,21.9979560608057,2.0,255.0,0.00010743677345881949,16.144261910613558,11.518494400655507,1.640709638595581,1.0,True,True,False
8660e1864665.png,preprocessed_green_images/8660e1864665_green_preprocessed.png,preprocessed_images/8660e1864665_preprocessed.png,fundus_masks/8660e1864665_fundus_mask.png,86.35555547833097,15.271537525910786,0.0,214.0,0.0009266949540301385,126.98448944320693,14.525636145279137,1.0,237.0,0.0007367224884539601,21.549130780940576,12.0,1.4174134731292725,1.0,True,True,False
8693ab1fd2be.png,preprocessed_green_images/8693ab1fd2be_green_preprocessed.png,preprocessed_images/8693ab1fd2be_preprocessed.png,fundus_masks/8693ab1fd2be_fundus_mask.png,36.57320448671428,12.138231106516589,0.0,172.0,0.22711635664540442,102.66323924474491,21.821903915657767,7.0,255.0,0.003068382924003412,8.89417494420106,12.0,2.8,1.0,True,True,False
86d58f850a0c.png,preprocessed_green_images/86d58f850a0c_green_preprocessed.png,preprocessed_images/86d58f850a0c_preprocessed.png,fundus_masks/86d58f850a0c_fundus_mask.png,53.69418096096371,28.664773908242864,0.0,255.0,0.1272383367191597,123.79746393967629,32.57008900462767,1.0,255.0,0.01563335319005942,12.629029308946297,12.0,2.3915610313415527,1.0,True,True,False
870f433e8f37.png,preprocessed_green_images/870f433e8f37_green_preprocessed.png,preprocessed_images/870f433e8f37_preprocessed.png,fundus_masks/870f433e8f37_fundus_mask.png,76.1310829944689,18.90482420506463,0.0,209.0,0.0011078484026290766,126.14879810654409,14.078266409699593,1.0,231.0,0.00047429396460930035,19.823326052993494,12.0,1.6200672388076782,1.0,True,True,False
870fbe6eaa68.png,preprocessed_green_images/870fbe6eaa68_green_preprocessed.png,preprocessed_images/870fbe6eaa68_preprocessed.png,fundus_masks/870fbe6eaa68_fundus_mask.png,103.45684303238555,14.135644360253854,0.0,213.0,0.0010777797736662474,123.21087166887824,9.005084551951647,4.0,194.0,0.0008413635652491352,18.666434888103428,11.46657395524137,1.1792575120925903,1.0,False,True,False
87295c5fa1cc.png,preprocessed_green_images/87295c5fa1cc_green_preprocessed.png,preprocessed_images/87295c5fa1cc_preprocessed.png,fundus_masks/87295c5fa1cc_fundus_mask.png,84.51973636005206,22.757574246582255,0.0,254.0,0.0011665381497518634,126.80074877094796,17.671528365834526,1.0,232.0,0.0003593821418477825,23.106834538893786,12.0,1.457371473312378,1.0,True,True,False
874f8c1929f6.png,preprocessed_green_images/874f8c1929f6_green_preprocessed.png,preprocessed_images/874f8c1929f6_preprocessed.png,fundus_masks/874f8c1929f6_fundus_mask.png,89.95589472001556,18.60137628413017,0.0,253.0,0.001443302312758746,124.25274007353197,12.025259134091876,3.0,232.0,0.001050622149014593,19.453622976821247,11.78536966006045,1.386345624923706,1.0,True,True,False
875d2ffcbf47.png,preprocessed_green_images/875d2ffcbf47_green_preprocessed.png,preprocessed_images/875d2ffcbf47_preprocessed.png,fundus_masks/875d2ffcbf47_fundus_mask.png,82.09394189275895,18.32311972839192,0.0,252.0,0.0009149469909825604,125.99421730338484,15.115766445429546,2.0,238.0,0.0005014836039182895,21.261558727915517,12.0,1.518398404121399,1.0,True,True,False
876deb29f000.png,preprocessed_green_images/876deb29f000_green_preprocessed.png,preprocessed_images/876deb29f000_preprocessed.png,fundus_masks/876deb29f000_fundus_mask.png,67.80000989556787,18.373133575286676,0.0,240.0,0.001603624217843471,122.25044801166864,11.619220973188671,1.0,222.0,4.608894624402199e-05,21.831975227537324,12.0,1.7956851720809937,1.0,True,True,False
878e356c8fc9.png,preprocessed_green_images/878e356c8fc9_green_preprocessed.png,preprocessed_images/878e356c8fc9_preprocessed.png,fundus_masks/878e356c8fc9_fundus_mask.png,93.39022605811596,19.54648686224779,0.0,254.0,0.0006723910877406499,125.47428423446127,14.387764603920774,4.0,227.0,0.0004459381307295501,23.581232740235432,12.0,1.3439750671386719,1.0,False,True,False
87a9f4d20f07.png,preprocessed_green_images/87a9f4d20f07_green_preprocessed.png,preprocessed_images/87a9f4d20f07_preprocessed.png,fundus_masks/87a9f4d20f07_fundus_mask.png,89.09564006119294,15.412589389244918,0.0,239.0,0.000646028548198717,125.20615733636747,13.363659338114894,3.0,233.0,0.00045233596732046613,19.697616432404196,11.959434123077862,1.368828296661377,1.0,True,True,False
87b671c6d4c5.png,preprocessed_green_images/87b671c6d4c5_green_preprocessed.png,preprocessed_images/87b671c6d4c5_preprocessed.png,fundus_masks/87b671c6d4c5_fundus_mask.png,100.78601939232149,16.665101055322676,0.0,239.0,0.0010028118056511395,122.87896396933039,10.391626365941601,1.0,208.0,0.0008281583077811025,17.6016546609914,11.04066186439656,1.1723308563232422,1.0,False,True,False
87d46b1cc4e9.png,preprocessed_green_images/87d46b1cc4e9_green_preprocessed.png,preprocessed_images/87d46b1cc4e9_preprocessed.png,fundus_masks/87d46b1cc4e9_fundus_mask.png,24.38627499611618,12.475756964385102,0.0,233.0,0.7106412524154623,77.90137078333201,18.414745501795235,1.0,255.0,0.010525828070873546,29.947610384403493,12.0,2.8,1.0,True,True,False
880edb2cdb69.png,preprocessed_green_images/880edb2cdb69_green_preprocessed.png,preprocessed_images/880edb2cdb69_preprocessed.png,fundus_masks/880edb2cdb69_fundus_mask.png,82.90571273047667,12.707335156724191,0.0,167.0,0.002685915148607568,124.14708989339373,11.332972734571381,1.0,205.0,0.0025279201398659464,21.960938217122422,12.0,1.4631187915802002,1.0,True,True,False
881ec6186e68.png,preprocessed_green_images/881ec6186e68_green_preprocessed.png,preprocessed_images/881ec6186e68_preprocessed.png,fundus_masks/881ec6186e68_fundus_mask.png,91.60579320238256,22.692257155615017,0.0,255.0,0.0010968017493117423,127.61403024155173,17.96640625238196,1.0,255.0,0.0007915542783392681,24.87933204726577,12.0,1.3511892557144165,1.0,False,True,False
883c6a184f16.png,preprocessed_green_images/883c6a184f16_green_preprocessed.png,preprocessed_images/883c6a184f16_preprocessed.png,fundus_masks/883c6a184f16_fundus_mask.png,80.60366419187446,14.785916517583187,0.0,206.0,0.0007048752324465199,125.18848340528935,13.579586624746653,1.0,229.0,0.0005390904327099206,20.109302253551313,12.0,1.526901125907898,1.0,True,True,False
883ddb650967.png,preprocessed_green_images/883ddb650967_green_preprocessed.png,preprocessed_images/883ddb650967_preprocessed.png,fundus_masks/883ddb650967_fundus_mask.png,89.9476458806683,13.441032067213625,0.0,202.0,0.000681159386654846,126.94799632382805,12.893646434734343,2.0,218.0,0.0005047773989690937,20.899136001220135,12.0,1.3719466924667358,1.0,True,True,False
8846b09384a4.png,preprocessed_green_images/8846b09384a4_green_preprocessed.png,preprocessed_images/8846b09384a4_preprocessed.png,fundus_masks/8846b09384a4_fundus_mask.png,41.12493959882423,17.95171291720885,12.0,255.0,0.1286904542102556,115.9164179451811,17.085434927833287,1.0,255.0,0.0034397660045826957,9.019530290851515,11.952261929778453,2.8,1.0,True,True,False
885fa5fc5da8.png,preprocessed_green_images/885fa5fc5da8_green_preprocessed.png,preprocessed_images/885fa5fc5da8_preprocessed.png,fundus_masks/885fa5fc5da8_fundus_mask.png,79.45311200339201,16.02396046631881,0.0,252.0,0.000810930415219542,125.57136882737144,14.745850884025629,1.0,255.0,0.0007008755731540328,19.601742305924354,12.0,1.5549037456512451,1.0,True,True,False
88e4399d207c.png,preprocessed_green_images/88e4399d207c_green_preprocessed.png,preprocessed_images/88e4399d207c_preprocessed.png,fundus_masks/88e4399d207c_fundus_mask.png,86.20896687924105,18.175464131251513,0.0,239.0,0.0006149804598661431,126.77793751798528,15.983666736758318,2.0,239.0,0.0004177225765128519,21.314602427712867,12.0,1.4477689266204834,1.0,True,True,False
88e5051f65bd.png,preprocessed_green_images/88e5051f65bd_green_preprocessed.png,preprocessed_images/88e5051f65bd_preprocessed.png,fundus_masks/88e5051f65bd_fundus_mask.png,67.48831849731489,18.92470639175583,0.0,248.0,0.0001584253870589478,123.18428189969642,13.36135116455266,3.0,255.0,0.00015707132392169182,22.01379917258934,12.0,1.9258087873458862,1.0,True,True,False
8906c9ed54a2.png,preprocessed_green_images/8906c9ed54a2_green_preprocessed.png,preprocessed_images/8906c9ed54a2_preprocessed.png,fundus_masks/8906c9ed54a2_fundus_mask.png,92.97009133468583,16.853915634911754,0.0,255.0,3.4442982681257886e-05,124.54200828252431,12.63096433343033,22.0,239.0,7.428878617526211e-06,19.724527843268014,11.889811137307206,1.3045859336853027,1.0,False,True,False
891329021e12.png,preprocessed_green_images/891329021e12_green_preprocessed.png,preprocessed_images/891329021e12_preprocessed.png,fundus_masks/891329021e12_fundus_mask.png,93.41539852675224,17.448928123853275,0.0,253.0,0.000848521993086461,124.15872468653438,13.353898636712835,3.0,233.0,0.0007080689682390441,20.44464893556004,12.0,1.3309030532836914,1.0,False,True,False
894a37fc3738.png,preprocessed_green_images/894a37fc3738_green_preprocessed.png,preprocessed_images/894a37fc3738_preprocessed.png,fundus_masks/894a37fc3738_fundus_mask.png,36.25568536259519,16.903089219327374,0.0,238.0,0.30795957558715564,103.39691801906243,19.603300579442582,3.0,255.0,0.0028662952759811525,26.29516805754604,12.0,2.8,1.0,True,True,False
895fe2bfc5b6.png,preprocessed_green_images/895fe2bfc5b6_green_preprocessed.png,preprocessed_images/895fe2bfc5b6_preprocessed.png,fundus_masks/895fe2bfc5b6_fundus_mask.png,105.98363053695381,20.012008800088726,0.0,255.0,2.23063253303195e-05,123.32336195527785,10.446854575972909,4.0,214.0,2.23063253303195e-05,19.044970485184205,11.617988194073682,1.1389577388763428,1.0,False,True,False
896ad584a841.png,preprocessed_green_images/896ad584a841_green_preprocessed.png,preprocessed_images/896ad584a841_preprocessed.png,fundus_masks/896ad584a841_fundus_mask.png,90.38059094480126,14.495805283190698,0.0,225.0,0.0014902629596761224,121.32373417318753,11.51255138398743,1.0,217.0,0.0016383636264762338,22.099355733320056,12.0,1.345478892326355,1.0,False,True,False
898f0bc8acfa.png,preprocessed_green_images/898f0bc8acfa_green_preprocessed.png,preprocessed_images/898f0bc8acfa_preprocessed.png,fundus_masks/898f0bc8acfa_fundus_mask.png,84.07069840221341,18.496569351813633,0.0,248.0,1.5566372304310397e-05,122.67320296383728,10.099008451931589,2.0,189.0,1.4212774712631232e-05,21.009921737297535,12.0,1.4444217681884766,1.0,True,True,False
8a3eb86ae4bd.png,preprocessed_green_images/8a3eb86ae4bd_green_preprocessed.png,preprocessed_images/8a3eb86ae4bd_preprocessed.png,fundus_masks/8a3eb86ae4bd_fundus_mask.png,116.24559661088455,19.49441481336936,0.0,255.0,2.7719784083164762e-05,123.1393182826174,10.223268418617135,15.0,219.0,1.690230736778339e-05,19.01827562921989,11.607310251687956,1.023423433303833,1.0,False,True,False
8a482c024fc2.png,preprocessed_green_images/8a482c024fc2_green_preprocessed.png,preprocessed_images/8a482c024fc2_preprocessed.png,fundus_masks/8a482c024fc2_fundus_mask.png,76.3307368897188,14.981503513229562,0.0,240.0,0.0008524654809471065,124.66328077429381,14.257966307026914,1.0,255.0,0.0005764290394975673,19.892050639163,12.0,1.6145715713500977,1.0,True,True,False
8a7765e785fb.png,preprocessed_green_images/8a7765e785fb_green_preprocessed.png,preprocessed_images/8a7765e785fb_preprocessed.png,fundus_masks/8a7765e785fb_fundus_mask.png,96.72930306437362,17.53451417477561,0.0,255.0,1.8265284999330273e-05,122.94544024072293,11.071828207555509,2.0,224.0,2.30007292584159e-05,20.29369819428887,12.0,1.2650924921035767,1.0,False,True,False
8a81f62320d6.png,preprocessed_green_images/8a81f62320d6_green_preprocessed.png,preprocessed_images/8a81f62320d6_preprocessed.png,fundus_masks/8a81f62320d6_fundus_mask.png,89.45078169129255,19.072356580707947,0.0,253.0,0.0007202764191243248,125.51258859921894,15.29307958793089,1.0,237.0,0.0006274871863868916,21.46441560638935,12.0,1.37026047706604,1.0,True,True,False
8a87dd2a784e.png,preprocessed_green_images/8a87dd2a784e_green_preprocessed.png,preprocessed_images/8a87dd2a784e_preprocessed.png,fundus_masks/8a87dd2a784e_fundus_mask.png,76.51841760928326,20.69899145603926,0.0,220.0,3.44334831189849e-05,121.14302808050549,13.59974656607697,11.0,255.0,3.012929772911179e-05,12.172110783471874,10.067207192563572,1.5870022773742676,1.0,True,True,False
8a8a251770cd.png,preprocessed_green_images/8a8a251770cd_green_preprocessed.png,preprocessed_images/8a8a251770cd_preprocessed.png,fundus_masks/8a8a251770cd_fundus_mask.png,91.67713322750991,13.42086776865174,0.0,236.0,0.0008197262253344032,123.67930642825138,10.440433264799118,1.0,234.0,0.0007027878796299191,21.568208108133373,12.0,1.3512099981307983,1.0,False,True,False
8aa3c4681542.png,preprocessed_green_images/8aa3c4681542_green_preprocessed.png,preprocessed_images/8aa3c4681542_preprocessed.png,fundus_masks/8aa3c4681542_fundus_mask.png,83.75321448241876,14.660862628321826,0.0,224.0,0.0010690784705916457,125.25088442473259,14.042063181050665,1.0,244.0,0.0009461692321071398,20.175466815170797,12.0,1.4340306520462036,1.0,True,True,False
8ab3faa3701f.png,preprocessed_green_images/8ab3faa3701f_green_preprocessed.png,preprocessed_images/8ab3faa3701f_preprocessed.png,fundus_masks/8ab3faa3701f_fundus_mask.png,92.86383596706138,31.06535248861292,0.0,255.0,5.2760239883224006e-05,125.31396874699841,14.50378393550135,23.0,222.0,0.00010552047976644801,20.43881354157105,12.0,1.3835877180099487,1.0,False,True,False
8acdf12f412a.png,preprocessed_green_images/8acdf12f412a_green_preprocessed.png,preprocessed_images/8acdf12f412a_preprocessed.png,fundus_masks/8acdf12f412a_fundus_mask.png,86.80711838139936,14.768344238995905,0.0,252.0,0.0005718740067604092,125.46331306447908,14.489028352097952,2.0,255.0,0.000591593800096975,22.076263585458573,12.0,1.4094661474227905,1.0,True,True,False
8af50c9d0a86.png,preprocessed_green_images/8af50c9d0a86_green_preprocessed.png,preprocessed_images/8af50c9d0a86_preprocessed.png,fundus_masks/8af50c9d0a86_fundus_mask.png,73.44176595548167,27.284199372099785,0.0,223.0,0.01821119995109482,126.0474685920424,20.19325679390912,3.0,255.0,0.0014259581528459693,19.04904272781527,12.0,1.711551308631897,1.0,True,True,False
8b079e79035f.png,preprocessed_green_images/8b079e79035f_green_preprocessed.png,preprocessed_images/8b079e79035f_preprocessed.png,fundus_masks/8b079e79035f_fundus_mask.png,78.53605398576975,5.441475074977851,0.0,150.0,0.0005561593193260138,121.75278776310168,5.242337755823728,2.0,180.0,0.0004748834271489346,16.350768092514972,11.559324660493122,1.5339512825012207,1.0,True,True,False
8b568d47a1fd.png,preprocessed_green_images/8b568d47a1fd_green_preprocessed.png,preprocessed_images/8b568d47a1fd_preprocessed.png,fundus_masks/8b568d47a1fd_fundus_mask.png,82.49412465328386,13.860468711382152,0.0,195.0,0.0010323277310340193,125.16582705556031,11.485821903446254,3.0,219.0,0.0006256531703236481,20.47521134624425,12.0,1.4804413318634033,1.0,True,True,False
8b58f9a338e8.png,preprocessed_green_images/8b58f9a338e8_green_preprocessed.png,preprocessed_images/8b58f9a338e8_preprocessed.png,fundus_masks/8b58f9a338e8_fundus_mask.png,89.98450914119572,22.95507014946181,0.0,216.0,5.153598715036054e-05,122.70647678518512,14.610533183390046,1.0,255.0,7.300931512967743e-05,13.038450594135572,9.216757202881276,1.475264310836792,1.0,True,True,False
8b8fe3fc8950.png,preprocessed_green_images/8b8fe3fc8950_green_preprocessed.png,preprocessed_images/8b8fe3fc8950_preprocessed.png,fundus_masks/8b8fe3fc8950_fundus_mask.png,49.610960933443295,17.69953939163804,0.0,247.0,0.06391205188511154,123.88875907429467,22.83279124020559,1.0,255.0,0.0023137542380646933,9.559066176399572,11.413763276475981,2.4803202152252197,1.0,True,True,False
8be6629a6039.png,preprocessed_green_images/8be6629a6039_green_preprocessed.png,preprocessed_images/8be6629a6039_preprocessed.png,fundus_masks/8be6629a6039_fundus_mask.png,84.88294419774415,35.99489724890319,5.0,255.0,0.08549457074617632,126.50989470040238,18.92280108477339,9.0,227.0,0.000574558133142829,9.223127398363708,8.144100363990447,1.4113613367080688,1.0,True,True,False
8bf05909e1e1.png,preprocessed_green_images/8bf05909e1e1_green_preprocessed.png,preprocessed_images/8bf05909e1e1_preprocessed.png,fundus_masks/8bf05909e1e1_fundus_mask.png,84.39493300348526,18.57351012995705,0.0,210.0,0.0005545260720256129,126.60289539336475,13.087916239343647,6.0,227.0,0.0001999548938960281,22.17505422622472,12.0,1.457568883895874,1.0,True,True,False
8bf2d925dc0c.png,preprocessed_green_images/8bf2d925dc0c_green_preprocessed.png,preprocessed_images/8bf2d925dc0c_preprocessed.png,fundus_masks/8bf2d925dc0c_fundus_mask.png,107.17768520846052,12.977992832893863,0.0,255.0,0.0006869333234482895,122.7623025356296,9.256693454263425,4.0,220.0,0.0005409744722602887,19.756292540856858,11.902517016342744,1.1371787786483765,1.0,False,True,False
8c29a76fa08c.png,preprocessed_green_images/8c29a76fa08c_green_preprocessed.png,preprocessed_images/8c29a76fa08c_preprocessed.png,fundus_masks/8c29a76fa08c_fundus_mask.png,79.73724717288188,16.185782063352402,0.0,224.0,0.0011913395398653439,124.07130109314078,12.377387639183993,1.0,244.0,0.0009993372450909292,21.119130260792076,12.0,1.4803111553192139,1.0,True,True,False
8c4ceddeb1c6.png,preprocessed_green_images/8c4ceddeb1c6_green_preprocessed.png,preprocessed_images/8c4ceddeb1c6_preprocessed.png,fundus_masks/8c4ceddeb1c6_fundus_mask.png,65.01248454413842,16.079752326656397,0.0,249.0,0.0007895524470031541,123.3832539040863,11.786871663535203,10.0,255.0,1.1511485076375318e-05,22.493342136280003,12.0,1.8830116987228394,1.0,True,True,False
8c84e96d9b01.png,preprocessed_green_images/8c84e96d9b01_green_preprocessed.png,preprocessed_images/8c84e96d9b01_preprocessed.png,fundus_masks/8c84e96d9b01_fundus_mask.png,78.36996905600456,50.80853362200573,0.0,255.0,0.07606471773783106,124.23411321023595,31.1619253275734,1.0,255.0,0.009105067079253272,14.482882585101343,10.826933562395688,1.8852555751800537,1.0,True,True,False
8ceff4c4c860.png,preprocessed_green_images/8ceff4c4c860_green_preprocessed.png,preprocessed_images/8ceff4c4c860_preprocessed.png,fundus_masks/8ceff4c4c860_fundus_mask.png,84.75203670115798,16.124141759900603,0.0,187.0,0.0010238520464300688,126.38829936321962,12.63290041209559,1.0,214.0,0.000809584367030111,20.202378660708746,12.0,1.4100873470306396,1.0,True,True,False
8d13c46e7d75.png,preprocessed_green_images/8d13c46e7d75_green_preprocessed.png,preprocessed_images/8d13c46e7d75_preprocessed.png,fundus_masks/8d13c46e7d75_fundus_mask.png,78.85590215288727,13.392753026055999,0.0,183.0,0.0007489010312773581,126.46959577921702,12.194687120802977,1.0,228.0,0.0005608049583053705,18.824875153801646,12.0,1.5269769430160522,1.0,True,True,False
8d4d14a4ab07.png,preprocessed_green_images/8d4d14a4ab07_green_preprocessed.png,preprocessed_images/8d4d14a4ab07_preprocessed.png,fundus_masks/8d4d14a4ab07_fundus_mask.png,83.97831016613145,13.729032272682062,0.0,159.0,0.000787182489537081,125.91574364979074,12.9969726245531,3.0,197.0,0.0005738664688083286,20.08257978146132,12.0,1.4504562616348267,1.0,True,True,False
8d4ff745a409.png,preprocessed_green_images/8d4ff745a409_green_preprocessed.png,preprocessed_images/8d4ff745a409_preprocessed.png,fundus_masks/8d4ff745a409_fundus_mask.png,95.76263676402411,14.909720816558767,0.0,222.0,0.0008611497450162262,126.81005447380622,14.175638100312904,4.0,230.0,0.0007000463606861381,21.22566616224353,12.0,1.2752832174301147,1.0,False,True,False
8d9516ea3587.png,preprocessed_green_images/8d9516ea3587_green_preprocessed.png,preprocessed_images/8d9516ea3587_preprocessed.png,fundus_masks/8d9516ea3587_fundus_mask.png,84.85196907398297,17.405342358848348,0.0,221.0,0.0009768797393749826,123.77439066836209,13.71339325982129,1.0,221.0,0.000900307218236326,21.304535652119366,12.0,1.4570989608764648,1.0,True,True,False
8dafa62f9322.png,preprocessed_green_images/8dafa62f9322_green_preprocessed.png,preprocessed_images/8dafa62f9322_preprocessed.png,fundus_masks/8dafa62f9322_fundus_mask.png,90.50847589578174,18.127229371032396,0.0,254.0,0.0006936883654401436,125.13602334139344,12.89037051915762,5.0,229.0,0.0004287621555233048,21.425735871706905,12.0,1.3648290634155273,1.0,False,True,False
8e2a3978c244.png,preprocessed_green_images/8e2a3978c244_green_preprocessed.png,preprocessed_images/8e2a3978c244_preprocessed.png,fundus_masks/8e2a3978c244_fundus_mask.png,87.67650646414285,21.032942291972574,0.0,253.0,0.0010180300307264189,126.76418690938605,17.688630604576588,1.0,235.0,0.0010632500434807814,19.879587383923216,12.0,1.4233407974243164,1.0,True,True,False
8e4a354e3da2.png,preprocessed_green_images/8e4a354e3da2_green_preprocessed.png,preprocessed_images/8e4a354e3da2_preprocessed.png,fundus_masks/8e4a354e3da2_fundus_mask.png,93.67635707469795,24.580019731165958,0.0,248.0,3.174009320782265e-05,123.06859034142211,10.20244964527574,1.0,216.0,3.0389450943659983e-05,19.995349695187947,11.998139878075179,1.3293246030807495,1.0,False,True,False
8e67f2d7e0ee.png,preprocessed_green_images/8e67f2d7e0ee_green_preprocessed.png,preprocessed_images/8e67f2d7e0ee_preprocessed.png,fundus_masks/8e67f2d7e0ee_fundus_mask.png,74.31236226390584,17.264579837650746,0.0,244.0,0.0007040489192211154,124.43965941198577,14.753915919220747,2.0,250.0,0.000570662385925517,21.62781734104817,12.0,1.6434165239334106,1.0,True,True,False
8e6df9eedcd8.png,preprocessed_green_images/8e6df9eedcd8_green_preprocessed.png,preprocessed_images/8e6df9eedcd8_preprocessed.png,fundus_masks/8e6df9eedcd8_fundus_mask.png,78.40342278580384,26.076107277874655,13.0,255.0,0.0009688080178665458,127.52223132936318,19.727517401230298,6.0,243.0,0.0010209392202749198,11.131461212263599,9.483391348389542,1.559549331665039,1.0,True,True,False
8e76054f0831.png,preprocessed_green_images/8e76054f0831_green_preprocessed.png,preprocessed_images/8e76054f0831_preprocessed.png,fundus_masks/8e76054f0831_fundus_mask.png,91.7197906827151,17.361641403854005,0.0,224.0,0.000804353243200955,124.873871848216,12.590033923771392,1.0,220.0,0.0007069963665022803,19.402795591926708,11.761118236770683,1.3186545372009277,1.0,False,True,False
8e7981855125.png,preprocessed_green_images/8e7981855125_green_preprocessed.png,preprocessed_images/8e7981855125_preprocessed.png,fundus_masks/8e7981855125_fundus_mask.png,48.80268668624913,14.067400875156519,13.0,229.0,0.0728244349852912,125.93922238036241,16.111932290745738,1.0,255.0,0.0006458000613542974,9.076457099077777,11.292566245297856,2.457576274871826,1.0,True,True,False
8ead17dfb6a6.png,preprocessed_green_images/8ead17dfb6a6_green_preprocessed.png,preprocessed_images/8ead17dfb6a6_preprocessed.png,fundus_masks/8ead17dfb6a6_fundus_mask.png,83.38419105844633,27.51899718889346,0.0,244.0,0.002194466052684757,124.18131344909644,12.428970778825027,6.0,255.0,1.419272778145362e-05,20.67080674174471,12.0,1.4891074895858765,1.0,True,True,False
8ead8f37423c.png,preprocessed_green_images/8ead8f37423c_green_preprocessed.png,preprocessed_images/8ead8f37423c_preprocessed.png,fundus_masks/8ead8f37423c_fundus_mask.png,110.52940446160665,10.754078601705567,0.0,225.0,0.0007135878734153127,121.84252101893387,7.549428434376981,1.0,205.0,0.0007066260405039439,17.792240118036567,11.116896047214627,1.0998146533966064,1.0,False,True,False
8ed586c43023.png,preprocessed_green_images/8ed586c43023_green_preprocessed.png,preprocessed_images/8ed586c43023_preprocessed.png,fundus_masks/8ed586c43023_fundus_mask.png,80.94908838134451,13.304874819133222,0.0,196.0,0.0007566359409034837,125.64448439090226,13.071244539741581,4.0,236.0,0.0005361438722352906,19.893319310314993,12.0,1.4991743564605713,1.0,True,True,False
8ee50c26fc13.png,preprocessed_green_images/8ee50c26fc13_green_preprocessed.png,preprocessed_images/8ee50c26fc13_preprocessed.png,fundus_masks/8ee50c26fc13_fundus_mask.png,69.05392572202749,24.278632635788757,0.0,255.0,0.001733296058149287,123.03963785725038,18.846249538982228,4.0,255.0,3.4407862196511904e-05,16.539724419122994,12.0,1.8193646669387817,1.0,True,True,False
8f06ca4642bd.png,preprocessed_green_images/8f06ca4642bd_green_preprocessed.png,preprocessed_images/8f06ca4642bd_preprocessed.png,fundus_masks/8f06ca4642bd_fundus_mask.png,91.49125415803543,21.527203712079984,1.0,255.0,5.1572532469206903e-05,122.4393163201279,17.299937629224477,3.0,255.0,6.016795454740805e-05,12.62086289916141,9.048345159664564,1.3615621328353882,1.0,False,True,False
8f10e41a2f02.png,preprocessed_green_images/8f10e41a2f02_green_preprocessed.png,preprocessed_images/8f10e41a2f02_preprocessed.png,fundus_masks/8f10e41a2f02_fundus_mask.png,104.1978047188975,13.608485494960293,0.0,217.0,0.0022838209558153854,122.72378102065238,9.985806233738678,1.0,202.0,0.0020855285760070833,20.52009273575533,12.0,1.161241054534912,1.0,False,True,False
8f14bca04b47.png,preprocessed_green_images/8f14bca04b47_green_preprocessed.png,preprocessed_images/8f14bca04b47_preprocessed.png,fundus_masks/8f14bca04b47_fundus_mask.png,90.3430997707592,19.188855457735034,0.0,255.0,2.229574563391872e-05,122.81984159210542,10.316897451204737,1.0,230.0,2.8376403534078373e-05,20.13048739942447,12.0,1.336859941482544,1.0,False,True,False
8f9819752ca0.png,preprocessed_green_images/8f9819752ca0_green_preprocessed.png,preprocessed_images/8f9819752ca0_preprocessed.png,fundus_masks/8f9819752ca0_fundus_mask.png,77.7492136146555,20.223890622500456,0.0,251.0,0.0011657894217382571,128.13189908722404,16.580458090645884,3.0,255.0,0.0004540076333661937,21.183966375094297,12.0,1.575322151184082,1.0,True,True,False
8fbb2ca39911.png,preprocessed_green_images/8fbb2ca39911_green_preprocessed.png,preprocessed_images/8fbb2ca39911_preprocessed.png,fundus_masks/8fbb2ca39911_fundus_mask.png,37.13003519157267,17.694853629630778,0.0,160.0,0.40607229421086977,102.373033000839,23.175378186956255,1.0,239.0,0.00910552810664678,20.823948841182872,12.0,2.8,1.0,True,True,False
8ffa608170d3.png,preprocessed_green_images/8ffa608170d3_green_preprocessed.png,preprocessed_images/8ffa608170d3_preprocessed.png,fundus_masks/8ffa608170d3_fundus_mask.png,46.237215992260985,25.3235428823491,0.0,255.0,0.08490510800249482,119.86482186270891,29.230817662144446,1.0,255.0,0.009149345111566513,9.035056261668576,11.504047749799787,2.8,1.0,True,True,False
901a3552fe26.png,preprocessed_green_images/901a3552fe26_green_preprocessed.png,preprocessed_images/901a3552fe26_preprocessed.png,fundus_masks/901a3552fe26_fundus_mask.png,74.844946571683,14.168715900435554,0.0,188.0,0.000772206144256456,125.93014896853666,13.750449862040876,1.0,245.0,0.0005658207183140397,22.83582071479703,12.0,1.6286413669586182,1.0,True,True,False
902dc5a91a3f.png,preprocessed_green_images/902dc5a91a3f_green_preprocessed.png,preprocessed_images/902dc5a91a3f_preprocessed.png,fundus_masks/902dc5a91a3f_fundus_mask.png,94.28691184079695,19.21556362349249,0.0,240.0,0.0008068035416013141,126.71642533941889,15.854146113621088,1.0,234.0,0.0007963857053396041,22.409442928893455,12.0,1.2991429567337036,1.0,False,True,False
9039cbfcbb2f.png,preprocessed_green_images/9039cbfcbb2f_green_preprocessed.png,preprocessed_images/9039cbfcbb2f_preprocessed.png,fundus_masks/9039cbfcbb2f_fundus_mask.png,35.40856220367381,11.184626198224866,0.0,128.0,0.3591893584840321,96.37020721826413,18.511907235163402,5.0,243.0,0.001077086823892485,7.9368566187480205,12.0,2.8,1.0,True,True,False
904b03ad5594.png,preprocessed_green_images/904b03ad5594_green_preprocessed.png,preprocessed_images/904b03ad5594_preprocessed.png,fundus_masks/904b03ad5594_fundus_mask.png,35.704275132511356,11.847724090809969,4.0,129.0,0.3617304638281751,106.0504432909947,11.840228886472763,7.0,225.0,0.0004182407731684013,8.454585828245698,12.0,2.8,1.0,True,True,False
906d02fb822d.png,preprocessed_green_images/906d02fb822d_green_preprocessed.png,preprocessed_images/906d02fb822d_preprocessed.png,fundus_masks/906d02fb822d_fundus_mask.png,85.868900369658,23.647099214109122,0.0,255.0,5.123744178937266e-05,122.1917411576553,15.185393443620159,1.0,224.0,0.00029763772365287266,12.625482621169175,9.417401904498071,1.4577499628067017,1.0,True,True,False
9095d43fb132.png,preprocessed_green_images/9095d43fb132_green_preprocessed.png,preprocessed_images/9095d43fb132_preprocessed.png,fundus_masks/9095d43fb132_fundus_mask.png,69.64228748748693,24.565153201514974,5.0,255.0,0.09213852308317264,124.91074815287517,17.715120761938884,4.0,255.0,0.0004825369519364975,9.779866836038183,9.72152117997199,1.6895248889923096,1.0,True,True,False
90960ddf4d14.png,preprocessed_green_images/90960ddf4d14_green_preprocessed.png,preprocessed_images/90960ddf4d14_preprocessed.png,fundus_masks/90960ddf4d14_fundus_mask.png,57.54308273443955,13.748329263291975,0.0,247.0,0.017927839935907124,123.6344577828176,14.459138918599221,7.0,255.0,1.3556022635846597e-05,24.073408927699898,12.0,2.0538227558135986,1.0,True,True,False
90a786abe58e.png,preprocessed_green_images/90a786abe58e_green_preprocessed.png,preprocessed_images/90a786abe58e_preprocessed.png,fundus_masks/90a786abe58e_fundus_mask.png,80.39450655365226,19.125034341918184,0.0,254.0,0.0010218153518187965,126.47243824164251,17.551642108885993,1.0,248.0,0.0008513194872133901,21.950715965719038,12.0,1.532760739326477,1.0,True,True,False
90a9a41eec6d.png,preprocessed_green_images/90a9a41eec6d_green_preprocessed.png,preprocessed_images/90a9a41eec6d_preprocessed.png,fundus_masks/90a9a41eec6d_fundus_mask.png,34.65120614007166,16.258822267201847,0.0,219.0,0.38879396178752684,94.55769176901393,24.099104358164304,1.0,255.0,0.009258999895594335,7.918271941432026,12.0,2.8,1.0,True,True,False
90bde2ff8953.png,preprocessed_green_images/90bde2ff8953_green_preprocessed.png,preprocessed_images/90bde2ff8953_preprocessed.png,fundus_masks/90bde2ff8953_fundus_mask.png,85.97985341615482,11.237780762440352,0.0,193.0,0.0008161580749798859,125.47131621720007,12.195879899489803,1.0,221.0,0.0005669052537857446,19.351155905012103,12.0,1.4133198261260986,1.0,True,True,False
9122b31414d3.png,preprocessed_green_images/9122b31414d3_green_preprocessed.png,preprocessed_images/9122b31414d3_preprocessed.png,fundus_masks/9122b31414d3_fundus_mask.png,97.96004431793949,12.321847017135196,0.0,237.0,0.0006860936239650649,122.31640969060886,9.352367191378548,3.0,233.0,0.000523841753432786,21.538751396352957,12.0,1.2311327457427979,1.0,False,True,False
912fbe06407e.png,preprocessed_green_images/912fbe06407e_green_preprocessed.png,preprocessed_images/912fbe06407e_preprocessed.png,fundus_masks/912fbe06407e_fundus_mask.png,82.82270215332329,12.795199380435998,0.0,141.0,0.0011425277297383645,127.12155013346853,13.625453654789816,4.0,181.0,0.0008218791166304346,21.269423855401858,12.0,1.4703984260559082,1.0,True,True,False
916915f01e17.png,preprocessed_green_images/916915f01e17_green_preprocessed.png,preprocessed_images/916915f01e17_preprocessed.png,fundus_masks/916915f01e17_fundus_mask.png,84.57243118877533,17.0404769504215,0.0,253.0,0.0007437169837809364,126.42494433725071,15.213635538094772,2.0,249.0,0.0005337126560674428,20.324322815477274,12.0,1.449540138244629,1.0,True,True,False
91b7a4179ecf.png,preprocessed_green_images/91b7a4179ecf_green_preprocessed.png,preprocessed_images/91b7a4179ecf_preprocessed.png,fundus_masks/91b7a4179ecf_fundus_mask.png,36.29142534040375,19.092615486527624,0.0,221.0,0.4521779217669922,93.38470844731064,26.451669588717568,1.0,255.0,0.013789344458537729,9.340816580860475,12.0,2.8,1.0,True,True,False
91e82fe4e434.png,preprocessed_green_images/91e82fe4e434_green_preprocessed.png,preprocessed_images/91e82fe4e434_preprocessed.png,fundus_masks/91e82fe4e434_fundus_mask.png,102.13407726851439,17.484079380272682,0.0,253.0,0.0014070279658379163,123.76976926361294,13.976423227445618,1.0,223.0,0.0015586074588681525,21.072386117251096,12.0,1.1995757818222046,1.0,False,True,False
91f3c4c1e72b.png,preprocessed_green_images/91f3c4c1e72b_green_preprocessed.png,preprocessed_images/91f3c4c1e72b_preprocessed.png,fundus_masks/91f3c4c1e72b_fundus_mask.png,75.94514077673094,34.638193259129494,8.0,217.0,0.11186082019176216,124.91278523908933,14.260225752959913,3.0,219.0,0.00012814811731795848,11.274173012878505,9.75899002499754,1.4281021356582642,1.0,True,True,False
922586d86cd8.png,preprocessed_green_images/922586d86cd8_green_preprocessed.png,preprocessed_images/922586d86cd8_preprocessed.png,fundus_masks/922586d86cd8_fundus_mask.png,75.72189712687468,18.08540800599597,0.0,230.0,0.0017794421007638127,127.60424603690832,16.507693491593486,5.0,255.0,0.000425114757754279,21.397593315309106,12.0,1.6284970045089722,1.0,True,True,False
9232dc06cfdc.png,preprocessed_green_images/9232dc06cfdc_green_preprocessed.png,preprocessed_images/9232dc06cfdc_preprocessed.png,fundus_masks/9232dc06cfdc_fundus_mask.png,92.21184281955986,20.152614006239762,0.0,255.0,0.001176208571706964,125.78158827596127,15.667104019646889,2.0,233.0,0.0008050184899059497,22.653264723949775,12.0,1.3253463506698608,1.0,False,True,False
92587e494d51.png,preprocessed_green_images/92587e494d51_green_preprocessed.png,preprocessed_images/92587e494d51_preprocessed.png,fundus_masks/92587e494d51_fundus_mask.png,81.96467031328504,15.294869097731514,0.0,244.0,2.0286540624135708e-05,122.9087856273917,9.617842587006283,1.0,245.0,2.434384874896285e-05,20.697625426698938,12.0,1.4341380596160889,1.0,True,True,False
9274e75dc4d5.png,preprocessed_green_images/9274e75dc4d5_green_preprocessed.png,preprocessed_images/9274e75dc4d5_preprocessed.png,fundus_masks/9274e75dc4d5_fundus_mask.png,90.11407571206053,14.209389016164877,0.0,244.0,0.0010558058893339268,126.2380303367453,12.606607236548006,3.0,236.0,0.000848353360035603,20.100265595376502,12.0,1.3622103929519653,1.0,False,True,False
9287e57326d0.png,preprocessed_green_images/9287e57326d0_green_preprocessed.png,preprocessed_images/9287e57326d0_preprocessed.png,fundus_masks/9287e57326d0_fundus_mask.png,101.3703237598795,26.53057331420161,0.0,255.0,2.2339939411376444e-05,122.65067578316719,12.979426084754275,7.0,220.0,1.624722866281923e-05,19.72624376011121,11.890497504044484,1.262620449066162,1.0,False,True,False
92889b863ae6.png,preprocessed_green_images/92889b863ae6_green_preprocessed.png,preprocessed_images/92889b863ae6_preprocessed.png,fundus_masks/92889b863ae6_fundus_mask.png,110.28721043558869,35.448029775885345,6.0,255.0,0.09186060908129867,122.9066711322893,12.462485415421929,20.0,203.0,3.4523919123552774e-05,10.628008177141997,8.251203270856799,0.9942193031311035,1.0,False,True,False
92e3d608fd3c.png,preprocessed_green_images/92e3d608fd3c_green_preprocessed.png,preprocessed_images/92e3d608fd3c_preprocessed.png,fundus_masks/92e3d608fd3c_fundus_mask.png,81.3078362470045,16.63776997467394,0.0,179.0,0.0008416971675615013,128.4625404182748,16.790451077989914,6.0,216.0,0.00033273703455943647,22.00177269814849,12.0,1.512948751449585,1.0,True,True,False
92fcf50b3562.png,preprocessed_green_images/92fcf50b3562_green_preprocessed.png,preprocessed_images/92fcf50b3562_preprocessed.png,fundus_masks/92fcf50b3562_fundus_mask.png,105.64506826908921,34.75706541641304,0.0,255.0,2.0259893919195438e-05,122.61626005059571,8.634190780861958,1.0,240.0,3.106517067609967e-05,19.532166935401456,11.812866774160582,1.1763770580291748,1.0,False,True,False
930fee99213a.png,preprocessed_green_images/930fee99213a_green_preprocessed.png,preprocessed_images/930fee99213a_preprocessed.png,fundus_masks/930fee99213a_fundus_mask.png,91.9127343950457,17.090595391515652,0.0,238.0,0.0008266449014469769,123.68733898129948,15.388806907414299,1.0,235.0,0.0006571362559255463,22.317022912329193,12.0,1.3372480869293213,1.0,False,True,False
934104859e68.png,preprocessed_green_images/934104859e68_green_preprocessed.png,preprocessed_images/934104859e68_preprocessed.png,fundus_masks/934104859e68_fundus_mask.png,81.24637649207534,15.691315529896222,0.0,176.0,0.0009398899748550422,124.29599456024172,12.3418735038554,1.0,201.0,0.000671847278322308,19.065859785047838,12.0,1.5167584419250488,1.0,True,True,False
93421787f520.png,preprocessed_green_images/93421787f520_green_preprocessed.png,preprocessed_images/93421787f520_preprocessed.png,fundus_masks/93421787f520_fundus_mask.png,83.19686825857323,18.243183524824037,0.0,242.0,0.0005497749758238489,124.7053008536041,12.321567898024647,2.0,243.0,0.00016272409432418358,23.897067595439594,12.0,1.4355450868606567,1.0,True,True,False
936299166bea.png,preprocessed_green_images/936299166bea_green_preprocessed.png,preprocessed_images/936299166bea_preprocessed.png,fundus_masks/936299166bea_fundus_mask.png,90.87740314405978,21.0604846958837,0.0,255.0,4.7246800103083926e-05,122.67368353234258,17.01428902695323,2.0,255.0,6.442745468602353e-05,14.448630456170367,9.779452182468146,1.330155372619629,1.0,False,True,False
937bc1b924b1.png,preprocessed_green_images/937bc1b924b1_green_preprocessed.png,preprocessed_images/937bc1b924b1_preprocessed.png,fundus_masks/937bc1b924b1_fundus_mask.png,100.32628350857526,12.531126117440575,0.0,231.0,0.0017302220219972135,123.56824475113872,10.549065189219528,1.0,210.0,0.0015565049515155656,24.279677893919263,12.0,1.2089201211929321,1.0,False,True,False
93802d1e3c41.png,preprocessed_green_images/93802d1e3c41_green_preprocessed.png,preprocessed_images/93802d1e3c41_preprocessed.png,fundus_masks/93802d1e3c41_fundus_mask.png,92.96481579652531,13.83999049761683,0.0,241.0,0.0007296450491437401,123.18178949798333,10.145074635067179,1.0,225.0,0.0005997241500911186,19.609037750884706,11.843615100353883,1.3066601753234863,1.0,False,True,False
93a1b984de84.png,preprocessed_green_images/93a1b984de84_green_preprocessed.png,preprocessed_images/93a1b984de84_preprocessed.png,fundus_masks/93a1b984de84_fundus_mask.png,83.76176799087943,12.648257393168159,0.0,166.0,0.0005862561174551387,125.90229682633843,11.192482611751993,4.0,201.0,0.00036612042117751745,20.56328230959863,12.0,1.4690089225769043,1.0,True,True,False
93d6d20a5ee3.png,preprocessed_green_images/93d6d20a5ee3_green_preprocessed.png,preprocessed_images/93d6d20a5ee3_preprocessed.png,fundus_masks/93d6d20a5ee3_fundus_mask.png,75.89145145954943,22.283714475656108,0.0,255.0,0.001314605722893667,127.05759739821976,17.483329806241343,3.0,249.0,0.0007032152629095212,20.704356670532036,12.0,1.6326881647109985,1.0,True,True,False
94076a9fb9b5.png,preprocessed_green_images/94076a9fb9b5_green_preprocessed.png,preprocessed_images/94076a9fb9b5_preprocessed.png,fundus_masks/94076a9fb9b5_fundus_mask.png,84.48615703751194,15.993031768077921,0.0,243.0,0.0006492608995109056,125.61186045188094,12.727232691474148,5.0,250.0,0.00035076349132789534,20.525339029219055,12.0,1.453518271446228,1.0,True,True,False
94145d1f42cf.png,preprocessed_green_images/94145d1f42cf_green_preprocessed.png,preprocessed_images/94145d1f42cf_preprocessed.png,fundus_masks/94145d1f42cf_fundus_mask.png,92.5789209630776,29.98474567980716,0.0,255.0,2.975049477101247e-05,122.4978265235127,11.68431783721097,1.0,236.0,2.907434716258037e-05,20.503225171531252,12.0,1.3583955764770508,1.0,False,True,False
941d874c8afb.png,preprocessed_green_images/941d874c8afb_green_preprocessed.png,preprocessed_images/941d874c8afb_preprocessed.png,fundus_masks/941d874c8afb_fundus_mask.png,95.54866825503247,18.804849489458476,0.0,252.0,0.0009616031513672396,123.34931597421186,11.806206214674216,2.0,216.0,0.000769050529983691,21.405761893561433,12.0,1.2955716848373413,1.0,False,True,False
942f544c4e15.png,preprocessed_green_images/942f544c4e15_green_preprocessed.png,preprocessed_images/942f544c4e15_preprocessed.png,fundus_masks/942f544c4e15_fundus_mask.png,89.8982044467943,12.495248515318705,0.0,211.0,0.0006875649302463639,124.45833681173939,11.233759163876108,4.0,226.0,0.0005437908132977145,21.265346613171033,12.0,1.3679622411727905,1.0,True,True,False
946545473380.png,preprocessed_green_images/946545473380_green_preprocessed.png,preprocessed_images/946545473380_preprocessed.png,fundus_masks/946545473380_fundus_mask.png,80.47869990936131,13.666027918867028,0.0,204.0,0.0006417822280868507,125.0542358207327,12.936057922129308,3.0,235.0,0.0005036771916630979,20.55714839077083,12.0,1.4716864824295044,1.0,True,True,False
949710bead24.png,preprocessed_green_images/949710bead24_green_preprocessed.png,preprocessed_images/949710bead24_preprocessed.png,fundus_masks/949710bead24_fundus_mask.png,85.97460454591251,14.849059738286105,0.0,241.0,0.0009345675337955601,124.78494408228826,13.862955879202657,1.0,242.0,0.0008129695275396323,20.751906412522104,12.0,1.4268250465393066,1.0,True,True,False
94b9ccc73bb9.png,preprocessed_green_images/94b9ccc73bb9_green_preprocessed.png,preprocessed_images/94b9ccc73bb9_preprocessed.png,fundus_masks/94b9ccc73bb9_fundus_mask.png,82.65755142354104,16.584630869796143,0.0,187.0,6.011937991153863e-05,121.94012109760811,14.148609306608673,3.0,227.0,6.870786275604414e-05,14.895684860095763,10.610936039723548,1.5166181325912476,1.0,True,True,False
94f9ecf4b8d2.png,preprocessed_green_images/94f9ecf4b8d2_green_preprocessed.png,preprocessed_images/94f9ecf4b8d2_preprocessed.png,fundus_masks/94f9ecf4b8d2_fundus_mask.png,47.31010177916188,20.340731233140392,0.0,233.0,0.10885557646423724,121.6902394369425,26.91851362052396,3.0,255.0,0.002890151331888682,9.138524758205579,11.450067522912287,2.780400514602661,1.0,True,True,False
9519a590985d.png,preprocessed_green_images/9519a590985d_green_preprocessed.png,preprocessed_images/9519a590985d_preprocessed.png,fundus_masks/9519a590985d_fundus_mask.png,83.08465319750637,14.629663797744904,0.0,197.0,0.0011295743416319395,125.2922782298006,12.85193221151008,1.0,219.0,0.0011365255683496746,19.959872206525365,12.0,1.45294189453125,1.0,True,True,False
956765d5f46d.png,preprocessed_green_images/956765d5f46d_green_preprocessed.png,preprocessed_images/956765d5f46d_preprocessed.png,fundus_masks/956765d5f46d_fundus_mask.png,54.66574871788346,15.160425982150786,0.0,238.0,0.0016950662373856275,120.525274557463,22.557421599447547,1.0,255.0,0.0005930186686349117,13.048269900357834,12.0,2.2822344303131104,1.0,True,True,False
958c1fa044ba.png,preprocessed_green_images/958c1fa044ba_green_preprocessed.png,preprocessed_images/958c1fa044ba_preprocessed.png,fundus_masks/958c1fa044ba_fundus_mask.png,88.37559026642836,13.865103638023598,0.0,209.0,0.0006711129347455682,125.28342756732573,11.926417088576885,2.0,232.0,0.000483340403780487,20.350444469836155,12.0,1.3711522817611694,1.0,True,True,False
959bb2d01091.png,preprocessed_green_images/959bb2d01091_green_preprocessed.png,preprocessed_images/959bb2d01091_preprocessed.png,fundus_masks/959bb2d01091_fundus_mask.png,93.34820769138284,17.370576798487885,0.0,224.0,4.2939832706411776e-05,123.07499441782174,14.593594645684716,3.0,246.0,6.440974905961766e-05,17.13367321300262,10.853469285201047,1.2824711799621582,1.0,False,True,False
962c0fc85e13.png,preprocessed_green_images/962c0fc85e13_green_preprocessed.png,preprocessed_images/962c0fc85e13_preprocessed.png,fundus_masks/962c0fc85e13_fundus_mask.png,95.24342309530302,14.793602920359522,0.0,249.0,3.442345438689803e-05,123.5615572360801,12.57337615082255,21.0,254.0,1.0124545407911185e-05,20.758401441517293,12.0,1.2903653383255005,1.0,False,True,False
966c07831334.png,preprocessed_green_images/966c07831334_green_preprocessed.png,preprocessed_images/966c07831334_preprocessed.png,fundus_masks/966c07831334_fundus_mask.png,78.85615907551416,18.44055232272514,0.0,253.0,0.0013047928772019106,126.88887184796084,15.515672749656394,3.0,255.0,0.0005007709083473049,23.088296630393376,12.0,1.5788904428482056,1.0,True,True,False
96793edb1003.png,preprocessed_green_images/96793edb1003_green_preprocessed.png,preprocessed_images/96793edb1003_preprocessed.png,fundus_masks/96793edb1003_fundus_mask.png,51.10714985857115,31.095532203829773,0.0,231.0,0.15523312210236342,120.4725251223977,37.3369481298535,1.0,255.0,0.017982213826165994,13.261093635598726,12.0,2.6071300506591797,1.0,True,True,False
9688c6ef5dc5.png,preprocessed_green_images/9688c6ef5dc5_green_preprocessed.png,preprocessed_images/9688c6ef5dc5_preprocessed.png,fundus_masks/9688c6ef5dc5_fundus_mask.png,89.62603731489682,14.103332354686314,0.0,244.0,0.0007510339776129191,123.12217477152664,10.515214301291138,1.0,244.0,0.0006024522942520943,19.649438171488164,11.893016396159993,1.3274683952331543,1.0,True,True,False
969f92a390db.png,preprocessed_green_images/969f92a390db_green_preprocessed.png,preprocessed_images/969f92a390db_preprocessed.png,fundus_masks/969f92a390db_fundus_mask.png,101.76324750340629,17.527275344461852,0.0,254.0,0.002026422138893194,123.18618794371358,15.08162748603182,1.0,236.0,0.00245437658603388,22.147924872325525,12.0,1.1977111101150513,1.0,False,True,False
96b5474ae604.png,preprocessed_green_images/96b5474ae604_green_preprocessed.png,preprocessed_images/96b5474ae604_preprocessed.png,fundus_masks/96b5474ae604_fundus_mask.png,98.54704488607835,10.337072548797382,0.0,221.0,0.0011708003322666556,122.3040413435975,8.58050770855447,1.0,214.0,0.0010643639384242322,19.86445586299691,11.945782345198763,1.225142002105713,1.0,False,True,False
96c699221180.png,preprocessed_green_images/96c699221180_green_preprocessed.png,preprocessed_images/96c699221180_preprocessed.png,fundus_masks/96c699221180_fundus_mask.png,76.49875774232159,19.95800767410127,0.0,194.0,0.0037651214948926826,127.33429979198866,15.418958160286138,3.0,214.0,0.00013828686971982383,21.91680885762811,12.0,1.5568605661392212,1.0,True,True,False
96ce10a1dbd7.png,preprocessed_green_images/96ce10a1dbd7_green_preprocessed.png,preprocessed_images/96ce10a1dbd7_preprocessed.png,fundus_masks/96ce10a1dbd7_fundus_mask.png,50.55884161187861,14.854570452703848,0.0,152.0,0.04044688919700106,125.44101543750443,19.63242843395626,3.0,247.0,0.0008286486982777356,20.72651181089834,12.0,2.5208451747894287,1.0,True,True,False
96ea316ed0ab.png,preprocessed_green_images/96ea316ed0ab_green_preprocessed.png,preprocessed_images/96ea316ed0ab_preprocessed.png,fundus_masks/96ea316ed0ab_fundus_mask.png,66.123881091358,22.096689698538285,0.0,255.0,0.002443210412893957,125.41812449189396,21.29744351678723,22.0,255.0,0.00032690843552806467,15.841856441942157,12.0,2.014662504196167,1.0,True,True,False
971bb98ab935.png,preprocessed_green_images/971bb98ab935_green_preprocessed.png,preprocessed_images/971bb98ab935_preprocessed.png,fundus_masks/971bb98ab935_fundus_mask.png,96.08634947911072,22.507018810068217,0.0,255.0,6.44399097841263e-05,123.66259263237032,18.886217366746546,22.0,252.0,2.14799699280421e-05,23.241236815754778,12.0,1.2741601467132568,1.0,False,True,False
973b0facfa9b.png,preprocessed_green_images/973b0facfa9b_green_preprocessed.png,preprocessed_images/973b0facfa9b_preprocessed.png,fundus_masks/973b0facfa9b_fundus_mask.png,77.2320197644275,19.186518416637423,0.0,250.0,0.0009963405652115918,128.4295004958505,18.23637405881655,5.0,255.0,0.0005381862890083569,22.008713830736674,12.0,1.6135797500610352,1.0,True,True,False
974c7d7b9c64.png,preprocessed_green_images/974c7d7b9c64_green_preprocessed.png,preprocessed_images/974c7d7b9c64_preprocessed.png,fundus_masks/974c7d7b9c64_fundus_mask.png,97.382450323459,12.794634391839981,0.0,199.0,0.0010998068970627052,124.36858233733277,8.97435590015181,1.0,200.0,0.0009319416338268187,20.09014677530762,12.0,1.2625219821929932,1.0,False,True,False
976082127e2a.png,preprocessed_green_images/976082127e2a_green_preprocessed.png,preprocessed_images/976082127e2a_preprocessed.png,fundus_masks/976082127e2a_fundus_mask.png,91.83688383612136,12.947432887225578,0.0,225.0,0.0007752459781213515,123.20582780719121,9.770711085593314,1.0,228.0,0.0006742783133061456,19.64582790340498,11.858331161361992,1.2958104610443115,1.0,False,True,False
97a235367f9d.png,preprocessed_green_images/97a235367f9d_green_preprocessed.png,preprocessed_images/97a235367f9d_preprocessed.png,fundus_masks/97a235367f9d_fundus_mask.png,45.525424764543075,19.16397324446684,0.0,255.0,0.06441806048168414,118.76638904943896,27.629348335899383,1.0,255.0,0.010057365174017879,10.32615082752473,12.0,2.8,1.0,True,True,False
97c6cb55866d.png,preprocessed_green_images/97c6cb55866d_green_preprocessed.png,preprocessed_images/97c6cb55866d_preprocessed.png,fundus_masks/97c6cb55866d_fundus_mask.png,81.21000307763414,18.184206019992814,12.0,244.0,0.0001044862267657789,125.06548679738762,11.638975522091647,1.0,214.0,6.921938712366066e-05,10.310279853660703,8.905445001230134,1.4462336301803589,1.0,True,True,False
97d02a9b94f7.png,preprocessed_green_images/97d02a9b94f7_green_preprocessed.png,preprocessed_images/97d02a9b94f7_preprocessed.png,fundus_masks/97d02a9b94f7_fundus_mask.png,83.98183702594197,12.897095054150848,0.0,255.0,0.0007222526864206061,125.35955431328608,12.836953188785756,2.0,255.0,0.0005066202631874878,21.45078824702739,12.0,1.4665671586990356,1.0,True,True,False
97f290d31813.png,preprocessed_green_images/97f290d31813_green_preprocessed.png,preprocessed_images/97f290d31813_preprocessed.png,fundus_masks/97f290d31813_fundus_mask.png,78.09929224517293,29.732328256724927,5.0,255.0,0.011285451142764372,125.12862227975434,16.2526813153977,1.0,241.0,0.0006192746358374687,10.110575342199201,9.102070826197643,1.6290608644485474,1.0,True,True,False
97fdee242fea.png,preprocessed_green_images/97fdee242fea_green_preprocessed.png,preprocessed_images/97fdee242fea_preprocessed.png,fundus_masks/97fdee242fea_fundus_mask.png,57.365316038780385,25.892220346704654,0.0,243.0,0.027074493673624703,123.39154803387302,26.200581530246527,1.0,255.0,0.006449822973485475,10.2645079639361,11.006663982127295,2.359933614730835,1.0,True,True,False
98277aeb96a7.png,preprocessed_green_images/98277aeb96a7_green_preprocessed.png,preprocessed_images/98277aeb96a7_preprocessed.png,fundus_masks/98277aeb96a7_fundus_mask.png,85.96385790128589,39.66504967249328,0.0,255.0,3.588077832855149e-05,124.25612579665483,17.426239580503655,2.0,229.0,0.0016044800875220193,21.564555158440513,12.0,1.6290345191955566,1.0,True,True,False
983c98354e9c.png,preprocessed_green_images/983c98354e9c_green_preprocessed.png,preprocessed_images/983c98354e9c_preprocessed.png,fundus_masks/983c98354e9c_fundus_mask.png,75.99924493725209,16.88144032172273,0.0,216.0,0.0009139622816581224,123.66684567027767,14.263686169553987,1.0,223.0,0.000801456772367719,19.801286768900415,12.0,1.6100866794586182,1.0,True,True,False
98441214557f.png,preprocessed_green_images/98441214557f_green_preprocessed.png,preprocessed_images/98441214557f_preprocessed.png,fundus_masks/98441214557f_fundus_mask.png,79.66552048348372,16.704501913832203,0.0,206.0,0.0011987391212106107,126.65364554652186,13.298411919678442,1.0,232.0,0.0005112610758741579,19.815283520857943,12.0,1.540151834487915,1.0,True,True,False
9858cc2ae073.png,preprocessed_green_images/9858cc2ae073_green_preprocessed.png,preprocessed_images/9858cc2ae073_preprocessed.png,fundus_masks/9858cc2ae073_fundus_mask.png,83.16427065168904,23.521725391179615,0.0,255.0,3.4470173161928705e-05,124.23341173608013,16.456611263866204,1.0,247.0,0.001069251253768063,20.614974344402025,12.0,1.5187921524047852,1.0,True,True,False
9870ce41cac4.png,preprocessed_green_images/9870ce41cac4_green_preprocessed.png,preprocessed_images/9870ce41cac4_preprocessed.png,fundus_masks/9870ce41cac4_fundus_mask.png,75.45137382893823,23.637144019483674,0.0,255.0,3.9984168979875084e-05,123.95623427741153,14.58389868106356,7.0,242.0,0.0002676906228313671,21.380728117645244,12.0,1.7044326066970825,1.0,True,True,False
98d41bce73a8.png,preprocessed_green_images/98d41bce73a8_green_preprocessed.png,preprocessed_images/98d41bce73a8_preprocessed.png,fundus_masks/98d41bce73a8_fundus_mask.png,94.18888247258721,27.596303059731135,0.0,255.0,5.544766551804348e-05,123.71450267501177,12.696627545959275,1.0,232.0,0.00013456201753769088,19.694721516801437,11.877888606720575,1.3529887199401855,1.0,False,True,False
98e44127872f.png,preprocessed_green_images/98e44127872f_green_preprocessed.png,preprocessed_images/98e44127872f_preprocessed.png,fundus_masks/98e44127872f_fundus_mask.png,81.33098752764243,17.132657123031706,0.0,200.0,0.0005972972878752137,126.01044340608198,13.821670262301941,3.0,207.0,0.0003253759544845522,17.891482936444643,11.92717206100964,1.5115262269973755,1.0,True,True,False
9910c827e2fe.png,preprocessed_green_images/9910c827e2fe_green_preprocessed.png,preprocessed_images/9910c827e2fe_preprocessed.png,fundus_masks/9910c827e2fe_fundus_mask.png,95.95050211557101,8.081364855735655,0.0,148.0,0.0010537371232398195,122.67977264262466,7.407520014013085,1.0,170.0,0.0008119906262506622,19.12772123216816,11.651088492867263,1.2567709684371948,1.0,False,True,False
991a0b7a8c87.png,preprocessed_green_images/991a0b7a8c87_green_preprocessed.png,preprocessed_images/991a0b7a8c87_preprocessed.png,fundus_masks/991a0b7a8c87_fundus_mask.png,71.69552521234276,21.815125886042043,0.0,255.0,0.00011181593377056231,123.9608515213418,20.64569360858863,15.0,255.0,0.00020642941619180733,16.650499428997765,12.0,1.7781610488891602,1.0,True,True,False
99240ee00485.png,preprocessed_green_images/99240ee00485_green_preprocessed.png,preprocessed_images/99240ee00485_preprocessed.png,fundus_masks/99240ee00485_fundus_mask.png,102.91221687540894,25.208374643600195,0.0,253.0,0.0007099866819491687,124.53485895395295,13.533247764756549,1.0,216.0,0.000468684018803046,20.385097366267566,12.0,1.2197906970977783,1.0,False,True,False
992599744a23.png,preprocessed_green_images/992599744a23_green_preprocessed.png,preprocessed_images/992599744a23_preprocessed.png,fundus_masks/992599744a23_fundus_mask.png,55.74301947895271,21.989892085879617,14.0,255.0,0.08942432636129373,126.2120907959075,17.285911952437658,1.0,255.0,0.0010083413541473823,9.475719890671968,10.83535289147299,2.235151767730713,1.0,True,True,False
992b9a07b25f.png,preprocessed_green_images/992b9a07b25f_green_preprocessed.png,preprocessed_images/992b9a07b25f_preprocessed.png,fundus_masks/992b9a07b25f_fundus_mask.png,51.20389469719311,18.79890431032223,5.0,191.0,0.13209566906147585,122.51388006320359,13.393989153302146,5.0,255.0,0.0002647374832157626,8.972590982925091,11.03757908675287,2.2298247814178467,1.0,True,True,False
996f9bba4ef0.png,preprocessed_green_images/996f9bba4ef0_green_preprocessed.png,preprocessed_images/996f9bba4ef0_preprocessed.png,fundus_masks/996f9bba4ef0_fundus_mask.png,85.98546403970076,17.519012912968766,0.0,198.0,0.0012406488408266054,126.40075040737723,13.120282197852877,1.0,207.0,0.0009293293089400785,20.745008807767633,12.0,1.4497817754745483,1.0,True,True,False
9985375d709f.png,preprocessed_green_images/9985375d709f_green_preprocessed.png,preprocessed_images/9985375d709f_preprocessed.png,fundus_masks/9985375d709f_fundus_mask.png,88.98060358883102,22.984540866750102,0.0,252.0,0.0008024093242525598,127.05503433240476,17.315082760117242,5.0,232.0,0.000542703548768785,21.92259381517703,12.0,1.3970637321472168,1.0,True,True,False
999ad827ed35.png,preprocessed_green_images/999ad827ed35_green_preprocessed.png,preprocessed_images/999ad827ed35_preprocessed.png,fundus_masks/999ad827ed35_fundus_mask.png,90.39773704142561,12.551512260158544,0.0,173.0,0.0005343742013429056,124.47212076856951,10.197833978617512,1.0,201.0,0.0003961339188215887,20.760742949337658,12.0,1.3447072505950928,1.0,False,True,False
99c626e58464.png,preprocessed_green_images/99c626e58464_green_preprocessed.png,preprocessed_images/99c626e58464_preprocessed.png,fundus_masks/99c626e58464_fundus_mask.png,94.97684712360586,22.034033673667192,0.0,255.0,2.4365036984095722e-05,123.82676120301016,13.106951580141732,1.0,227.0,2.9102683064336555e-05,19.91485745951035,11.96594298380414,1.2967379093170166,1.0,False,True,False
99c6a123ed6a.png,preprocessed_green_images/99c6a123ed6a_green_preprocessed.png,preprocessed_images/99c6a123ed6a_preprocessed.png,fundus_masks/99c6a123ed6a_fundus_mask.png,106.01959611086872,10.210448068339836,0.0,210.0,0.0008599049359469197,122.26281495609624,7.628411215211663,1.0,194.0,0.0008159259486441163,17.960487114005772,11.18419484560231,1.1453347206115723,1.0,False,True,False
9a1029536d78.png,preprocessed_green_images/9a1029536d78_green_preprocessed.png,preprocessed_images/9a1029536d78_preprocessed.png,fundus_masks/9a1029536d78_fundus_mask.png,79.94573006781131,21.102302708696406,0.0,252.0,0.0008142925746260866,125.08790067950511,16.424945505515538,1.0,248.0,0.0006878568329818652,21.100083041604893,12.0,1.5582269430160522,1.0,True,True,False
9a159d4674cd.png,preprocessed_green_images/9a159d4674cd_green_preprocessed.png,preprocessed_images/9a159d4674cd_preprocessed.png,fundus_masks/9a159d4674cd_fundus_mask.png,84.77543901852297,17.27651613517451,0.0,212.0,6.443520395889893e-05,122.99669662187704,16.915875292680404,11.0,255.0,3.8661122375339356e-05,19.03220153252319,12.0,1.448100209236145,1.0,True,True,False
9a326446c431.png,preprocessed_green_images/9a326446c431_green_preprocessed.png,preprocessed_images/9a326446c431_preprocessed.png,fundus_masks/9a326446c431_fundus_mask.png,57.28686969403453,11.268801784267154,10.0,223.0,0.00010409224983893093,123.90492915152764,10.686304273787211,4.0,255.0,0.0003214806958183404,9.408236230417117,10.671128297141555,2.185016393661499,1.0,True,True,False
9a56cfb980ec.png,preprocessed_green_images/9a56cfb980ec_green_preprocessed.png,preprocessed_images/9a56cfb980ec_preprocessed.png,fundus_masks/9a56cfb980ec_fundus_mask.png,91.67502548612933,19.339741287759413,0.0,255.0,1.825266556519717e-05,123.76187842913504,13.822186554661533,4.0,237.0,0.00010478382083724301,19.504456073123638,11.801782429249455,1.3541408777236938,1.0,False,True,False
9ab18a4a957f.png,preprocessed_green_images/9ab18a4a957f_green_preprocessed.png,preprocessed_images/9ab18a4a957f_preprocessed.png,fundus_masks/9ab18a4a957f_fundus_mask.png,63.06421087702001,15.728187712479519,0.0,249.0,0.00024919958177809317,122.6014411591031,10.74629836190375,2.0,255.0,2.0315183297127162e-05,22.322594955710013,12.0,1.9339197874069214,1.0,True,True,False
9ac2e3e9fca5.png,preprocessed_green_images/9ac2e3e9fca5_green_preprocessed.png,preprocessed_images/9ac2e3e9fca5_preprocessed.png,fundus_masks/9ac2e3e9fca5_fundus_mask.png,98.5961691755214,13.808923388752277,0.0,255.0,0.0017811349659634797,124.3209261440389,12.510392244105233,2.0,231.0,0.0014996602692697693,22.07262334562215,12.0,1.2395049333572388,1.0,False,True,False
9ac41b9a809e.png,preprocessed_green_images/9ac41b9a809e_green_preprocessed.png,preprocessed_images/9ac41b9a809e_preprocessed.png,fundus_masks/9ac41b9a809e_fundus_mask.png,97.37177674075978,13.728990707425856,0.0,243.0,0.0007227467154983999,124.0296569385422,11.23128775876236,1.0,224.0,0.0006324033760610999,19.629781001820017,11.851912400728008,1.2605564594268799,1.0,False,True,False
9ae54843c69a.png,preprocessed_green_images/9ae54843c69a_green_preprocessed.png,preprocessed_images/9ae54843c69a_preprocessed.png,fundus_masks/9ae54843c69a_fundus_mask.png,47.443049321256446,18.33253655470206,7.0,207.0,0.11301155796286134,124.3046796831375,13.503220832467179,1.0,242.0,0.00046496795449630594,9.066431866170017,11.409412806800766,2.659385919570923,1.0,True,True,False
9b4fc15df3c8.png,preprocessed_green_images/9b4fc15df3c8_green_preprocessed.png,preprocessed_images/9b4fc15df3c8_preprocessed.png,fundus_masks/9b4fc15df3c8_fundus_mask.png,57.736847550566445,16.976433424579238,0.0,145.0,0.0094666597692825,121.71868156501647,19.41941515427946,11.0,255.0,3.017605573086407e-05,12.621040849027306,11.916252112893904,2.1837916374206543,1.0,True,True,False
9b57e43b44e7.png,preprocessed_green_images/9b57e43b44e7_green_preprocessed.png,preprocessed_images/9b57e43b44e7_preprocessed.png,fundus_masks/9b57e43b44e7_fundus_mask.png,59.308331302632645,12.653537885597274,5.0,241.0,0.0010419519773770091,125.83580597142043,13.421719724701019,8.0,255.0,0.00022266550976936714,9.772501110252424,10.637148772755845,2.0062899589538574,1.0,True,True,False
9b70f84400af.png,preprocessed_green_images/9b70f84400af_green_preprocessed.png,preprocessed_images/9b70f84400af_preprocessed.png,fundus_masks/9b70f84400af_fundus_mask.png,49.948989721581626,29.579940077393807,0.0,255.0,0.06870860505724656,123.15117267641055,33.78401060622703,1.0,255.0,0.02215027159664208,8.735024196061435,11.05409948095065,2.704984664916992,1.0,True,True,False
9ba469af2980.png,preprocessed_green_images/9ba469af2980_green_preprocessed.png,preprocessed_images/9ba469af2980_preprocessed.png,fundus_masks/9ba469af2980_fundus_mask.png,59.237547847046805,27.113575412103934,6.0,255.0,0.09422803585612885,124.26459411915937,16.428855770218036,7.0,250.0,0.0006182913304508878,6.142794088830648,9.191557826905877,2.0988757610321045,1.0,True,True,False
9bbb6c455913.png,preprocessed_green_images/9bbb6c455913_green_preprocessed.png,preprocessed_images/9bbb6c455913_preprocessed.png,fundus_masks/9bbb6c455913_fundus_mask.png,77.50897895286137,13.44357092898846,0.0,204.0,0.0009427726561141068,123.563438279121,11.191956637136554,3.0,229.0,0.0006111207746274715,18.05718150613132,12.0,1.5661429166793823,1.0,True,True,False
9bd008aab548.png,preprocessed_green_images/9bd008aab548_green_preprocessed.png,preprocessed_images/9bd008aab548_preprocessed.png,fundus_masks/9bd008aab548_fundus_mask.png,81.15281083679368,13.58536054103599,0.0,206.0,0.0009891643646008884,125.57449253204071,13.444367120167236,5.0,221.0,0.000619675567987676,20.790127881335234,12.0,1.5254931449890137,1.0,True,True,False
9be0683649ff.png,preprocessed_green_images/9be0683649ff_green_preprocessed.png,preprocessed_images/9be0683649ff_preprocessed.png,fundus_masks/9be0683649ff_fundus_mask.png,72.70187200843722,17.969206437974734,0.0,253.0,0.0002075502312123097,125.07630817491008,14.730642957906687,1.0,255.0,6.760593850563833e-05,21.076709321331375,12.0,1.7599775791168213,1.0,True,True,False
9be71d6d7e59.png,preprocessed_green_images/9be71d6d7e59_green_preprocessed.png,preprocessed_images/9be71d6d7e59_preprocessed.png,fundus_masks/9be71d6d7e59_fundus_mask.png,70.7018616201504,17.858126448995474,0.0,200.0,0.0010619551373388311,125.58456733760984,16.07636132355363,5.0,241.0,0.0002209983308810273,20.691815622027658,12.0,1.7166874408721924,1.0,True,True,False
9c14ce27cbfc.png,preprocessed_green_images/9c14ce27cbfc_green_preprocessed.png,preprocessed_images/9c14ce27cbfc_preprocessed.png,fundus_masks/9c14ce27cbfc_fundus_mask.png,83.49357919734383,22.897771031996754,0.0,255.0,1.8272639970114084e-05,123.05263061722947,10.608886411851863,1.0,222.0,3.5868515496890606e-05,21.18108360806934,12.0,1.5476319789886475,1.0,True,True,False
9c514d2d5b3f.png,preprocessed_green_images/9c514d2d5b3f_green_preprocessed.png,preprocessed_images/9c514d2d5b3f_preprocessed.png,fundus_masks/9c514d2d5b3f_fundus_mask.png,85.5615126249379,15.399521220892051,0.0,222.0,0.0006464506724479706,125.48692475174902,12.570098595464005,2.0,228.0,0.0004549527174140116,19.78373043784464,12.0,1.4453372955322266,1.0,True,True,False
9c6512166557.png,preprocessed_green_images/9c6512166557_green_preprocessed.png,preprocessed_images/9c6512166557_preprocessed.png,fundus_masks/9c6512166557_fundus_mask.png,84.36125694972975,24.23104468835334,0.0,255.0,3.8699191186904195e-05,124.93736750901905,23.53533177865972,19.0,255.0,0.0004643902942428503,22.997551911915433,12.0,1.514083981513977,1.0,True,True,False
9c893e16c055.png,preprocessed_green_images/9c893e16c055_green_preprocessed.png,preprocessed_images/9c893e16c055_preprocessed.png,fundus_masks/9c893e16c055_fundus_mask.png,87.94089748267056,10.247560250845657,0.0,204.0,0.001169773515632691,122.72622782786956,10.565406474916669,1.0,229.0,0.0011118639356508747,20.112389296853987,12.0,1.3872690200805664,1.0,True,True,False
9ce46d400cd6.png,preprocessed_green_images/9ce46d400cd6_green_preprocessed.png,preprocessed_images/9ce46d400cd6_preprocessed.png,fundus_masks/9ce46d400cd6_fundus_mask.png,97.61974622992882,11.428975760192676,0.0,232.0,0.0011054158416645497,122.64177451140736,9.450481092857622,3.0,226.0,0.0009488249302010511,20.465137870598404,12.0,1.22817862033844,1.0,False,True,False
9cf7c1349673.png,preprocessed_green_images/9cf7c1349673_green_preprocessed.png,preprocessed_images/9cf7c1349673_preprocessed.png,fundus_masks/9cf7c1349673_fundus_mask.png,59.95512824240169,18.894599980492075,0.0,206.0,0.005728606399618558,126.66532192884014,20.02231207260615,1.0,255.0,0.0008652219166293559,22.955478641264413,12.0,1.9942798614501953,1.0,True,True,False
9d1feed37610.png,preprocessed_green_images/9d1feed37610_green_preprocessed.png,preprocessed_images/9d1feed37610_preprocessed.png,fundus_masks/9d1feed37610_fundus_mask.png,99.08953956330788,13.118910479716176,0.0,240.0,0.0019365401791646302,122.5730391086369,10.523473651925945,1.0,230.0,0.001775932133279258,20.347409915139746,12.0,1.2184112071990967,1.0,False,True,False
9d62478042b6.png,preprocessed_green_images/9d62478042b6_green_preprocessed.png,preprocessed_images/9d62478042b6_preprocessed.png,fundus_masks/9d62478042b6_fundus_mask.png,88.86399198225719,27.112502966458866,13.0,255.0,0.00023795552817143666,126.8203405086639,17.730652187205045,16.0,222.0,0.00031924604470145784,10.793196589732887,8.418257126359183,1.365548014640808,1.0,True,True,False
9d75de31f1b8.png,preprocessed_green_images/9d75de31f1b8_green_preprocessed.png,preprocessed_images/9d75de31f1b8_preprocessed.png,fundus_masks/9d75de31f1b8_fundus_mask.png,88.82698985970273,15.013175053263126,0.0,248.0,0.0011031624762698523,123.69638607213965,12.08926015290949,1.0,242.0,0.000878594249201278,19.944011834601685,12.0,1.379513144493103,1.0,True,True,False
9de9421f17e3.png,preprocessed_green_images/9de9421f17e3_green_preprocessed.png,preprocessed_images/9de9421f17e3_preprocessed.png,fundus_masks/9de9421f17e3_fundus_mask.png,93.22560193866659,10.370277999004488,0.0,194.0,0.0023933300637567433,122.69184432968872,9.292704081395811,1.0,214.0,0.0019098173845310562,20.672941543689493,12.0,1.2952162027359009,1.0,False,True,False
9e2058917304.png,preprocessed_green_images/9e2058917304_green_preprocessed.png,preprocessed_images/9e2058917304_preprocessed.png,fundus_masks/9e2058917304_fundus_mask.png,83.86347648309268,15.78395128834629,0.0,245.0,0.0010814641002706564,126.47466981077282,14.23711413040899,4.0,244.0,0.0006377269506429542,21.020412884525204,12.0,1.4582338333129883,1.0,True,True,False
9e2a8135f471.png,preprocessed_green_images/9e2a8135f471_green_preprocessed.png,preprocessed_images/9e2a8135f471_preprocessed.png,fundus_masks/9e2a8135f471_fundus_mask.png,88.3426975026046,15.397478390069049,0.0,252.0,0.0006821836373381844,125.40316936949061,13.548703844617947,2.0,255.0,0.0005243996667973798,19.383046256229466,11.900534280038045,1.3932013511657715,1.0,True,True,False
9e2ba2b979f1.png,preprocessed_green_images/9e2ba2b979f1_green_preprocessed.png,preprocessed_images/9e2ba2b979f1_preprocessed.png,fundus_masks/9e2ba2b979f1_fundus_mask.png,56.45967031217718,16.421954709698827,0.0,251.0,7.722295418443416e-05,121.87209778864619,15.161478003105046,2.0,255.0,0.0004375967403784602,23.894144730726932,12.0,2.298572063446045,1.0,True,True,False
9e5737f771c3.png,preprocessed_green_images/9e5737f771c3_green_preprocessed.png,preprocessed_images/9e5737f771c3_preprocessed.png,fundus_masks/9e5737f771c3_fundus_mask.png,71.45485547024862,23.26792301774241,0.0,240.0,0.00437435847816982,125.19054813790359,15.45250230913333,3.0,255.0,1.6915539358738668e-05,21.53693259984983,12.0,1.9397257566452026,1.0,True,True,False
9e7a63b2fc6a.png,preprocessed_green_images/9e7a63b2fc6a_green_preprocessed.png,preprocessed_images/9e7a63b2fc6a_preprocessed.png,fundus_masks/9e7a63b2fc6a_fundus_mask.png,73.44241255818564,22.572442809162172,14.0,255.0,0.000874922484937738,127.99352184587156,19.092672583158972,1.0,255.0,0.001013287419272503,10.334713492434117,9.605670947357146,1.674903154373169,1.0,True,True,False
9e99ae6ee7af.png,preprocessed_green_images/9e99ae6ee7af_green_preprocessed.png,preprocessed_images/9e99ae6ee7af_preprocessed.png,fundus_masks/9e99ae6ee7af_fundus_mask.png,71.3868789351114,13.44772983662512,0.0,243.0,2.9778764086539796e-05,125.72364224063543,11.993427221748503,2.0,201.0,2.5041233436408464e-05,20.660924920389565,12.0,1.7377393245697021,1.0,True,True,False
9ed6c2b25767.png,preprocessed_green_images/9ed6c2b25767_green_preprocessed.png,preprocessed_images/9ed6c2b25767_preprocessed.png,fundus_masks/9ed6c2b25767_fundus_mask.png,35.909157187941325,18.421180057101,0.0,189.0,0.40439530745739033,97.91588958963195,28.227900698836947,1.0,255.0,0.012873392100580704,8.407863609422943,12.0,2.8,1.0,True,True,False
9f1b14dfa14c.png,preprocessed_green_images/9f1b14dfa14c_green_preprocessed.png,preprocessed_images/9f1b14dfa14c_preprocessed.png,fundus_masks/9f1b14dfa14c_fundus_mask.png,52.750854636537596,11.071189987426859,0.0,203.0,0.0013502182279460772,122.36372041022554,16.332422608036932,27.0,255.0,1.2900174152351057e-05,13.324760766137635,12.0,2.2960739135742188,1.0,True,True,False
9f285b3e57ed.png,preprocessed_green_images/9f285b3e57ed_green_preprocessed.png,preprocessed_images/9f285b3e57ed_preprocessed.png,fundus_masks/9f285b3e57ed_fundus_mask.png,85.32658242529328,14.431143603735594,0.0,227.0,0.001106465399759918,125.54307270312745,14.438540241505516,1.0,234.0,0.001014839858270365,19.232683250266835,12.0,1.4451780319213867,1.0,True,True,False
9f8112c710be.png,preprocessed_green_images/9f8112c710be_green_preprocessed.png,preprocessed_images/9f8112c710be_preprocessed.png,fundus_masks/9f8112c710be_fundus_mask.png,42.03616583186427,15.928367534095722,0.0,175.0,0.21942944287433191,119.97868922032254,19.37455041725705,5.0,255.0,0.0014165990430086465,19.643156851772396,12.0,2.8,1.0,True,True,False
9f935fb38440.png,preprocessed_green_images/9f935fb38440_green_preprocessed.png,preprocessed_images/9f935fb38440_preprocessed.png,fundus_masks/9f935fb38440_fundus_mask.png,68.92379345374404,10.538899868485318,0.0,178.0,4.734930009125502e-05,121.23215792282924,12.645042185330631,17.0,253.0,2.1522409132388645e-05,11.785689235952496,10.587716276270417,1.8171970844268799,1.0,True,True,False
9fa02dfb5553.png,preprocessed_green_images/9fa02dfb5553_green_preprocessed.png,preprocessed_images/9fa02dfb5553_preprocessed.png,fundus_masks/9fa02dfb5553_fundus_mask.png,79.49620188004619,17.310095038943075,0.0,240.0,0.000692148233340908,127.08355400147472,14.880075233477223,3.0,250.0,0.000333900655280036,22.800012049556713,12.0,1.5544278621673584,1.0,True,True,False
a02dfd67a925.png,preprocessed_green_images/a02dfd67a925_green_preprocessed.png,preprocessed_images/a02dfd67a925_preprocessed.png,fundus_masks/a02dfd67a925_fundus_mask.png,46.18258912545922,13.908035858905995,0.0,148.0,0.045439154355137235,122.39488885890388,23.103760417250275,1.0,255.0,0.0011329237835071757,9.359855916578741,11.638823333257344,2.7629759311676025,1.0,True,True,False
a0445785e2f7.png,preprocessed_green_images/a0445785e2f7_green_preprocessed.png,preprocessed_images/a0445785e2f7_preprocessed.png,fundus_masks/a0445785e2f7_fundus_mask.png,94.24219192046883,16.2989328863949,0.0,249.0,1.825225837896961e-05,122.51805655360857,9.006555579438213,1.0,195.0,3.244845934039042e-05,19.39298534526368,11.757194138105472,1.2857861518859863,1.0,False,True,False
a06a63d866b2.png,preprocessed_green_images/a06a63d866b2_green_preprocessed.png,preprocessed_images/a06a63d866b2_preprocessed.png,fundus_masks/a06a63d866b2_fundus_mask.png,91.46985595765139,10.071531441901,0.0,172.0,0.0009626793570229778,121.2930917897369,8.219594970557125,1.0,192.0,0.000997474996433447,17.351040740172014,10.940416296068806,1.3202091455459595,1.0,False,True,False
a06b353e7bed.png,preprocessed_green_images/a06b353e7bed_green_preprocessed.png,preprocessed_images/a06b353e7bed_preprocessed.png,fundus_masks/a06b353e7bed_fundus_mask.png,77.52567451191929,16.336435767388586,0.0,248.0,2.4334748804555465e-05,122.85615054016382,13.534344829201414,1.0,244.0,3.17703664948363e-05,20.700525057888875,12.0,1.627579689025879,1.0,True,True,False
a06e5ac695ce.png,preprocessed_green_images/a06e5ac695ce_green_preprocessed.png,preprocessed_images/a06e5ac695ce_preprocessed.png,fundus_masks/a06e5ac695ce_fundus_mask.png,46.81007531902916,18.76907880701463,0.0,248.0,0.07013181677908566,125.68734837000939,19.269422643501294,1.0,255.0,0.0012920553854292778,24.85531669633454,12.0,2.7886409759521484,1.0,True,True,False
a07d571bf7ba.png,preprocessed_green_images/a07d571bf7ba_green_preprocessed.png,preprocessed_images/a07d571bf7ba_preprocessed.png,fundus_masks/a07d571bf7ba_fundus_mask.png,41.66098811833789,28.562934753245454,0.0,253.0,0.3419631989325348,105.96346121526027,35.07904557456018,1.0,255.0,0.028815449725749034,12.357523118889336,12.0,2.8,1.0,True,True,False
a07d9a5045cb.png,preprocessed_green_images/a07d9a5045cb_green_preprocessed.png,preprocessed_images/a07d9a5045cb_preprocessed.png,fundus_masks/a07d9a5045cb_fundus_mask.png,88.36185080067337,14.378136946339161,0.0,246.0,0.000735052010146964,125.3974764760169,12.475230033930465,4.0,254.0,0.00048462419596440216,20.392201178455643,12.0,1.4084876775741577,1.0,True,True,False
a07efb1ecfc0.png,preprocessed_green_images/a07efb1ecfc0_green_preprocessed.png,preprocessed_images/a07efb1ecfc0_preprocessed.png,fundus_masks/a07efb1ecfc0_fundus_mask.png,75.9687477899025,18.549298201522866,0.0,255.0,3.569833692898658e-05,121.4244970070649,15.442283822571925,1.0,252.0,3.569833692898658e-05,20.962801633997767,12.0,1.594716191291809,1.0,True,True,False
a08a0133754a.png,preprocessed_green_images/a08a0133754a_green_preprocessed.png,preprocessed_images/a08a0133754a_preprocessed.png,fundus_masks/a08a0133754a_fundus_mask.png,89.09572845288692,12.086143908413774,0.0,200.0,0.001255963223176338,122.07520050886171,9.087516790393842,1.0,200.0,0.001039696995981149,20.033812760146443,12.0,1.3747954368591309,1.0,True,True,False
a0adbe677508.png,preprocessed_green_images/a0adbe677508_green_preprocessed.png,preprocessed_images/a0adbe677508_preprocessed.png,fundus_masks/a0adbe677508_fundus_mask.png,85.99719379180044,22.08019825369245,0.0,253.0,0.0008299236145723459,125.45696567871757,15.473332093613605,6.0,227.0,0.0005030542579949694,20.372246953093974,12.0,1.4812382459640503,1.0,True,True,False
a0b7ad98df57.png,preprocessed_green_images/a0b7ad98df57_green_preprocessed.png,preprocessed_images/a0b7ad98df57_preprocessed.png,fundus_masks/a0b7ad98df57_fundus_mask.png,79.97578285529765,13.222441397976148,0.0,157.0,0.0003937652671157217,124.14554098585349,9.330375032314446,1.0,200.0,0.0002404407383272991,18.759210483744596,12.0,1.4853808879852295,1.0,True,True,False
a0e635689259.png,preprocessed_green_images/a0e635689259_green_preprocessed.png,preprocessed_images/a0e635689259_preprocessed.png,fundus_masks/a0e635689259_fundus_mask.png,65.1952415749656,12.545297042047652,0.0,212.0,4.298486932599725e-05,123.22785419532325,14.076274265006806,16.0,255.0,2.1492434662998625e-05,12.410673952917499,11.169136996725612,1.9307132959365845,1.0,True,True,False
a0fd94e2ad76.png,preprocessed_green_images/a0fd94e2ad76_green_preprocessed.png,preprocessed_images/a0fd94e2ad76_preprocessed.png,fundus_masks/a0fd94e2ad76_fundus_mask.png,85.88165862397781,15.678963162820974,0.0,220.0,0.0015592221226919409,123.66824284104372,11.186240118578626,1.0,222.0,0.0012563932152454705,20.67698388180968,12.0,1.3969097137451172,1.0,True,True,False
a11c62cb3f86.png,preprocessed_green_images/a11c62cb3f86_green_preprocessed.png,preprocessed_images/a11c62cb3f86_preprocessed.png,fundus_masks/a11c62cb3f86_fundus_mask.png,60.841801151764784,25.54317810611792,14.0,255.0,0.0022344271912601273,126.27530195021296,19.700250696884936,1.0,255.0,0.0023705711557197567,9.739205270734303,10.487522005914629,2.153629779815674,1.0,True,True,False
a12ca80bb8c7.png,preprocessed_green_images/a12ca80bb8c7_green_preprocessed.png,preprocessed_images/a12ca80bb8c7_preprocessed.png,fundus_masks/a12ca80bb8c7_fundus_mask.png,72.60138353091611,23.271216012130267,0.0,255.0,3.183177651112893e-05,123.59789084003381,16.41584050341848,1.0,243.0,0.001315261914566221,21.33513840608427,12.0,1.7372136116027832,1.0,True,True,False
a1822dd8d05d.png,preprocessed_green_images/a1822dd8d05d_green_preprocessed.png,preprocessed_images/a1822dd8d05d_preprocessed.png,fundus_masks/a1822dd8d05d_fundus_mask.png,97.09560417670384,12.293266447153847,0.0,223.0,0.0009774672942222881,121.62605274617351,8.229702044661776,1.0,202.0,0.0009056628247415039,20.456973981985392,12.0,1.264172077178955,1.0,False,True,False
a1872f9c0cba.png,preprocessed_green_images/a1872f9c0cba_green_preprocessed.png,preprocessed_images/a1872f9c0cba_preprocessed.png,fundus_masks/a1872f9c0cba_fundus_mask.png,88.21247978201443,20.93708288343999,0.0,255.0,3.247054143951381e-05,125.46076104184438,17.789070914811827,16.0,242.0,0.00013258804421134804,19.861572434071608,12.0,1.446045160293579,1.0,True,True,False
a188c60b93fb.png,preprocessed_green_images/a188c60b93fb_green_preprocessed.png,preprocessed_images/a188c60b93fb_preprocessed.png,fundus_masks/a188c60b93fb_fundus_mask.png,110.87130344528535,43.04468652871094,5.0,255.0,0.09283665233487765,126.98029734575796,18.29509517072094,21.0,224.0,0.0001919063925468082,11.226862614033271,8.49074504561331,1.0638203620910645,1.0,False,True,False
a1b28bcbce00.png,preprocessed_green_images/a1b28bcbce00_green_preprocessed.png,preprocessed_images/a1b28bcbce00_preprocessed.png,fundus_masks/a1b28bcbce00_fundus_mask.png,36.32279080665865,21.21713261165091,0.0,234.0,0.5235029238574543,89.00765347704721,25.13208926047415,1.0,255.0,0.013610709264654944,9.154502788075314,12.0,2.8,1.0,True,True,False
a1e236fbc863.png,preprocessed_green_images/a1e236fbc863_green_preprocessed.png,preprocessed_images/a1e236fbc863_preprocessed.png,fundus_masks/a1e236fbc863_fundus_mask.png,35.33370520079569,20.521954434826206,0.0,237.0,0.5466171522593496,87.4064613245104,25.37584766678282,1.0,255.0,0.015796726038108774,9.040278034369656,12.0,2.8,1.0,True,True,False
a1eb88562239.png,preprocessed_green_images/a1eb88562239_green_preprocessed.png,preprocessed_images/a1eb88562239_preprocessed.png,fundus_masks/a1eb88562239_fundus_mask.png,73.60183243337397,11.190231362758515,0.0,166.0,0.0007896417581141497,122.22185333565581,11.12714503918572,1.0,216.0,0.0007292573883760088,17.666244933848525,12.0,1.6508879661560059,1.0,True,True,False
a1edf0e66592.png,preprocessed_green_images/a1edf0e66592_green_preprocessed.png,preprocessed_images/a1edf0e66592_preprocessed.png,fundus_masks/a1edf0e66592_fundus_mask.png,78.14078650419479,18.027331601032735,0.0,221.0,0.000997736218986258,127.45679128496577,15.887176707121558,6.0,244.0,0.00032986855202805275,21.15420489174188,12.0,1.5304745435714722,1.0,True,True,False
a1faeb4d5f10.png,preprocessed_green_images/a1faeb4d5f10_green_preprocessed.png,preprocessed_images/a1faeb4d5f10_preprocessed.png,fundus_masks/a1faeb4d5f10_fundus_mask.png,77.15250736299264,20.165064195324785,0.0,233.0,0.002182787887790081,127.17742317306107,16.846046369236706,7.0,239.0,0.0003237627967535527,21.802037496523496,12.0,1.6032896041870117,1.0,True,True,False
a2163f0c2af5.png,preprocessed_green_images/a2163f0c2af5_green_preprocessed.png,preprocessed_images/a2163f0c2af5_preprocessed.png,fundus_masks/a2163f0c2af5_fundus_mask.png,92.2255270107487,9.92201747132233,0.0,167.0,0.001184905485544848,122.57092869718309,8.771584659409495,1.0,186.0,0.0010378057820607859,19.848444446899293,11.939377778759717,1.3169690370559692,1.0,False,True,False
a247961a5cd9.png,preprocessed_green_images/a247961a5cd9_green_preprocessed.png,preprocessed_images/a247961a5cd9_preprocessed.png,fundus_masks/a247961a5cd9_fundus_mask.png,77.51181157313172,17.21777983618451,0.0,207.0,0.0011142774062227391,126.2558453038674,13.961103633121372,4.0,254.0,0.0003617330619366095,24.497426116843815,12.0,1.5858089923858643,1.0,True,True,False
a26f50218b84.png,preprocessed_green_images/a26f50218b84_green_preprocessed.png,preprocessed_images/a26f50218b84_preprocessed.png,fundus_masks/a26f50218b84_fundus_mask.png,32.82751892569309,16.065227596756174,0.0,226.0,0.5083522675170917,91.77744352858467,24.542273688242087,1.0,255.0,0.008693592264664228,8.009705178393117,12.0,2.8,1.0,True,True,False
a2811f512c1c.png,preprocessed_green_images/a2811f512c1c_green_preprocessed.png,preprocessed_images/a2811f512c1c_preprocessed.png,fundus_masks/a2811f512c1c_fundus_mask.png,69.0235438002873,13.84639248998135,0.0,170.0,0.003511263660393735,128.00755165363577,18.360825437893652,4.0,243.0,0.00046066479615872863,19.842493014472225,12.0,1.7805759906768799,1.0,True,True,False
a2b97d98f130.png,preprocessed_green_images/a2b97d98f130_green_preprocessed.png,preprocessed_images/a2b97d98f130_preprocessed.png,fundus_masks/a2b97d98f130_fundus_mask.png,54.03063868180501,20.135890024198062,14.0,255.0,0.006054678924861481,125.78287167531589,17.04325350791783,1.0,255.0,0.0019133672277688505,9.30192711532367,10.918047407746801,2.31203031539917,1.0,True,True,False
a2b995b81692.png,preprocessed_green_images/a2b995b81692_green_preprocessed.png,preprocessed_images/a2b995b81692_preprocessed.png,fundus_masks/a2b995b81692_fundus_mask.png,86.83181921930341,13.142771956407696,0.0,228.0,0.0008759113939156599,126.7003467728574,13.904212344175905,1.0,230.0,0.0007449881300102769,18.094906099266996,11.51957850910205,1.3906323909759521,1.0,True,True,False
a2dff8dbc9f8.png,preprocessed_green_images/a2dff8dbc9f8_green_preprocessed.png,preprocessed_images/a2dff8dbc9f8_preprocessed.png,fundus_masks/a2dff8dbc9f8_fundus_mask.png,89.97655884873363,19.976941386516394,0.0,244.0,2.434882121269304e-05,123.42122107985669,10.038850584096645,11.0,204.0,1.9614328199113837e-05,20.044477957193212,12.0,1.3581717014312744,1.0,True,True,False
a30a143a53a3.png,preprocessed_green_images/a30a143a53a3_green_preprocessed.png,preprocessed_images/a30a143a53a3_preprocessed.png,fundus_masks/a30a143a53a3_fundus_mask.png,76.14541413849786,14.544140347618265,0.0,176.0,0.0006950038882964605,125.15923621750245,12.955283954173979,1.0,214.0,0.0003422632213721263,22.847660626371614,12.0,1.5806245803833008,1.0,True,True,False
a3132c8828e4.png,preprocessed_green_images/a3132c8828e4_green_preprocessed.png,preprocessed_images/a3132c8828e4_preprocessed.png,fundus_masks/a3132c8828e4_fundus_mask.png,84.64282852916537,15.939330206177205,0.0,253.0,2.165360458082005e-05,123.1123828844496,12.63353568943098,1.0,246.0,4.0600508589037595e-05,20.068855981171787,12.0,1.4632405042648315,1.0,True,True,False
a34fc5376669.png,preprocessed_green_images/a34fc5376669_green_preprocessed.png,preprocessed_images/a34fc5376669_preprocessed.png,fundus_masks/a34fc5376669_fundus_mask.png,96.92231873308727,10.889422385741806,0.0,191.0,0.0008355690503369511,123.21035711595404,9.003708770866703,1.0,198.0,0.0007405390057771314,19.34873028403204,11.739492113612815,1.2558631896972656,1.0,False,True,False
a384e688e228.png,preprocessed_green_images/a384e688e228_green_preprocessed.png,preprocessed_images/a384e688e228_preprocessed.png,fundus_masks/a384e688e228_fundus_mask.png,74.80232336940762,17.30845417472652,0.0,220.0,0.0005799723933140782,125.69812552922481,16.168662783451104,1.0,241.0,0.0003978610618134577,20.681587638299238,12.0,1.6413041353225708,1.0,True,True,False
a3bd2e034614.png,preprocessed_green_images/a3bd2e034614_green_preprocessed.png,preprocessed_images/a3bd2e034614_preprocessed.png,fundus_masks/a3bd2e034614_fundus_mask.png,38.82506912988423,15.973981111269651,5.0,236.0,0.22983581380617366,112.12459018702614,15.52445257797596,1.0,255.0,0.0013441720540229149,5.094439513727551,8.54888274401029,2.8,1.0,True,False,False
a4012932e18d.png,preprocessed_green_images/a4012932e18d_green_preprocessed.png,preprocessed_images/a4012932e18d_preprocessed.png,fundus_masks/a4012932e18d_fundus_mask.png,85.868900369658,23.647099214109122,0.0,255.0,5.123744178937266e-05,122.1917411576553,15.185393443620159,1.0,224.0,0.00029763772365287266,12.625482621169175,9.417401904498071,1.4577499628067017,1.0,True,True,False
a419fcb2dfb5.png,preprocessed_green_images/a419fcb2dfb5_green_preprocessed.png,preprocessed_images/a419fcb2dfb5_preprocessed.png,fundus_masks/a419fcb2dfb5_fundus_mask.png,57.04193725969189,19.978755809604944,0.0,243.0,0.005285703226472384,123.1175585126057,18.819936123173502,26.0,255.0,1.2902448884798335e-05,13.753664831896351,12.0,2.324002265930176,1.0,True,True,False
a44345b27804.png,preprocessed_green_images/a44345b27804_green_preprocessed.png,preprocessed_images/a44345b27804_preprocessed.png,fundus_masks/a44345b27804_fundus_mask.png,74.18943420182147,19.878841442494195,0.0,208.0,0.0027416149949365,126.52427631479507,14.49247478834585,2.0,229.0,0.0003429925460162288,19.565368428391483,12.0,1.6384508609771729,1.0,True,True,False
a45c30da0c72.png,preprocessed_green_images/a45c30da0c72_green_preprocessed.png,preprocessed_images/a45c30da0c72_preprocessed.png,fundus_masks/a45c30da0c72_fundus_mask.png,42.556491801692374,21.149274506522698,0.0,242.0,0.20108071494233556,105.57270252582741,29.90390088815633,1.0,255.0,0.013913822914518096,8.673800726537998,11.686721019353655,2.8,1.0,True,True,False
a484bdf85b4c.png,preprocessed_green_images/a484bdf85b4c_green_preprocessed.png,preprocessed_images/a484bdf85b4c_preprocessed.png,fundus_masks/a484bdf85b4c_fundus_mask.png,77.06946300750572,13.898213186834356,0.0,175.0,0.0005772741762540934,126.16603008085316,13.830496823172053,4.0,207.0,0.0003152983452632799,19.964860652063333,12.0,1.6072807312011719,1.0,True,True,False
a4ee03ecff60.png,preprocessed_green_images/a4ee03ecff60_green_preprocessed.png,preprocessed_images/a4ee03ecff60_preprocessed.png,fundus_masks/a4ee03ecff60_fundus_mask.png,96.33815939421636,9.264789702235479,0.0,157.0,0.0009417644778934094,122.91322461776973,7.558732880815373,2.0,170.0,0.0007855750374565417,20.87516841227718,12.0,1.261659026145935,1.0,False,True,False
a528be013a04.png,preprocessed_green_images/a528be013a04_green_preprocessed.png,preprocessed_images/a528be013a04_preprocessed.png,fundus_masks/a528be013a04_fundus_mask.png,60.126556582018424,21.27042512748663,0.0,226.0,0.03855641430587972,125.04711557723395,20.301489028343337,1.0,255.0,0.00098996985832949,22.8545066855403,12.0,1.9623501300811768,1.0,True,True,False
a53d6d2472a6.png,preprocessed_green_images/a53d6d2472a6_green_preprocessed.png,preprocessed_images/a53d6d2472a6_preprocessed.png,fundus_masks/a53d6d2472a6_fundus_mask.png,76.00611598449025,19.335564153438156,0.0,248.0,0.0007504346605703999,126.56030792178314,16.61421778915449,4.0,246.0,0.0005335393259078578,22.644097962091486,12.0,1.6249486207962036,1.0,True,True,False
a5bb85afc6e8.png,preprocessed_green_images/a5bb85afc6e8_green_preprocessed.png,preprocessed_images/a5bb85afc6e8_preprocessed.png,fundus_masks/a5bb85afc6e8_fundus_mask.png,99.45913033794929,16.783667616168074,0.0,253.0,0.0010973434081676685,127.51388499005895,14.628810294501932,1.0,232.0,0.0010521040921861262,23.09419029704911,12.0,1.2330926656723022,1.0,False,True,False
a61723fc38c2.png,preprocessed_green_images/a61723fc38c2_green_preprocessed.png,preprocessed_images/a61723fc38c2_preprocessed.png,fundus_masks/a61723fc38c2_fundus_mask.png,80.53866726666264,16.063661359823364,0.0,228.0,0.0011737034751828984,126.93919821671298,15.879996235197892,1.0,245.0,0.0007387837091813302,21.40596346883402,12.0,1.5082257986068726,1.0,True,True,False
a627eb8c08c5.png,preprocessed_green_images/a627eb8c08c5_green_preprocessed.png,preprocessed_images/a627eb8c08c5_preprocessed.png,fundus_masks/a627eb8c08c5_fundus_mask.png,88.41391001675906,16.449323537009505,0.0,255.0,6.44579089854325e-05,127.70226462120236,17.844885622369347,11.0,255.0,4.297193932362168e-05,16.829658786574946,10.872849290918062,1.385806918144226,1.0,True,True,False
a62e995f167c.png,preprocessed_green_images/a62e995f167c_green_preprocessed.png,preprocessed_images/a62e995f167c_preprocessed.png,fundus_masks/a62e995f167c_fundus_mask.png,71.14371682063181,12.704570581897217,0.0,247.0,2.370257199994853e-05,121.287438381778,8.613196840867811,13.0,221.0,8.126596114268068e-06,21.81074547338765,12.0,1.7291390895843506,1.0,True,True,False
a6356a3c5d11.png,preprocessed_green_images/a6356a3c5d11_green_preprocessed.png,preprocessed_images/a6356a3c5d11_preprocessed.png,fundus_masks/a6356a3c5d11_fundus_mask.png,60.2634092551259,23.454215287479375,5.0,215.0,0.09990450688571294,124.09554554811022,14.116378908353822,19.0,244.0,3.7140624733113826e-05,9.616905502572966,10.490014711684662,1.736595869064331,1.0,True,True,False
a646c084928c.png,preprocessed_green_images/a646c084928c_green_preprocessed.png,preprocessed_images/a646c084928c_preprocessed.png,fundus_masks/a646c084928c_fundus_mask.png,77.4063901690422,11.948213537922278,0.0,168.0,0.0004925702057758504,125.82748193231575,13.24781371205929,1.0,213.0,0.00036942765433188774,19.3493853947451,12.0,1.5741329193115234,1.0,True,True,False
a654b25124c3.png,preprocessed_green_images/a654b25124c3_green_preprocessed.png,preprocessed_images/a654b25124c3_preprocessed.png,fundus_masks/a654b25124c3_fundus_mask.png,84.0232040609137,17.359014516795796,0.0,252.0,0.0010071065989847715,126.97439187817258,15.323172924954406,4.0,253.0,0.0005093546047860769,21.80183006365438,12.0,1.4535539150238037,1.0,True,True,False
a673193cd5a9.png,preprocessed_green_images/a673193cd5a9_green_preprocessed.png,preprocessed_images/a673193cd5a9_preprocessed.png,fundus_masks/a673193cd5a9_fundus_mask.png,89.7650547202429,15.731477733667816,0.0,234.0,0.002156873181873934,122.00507050337069,15.719280273648083,1.0,244.0,0.002369783410127584,23.243467625290197,12.0,1.3374987840652466,1.0,True,True,False
a6731dd737af.png,preprocessed_green_images/a6731dd737af_green_preprocessed.png,preprocessed_images/a6731dd737af_preprocessed.png,fundus_masks/a6731dd737af_fundus_mask.png,42.53731717616647,20.85155317019208,0.0,217.0,0.21544224178357205,115.0079440440667,26.504923612991053,1.0,255.0,0.00752876070579507,23.629242412289283,12.0,2.8,1.0,True,True,False
a6b6d27c1b32.png,preprocessed_green_images/a6b6d27c1b32_green_preprocessed.png,preprocessed_images/a6b6d27c1b32_preprocessed.png,fundus_masks/a6b6d27c1b32_fundus_mask.png,100.22357978102313,16.53809216454491,0.0,255.0,3.18142588800704e-05,123.00293165011084,11.117192578510736,8.0,219.0,2.3014570253667946e-05,19.713709431689818,11.885483772675927,1.2311617136001587,1.0,False,True,False
a70d0f12a641.png,preprocessed_green_images/a70d0f12a641_green_preprocessed.png,preprocessed_images/a70d0f12a641_preprocessed.png,fundus_masks/a70d0f12a641_fundus_mask.png,87.50316701804245,18.104438071109936,0.0,252.0,0.0010836822944857378,127.03289062690152,18.816579664010142,5.0,250.0,0.000555169859955795,23.566873811068767,12.0,1.419963002204895,1.0,True,True,False
a73c3d516c59.png,preprocessed_green_images/a73c3d516c59_green_preprocessed.png,preprocessed_images/a73c3d516c59_preprocessed.png,fundus_masks/a73c3d516c59_fundus_mask.png,53.16146752093022,21.41441795661648,0.0,206.0,0.0663836091362418,122.12936136417439,25.985677029647896,1.0,255.0,0.0063535215462272145,9.900827704807751,11.234867302284858,2.403083324432373,1.0,True,True,False
a73d012c4c38.png,preprocessed_green_images/a73d012c4c38_green_preprocessed.png,preprocessed_images/a73d012c4c38_preprocessed.png,fundus_masks/a73d012c4c38_fundus_mask.png,91.00308337315442,14.341804407476522,0.0,212.0,0.0006824811620084712,124.17161203910722,10.070160500749639,1.0,221.0,0.0004697144624385389,21.35925726813157,12.0,1.3018101453781128,1.0,False,True,False
a76132e79688.png,preprocessed_green_images/a76132e79688_green_preprocessed.png,preprocessed_images/a76132e79688_preprocessed.png,fundus_masks/a76132e79688_fundus_mask.png,84.41363376783742,15.167990713263677,0.0,231.0,0.0008699348880957925,125.76123936183151,13.864001567290714,1.0,228.0,0.0006927044781375285,20.771938851905123,12.0,1.4590855836868286,1.0,True,True,False
a7673ac44509.png,preprocessed_green_images/a7673ac44509_green_preprocessed.png,preprocessed_images/a7673ac44509_preprocessed.png,fundus_masks/a7673ac44509_fundus_mask.png,43.18764616712205,18.493586336123208,10.0,255.0,0.1766704821784444,117.6223424433888,17.85209662402375,1.0,255.0,0.003042316636574807,8.92930116994843,11.732818586457412,2.8,1.0,True,True,False
a77eb914b383.png,preprocessed_green_images/a77eb914b383_green_preprocessed.png,preprocessed_images/a77eb914b383_preprocessed.png,fundus_masks/a77eb914b383_fundus_mask.png,73.20213551587504,53.36383832094515,0.0,255.0,0.14581147566031394,123.84168508653092,37.22085407728923,1.0,255.0,0.023366913509824495,19.74925091709437,12.0,2.2226057052612305,1.0,True,True,False
a7b03e58a6e1.png,preprocessed_green_images/a7b03e58a6e1_green_preprocessed.png,preprocessed_images/a7b03e58a6e1_preprocessed.png,fundus_masks/a7b03e58a6e1_fundus_mask.png,69.52291763678527,18.112824874539317,0.0,232.0,0.0019706229700086745,125.26182925370638,15.005710248029954,2.0,255.0,0.0002612788263122874,22.379362447703937,12.0,1.7317160367965698,1.0,True,True,False
a7c10ca6c117.png,preprocessed_green_images/a7c10ca6c117_green_preprocessed.png,preprocessed_images/a7c10ca6c117_preprocessed.png,fundus_masks/a7c10ca6c117_fundus_mask.png,79.81565268678256,21.750568507646435,0.0,250.0,0.0006803597779658636,124.3322175897384,15.37669653993383,3.0,238.0,0.0003634003592206746,20.43104830330504,12.0,1.5291121006011963,1.0,True,True,False
a821b6ecef33.png,preprocessed_green_images/a821b6ecef33_green_preprocessed.png,preprocessed_images/a821b6ecef33_preprocessed.png,fundus_masks/a821b6ecef33_fundus_mask.png,71.84569096039365,20.401776852112487,0.0,255.0,0.00029248821444547677,124.93745483637865,21.51762524662808,21.0,255.0,0.00035700767351433193,16.87688607812023,12.0,1.7531437873840332,1.0,True,True,False
a8263d248523.png,preprocessed_green_images/a8263d248523_green_preprocessed.png,preprocessed_images/a8263d248523_preprocessed.png,fundus_masks/a8263d248523_fundus_mask.png,41.68300900914347,22.00641208036723,10.0,255.0,0.2889530333153499,116.35959050385445,20.431299460972568,1.0,255.0,0.003883198515903511,9.12791529014918,11.946009759691364,2.8,1.0,True,True,False
a82a12ad3fb1.png,preprocessed_green_images/a82a12ad3fb1_green_preprocessed.png,preprocessed_images/a82a12ad3fb1_preprocessed.png,fundus_masks/a82a12ad3fb1_fundus_mask.png,40.94718965231893,18.95403760511351,0.0,250.0,0.19003424613935252,109.44204763905333,25.491233786838823,1.0,255.0,0.007304994334746464,7.437299764175924,11.335169714353132,2.8,1.0,True,True,False
a85cda5f725d.png,preprocessed_green_images/a85cda5f725d_green_preprocessed.png,preprocessed_images/a85cda5f725d_preprocessed.png,fundus_masks/a85cda5f725d_fundus_mask.png,83.87632596957447,11.015561703979996,0.0,186.0,0.0009001223748847299,122.91212439320036,9.395579725581419,1.0,214.0,0.0007423689689770968,16.855360108815027,11.286470624008281,1.4471698999404907,1.0,True,True,False
a86128b601a7.png,preprocessed_green_images/a86128b601a7_green_preprocessed.png,preprocessed_images/a86128b601a7_preprocessed.png,fundus_masks/a86128b601a7_fundus_mask.png,90.75070652173913,17.674457039011447,0.0,253.0,0.0012129972247918593,125.24075624421832,14.052223328148912,1.0,244.0,0.0009470397779833487,21.809653290844313,12.0,1.3594950437545776,1.0,False,True,False
a88365134c3c.png,preprocessed_green_images/a88365134c3c_green_preprocessed.png,preprocessed_images/a88365134c3c_preprocessed.png,fundus_masks/a88365134c3c_fundus_mask.png,83.22205306326738,22.196457930323717,0.0,255.0,0.0008117307283628471,128.2789938255046,19.282441308026804,6.0,244.0,0.0012309507468735593,21.203404838724246,12.0,1.5202715396881104,1.0,True,True,False
a8854768549f.png,preprocessed_green_images/a8854768549f_green_preprocessed.png,preprocessed_images/a8854768549f_preprocessed.png,fundus_masks/a8854768549f_fundus_mask.png,90.49781931590819,25.79835405931709,0.0,255.0,1.7616214505868572e-05,123.26517077903644,17.027050701580237,4.0,236.0,0.0005284864351760571,20.269376419105956,12.0,1.4269499778747559,1.0,False,True,False
a8a6588c8eb7.png,preprocessed_green_images/a8a6588c8eb7_green_preprocessed.png,preprocessed_images/a8a6588c8eb7_preprocessed.png,fundus_masks/a8a6588c8eb7_fundus_mask.png,106.55352394628439,29.779264404764838,0.0,255.0,1.5549754820931053e-05,123.40153455797794,11.366325756332854,13.0,223.0,8.788991855308856e-06,19.569138926020155,11.827655570408062,1.2441235780715942,1.0,False,True,False
a8aed92940fb.png,preprocessed_green_images/a8aed92940fb_green_preprocessed.png,preprocessed_images/a8aed92940fb_preprocessed.png,fundus_masks/a8aed92940fb_fundus_mask.png,76.0339658623326,18.999465520242786,0.0,231.0,6.013177448866516e-05,123.02918538626075,15.6238712812272,2.0,255.0,6.442690123785553e-05,11.777308856737724,9.952348799376637,1.6495082378387451,1.0,True,True,False
a8b3c0961d42.png,preprocessed_green_images/a8b3c0961d42_green_preprocessed.png,preprocessed_images/a8b3c0961d42_preprocessed.png,fundus_masks/a8b3c0961d42_fundus_mask.png,36.627565833036215,15.973164319310007,0.0,233.0,0.3937095706208934,94.34975551367596,22.164361127913207,1.0,255.0,0.00636428462282891,9.550818665662554,12.0,2.8,1.0,True,True,False
a8b637abd96b.png,preprocessed_green_images/a8b637abd96b_green_preprocessed.png,preprocessed_images/a8b637abd96b_preprocessed.png,fundus_masks/a8b637abd96b_fundus_mask.png,76.39931362172086,16.52388816035327,0.0,187.0,1.3820856363295031e-05,123.81548782440142,11.05111996247653,1.0,201.0,2.5338236666040888e-05,10.708574771001055,9.4923798086919,1.5722800493240356,1.0,True,True,False
a8c9fcdbc0be.png,preprocessed_green_images/a8c9fcdbc0be_green_preprocessed.png,preprocessed_images/a8c9fcdbc0be_preprocessed.png,fundus_masks/a8c9fcdbc0be_fundus_mask.png,53.572349716368976,14.644505610440058,14.0,203.0,0.008538331546606368,126.0698809175366,16.92829403085064,18.0,246.0,8.315630621004274e-05,9.32364986896787,10.967473306132128,2.3598458766937256,1.0,True,True,False
a8dea22ef903.png,preprocessed_green_images/a8dea22ef903_green_preprocessed.png,preprocessed_images/a8dea22ef903_preprocessed.png,fundus_masks/a8dea22ef903_fundus_mask.png,86.8465795206466,22.456301367919814,0.0,253.0,0.0006278877322807413,126.32777596594319,17.268752210357682,2.0,234.0,0.0007149331665155945,22.932167937011624,12.0,1.436048150062561,1.0,True,True,False
a94da3d3b5c0.png,preprocessed_green_images/a94da3d3b5c0_green_preprocessed.png,preprocessed_images/a94da3d3b5c0_preprocessed.png,fundus_masks/a94da3d3b5c0_fundus_mask.png,55.79878823937592,13.436572358356816,0.0,246.0,0.003252684820262058,123.53013070371836,14.219919024681925,2.0,255.0,0.00017144359573464599,23.753053642244637,12.0,2.342863082885742,1.0,True,True,False
a95d9d61ddd4.png,preprocessed_green_images/a95d9d61ddd4_green_preprocessed.png,preprocessed_images/a95d9d61ddd4_preprocessed.png,fundus_masks/a95d9d61ddd4_fundus_mask.png,62.86270557828491,17.019300406212814,0.0,206.0,0.0033738598300900547,124.50628064116086,19.314902924357344,1.0,254.0,0.001489319780716496,22.616186139178314,12.0,1.9738812446594238,1.0,True,True,False
a963ac561580.png,preprocessed_green_images/a963ac561580_green_preprocessed.png,preprocessed_images/a963ac561580_preprocessed.png,fundus_masks/a963ac561580_fundus_mask.png,68.30733556169162,21.05545433524307,0.0,245.0,0.0006882720534805987,124.40153814852492,16.120602603446525,1.0,252.0,0.0011544833599767476,20.315215866222598,12.0,1.8610079288482666,1.0,True,True,False
a96ff96bbae5.png,preprocessed_green_images/a96ff96bbae5_green_preprocessed.png,preprocessed_images/a96ff96bbae5_preprocessed.png,fundus_masks/a96ff96bbae5_fundus_mask.png,88.29196685754148,11.505900305646962,0.0,220.0,0.0014552375848599854,123.17799403583581,10.634049200299879,1.0,230.0,0.0012692905601278761,20.55124176060299,12.0,1.386053442955017,1.0,True,True,False
a987aa7aac37.png,preprocessed_green_images/a987aa7aac37_green_preprocessed.png,preprocessed_images/a987aa7aac37_preprocessed.png,fundus_masks/a987aa7aac37_fundus_mask.png,87.8940644676862,14.676318320862586,0.0,205.0,0.0008621029286007281,126.26902246334325,12.876685603911838,3.0,213.0,0.0005851639501926986,19.629019591544047,12.0,1.390231728553772,1.0,True,True,False
a9a3225cf4b5.png,preprocessed_green_images/a9a3225cf4b5_green_preprocessed.png,preprocessed_images/a9a3225cf4b5_preprocessed.png,fundus_masks/a9a3225cf4b5_fundus_mask.png,91.16701459433342,17.37054557954974,0.0,223.0,0.0008487649829140931,125.28510004133217,13.948811877494782,1.0,218.0,0.0006438505288772202,19.821562180117475,11.92862487204699,1.3340396881103516,1.0,False,True,False
a9b3177f01c0.png,preprocessed_green_images/a9b3177f01c0_green_preprocessed.png,preprocessed_images/a9b3177f01c0_preprocessed.png,fundus_masks/a9b3177f01c0_fundus_mask.png,85.7843227561509,28.82429888443175,0.0,255.0,4.3043336030715726e-05,122.03775331003254,21.364693524899415,17.0,255.0,0.00019799934574129234,12.538249816616421,9.390026792766488,1.5109360218048096,1.0,True,True,False
a9bc2f892cb3.png,preprocessed_green_images/a9bc2f892cb3_green_preprocessed.png,preprocessed_images/a9bc2f892cb3_preprocessed.png,fundus_masks/a9bc2f892cb3_fundus_mask.png,45.52613004420362,18.357943395488487,0.0,238.0,0.11626876616895154,121.60434702898698,24.580501309745628,1.0,255.0,0.004611334053085087,10.832492397894391,12.0,2.8,1.0,True,True,False
a9dc80cba9a4.png,preprocessed_green_images/a9dc80cba9a4_green_preprocessed.png,preprocessed_images/a9dc80cba9a4_preprocessed.png,fundus_masks/a9dc80cba9a4_fundus_mask.png,41.417455579205765,17.7013496706156,4.0,255.0,0.13674588950714328,121.0518129161899,16.9145044992578,1.0,255.0,0.0009998926193347203,8.709954539338147,11.802430208694746,2.8,1.0,True,True,False
a9e3d186cd1b.png,preprocessed_green_images/a9e3d186cd1b_green_preprocessed.png,preprocessed_images/a9e3d186cd1b_preprocessed.png,fundus_masks/a9e3d186cd1b_fundus_mask.png,70.15952460806825,18.367194959468414,0.0,238.0,0.0003783872105122847,124.82117764419563,18.683128289461397,9.0,255.0,6.0197965308772565e-05,18.77577549390564,12.0,1.819294810295105,1.0,True,True,False
aa10a4b2e709.png,preprocessed_green_images/aa10a4b2e709_green_preprocessed.png,preprocessed_images/aa10a4b2e709_preprocessed.png,fundus_masks/aa10a4b2e709_fundus_mask.png,81.13109279217242,18.09408903383084,0.0,249.0,0.0006886052666110054,125.61614727095166,14.72928982714444,5.0,246.0,0.00026011396242978953,22.38383891843506,12.0,1.5274505615234375,1.0,True,True,False
aa4407aab872.png,preprocessed_green_images/aa4407aab872_green_preprocessed.png,preprocessed_images/aa4407aab872_preprocessed.png,fundus_masks/aa4407aab872_fundus_mask.png,85.0136585173894,15.977491255610094,0.0,225.0,0.0012071717343574038,127.22146219399701,16.609085356531786,4.0,244.0,0.0008182841957724684,22.45848493031332,12.0,1.44002366065979,1.0,True,True,False
aa60813e1a8d.png,preprocessed_green_images/aa60813e1a8d_green_preprocessed.png,preprocessed_images/aa60813e1a8d_preprocessed.png,fundus_masks/aa60813e1a8d_fundus_mask.png,51.56145459142011,17.75106130887931,12.0,254.0,0.020214094585837207,125.85693553615049,17.379180075751936,1.0,255.0,0.001363246035405334,9.51576283739561,11.223064726832012,2.4203741550445557,1.0,True,True,False
aa6242f9e08c.png,preprocessed_green_images/aa6242f9e08c_green_preprocessed.png,preprocessed_images/aa6242f9e08c_preprocessed.png,fundus_masks/aa6242f9e08c_fundus_mask.png,132.47318577040923,29.168926895796933,0.0,255.0,2.36421310881865e-05,123.21664027754511,10.010197865708239,9.0,211.0,2.431762054784897e-05,18.174414173455627,11.26976566938225,0.9406464695930481,1.0,False,True,False
aa8a1e814811.png,preprocessed_green_images/aa8a1e814811_green_preprocessed.png,preprocessed_images/aa8a1e814811_preprocessed.png,fundus_masks/aa8a1e814811_fundus_mask.png,86.61830964006194,17.45412070048383,0.0,236.0,0.0011005007975148184,124.38319368117517,12.118859770860897,1.0,215.0,0.0008323407930570937,20.544649525899025,12.0,1.4268840551376343,1.0,True,True,False
aa94cc4bfd84.png,preprocessed_green_images/aa94cc4bfd84_green_preprocessed.png,preprocessed_images/aa94cc4bfd84_preprocessed.png,fundus_masks/aa94cc4bfd84_fundus_mask.png,73.34784841362692,16.92512042820188,0.0,221.0,0.001625351297783179,126.44418910770653,14.803220675305052,2.0,251.0,0.0004995718785180607,19.56014415664034,12.0,1.6581075191497803,1.0,True,True,False
aaaadb174012.png,preprocessed_green_images/aaaadb174012_green_preprocessed.png,preprocessed_images/aaaadb174012_preprocessed.png,fundus_masks/aaaadb174012_fundus_mask.png,98.70381929597902,9.63026346231048,0.0,184.0,0.0029066249612469215,122.22708785452583,9.186322112172848,1.0,192.0,0.0026023628717270217,22.270271342172638,12.0,1.2245290279388428,1.0,False,True,False
aabd867043cf.png,preprocessed_green_images/aabd867043cf_green_preprocessed.png,preprocessed_images/aabd867043cf_preprocessed.png,fundus_masks/aabd867043cf_fundus_mask.png,91.4760458344922,11.545483368935864,0.0,203.0,0.0017957112967089783,123.18694901033919,10.081241822476642,1.0,211.0,0.001572978468775281,20.847444346821316,12.0,1.3174699544906616,1.0,False,True,False
aafb0c944f14.png,preprocessed_green_images/aafb0c944f14_green_preprocessed.png,preprocessed_images/aafb0c944f14_preprocessed.png,fundus_masks/aafb0c944f14_fundus_mask.png,83.60622800689397,16.998526386151372,0.0,236.0,0.0009684505487113228,127.17316243757263,16.69095490157798,2.0,239.0,0.0007283675983122285,23.12930653431677,12.0,1.4746888875961304,1.0,True,True,False
aafe980edd0c.png,preprocessed_green_images/aafe980edd0c_green_preprocessed.png,preprocessed_images/aafe980edd0c_preprocessed.png,fundus_masks/aafe980edd0c_fundus_mask.png,78.13364037643933,14.7906945036769,0.0,174.0,0.0006315784585306048,126.5108912454402,12.478981408283445,2.0,202.0,0.000286764483928418,21.48176743610082,12.0,1.574547529220581,1.0,True,True,False
ab03d50bba2f.png,preprocessed_green_images/ab03d50bba2f_green_preprocessed.png,preprocessed_images/ab03d50bba2f_preprocessed.png,fundus_masks/ab03d50bba2f_fundus_mask.png,63.94220247116545,22.236636177519888,0.0,255.0,0.0005827072497704999,122.75507502862837,15.71732761473938,1.0,255.0,0.0007334540208828218,21.404390633449104,12.0,2.016235589981079,1.0,True,True,False
ab32db41c409.png,preprocessed_green_images/ab32db41c409_green_preprocessed.png,preprocessed_images/ab32db41c409_preprocessed.png,fundus_masks/ab32db41c409_fundus_mask.png,83.59380654932869,27.362926874229228,5.0,255.0,0.014705197406213288,125.52136734443921,17.287783427867527,1.0,241.0,0.0006479722887804407,10.526728155876723,8.78013068018814,1.4742987155914307,1.0,True,True,False
ab3c505b624f.png,preprocessed_green_images/ab3c505b624f_green_preprocessed.png,preprocessed_images/ab3c505b624f_preprocessed.png,fundus_masks/ab3c505b624f_fundus_mask.png,94.5327577690441,18.39838658479905,0.0,255.0,3.436204711895711e-05,123.18984171982046,15.941410048270994,20.0,255.0,3.0066791229087474e-05,12.69840579868307,9.079362319473228,1.2932032346725464,1.0,False,True,False
ab653b8554c0.png,preprocessed_green_images/ab653b8554c0_green_preprocessed.png,preprocessed_images/ab653b8554c0_preprocessed.png,fundus_masks/ab653b8554c0_fundus_mask.png,99.63446762818506,11.982409577826841,0.0,251.0,0.0008290950919889701,123.36400173472204,10.199596572713075,3.0,233.0,0.000701542000913744,19.984000417767177,11.993600167106871,1.2099230289459229,1.0,False,True,False
ab686895533e.png,preprocessed_green_images/ab686895533e_green_preprocessed.png,preprocessed_images/ab686895533e_preprocessed.png,fundus_masks/ab686895533e_fundus_mask.png,90.91715970847298,16.207643123701157,0.0,225.0,0.0009499767719094186,126.07786334004882,16.53207207849651,1.0,230.0,0.0008144313056735625,23.44028227501245,12.0,1.3486195802688599,1.0,False,True,False
ab724603ee93.png,preprocessed_green_images/ab724603ee93_green_preprocessed.png,preprocessed_images/ab724603ee93_preprocessed.png,fundus_masks/ab724603ee93_fundus_mask.png,62.55449979703323,20.011450280312857,0.0,238.0,0.03619246535841763,125.20643990862091,14.089664858559493,8.0,255.0,1.8975190615955017e-05,23.84224525301398,12.0,1.9726085662841797,1.0,True,True,False
ab78a66dee6a.png,preprocessed_green_images/ab78a66dee6a_green_preprocessed.png,preprocessed_images/ab78a66dee6a_preprocessed.png,fundus_masks/ab78a66dee6a_fundus_mask.png,93.10853667408396,11.612710664094834,0.0,222.0,0.001480381481143612,122.67311052167858,9.615365998551441,1.0,229.0,0.0013002414569170883,21.269403955347418,12.0,1.2719374895095825,1.0,False,True,False
ab7991df166b.png,preprocessed_green_images/ab7991df166b_green_preprocessed.png,preprocessed_images/ab7991df166b_preprocessed.png,fundus_masks/ab7991df166b_fundus_mask.png,41.25517394171978,20.064375318369606,0.0,149.0,0.3182620343325125,98.68472506232668,18.993526746389325,1.0,255.0,0.0016450677253500863,9.712857650521705,12.0,2.8,1.0,True,True,False
ab88081e5654.png,preprocessed_green_images/ab88081e5654_green_preprocessed.png,preprocessed_images/ab88081e5654_preprocessed.png,fundus_masks/ab88081e5654_fundus_mask.png,46.46320607768735,15.121656469951965,0.0,240.0,0.05249108993572824,127.65520796476373,20.713403044128825,3.0,255.0,0.0008608430296794275,24.286756316271877,12.0,2.657118797302246,1.0,True,True,False
abbb8791785e.png,preprocessed_green_images/abbb8791785e_green_preprocessed.png,preprocessed_images/abbb8791785e_preprocessed.png,fundus_masks/abbb8791785e_fundus_mask.png,88.56317241443371,19.89007973904472,0.0,253.0,0.0005840266957093195,125.34992952202698,14.764168570636286,6.0,237.0,0.00032510432365528725,21.063091568819956,12.0,1.408212661743164,1.0,True,True,False
abe940882578.png,preprocessed_green_images/abe940882578_green_preprocessed.png,preprocessed_images/abe940882578_preprocessed.png,fundus_masks/abe940882578_fundus_mask.png,82.8685386806188,12.533912486341482,0.0,164.0,0.0006890991247048997,124.14683611853897,9.678414942408102,2.0,199.0,0.00046636001368917455,19.071661571038145,12.0,1.4254539012908936,1.0,True,True,False
ac0a48ccbf70.png,preprocessed_green_images/ac0a48ccbf70_green_preprocessed.png,preprocessed_images/ac0a48ccbf70_preprocessed.png,fundus_masks/ac0a48ccbf70_fundus_mask.png,45.50779288889341,18.11986050610719,0.0,252.0,0.09965019832278497,118.02145399369644,23.839953151404956,1.0,255.0,0.0016115317443749142,9.777941284985143,11.866039368314643,2.8,1.0,True,True,False
ac1667fac512.png,preprocessed_green_images/ac1667fac512_green_preprocessed.png,preprocessed_images/ac1667fac512_preprocessed.png,fundus_masks/ac1667fac512_fundus_mask.png,75.32624008166674,16.98388606960785,0.0,235.0,0.0008247877128671524,127.0826376966266,16.600702288758267,1.0,255.0,0.00046401559092385506,19.549265437453894,12.0,1.6252366304397583,1.0,True,True,False
ac17cc18a994.png,preprocessed_green_images/ac17cc18a994_green_preprocessed.png,preprocessed_images/ac17cc18a994_preprocessed.png,fundus_masks/ac17cc18a994_fundus_mask.png,82.81492279852031,12.168500758753916,0.0,190.0,0.0010259525418698768,125.00304887591538,11.890987954190159,2.0,227.0,0.0007801876391846633,19.879825261308724,12.0,1.4799343347549438,1.0,True,True,False
ac81fc200162.png,preprocessed_green_images/ac81fc200162_green_preprocessed.png,preprocessed_images/ac81fc200162_preprocessed.png,fundus_masks/ac81fc200162_fundus_mask.png,54.992416224705494,21.604561913689082,14.0,232.0,0.12112071224211075,125.01905908916204,14.86087862320431,2.0,251.0,0.00044201598756040723,9.473604640976042,10.90122708086104,2.1894772052764893,1.0,True,True,False
ace2281f00c4.png,preprocessed_green_images/ace2281f00c4_green_preprocessed.png,preprocessed_images/ace2281f00c4_preprocessed.png,fundus_masks/ace2281f00c4_fundus_mask.png,89.11605465148659,19.912583587117005,0.0,255.0,3.1767832568652315e-05,123.8536624931395,14.402380257478004,11.0,231.0,7.299842377477553e-05,19.905977636341134,12.0,1.3839833736419678,1.0,True,True,False
ace287a5c991.png,preprocessed_green_images/ace287a5c991_green_preprocessed.png,preprocessed_images/ace287a5c991_preprocessed.png,fundus_masks/ace287a5c991_fundus_mask.png,56.47449360144391,31.951181973695334,0.0,241.0,0.08853860390048444,123.92755006707856,32.72823649599166,1.0,255.0,0.015375881758451008,14.076188701955141,12.0,2.3645451068878174,1.0,True,True,False
acf976efd7ce.png,preprocessed_green_images/acf976efd7ce_green_preprocessed.png,preprocessed_images/acf976efd7ce_preprocessed.png,fundus_masks/acf976efd7ce_fundus_mask.png,85.56344365366476,17.272551187034306,0.0,252.0,0.0007473910836823089,126.38557616320703,14.09704389192744,2.0,249.0,0.000520276893912181,21.30527784338876,12.0,1.4484349489212036,1.0,True,True,False
ad029ba7fa8b.png,preprocessed_green_images/ad029ba7fa8b_green_preprocessed.png,preprocessed_images/ad029ba7fa8b_preprocessed.png,fundus_masks/ad029ba7fa8b_fundus_mask.png,122.2966611204501,26.578934497048074,0.0,195.0,3.430649421935573e-05,121.00882534563793,11.789017857537901,3.0,186.0,6.432467666129198e-05,13.313237206761437,9.325294882704576,0.9794731736183167,1.0,False,True,False
ad12cde115ab.png,preprocessed_green_images/ad12cde115ab_green_preprocessed.png,preprocessed_images/ad12cde115ab_preprocessed.png,fundus_masks/ad12cde115ab_fundus_mask.png,68.28002799345917,18.962210144891397,0.0,255.0,0.004421694118666277,122.96095196712258,15.723653170820565,1.0,251.0,0.0005583801695851337,21.955246226873438,12.0,1.7269481420516968,1.0,True,True,False
ad1aa75d5630.png,preprocessed_green_images/ad1aa75d5630_green_preprocessed.png,preprocessed_images/ad1aa75d5630_preprocessed.png,fundus_masks/ad1aa75d5630_fundus_mask.png,94.26151618615431,12.801838154352673,0.0,243.0,3.0460728674782307e-05,123.71011946020882,9.561598537545345,1.0,203.0,3.0460728674782307e-05,19.90815571162614,11.963262284650456,1.3154926300048828,1.0,False,True,False
ad20080452de.png,preprocessed_green_images/ad20080452de_green_preprocessed.png,preprocessed_images/ad20080452de_preprocessed.png,fundus_masks/ad20080452de_fundus_mask.png,76.8644029779628,14.977064650080028,0.0,196.0,0.0007995778972495915,127.30031704193368,15.02679084851437,2.0,219.0,0.0003742210507476286,18.89727164904946,12.0,1.5913739204406738,1.0,True,True,False
ad312ca98202.png,preprocessed_green_images/ad312ca98202_green_preprocessed.png,preprocessed_images/ad312ca98202_preprocessed.png,fundus_masks/ad312ca98202_fundus_mask.png,84.42908144110572,15.222424974749549,0.0,192.0,0.0012340614875481458,126.13130877724785,13.101914424464752,3.0,205.0,0.0007751991879527788,20.573156252164452,12.0,1.4539507627487183,1.0,True,True,False
ad6b07d5c338.png,preprocessed_green_images/ad6b07d5c338_green_preprocessed.png,preprocessed_images/ad6b07d5c338_preprocessed.png,fundus_masks/ad6b07d5c338_fundus_mask.png,93.35094922555076,20.664414253041713,0.0,255.0,3.1802117750385856e-05,123.42690147906913,12.582843198952373,10.0,221.0,1.8269301686391872e-05,20.713985398997302,12.0,1.335310459136963,1.0,False,True,False
ad93d88c87ea.png,preprocessed_green_images/ad93d88c87ea_green_preprocessed.png,preprocessed_images/ad93d88c87ea_preprocessed.png,fundus_masks/ad93d88c87ea_fundus_mask.png,87.79283502997863,13.038224608758322,0.0,243.0,0.0004427543026561781,123.45966357627255,10.89108548951195,1.0,238.0,0.0003233729069138055,22.895238932530702,12.0,1.38359797000885,1.0,True,True,False
ad944bd56bb6.png,preprocessed_green_images/ad944bd56bb6_green_preprocessed.png,preprocessed_images/ad944bd56bb6_preprocessed.png,fundus_masks/ad944bd56bb6_fundus_mask.png,90.96139806429149,26.043307182030578,1.0,255.0,1.757891071603636e-05,122.54800563877367,13.445815161468786,1.0,231.0,7.369620261722936e-05,20.185005163485084,12.0,1.4124664068222046,1.0,False,True,False
addf66a50f42.png,preprocessed_green_images/addf66a50f42_green_preprocessed.png,preprocessed_images/addf66a50f42_preprocessed.png,fundus_masks/addf66a50f42_fundus_mask.png,92.28795717654842,13.097630600103296,0.0,214.0,0.0016516823911919525,126.6860901277278,12.836325118733217,3.0,228.0,0.0013925949572794894,20.470374719956325,12.0,1.3268953561782837,1.0,False,True,False
ae20112e7a1e.png,preprocessed_green_images/ae20112e7a1e_green_preprocessed.png,preprocessed_images/ae20112e7a1e_preprocessed.png,fundus_masks/ae20112e7a1e_fundus_mask.png,46.55481835841529,20.897575436887934,0.0,226.0,0.11038268339193287,119.70542722497893,26.920400420086576,1.0,255.0,0.008246367550199986,10.933783263648007,12.0,2.8,1.0,True,True,False
ae2c3f6312ef.png,preprocessed_green_images/ae2c3f6312ef_green_preprocessed.png,preprocessed_images/ae2c3f6312ef_preprocessed.png,fundus_masks/ae2c3f6312ef_fundus_mask.png,90.51498988710841,15.014729540256479,0.0,252.0,0.0011936337987077264,124.94693365781032,13.66664272987146,2.0,245.0,0.0009748202313403547,20.908888852453412,12.0,1.3640624284744263,1.0,False,True,False
ae2e888905ba.png,preprocessed_green_images/ae2e888905ba_green_preprocessed.png,preprocessed_images/ae2e888905ba_preprocessed.png,fundus_masks/ae2e888905ba_fundus_mask.png,91.87836685434107,18.570616238376065,0.0,246.0,1.5541926712382456e-05,123.74131003575995,9.310439281228252,1.0,212.0,3.3111061256814795e-05,19.729732378714452,11.891892951485781,1.3762174844741821,1.0,False,True,False
ae49cc60f251.png,preprocessed_green_images/ae49cc60f251_green_preprocessed.png,preprocessed_images/ae49cc60f251_preprocessed.png,fundus_masks/ae49cc60f251_fundus_mask.png,85.62416242666889,15.671672396274145,0.0,217.0,0.0005606991594146486,124.6119266735248,11.283768878896836,5.0,222.0,0.00038113641208144505,20.083815569317746,12.0,1.436195969581604,1.0,True,True,False
ae57c8630249.png,preprocessed_green_images/ae57c8630249_green_preprocessed.png,preprocessed_images/ae57c8630249_preprocessed.png,fundus_masks/ae57c8630249_fundus_mask.png,87.15109076406313,18.708450198910135,0.0,251.0,0.0006339423901950244,124.23285423853186,13.419478786625227,4.0,234.0,0.00040637332704809257,21.16751401402541,12.0,1.4461135864257812,1.0,True,True,False
ae58ccb5905e.png,preprocessed_green_images/ae58ccb5905e_green_preprocessed.png,preprocessed_images/ae58ccb5905e_preprocessed.png,fundus_masks/ae58ccb5905e_fundus_mask.png,82.87554510469604,17.97078291941167,0.0,223.0,0.0006910553551572325,124.505923248795,12.421596391604666,2.0,221.0,0.000426691897144063,21.2528328906913,12.0,1.4633336067199707,1.0,True,True,False
ae5d31979f19.png,preprocessed_green_images/ae5d31979f19_green_preprocessed.png,preprocessed_images/ae5d31979f19_preprocessed.png,fundus_masks/ae5d31979f19_fundus_mask.png,65.77809069321097,15.401255712259193,2.0,182.0,4.72687728363656e-05,124.92871811411432,13.666254745774983,12.0,210.0,2.9398870910422506e-05,11.061562341419519,10.577683541615722,1.8473398685455322,1.0,True,True,False
ae61e19fb766.png,preprocessed_green_images/ae61e19fb766_green_preprocessed.png,preprocessed_images/ae61e19fb766_preprocessed.png,fundus_masks/ae61e19fb766_fundus_mask.png,100.22558696998294,32.64055307888324,0.0,255.0,2.9067959537400322e-05,123.67831435578641,12.722188430037626,10.0,212.0,4.326393977659583e-05,19.782927529003704,11.91317101160148,1.2234469652175903,1.0,False,True,False
ae94ce412de9.png,preprocessed_green_images/ae94ce412de9_green_preprocessed.png,preprocessed_images/ae94ce412de9_preprocessed.png,fundus_masks/ae94ce412de9_fundus_mask.png,80.38461713985026,39.372377339112205,6.0,182.0,0.0931002373275972,123.9807314436149,16.8365511204898,1.0,253.0,0.0031661537234400337,9.942936566564466,8.831875325305763,1.592010498046875,1.0,True,True,False
ae975c43bd8b.png,preprocessed_green_images/ae975c43bd8b_green_preprocessed.png,preprocessed_images/ae975c43bd8b_preprocessed.png,fundus_masks/ae975c43bd8b_fundus_mask.png,92.88265675885361,14.866676382190752,0.0,205.0,0.0005412286121783406,124.7257353043656,11.633651673970725,3.0,199.0,0.00041811652442961937,19.233223469040844,11.693289387616337,1.3265867233276367,1.0,False,True,False
aeab0a63bcaf.png,preprocessed_green_images/aeab0a63bcaf_green_preprocessed.png,preprocessed_images/aeab0a63bcaf_preprocessed.png,fundus_masks/aeab0a63bcaf_fundus_mask.png,97.80075631854643,14.932276865468223,0.0,240.0,2.2992516612093253e-05,122.50603147810774,9.181956364846014,1.0,228.0,3.4488774918139876e-05,20.24699453067167,12.0,1.2408959865570068,1.0,False,True,False
aeb6f4fd2eed.png,preprocessed_green_images/aeb6f4fd2eed_green_preprocessed.png,preprocessed_images/aeb6f4fd2eed_preprocessed.png,fundus_masks/aeb6f4fd2eed_fundus_mask.png,89.08606271046476,30.554634156293808,0.0,255.0,1.8260850157550557e-05,123.0553337576163,15.4148235303884,1.0,230.0,0.0007771006233713182,20.236630393944914,12.0,1.431541085243225,1.0,True,True,False
aebe87a423c8.png,preprocessed_green_images/aebe87a423c8_green_preprocessed.png,preprocessed_images/aebe87a423c8_preprocessed.png,fundus_masks/aebe87a423c8_fundus_mask.png,102.37873913752134,23.180805629990292,0.0,255.0,6.004924037710923e-05,122.77156840037402,16.48068896702021,2.0,246.0,6.004924037710923e-05,11.9179321884156,8.76717287536624,1.254738450050354,1.0,False,True,False
aec51513cf45.png,preprocessed_green_images/aec51513cf45_green_preprocessed.png,preprocessed_images/aec51513cf45_preprocessed.png,fundus_masks/aec51513cf45_fundus_mask.png,71.10207319380191,17.32220310715716,0.0,255.0,9.028840696854524e-05,123.6187765490911,21.028344705645466,3.0,255.0,5.589282336148039e-05,15.447453279023218,11.858797027715784,1.740962028503418,1.0,True,True,False
aeccef0bdc26.png,preprocessed_green_images/aeccef0bdc26_green_preprocessed.png,preprocessed_images/aeccef0bdc26_preprocessed.png,fundus_masks/aeccef0bdc26_fundus_mask.png,69.48407028675342,18.208135354790056,0.0,231.0,0.0037194103753318206,127.62890898069809,19.80035589722103,1.0,252.0,0.0008267936894274918,22.505840278263218,12.0,1.7502822875976562,1.0,True,True,False
af345c68e836.png,preprocessed_green_images/af345c68e836_green_preprocessed.png,preprocessed_images/af345c68e836_preprocessed.png,fundus_masks/af345c68e836_fundus_mask.png,87.469045603168,13.123196399857655,0.0,237.0,0.000640503693030787,124.8570205806693,13.68147992961205,2.0,242.0,0.0005200473022980532,20.179854459827215,12.0,1.3916889429092407,1.0,True,True,False
af5a0bc4e1fa.png,preprocessed_green_images/af5a0bc4e1fa_green_preprocessed.png,preprocessed_images/af5a0bc4e1fa_preprocessed.png,fundus_masks/af5a0bc4e1fa_fundus_mask.png,47.16443416014989,19.662482092013168,0.0,252.0,0.08484543010752688,122.50302928478332,27.13161650311402,1.0,255.0,0.007463750407298794,11.9636352715841,12.0,2.7909011840820312,1.0,True,True,False
af6166d57f13.png,preprocessed_green_images/af6166d57f13_green_preprocessed.png,preprocessed_images/af6166d57f13_preprocessed.png,fundus_masks/af6166d57f13_fundus_mask.png,85.51354572392835,19.45387772536857,0.0,255.0,1.6928769156595177e-05,124.33229413262404,14.419366700976745,3.0,234.0,5.417206130110457e-05,20.22166343895631,12.0,1.4280097484588623,1.0,True,True,False
af6a1508cd95.png,preprocessed_green_images/af6a1508cd95_green_preprocessed.png,preprocessed_images/af6a1508cd95_preprocessed.png,fundus_masks/af6a1508cd95_fundus_mask.png,80.83391390500744,35.3395523218899,6.0,255.0,0.09391827442523404,123.35634586501673,13.773717672008646,12.0,217.0,0.0002164865951936801,9.9967394579574,8.813458991626742,1.4620550870895386,1.0,True,True,False
af7a36454670.png,preprocessed_green_images/af7a36454670_green_preprocessed.png,preprocessed_images/af7a36454670_preprocessed.png,fundus_masks/af7a36454670_fundus_mask.png,95.85348750172356,9.016604832402555,0.0,170.0,0.0008840851919785781,122.79262930180444,8.425087087715164,1.0,189.0,0.0007450416493345028,19.778369587623207,11.911347835049282,1.2593258619308472,1.0,False,True,False
af87d48ffe01.png,preprocessed_green_images/af87d48ffe01_green_preprocessed.png,preprocessed_images/af87d48ffe01_preprocessed.png,fundus_masks/af87d48ffe01_fundus_mask.png,91.9852464377039,19.953821639983786,0.0,241.0,2.775771173548661e-05,124.49565659513075,13.035885039859116,1.0,215.0,2.6403677016682385e-05,20.06603109809705,12.0,1.3444607257843018,1.0,False,True,False
afc345cc9145.png,preprocessed_green_images/afc345cc9145_green_preprocessed.png,preprocessed_images/afc345cc9145_preprocessed.png,fundus_masks/afc345cc9145_fundus_mask.png,73.93416032811776,23.30602760805255,6.0,255.0,0.0007506190746145578,123.95860208802607,14.421529453595522,1.0,251.0,0.0007552173828312747,10.059213367038158,9.451759984315906,1.7008590698242188,1.0,True,True,False
afc744fad65e.png,preprocessed_green_images/afc744fad65e_green_preprocessed.png,preprocessed_images/afc744fad65e_preprocessed.png,fundus_masks/afc744fad65e_fundus_mask.png,100.22578811783114,16.811219890892914,0.0,231.0,0.0006541792659969448,124.92376259788041,12.39080766525732,2.0,211.0,0.0003897238180407331,20.817328366452355,12.0,1.2035893201828003,1.0,False,True,False
b05922e7abd3.png,preprocessed_green_images/b05922e7abd3_green_preprocessed.png,preprocessed_images/b05922e7abd3_preprocessed.png,fundus_masks/b05922e7abd3_fundus_mask.png,93.47839717783965,12.976619163760162,0.0,230.0,0.0008604994834686816,122.43191167546082,10.287540376714638,1.0,215.0,0.0006809874781690239,19.35123968918319,11.740495875673275,1.30988347530365,1.0,False,True,False
b0619ca93a5f.png,preprocessed_green_images/b0619ca93a5f_green_preprocessed.png,preprocessed_images/b0619ca93a5f_preprocessed.png,fundus_masks/b0619ca93a5f_fundus_mask.png,89.77588027190724,18.17566172709552,0.0,255.0,0.0010731352682953935,125.50405175128267,14.570664631009581,1.0,239.0,0.0007617292411417141,20.02446496613001,12.0,1.3664891719818115,1.0,True,True,False
b085caa513a8.png,preprocessed_green_images/b085caa513a8_green_preprocessed.png,preprocessed_images/b085caa513a8_preprocessed.png,fundus_masks/b085caa513a8_fundus_mask.png,44.956758559925845,17.83013395424903,0.0,158.0,0.1214508711440227,112.42804467509714,18.938979848428534,1.0,255.0,0.0009090862791633351,7.137548886493075,10.858863238159376,2.8,1.0,True,True,False
b086c7cd3868.png,preprocessed_green_images/b086c7cd3868_green_preprocessed.png,preprocessed_images/b086c7cd3868_preprocessed.png,fundus_masks/b086c7cd3868_fundus_mask.png,83.99405321904364,15.684733023947203,0.0,214.0,0.0004703996654935712,128.00696191504932,15.475985947982515,1.0,237.0,0.0002845627606072221,21.40222937734171,12.0,1.4521089792251587,1.0,True,True,False
b09101adb478.png,preprocessed_green_images/b09101adb478_green_preprocessed.png,preprocessed_images/b09101adb478_preprocessed.png,fundus_masks/b09101adb478_fundus_mask.png,75.69304106123786,19.474448758349077,0.0,190.0,0.0008311991471780498,126.57616516101432,15.747574173552257,6.0,223.0,0.0002127404810259904,22.574805291010268,12.0,1.6261234283447266,1.0,True,True,False
b0acd3593310.png,preprocessed_green_images/b0acd3593310_green_preprocessed.png,preprocessed_images/b0acd3593310_preprocessed.png,fundus_masks/b0acd3593310_fundus_mask.png,60.06511283434144,24.174883439514645,14.0,251.0,0.05232096427577965,126.16263203201851,21.659588251989963,1.0,250.0,0.002684077006575166,10.094139409810438,10.698534623093824,2.1720974445343018,1.0,True,True,False
b0b3b16fc305.png,preprocessed_green_images/b0b3b16fc305_green_preprocessed.png,preprocessed_images/b0b3b16fc305_preprocessed.png,fundus_masks/b0b3b16fc305_fundus_mask.png,56.54583595577118,16.531531979569916,0.0,187.0,0.014695328847900153,126.6527838097074,17.475248760238348,2.0,254.0,0.0005422930519138184,21.331900044431098,12.0,2.1996963024139404,1.0,True,True,False
b0c9a492e068.png,preprocessed_green_images/b0c9a492e068_green_preprocessed.png,preprocessed_images/b0c9a492e068_preprocessed.png,fundus_masks/b0c9a492e068_fundus_mask.png,43.203797917392905,14.07961185273876,12.0,184.0,0.1531374329264063,123.7692841795443,14.206381128597993,1.0,255.0,0.0003661553078031472,8.98625207112689,11.754163235793609,2.8,1.0,True,True,False
b0f0fa677d5f.png,preprocessed_green_images/b0f0fa677d5f_green_preprocessed.png,preprocessed_images/b0f0fa677d5f_preprocessed.png,fundus_masks/b0f0fa677d5f_fundus_mask.png,88.86562561366856,18.31583548036758,0.0,255.0,0.0006948616260924026,127.84947763370567,15.913245061660938,5.0,248.0,0.000288170038914575,22.65931188163729,12.0,1.3911465406417847,1.0,True,True,False
b0f8613305a3.png,preprocessed_green_images/b0f8613305a3_green_preprocessed.png,preprocessed_images/b0f8613305a3_preprocessed.png,fundus_masks/b0f8613305a3_fundus_mask.png,59.35543566134283,6.4010639736320805,0.0,147.0,2.1623628917769086e-05,123.23169257081307,8.988952014116167,3.0,224.0,1.758721818645219e-05,12.618476375396936,11.771351824706079,2.0298266410827637,1.0,True,True,False
b10fca20c885.png,preprocessed_green_images/b10fca20c885_green_preprocessed.png,preprocessed_images/b10fca20c885_preprocessed.png,fundus_masks/b10fca20c885_fundus_mask.png,81.4563189536187,12.52643311227933,0.0,198.0,0.0010953841023408335,124.2838376423073,11.914118119949366,1.0,224.0,0.0009309606958583828,19.823526027587924,12.0,1.5246764421463013,1.0,True,True,False
b11dcdcbc8c8.png,preprocessed_green_images/b11dcdcbc8c8_green_preprocessed.png,preprocessed_images/b11dcdcbc8c8_preprocessed.png,fundus_masks/b11dcdcbc8c8_fundus_mask.png,63.791137231247866,23.635293338369472,5.0,255.0,0.09504480194287256,125.40062004460353,15.830563728520655,11.0,255.0,0.00019762061603663522,9.629352054772147,10.181417512464604,1.7573986053466797,1.0,True,True,False
b16dd4483ca5.png,preprocessed_green_images/b16dd4483ca5_green_preprocessed.png,preprocessed_images/b16dd4483ca5_preprocessed.png,fundus_masks/b16dd4483ca5_fundus_mask.png,100.38938597737064,24.824092706507916,0.0,255.0,2.7052434380938853e-05,125.02272607381256,14.311197887679203,4.0,230.0,2.2994569223798028e-05,19.55211727979594,11.820846911918377,1.2796800136566162,1.0,False,True,False
b1c6f0997e27.png,preprocessed_green_images/b1c6f0997e27_green_preprocessed.png,preprocessed_images/b1c6f0997e27_preprocessed.png,fundus_masks/b1c6f0997e27_fundus_mask.png,86.29159719093556,12.438894787270486,0.0,182.0,0.0006583744768999968,123.90320734035289,9.811411648240936,2.0,210.0,0.0003820197582012327,19.35017343978585,12.0,1.4037021398544312,1.0,True,True,False
b200c23b299b.png,preprocessed_green_images/b200c23b299b_green_preprocessed.png,preprocessed_images/b200c23b299b_preprocessed.png,fundus_masks/b200c23b299b_fundus_mask.png,76.25055656937482,12.7180040501493,0.0,163.0,0.0005661403958574301,124.17748153373002,10.475607008279631,1.0,202.0,0.0003770402226509524,24.069703899534296,12.0,1.5774365663528442,1.0,True,True,False
b21abe5d9722.png,preprocessed_green_images/b21abe5d9722_green_preprocessed.png,preprocessed_images/b21abe5d9722_preprocessed.png,fundus_masks/b21abe5d9722_fundus_mask.png,100.59766424736144,17.92347331722677,0.0,192.0,3.4336679728911914e-05,122.260417963234,12.020287167351801,2.0,210.0,6.867335945782383e-05,16.179700223992704,10.471880089597082,1.2310895919799805,1.0,False,True,False
b22cc1bf0b8a.png,preprocessed_green_images/b22cc1bf0b8a_green_preprocessed.png,preprocessed_images/b22cc1bf0b8a_preprocessed.png,fundus_masks/b22cc1bf0b8a_fundus_mask.png,91.86030179986271,20.473522920759358,0.0,254.0,0.0008900420006748031,124.3063955044153,14.393830077284493,3.0,228.0,0.0005619480867005619,22.484918020314907,12.0,1.3420974016189575,1.0,False,True,False
b294927b14b0.png,preprocessed_green_images/b294927b14b0_green_preprocessed.png,preprocessed_images/b294927b14b0_preprocessed.png,fundus_masks/b294927b14b0_fundus_mask.png,89.19066943701192,13.502754028980839,0.0,202.0,0.000536532286380771,125.44585601234836,12.871357834821373,1.0,219.0,0.0005191500308824739,20.356730348006792,12.0,1.3540533781051636,1.0,True,True,False
b2b79b37d314.png,preprocessed_green_images/b2b79b37d314_green_preprocessed.png,preprocessed_images/b2b79b37d314_preprocessed.png,fundus_masks/b2b79b37d314_fundus_mask.png,86.21058476403547,11.646248387722377,0.0,171.0,0.0008881817402803736,123.70170178863822,10.078556176339774,1.0,197.0,0.0007503804011755959,19.550193446940423,12.0,1.412949562072754,1.0,True,True,False
b2b7ccd34cbd.png,preprocessed_green_images/b2b7ccd34cbd_green_preprocessed.png,preprocessed_images/b2b7ccd34cbd_preprocessed.png,fundus_masks/b2b7ccd34cbd_fundus_mask.png,80.50311355608692,12.229162559561356,0.0,180.0,0.0010494481410272764,124.42968697455117,12.29811073746221,1.0,203.0,0.0007943336758051761,18.52017698785672,12.0,1.5202791690826416,1.0,True,True,False
b351ae99413a.png,preprocessed_green_images/b351ae99413a_green_preprocessed.png,preprocessed_images/b351ae99413a_preprocessed.png,fundus_masks/b351ae99413a_fundus_mask.png,76.2212227404863,15.717223935789221,0.0,250.0,0.0008821680495403348,124.8554089520376,13.729601967156343,1.0,255.0,0.0007027244174159885,21.81059403660624,12.0,1.591892957687378,1.0,True,True,False
b35cad8fe2d7.png,preprocessed_green_images/b35cad8fe2d7_green_preprocessed.png,preprocessed_images/b35cad8fe2d7_preprocessed.png,fundus_masks/b35cad8fe2d7_fundus_mask.png,73.93014877629871,22.504338608754065,5.0,185.0,0.09294324614132012,123.40358864227953,14.216118051812614,10.0,225.0,0.00010363535760452231,10.152046131810309,9.489249672608683,1.547845721244812,1.0,True,True,False
b3a994760537.png,preprocessed_green_images/b3a994760537_green_preprocessed.png,preprocessed_images/b3a994760537_preprocessed.png,fundus_masks/b3a994760537_fundus_mask.png,83.7471782380623,12.491067893957654,0.0,189.0,0.0007273746523832523,125.96164025300592,14.433960613876565,4.0,220.0,0.0004783530755322981,21.06122085843907,12.0,1.4846926927566528,1.0,True,True,False
b3f31c371e59.png,preprocessed_green_images/b3f31c371e59_green_preprocessed.png,preprocessed_images/b3f31c371e59_preprocessed.png,fundus_masks/b3f31c371e59_fundus_mask.png,79.92592373578032,15.366483499525659,0.0,193.0,0.0006632276227347936,125.87806351448027,13.808738481588039,5.0,218.0,0.00029682914583934817,19.403648887602355,12.0,1.5324609279632568,1.0,True,True,False
b43440c6ebe4.png,preprocessed_green_images/b43440c6ebe4_green_preprocessed.png,preprocessed_images/b43440c6ebe4_preprocessed.png,fundus_masks/b43440c6ebe4_fundus_mask.png,57.766630675228654,16.957941957464197,4.0,216.0,0.010756772529038481,125.13037931032983,17.40584980990363,1.0,242.0,0.001554603997789201,9.503557975152065,10.666611574484946,2.1784534454345703,1.0,True,True,False
b460ca9fa26f.png,preprocessed_green_images/b460ca9fa26f_green_preprocessed.png,preprocessed_images/b460ca9fa26f_preprocessed.png,fundus_masks/b460ca9fa26f_fundus_mask.png,92.2707286206701,11.14985121432315,0.0,164.0,0.0013581529120396262,122.17837306480578,8.02923980977662,1.0,200.0,0.0012273163570008557,19.33819800787144,11.735279203148576,1.3060349225997925,1.0,False,True,False
b46b09a45f39.png,preprocessed_green_images/b46b09a45f39_green_preprocessed.png,preprocessed_images/b46b09a45f39_preprocessed.png,fundus_masks/b46b09a45f39_fundus_mask.png,82.66341676097886,17.773780632366368,0.0,167.0,0.0010784059073452197,126.07639520213733,13.728851277985592,1.0,191.0,0.0007038627803855359,20.903991441721473,12.0,1.501755952835083,1.0,True,True,False
b4b04d81acbb.png,preprocessed_green_images/b4b04d81acbb_green_preprocessed.png,preprocessed_images/b4b04d81acbb_preprocessed.png,fundus_masks/b4b04d81acbb_fundus_mask.png,41.92013214713438,14.614422568895055,0.0,153.0,0.18142010357667204,119.64199111633542,20.258462967387192,2.0,255.0,0.002468721174444246,19.34271474447468,12.0,2.8,1.0,True,True,False
b4e15102cd7a.png,preprocessed_green_images/b4e15102cd7a_green_preprocessed.png,preprocessed_images/b4e15102cd7a_preprocessed.png,fundus_masks/b4e15102cd7a_fundus_mask.png,55.18336823812317,19.77261391195863,5.0,213.0,0.09465079464630916,123.06913966705753,13.314126628446344,1.0,251.0,0.0003441522304001931,9.130624293992767,10.747061429763935,1.9899709224700928,1.0,True,True,False
b5204c0decc7.png,preprocessed_green_images/b5204c0decc7_green_preprocessed.png,preprocessed_images/b5204c0decc7_preprocessed.png,fundus_masks/b5204c0decc7_fundus_mask.png,89.49111897026962,19.637077569187,0.0,252.0,0.0005329314480641468,124.63655932955133,12.701054501624702,6.0,226.0,0.00036341512689341604,18.90501775199007,11.607240970105394,1.4042353630065918,1.0,True,True,False
b532dedd928c.png,preprocessed_green_images/b532dedd928c_green_preprocessed.png,preprocessed_images/b532dedd928c_preprocessed.png,fundus_masks/b532dedd928c_fundus_mask.png,94.15522694559583,18.48768475112604,0.0,255.0,3.1114381878983995e-05,122.60396735424942,11.24210363003263,1.0,213.0,6.763996060648694e-05,20.10884218389114,12.0,1.3165074586868286,1.0,False,True,False
b549af91bd30.png,preprocessed_green_images/b549af91bd30_green_preprocessed.png,preprocessed_images/b549af91bd30_preprocessed.png,fundus_masks/b549af91bd30_fundus_mask.png,84.78488177330195,9.396155484999483,0.0,191.0,0.0006966443995470073,124.13620846938764,11.284877005422507,1.0,228.0,0.0005702979111100292,20.063029635694903,12.0,1.4331961870193481,1.0,True,True,False
b553e7909535.png,preprocessed_green_images/b553e7909535_green_preprocessed.png,preprocessed_images/b553e7909535_preprocessed.png,fundus_masks/b553e7909535_fundus_mask.png,102.2426863520284,21.60109702433343,0.0,255.0,0.0023625678412688114,121.14159996477584,15.685264256991296,1.0,229.0,0.0029975296740374765,22.56312883287016,12.0,1.2245287895202637,1.0,False,True,False
b598bc9753c2.png,preprocessed_green_images/b598bc9753c2_green_preprocessed.png,preprocessed_images/b598bc9753c2_preprocessed.png,fundus_masks/b598bc9753c2_fundus_mask.png,94.89773195446782,10.957749827367591,0.0,182.0,0.0011839017141693246,124.01951759766321,10.745960269962437,1.0,196.0,0.0011109928109506858,20.616482559612795,12.0,1.2821294069290161,1.0,False,True,False
b5a3ca5c0a80.png,preprocessed_green_images/b5a3ca5c0a80_green_preprocessed.png,preprocessed_images/b5a3ca5c0a80_preprocessed.png,fundus_masks/b5a3ca5c0a80_fundus_mask.png,85.99611430215187,18.38532951345821,0.0,245.0,0.0008850111815305242,128.0453559531211,17.298382487355845,3.0,240.0,0.0005428377889335326,21.55531508585892,12.0,1.4498622417449951,1.0,True,True,False
b5b913358b32.png,preprocessed_green_images/b5b913358b32_green_preprocessed.png,preprocessed_images/b5b913358b32_preprocessed.png,fundus_masks/b5b913358b32_fundus_mask.png,84.63512443773246,15.923579636262755,0.0,248.0,0.000642094758814605,126.14696436374089,14.126617565483759,1.0,250.0,0.00031293426873635983,21.01078202641357,12.0,1.4464837312698364,1.0,True,True,False
b5bf7b84fc66.png,preprocessed_green_images/b5bf7b84fc66_green_preprocessed.png,preprocessed_images/b5bf7b84fc66_preprocessed.png,fundus_masks/b5bf7b84fc66_fundus_mask.png,84.41464337188293,10.34201169291312,0.0,168.0,0.0012527269656708855,122.8896790566723,10.066423329399296,1.0,204.0,0.0011266445656172139,20.78658438486208,12.0,1.4454721212387085,1.0,True,True,False
b5e6ae31493c.png,preprocessed_green_images/b5e6ae31493c_green_preprocessed.png,preprocessed_images/b5e6ae31493c_preprocessed.png,fundus_masks/b5e6ae31493c_fundus_mask.png,96.84658473100137,10.405086656361815,0.0,189.0,0.000649853260812804,122.52475882901084,7.985393471403274,2.0,193.0,0.0005570170806966891,19.53404172262724,11.813616689050896,1.2506215572357178,1.0,False,True,False
b64e1eef3d63.png,preprocessed_green_images/b64e1eef3d63_green_preprocessed.png,preprocessed_images/b64e1eef3d63_preprocessed.png,fundus_masks/b64e1eef3d63_fundus_mask.png,72.39827925812277,13.222993456201353,0.0,241.0,0.00018053995646755656,123.9686881506961,14.516719668745134,23.0,250.0,8.114155346856475e-06,20.971716299823612,12.0,1.681930422782898,1.0,True,True,False
b66f23ffa730.png,preprocessed_green_images/b66f23ffa730_green_preprocessed.png,preprocessed_images/b66f23ffa730_preprocessed.png,fundus_masks/b66f23ffa730_fundus_mask.png,76.74645942764624,19.40270045632935,0.0,224.0,0.0015958164485407353,127.45179634032297,17.98445162775207,7.0,243.0,0.00028147782838692267,22.74573176038744,12.0,1.6347657442092896,1.0,True,True,False
b67ae80f7eba.png,preprocessed_green_images/b67ae80f7eba_green_preprocessed.png,preprocessed_images/b67ae80f7eba_preprocessed.png,fundus_masks/b67ae80f7eba_fundus_mask.png,40.31044175684278,18.69072519586066,0.0,245.0,0.18135964353914705,106.87153660089115,25.16791975144759,1.0,255.0,0.008170591979630808,8.611149896263598,11.861309580119414,2.8,1.0,True,True,False
b69c224edd6e.png,preprocessed_green_images/b69c224edd6e_green_preprocessed.png,preprocessed_images/b69c224edd6e_preprocessed.png,fundus_masks/b69c224edd6e_fundus_mask.png,75.47674227854137,34.50920799737538,5.0,205.0,0.06248722796790604,126.42535921509565,19.485318682615866,1.0,236.0,0.0016606079649805236,10.599424899833071,9.530726201840663,1.6985361576080322,1.0,True,True,False
b6bf847fbcb2.png,preprocessed_green_images/b6bf847fbcb2_green_preprocessed.png,preprocessed_images/b6bf847fbcb2_preprocessed.png,fundus_masks/b6bf847fbcb2_fundus_mask.png,95.16064985926829,12.365964306071923,0.0,226.0,0.0010507040064758621,122.19992253087457,10.124091883073103,1.0,215.0,0.001029829092439918,18.84020885806897,11.536083543227587,1.2780907154083252,1.0,False,True,False
b6d9974443ce.png,preprocessed_green_images/b6d9974443ce_green_preprocessed.png,preprocessed_images/b6d9974443ce_preprocessed.png,fundus_masks/b6d9974443ce_fundus_mask.png,96.97642808879559,28.62999867557701,0.0,255.0,2.3672689224259502e-05,122.97319913398539,13.389637745673047,1.0,222.0,3.4494490012492414e-05,19.987763237823604,11.995105295129441,1.3209470510482788,1.0,False,True,False
b6fd109b1bc9.png,preprocessed_green_images/b6fd109b1bc9_green_preprocessed.png,preprocessed_images/b6fd109b1bc9_preprocessed.png,fundus_masks/b6fd109b1bc9_fundus_mask.png,41.366991693389075,14.760868451282558,3.0,162.0,0.24870862325728632,115.39938542097526,15.167448326421857,3.0,238.0,0.0008152266588080769,9.04059832619988,11.939173402178701,2.8,1.0,True,True,False
b70e7c26f51e.png,preprocessed_green_images/b70e7c26f51e_green_preprocessed.png,preprocessed_images/b70e7c26f51e_preprocessed.png,fundus_masks/b70e7c26f51e_fundus_mask.png,84.6564055408686,23.02350639487625,0.0,255.0,0.0007430550476077691,126.44377801694863,16.90615406416012,2.0,242.0,0.0006478511196330237,23.443428361226744,12.0,1.468879222869873,1.0,True,True,False
b72a86d61959.png,preprocessed_green_images/b72a86d61959_green_preprocessed.png,preprocessed_images/b72a86d61959_preprocessed.png,fundus_masks/b72a86d61959_fundus_mask.png,91.50251065274654,19.357683859018042,0.0,226.0,0.000823943735420194,127.51112787583597,17.40114397619503,1.0,228.0,0.000782225065272336,22.43852665507066,12.0,1.3459552526474,1.0,False,True,False
b72f59b85f7c.png,preprocessed_green_images/b72f59b85f7c_green_preprocessed.png,preprocessed_images/b72f59b85f7c_preprocessed.png,fundus_masks/b72f59b85f7c_fundus_mask.png,80.34368394183022,18.465551698725527,0.0,248.0,2.843759775424228e-05,124.78644379715055,13.585115611530533,5.0,235.0,2.234382680690465e-05,20.916279750002683,12.0,1.5685906410217285,1.0,True,True,False
b73d0bcd3d33.png,preprocessed_green_images/b73d0bcd3d33_green_preprocessed.png,preprocessed_images/b73d0bcd3d33_preprocessed.png,fundus_masks/b73d0bcd3d33_fundus_mask.png,51.15924354895723,11.936831064241307,1.0,104.0,0.004052108389588668,119.63249101207873,13.658838365338784,2.0,230.0,4.310753605945391e-05,12.273672934629277,12.0,2.4046127796173096,1.0,True,True,False
b74de20d73de.png,preprocessed_green_images/b74de20d73de_green_preprocessed.png,preprocessed_images/b74de20d73de_preprocessed.png,fundus_masks/b74de20d73de_fundus_mask.png,100.56561549658554,22.198704556374043,0.0,255.0,1.9615588575881214e-05,123.9956845705133,13.70061021309137,1.0,215.0,0.00010145994090973041,19.535093117230357,11.814037246892143,1.2541617155075073,1.0,False,True,False
b759cbef90c5.png,preprocessed_green_images/b759cbef90c5_green_preprocessed.png,preprocessed_images/b759cbef90c5_preprocessed.png,fundus_masks/b759cbef90c5_fundus_mask.png,85.97583190068627,13.16581138758487,0.0,227.0,0.0010542119823355777,124.40117631521633,12.042833305339583,1.0,236.0,0.0008815992511619501,19.372070338574495,12.0,1.4118168354034424,1.0,True,True,False
b77b88926843.png,preprocessed_green_images/b77b88926843_green_preprocessed.png,preprocessed_images/b77b88926843_preprocessed.png,fundus_masks/b77b88926843_fundus_mask.png,81.02457582485911,15.595087683108579,0.0,227.0,0.0009524074679882046,125.29067336716062,13.989038571458403,1.0,251.0,0.0007598378703194568,21.153054431511453,12.0,1.49764883518219,1.0,True,True,False
b7983cb3f270.png,preprocessed_green_images/b7983cb3f270_green_preprocessed.png,preprocessed_images/b7983cb3f270_preprocessed.png,fundus_masks/b7983cb3f270_fundus_mask.png,81.68323542754509,12.657416743476375,0.0,196.0,0.0012151427619153427,125.59013118912713,13.43766247139288,1.0,231.0,0.0010924712069029366,20.912402698067343,12.0,1.479378342628479,1.0,True,True,False
b7a1bb106051.png,preprocessed_green_images/b7a1bb106051_green_preprocessed.png,preprocessed_images/b7a1bb106051_preprocessed.png,fundus_masks/b7a1bb106051_fundus_mask.png,80.79870090683526,15.673371962707359,0.0,218.0,0.0007230078985421468,127.1858432036097,14.947565003188194,1.0,254.0,0.00035512105450063715,23.200869213150273,12.0,1.521640419960022,1.0,True,True,False
b7aca95b97b9.png,preprocessed_green_images/b7aca95b97b9_green_preprocessed.png,preprocessed_images/b7aca95b97b9_preprocessed.png,fundus_masks/b7aca95b97b9_fundus_mask.png,43.870154140717695,23.684820459341317,0.0,255.0,0.0906486946160231,113.27753222085865,30.926681514188697,1.0,255.0,0.016778779808431656,12.507489995102905,12.0,2.8,1.0,True,True,False
b7bd4a6627b6.png,preprocessed_green_images/b7bd4a6627b6_green_preprocessed.png,preprocessed_images/b7bd4a6627b6_preprocessed.png,fundus_masks/b7bd4a6627b6_fundus_mask.png,92.65012311551952,20.40236231980189,0.0,252.0,0.0006631977513995679,126.10052382169157,13.571774556231276,1.0,235.0,0.000491300610931729,21.512635557467554,12.0,1.3281385898590088,1.0,False,True,False
b7ce561a7328.png,preprocessed_green_images/b7ce561a7328_green_preprocessed.png,preprocessed_images/b7ce561a7328_preprocessed.png,fundus_masks/b7ce561a7328_fundus_mask.png,82.2695002779909,17.106088524697338,0.0,212.0,0.0005989281970984482,126.81132949291907,13.764830310634304,12.0,222.0,0.0003273212239956636,21.15225889649599,12.0,1.5358995199203491,1.0,True,True,False
b7f0bc7d399e.png,preprocessed_green_images/b7f0bc7d399e_green_preprocessed.png,preprocessed_images/b7f0bc7d399e_preprocessed.png,fundus_masks/b7f0bc7d399e_fundus_mask.png,68.7302694849089,25.479154713376243,4.0,255.0,0.08198439344623709,126.06435365038995,18.310190252509294,11.0,255.0,0.0002989113872565989,9.789827754626854,9.806573814303285,1.7709933519363403,1.0,True,True,False
b8297a2291f5.png,preprocessed_green_images/b8297a2291f5_green_preprocessed.png,preprocessed_images/b8297a2291f5_preprocessed.png,fundus_masks/b8297a2291f5_fundus_mask.png,87.23584600415408,15.07229610325431,0.0,253.0,0.0006413207728785097,123.95378431443041,12.549150888834843,2.0,243.0,0.0004267740405412144,22.629165362169637,12.0,1.4076662063598633,1.0,True,True,False
b82dfa63a75f.png,preprocessed_green_images/b82dfa63a75f_green_preprocessed.png,preprocessed_images/b82dfa63a75f_preprocessed.png,fundus_masks/b82dfa63a75f_fundus_mask.png,112.75141521858053,26.51771295043827,0.0,255.0,2.363762840297429e-05,124.19320587023617,10.650139907399204,1.0,202.0,2.7689793272055596e-05,19.256459287535098,11.70258371501404,1.1010501384735107,1.0,False,True,False
b835b6e31a59.png,preprocessed_green_images/b835b6e31a59_green_preprocessed.png,preprocessed_images/b835b6e31a59_preprocessed.png,fundus_masks/b835b6e31a59_fundus_mask.png,80.3716294005049,13.546464192801993,0.0,178.0,0.0012703322514125077,125.70426688305083,13.62673131727028,1.0,212.0,0.0010472438760507116,21.543226123336762,12.0,1.5102686882019043,1.0,True,True,False
b842b43cb7fb.png,preprocessed_green_images/b842b43cb7fb_green_preprocessed.png,preprocessed_images/b842b43cb7fb_preprocessed.png,fundus_masks/b842b43cb7fb_fundus_mask.png,81.05674408535224,19.425432432492197,0.0,255.0,2.1649268322384665e-05,125.34950849395511,15.475591925867262,7.0,240.0,0.0005277009153581263,20.123913513328795,12.0,1.527642011642456,1.0,True,True,False
b86fb2d5be1a.png,preprocessed_green_images/b86fb2d5be1a_green_preprocessed.png,preprocessed_images/b86fb2d5be1a_preprocessed.png,fundus_masks/b86fb2d5be1a_fundus_mask.png,68.94396391084067,25.53645977409457,4.0,255.0,0.0888780785185543,125.95330698521816,18.100299335738455,7.0,255.0,0.00024912203446467607,10.183453619613516,9.945029100215125,1.6651620864868164,1.0,True,True,False
b8dab47a260e.png,preprocessed_green_images/b8dab47a260e_green_preprocessed.png,preprocessed_images/b8dab47a260e_preprocessed.png,fundus_masks/b8dab47a260e_fundus_mask.png,89.83058054136501,15.610812226765578,0.0,255.0,0.0005467278166058998,125.6377434883092,12.55638256875795,1.0,245.0,0.0003877008296101285,21.603213917634793,12.0,1.3576126098632812,1.0,True,True,False
b8e20c076b03.png,preprocessed_green_images/b8e20c076b03_green_preprocessed.png,preprocessed_images/b8e20c076b03_preprocessed.png,fundus_masks/b8e20c076b03_fundus_mask.png,85.75635004975125,32.282193037935954,4.0,255.0,0.09162268656716419,126.33856437810945,17.102905837670495,24.0,228.0,5.1741293532338306e-05,10.415373950905249,8.5433629092731,1.311171531677246,1.0,True,True,False
b8e9a8f4617d.png,preprocessed_green_images/b8e9a8f4617d_green_preprocessed.png,preprocessed_images/b8e9a8f4617d_preprocessed.png,fundus_masks/b8e9a8f4617d_fundus_mask.png,83.98554586226248,19.380686790113103,0.0,246.0,0.0011293382124454463,126.72125405239944,16.076891525547513,7.0,245.0,0.0006446735586444232,19.55449728254236,12.0,1.489074468612671,1.0,True,True,False
b92eacd1392a.png,preprocessed_green_images/b92eacd1392a_green_preprocessed.png,preprocessed_images/b92eacd1392a_preprocessed.png,fundus_masks/b92eacd1392a_fundus_mask.png,98.17807986504286,13.95879655414253,0.0,243.0,0.0012201603771404802,123.1113581216925,9.820213724218661,1.0,222.0,0.0009405402907124535,19.865671729623422,11.946268691849369,1.2278763055801392,1.0,False,True,False
b9519abce0c1.png,preprocessed_green_images/b9519abce0c1_green_preprocessed.png,preprocessed_images/b9519abce0c1_preprocessed.png,fundus_masks/b9519abce0c1_fundus_mask.png,117.83264986052012,32.522948973647914,0.0,255.0,5.14211520909126e-05,121.12344504578626,15.274187656851336,4.0,244.0,6.427644011364074e-05,12.118652443164493,8.847460977265797,1.0649667978286743,1.0,False,True,False
b963a11638f2.png,preprocessed_green_images/b963a11638f2_green_preprocessed.png,preprocessed_images/b963a11638f2_preprocessed.png,fundus_masks/b963a11638f2_fundus_mask.png,34.51207910303715,10.017409267478321,0.0,107.0,0.2854650970326175,96.28911925806526,18.673706873093167,2.0,231.0,0.0003284925248852186,7.602079638907329,11.973091490848518,2.8,1.0,True,True,False
b9bc81fcb075.png,preprocessed_green_images/b9bc81fcb075_green_preprocessed.png,preprocessed_images/b9bc81fcb075_preprocessed.png,fundus_masks/b9bc81fcb075_fundus_mask.png,80.31490494569566,15.796897699851908,0.0,205.0,0.0011904224262615525,125.81666336637103,13.610961961260514,1.0,225.0,0.0005998432070072803,21.045770465888236,12.0,1.5106464624404907,1.0,True,True,False
b9c7c5182075.png,preprocessed_green_images/b9c7c5182075_green_preprocessed.png,preprocessed_images/b9c7c5182075_preprocessed.png,fundus_masks/b9c7c5182075_fundus_mask.png,85.1081631280043,19.362952714814988,0.0,245.0,0.0011263246784580835,126.18237412074757,15.725179293623478,1.0,241.0,0.000792255154878343,22.306001003924248,12.0,1.4241572618484497,1.0,True,True,False
b9d0b83d70c3.png,preprocessed_green_images/b9d0b83d70c3_green_preprocessed.png,preprocessed_images/b9d0b83d70c3_preprocessed.png,fundus_masks/b9d0b83d70c3_fundus_mask.png,78.76900034381984,13.078927728299835,0.0,255.0,3.867973182052605e-05,122.80385078219014,13.401595035031365,17.0,255.0,5.157297576070139e-05,14.484580225367134,10.792143170696201,1.5615980625152588,1.0,True,True,False
b9fe7da14a32.png,preprocessed_green_images/b9fe7da14a32_green_preprocessed.png,preprocessed_images/b9fe7da14a32_preprocessed.png,fundus_masks/b9fe7da14a32_fundus_mask.png,47.446422206153436,22.093270078925904,0.0,210.0,0.1356389208567151,120.56498691299433,24.780399939679732,1.0,255.0,0.0052628094796769494,9.586764944202063,11.617246226022742,2.8,1.0,True,True,False
ba0107fb1bfd.png,preprocessed_green_images/ba0107fb1bfd_green_preprocessed.png,preprocessed_images/ba0107fb1bfd_preprocessed.png,fundus_masks/ba0107fb1bfd_fundus_mask.png,94.97798657314095,15.934883111197356,0.0,255.0,0.0011217991389120747,123.57764899148057,12.086065538370129,1.0,236.0,0.0010720185785681954,22.518233035918808,12.0,1.2790518999099731,1.0,False,True,False
ba2ea9182090.png,preprocessed_green_images/ba2ea9182090_green_preprocessed.png,preprocessed_images/ba2ea9182090_preprocessed.png,fundus_masks/ba2ea9182090_fundus_mask.png,75.65788276367958,16.748989014883147,0.0,196.0,0.0007463067680622488,124.67963360167879,13.524808464747835,1.0,229.0,0.0005710465472575837,21.139496742568294,12.0,1.609468936920166,1.0,True,True,False
ba4e62c11cc0.png,preprocessed_green_images/ba4e62c11cc0_green_preprocessed.png,preprocessed_images/ba4e62c11cc0_preprocessed.png,fundus_masks/ba4e62c11cc0_fundus_mask.png,80.3210562600539,15.472445022047864,0.0,184.0,0.0008368094001202405,126.57668238150616,13.948835229701196,7.0,207.0,0.00046773119035847013,19.432314340813573,12.0,1.5409376621246338,1.0,True,True,False
baaca2f7e1f0.png,preprocessed_green_images/baaca2f7e1f0_green_preprocessed.png,preprocessed_images/baaca2f7e1f0_preprocessed.png,fundus_masks/baaca2f7e1f0_fundus_mask.png,87.21081095509497,8.0240842998503,0.0,165.0,0.0006649931585782377,121.41835961390939,5.725769382559285,2.0,194.0,0.0005524201456950107,16.79710012206681,10.966767963929392,1.3610388040542603,1.0,True,True,False
bab776139279.png,preprocessed_green_images/bab776139279_green_preprocessed.png,preprocessed_images/bab776139279_preprocessed.png,fundus_masks/bab776139279_fundus_mask.png,84.53252582997155,11.763249359371443,0.0,244.0,2.9732341354308148e-05,122.38403035401758,10.385442977927406,7.0,214.0,1.959631589261219e-05,21.585159774112782,12.0,1.440023422241211,1.0,True,True,False
bac1744955c2.png,preprocessed_green_images/bac1744955c2_green_preprocessed.png,preprocessed_images/bac1744955c2_preprocessed.png,fundus_masks/bac1744955c2_fundus_mask.png,66.79850304244056,19.1449192253768,0.0,254.0,0.006973932411155965,128.49580551653997,22.108743297074618,10.0,255.0,0.0004270704480050457,22.847003079258176,12.0,1.8716768026351929,1.0,True,True,False
bacfa2b8e706.png,preprocessed_green_images/bacfa2b8e706_green_preprocessed.png,preprocessed_images/bacfa2b8e706_preprocessed.png,fundus_masks/bacfa2b8e706_fundus_mask.png,68.82011467127336,15.432774710122033,0.0,199.0,0.0008428292090890702,125.64978411947017,15.7937530730142,1.0,238.0,0.0002243669480747456,19.62691405579661,12.0,1.7720842361450195,1.0,True,True,False
badb5ff8d3c7.png,preprocessed_green_images/badb5ff8d3c7_green_preprocessed.png,preprocessed_images/badb5ff8d3c7_preprocessed.png,fundus_masks/badb5ff8d3c7_fundus_mask.png,68.87452562825867,15.334653223042148,0.0,126.0,0.00010670570365057516,122.27194150451005,6.416403510966265,2.0,185.0,1.7880415206312594e-05,11.390009800345386,10.43382386429294,1.6495182514190674,1.0,True,True,False
bb08949dd70a.png,preprocessed_green_images/bb08949dd70a_green_preprocessed.png,preprocessed_images/bb08949dd70a_preprocessed.png,fundus_masks/bb08949dd70a_fundus_mask.png,36.703850737451106,19.052237519096717,0.0,244.0,0.384271614243807,96.3748370273794,27.245124495325996,1.0,255.0,0.017975370762711863,10.794943914883817,12.0,2.8,1.0,True,True,False
bb2f89488ecd.png,preprocessed_green_images/bb2f89488ecd_green_preprocessed.png,preprocessed_images/bb2f89488ecd_preprocessed.png,fundus_masks/bb2f89488ecd_fundus_mask.png,79.73449821652927,18.262854378132868,0.0,243.0,0.0008019516481268618,125.1979623454645,12.98733200664594,4.0,245.0,0.0003974890777672271,17.799497997121183,12.0,1.54290771484375,1.0,True,True,False
bb752b179751.png,preprocessed_green_images/bb752b179751_green_preprocessed.png,preprocessed_images/bb752b179751_preprocessed.png,fundus_masks/bb752b179751_fundus_mask.png,84.57907912964015,18.765932047206963,0.0,242.0,0.0007756555624838163,128.99750118148134,18.5127427389696,4.0,240.0,0.0006432832060120273,23.20645018770541,12.0,1.468740701675415,1.0,True,True,False
bb85097857fa.png,preprocessed_green_images/bb85097857fa_green_preprocessed.png,preprocessed_images/bb85097857fa_preprocessed.png,fundus_masks/bb85097857fa_fundus_mask.png,108.20188364152665,22.992856561543718,0.0,255.0,2.839660592948176e-05,124.01219431391772,12.911659497952936,7.0,208.0,2.5016057604543456e-05,19.557259758317883,11.822903903327154,1.1666544675827026,1.0,False,True,False
bc34f52c37c7.png,preprocessed_green_images/bc34f52c37c7_green_preprocessed.png,preprocessed_images/bc34f52c37c7_preprocessed.png,fundus_masks/bc34f52c37c7_fundus_mask.png,107.9502732118442,16.377352689838247,0.0,249.0,2.1648579954632695e-05,123.58570030111822,12.111706724474255,1.0,206.0,2.7060724943290868e-05,19.074887590457358,11.629955036182944,1.1485121250152588,1.0,False,True,False
bc7bf19b84e3.png,preprocessed_green_images/bc7bf19b84e3_green_preprocessed.png,preprocessed_images/bc7bf19b84e3_preprocessed.png,fundus_masks/bc7bf19b84e3_fundus_mask.png,85.55448343181374,11.950097088024187,0.0,183.0,0.001284929317322027,124.95839419688448,11.117681792559448,1.0,207.0,0.0009761299224300546,20.44712292826083,12.0,1.4244717359542847,1.0,True,True,False
bc8c6a778cde.png,preprocessed_green_images/bc8c6a778cde_green_preprocessed.png,preprocessed_images/bc8c6a778cde_preprocessed.png,fundus_masks/bc8c6a778cde_fundus_mask.png,83.923971654383,17.37922212345961,0.0,255.0,6.880004128002477e-05,125.1778825067295,18.996916575131042,10.0,255.0,5.160003096001857e-05,17.67949879989303,11.6118909284565,1.466868281364441,1.0,True,True,False
bc92a61a1f9c.png,preprocessed_green_images/bc92a61a1f9c_green_preprocessed.png,preprocessed_images/bc92a61a1f9c_preprocessed.png,fundus_masks/bc92a61a1f9c_fundus_mask.png,101.55245096053112,13.056904017903726,0.0,237.0,0.0013578824904930862,124.24304823203236,10.707347603558551,2.0,219.0,0.0011726640774676013,20.176779214021376,12.0,1.2037919759750366,1.0,False,True,False
bcb0498ed2c1.png,preprocessed_green_images/bcb0498ed2c1_green_preprocessed.png,preprocessed_images/bcb0498ed2c1_preprocessed.png,fundus_masks/bcb0498ed2c1_fundus_mask.png,44.70866506277641,14.108310643781325,11.0,106.0,0.18853550936302904,124.25082943777984,12.42947118070112,36.0,204.0,0.0,9.008286782650135,11.629211151924373,2.52984356880188,1.0,True,True,False
bd06028eb7dd.png,preprocessed_green_images/bd06028eb7dd_green_preprocessed.png,preprocessed_images/bd06028eb7dd_preprocessed.png,fundus_masks/bd06028eb7dd_fundus_mask.png,78.62718603164011,14.970001114852899,0.0,239.0,0.0008329394537585379,125.43682635008017,14.637121730171634,1.0,247.0,0.0007078247652941122,20.133410820973,12.0,1.566508412361145,1.0,True,True,False
bd34a0639575.png,preprocessed_green_images/bd34a0639575_green_preprocessed.png,preprocessed_images/bd34a0639575_preprocessed.png,fundus_masks/bd34a0639575_fundus_mask.png,83.89545848713621,16.882591061049823,0.0,254.0,0.0008439836026042923,125.28882904231047,14.1507049887392,5.0,251.0,0.00060980133924431,20.01134787465142,12.0,1.4716956615447998,1.0,True,True,False
bd375ba756b1.png,preprocessed_green_images/bd375ba756b1_green_preprocessed.png,preprocessed_images/bd375ba756b1_preprocessed.png,fundus_masks/bd375ba756b1_fundus_mask.png,80.80582606475106,17.54075009171714,0.0,255.0,2.641684012596091e-05,122.5846459906349,12.488589115609797,6.0,243.0,1.8965936500689885e-05,20.892128587619894,12.0,1.5615501403808594,1.0,True,True,False
bd500a73beae.png,preprocessed_green_images/bd500a73beae_green_preprocessed.png,preprocessed_images/bd500a73beae_preprocessed.png,fundus_masks/bd500a73beae_fundus_mask.png,83.19686955317258,13.53001005051607,0.0,220.0,0.0019876952200662567,125.06059007537543,13.27758479687997,1.0,236.0,0.0015075086860665105,22.3594086693259,12.0,1.4784317016601562,1.0,True,True,False
bda91b76095b.png,preprocessed_green_images/bda91b76095b_green_preprocessed.png,preprocessed_images/bda91b76095b_preprocessed.png,fundus_masks/bda91b76095b_fundus_mask.png,89.39827641145587,37.108658905158784,0.0,236.0,0.03765689270145664,126.52907200437905,21.503691314081458,1.0,255.0,0.004964770622308545,22.20220750863087,12.0,1.4145019054412842,1.0,True,True,False
bdc6c60e9133.png,preprocessed_green_images/bdc6c60e9133_green_preprocessed.png,preprocessed_images/bdc6c60e9133_preprocessed.png,fundus_masks/bdc6c60e9133_fundus_mask.png,98.7054499626789,17.15909954527914,0.0,255.0,1.7578779978580933e-05,124.31184282407158,13.125367862656667,1.0,251.0,2.63681699678714e-05,19.31529137464061,11.726116549856243,1.2412524223327637,1.0,False,True,False
bde1063a5dd7.png,preprocessed_green_images/bde1063a5dd7_green_preprocessed.png,preprocessed_images/bde1063a5dd7_preprocessed.png,fundus_masks/bde1063a5dd7_fundus_mask.png,75.0234473964931,26.33097337174109,6.0,223.0,0.09383185069480822,124.10275665203078,13.786329658429132,33.0,234.0,0.0,9.845527541018738,9.26946013671922,1.4819309711456299,1.0,True,True,False
bdf47b9f10c4.png,preprocessed_green_images/bdf47b9f10c4_green_preprocessed.png,preprocessed_images/bdf47b9f10c4_preprocessed.png,fundus_masks/bdf47b9f10c4_fundus_mask.png,87.71499945542477,17.763774504441862,0.0,254.0,0.0009732833714535987,126.08887815187391,14.996378694733897,3.0,242.0,0.0006847743720584248,21.127643192499104,12.0,1.4008821249008179,1.0,True,True,False
be197b663520.png,preprocessed_green_images/be197b663520_green_preprocessed.png,preprocessed_images/be197b663520_preprocessed.png,fundus_masks/be197b663520_fundus_mask.png,72.62144609024907,22.87588180359919,0.0,240.0,0.003326335210472321,126.2203455996059,16.91701499044928,2.0,241.0,0.0007249853899178233,20.71451994552832,12.0,1.6950950622558594,1.0,True,True,False
be3a7d9e981e.png,preprocessed_green_images/be3a7d9e981e_green_preprocessed.png,preprocessed_images/be3a7d9e981e_preprocessed.png,fundus_masks/be3a7d9e981e_fundus_mask.png,63.69506734970047,16.582954486502064,0.0,240.0,0.005622418623066764,124.21263969605177,17.309562203521192,3.0,255.0,1.762726205230144e-05,22.55074531089141,12.0,1.9208824634552002,1.0,True,True,False
be521870a0ea.png,preprocessed_green_images/be521870a0ea_green_preprocessed.png,preprocessed_images/be521870a0ea_preprocessed.png,fundus_masks/be521870a0ea_fundus_mask.png,42.364621802937144,21.538555100829814,0.0,245.0,0.3172408347893415,105.76116966273247,22.855475513522112,1.0,255.0,0.005144845221661327,8.505370401675792,11.636404000409238,2.8,1.0,True,True,False
be6cbf6e5b10.png,preprocessed_green_images/be6cbf6e5b10_green_preprocessed.png,preprocessed_images/be6cbf6e5b10_preprocessed.png,fundus_masks/be6cbf6e5b10_fundus_mask.png,91.12664845672431,11.944780618302378,0.0,255.0,2.775493073113934e-05,123.54318701069242,10.387172949374078,2.0,255.0,2.3693233550972607e-05,20.197101863294368,12.0,1.3579421043395996,1.0,False,True,False
be7f791a7877.png,preprocessed_green_images/be7f791a7877_green_preprocessed.png,preprocessed_images/be7f791a7877_preprocessed.png,fundus_masks/be7f791a7877_fundus_mask.png,88.53758234211874,14.721774404453525,0.0,244.0,2.50084826069383e-05,123.41431215182448,9.968038417510002,1.0,227.0,2.906391221887424e-05,20.10355254446264,12.0,1.3924474716186523,1.0,True,True,False
be8697eb2078.png,preprocessed_green_images/be8697eb2078_green_preprocessed.png,preprocessed_images/be8697eb2078_preprocessed.png,fundus_masks/be8697eb2078_fundus_mask.png,88.55652872332288,20.14801488842286,0.0,255.0,0.0010709095081465616,124.32250254398957,13.492083070954608,1.0,233.0,0.0009271943793476724,21.766491663996934,12.0,1.3942681550979614,1.0,True,True,False
beb00fa6e7c9.png,preprocessed_green_images/beb00fa6e7c9_green_preprocessed.png,preprocessed_images/beb00fa6e7c9_preprocessed.png,fundus_masks/beb00fa6e7c9_fundus_mask.png,55.14734791768437,18.042288591608784,5.0,180.0,0.09246287347305075,123.15284986769224,12.47776546707043,21.0,211.0,2.6652494434800043e-05,9.161698945614319,10.762693096673782,1.9729286432266235,1.0,True,True,False
beb2ad14fd2d.png,preprocessed_green_images/beb2ad14fd2d_green_preprocessed.png,preprocessed_images/beb2ad14fd2d_preprocessed.png,fundus_masks/beb2ad14fd2d_fundus_mask.png,44.143674854160636,16.127082729490162,5.0,127.0,0.12017695692383078,124.04204037321217,11.92085203452663,39.0,249.0,0.0,8.703302349912269,11.557438730706185,2.68930983543396,1.0,True,True,False
bebfbd907cac.png,preprocessed_green_images/bebfbd907cac_green_preprocessed.png,preprocessed_images/bebfbd907cac_preprocessed.png,fundus_masks/bebfbd907cac_fundus_mask.png,95.64823013712576,17.684908515332847,0.0,217.0,0.0012077895484556144,126.49816459950323,13.23142040815911,3.0,210.0,0.0008942732959350477,20.622066284235895,12.0,1.2860859632492065,1.0,False,True,False
bed8296c8dfe.png,preprocessed_green_images/bed8296c8dfe_green_preprocessed.png,preprocessed_images/bed8296c8dfe_preprocessed.png,fundus_masks/bed8296c8dfe_fundus_mask.png,84.61000739119292,24.32484480641891,0.0,255.0,2.8401656222295705e-05,123.75149362281384,15.859487925017698,2.0,237.0,0.0005714142739961874,20.365664638151667,12.0,1.498613953590393,1.0,True,True,False
beeca5f14618.png,preprocessed_green_images/beeca5f14618_green_preprocessed.png,preprocessed_images/beeca5f14618_preprocessed.png,fundus_masks/beeca5f14618_fundus_mask.png,40.772763266106345,20.302660331914428,0.0,233.0,0.27681292632190024,103.7235155277289,26.033376098270374,1.0,255.0,0.015325309548846719,9.299755762836721,12.0,2.8,1.0,True,True,False
bf6cbccacf39.png,preprocessed_green_images/bf6cbccacf39_green_preprocessed.png,preprocessed_images/bf6cbccacf39_preprocessed.png,fundus_masks/bf6cbccacf39_fundus_mask.png,55.87762320511883,32.08726593266891,0.0,171.0,0.23262778779416257,124.38078374505695,22.15055182103318,1.0,255.0,7.31506861104059e-05,16.618286044700987,12.0,2.291327476501465,1.0,True,True,False
bf7221a016b5.png,preprocessed_green_images/bf7221a016b5_green_preprocessed.png,preprocessed_images/bf7221a016b5_preprocessed.png,fundus_masks/bf7221a016b5_fundus_mask.png,90.41265891875209,31.93984745059927,5.0,242.0,0.09276816097349427,125.88797869141554,16.43636578571262,15.0,221.0,5.0810335536768525e-05,10.333835119024819,8.133534047609928,1.2452324628829956,1.0,False,True,False
bf7b4eae7ad0.png,preprocessed_green_images/bf7b4eae7ad0_green_preprocessed.png,preprocessed_images/bf7b4eae7ad0_preprocessed.png,fundus_masks/bf7b4eae7ad0_fundus_mask.png,83.26928543814284,14.160455935341298,0.0,231.0,0.001103083308833232,125.76742998951319,12.857915233741565,2.0,236.0,0.0006968060355903522,20.756639641464048,12.0,1.4678374528884888,1.0,True,True,False
bf811911acf9.png,preprocessed_green_images/bf811911acf9_green_preprocessed.png,preprocessed_images/bf811911acf9_preprocessed.png,fundus_masks/bf811911acf9_fundus_mask.png,81.33405564163641,13.45081265689625,0.0,148.0,0.0017922804745496173,128.43310978006983,15.555755480404237,4.0,183.0,0.0012407206123817673,23.121238001806763,12.0,1.5272774696350098,1.0,True,True,False
bf87aedf2489.png,preprocessed_green_images/bf87aedf2489_green_preprocessed.png,preprocessed_images/bf87aedf2489_preprocessed.png,fundus_masks/bf87aedf2489_fundus_mask.png,90.49362030651741,21.564100736078007,0.0,255.0,0.0007384145995115104,126.09915621352121,15.94546987968022,1.0,236.0,0.0008740417708503592,21.726694795181746,12.0,1.3723715543746948,1.0,False,True,False
bfa30ebf63a8.png,preprocessed_green_images/bfa30ebf63a8_green_preprocessed.png,preprocessed_images/bfa30ebf63a8_preprocessed.png,fundus_masks/bfa30ebf63a8_fundus_mask.png,96.52560339751295,16.002862166027032,0.0,233.0,0.0018348050722064053,122.06706293520223,12.710649600628404,1.0,216.0,0.0018695113472166145,22.604026406273256,12.0,1.2772458791732788,1.0,False,True,False
bfb578c0e8d8.png,preprocessed_green_images/bfb578c0e8d8_green_preprocessed.png,preprocessed_images/bfb578c0e8d8_preprocessed.png,fundus_masks/bfb578c0e8d8_fundus_mask.png,56.45954538131202,24.16511243074853,4.0,255.0,0.09602526897012637,124.38539674709747,18.758147357559267,7.0,253.0,0.00046126213572921784,9.213571646557025,10.666802402506185,2.1066181659698486,1.0,True,True,False
bff51afc76d4.png,preprocessed_green_images/bff51afc76d4_green_preprocessed.png,preprocessed_images/bff51afc76d4_preprocessed.png,fundus_masks/bff51afc76d4_fundus_mask.png,64.44716194154655,34.69124523603634,4.0,255.0,0.09112526877438878,124.83254081388867,22.694145233247916,1.0,255.0,0.006433861591144382,10.059744835329541,10.295261317105457,1.9055618047714233,1.0,True,True,False
bffca6eeb2bf.png,preprocessed_green_images/bffca6eeb2bf_green_preprocessed.png,preprocessed_images/bffca6eeb2bf_preprocessed.png,fundus_masks/bffca6eeb2bf_fundus_mask.png,83.51269808655154,13.858938768532587,0.0,222.0,0.0010029845756295644,123.656143454655,12.146404732401082,1.0,238.0,0.001090049208930742,19.850660245673833,12.0,1.475414514541626,1.0,True,True,False
c013e869acce.png,preprocessed_green_images/c013e869acce_green_preprocessed.png,preprocessed_images/c013e869acce_preprocessed.png,fundus_masks/c013e869acce_fundus_mask.png,107.74819588970439,18.208029848103106,0.0,255.0,1.7576343863591348e-05,125.18384923282639,13.992265169619792,2.0,220.0,4.732092578659209e-05,18.977623000808475,11.59104920032339,1.1433979272842407,1.0,False,True,False
c06024f05a16.png,preprocessed_green_images/c06024f05a16_green_preprocessed.png,preprocessed_images/c06024f05a16_preprocessed.png,fundus_masks/c06024f05a16_fundus_mask.png,85.76429008131288,19.7930186197111,0.0,250.0,0.0008236859598667717,124.79030695643398,13.814819735467028,1.0,240.0,0.000462888307023721,19.856649813509435,12.0,1.4413503408432007,1.0,True,True,False
c096131ad065.png,preprocessed_green_images/c096131ad065_green_preprocessed.png,preprocessed_images/c096131ad065_preprocessed.png,fundus_masks/c096131ad065_fundus_mask.png,73.20790975022392,14.674703152101351,0.0,184.0,0.0006005964143116201,125.41545937493828,13.731586704031434,2.0,238.0,0.00030784922590440875,18.61340684383803,12.0,1.635072946548462,1.0,True,True,False
c0a117de7d0a.png,preprocessed_green_images/c0a117de7d0a_green_preprocessed.png,preprocessed_images/c0a117de7d0a_preprocessed.png,fundus_masks/c0a117de7d0a_fundus_mask.png,93.18524358284358,32.844678077798775,0.0,255.0,6.626080794913333e-05,124.24017717328688,13.105691683434893,1.0,235.0,5.9499501015548304e-05,20.93212761107074,12.0,1.4075431823730469,1.0,False,True,False
c12e9ca420a5.png,preprocessed_green_images/c12e9ca420a5_green_preprocessed.png,preprocessed_images/c12e9ca420a5_preprocessed.png,fundus_masks/c12e9ca420a5_fundus_mask.png,87.48053993068238,19.17557827422932,0.0,255.0,1.9615641647930346e-05,121.92084006352762,12.507215440987197,6.0,246.0,4.328969191267387e-05,20.2040697123248,12.0,1.4234704971313477,1.0,True,True,False
c1437a7a52c9.png,preprocessed_green_images/c1437a7a52c9_green_preprocessed.png,preprocessed_images/c1437a7a52c9_preprocessed.png,fundus_masks/c1437a7a52c9_fundus_mask.png,83.68902116207737,54.218836816701796,5.0,255.0,0.10677231752608274,124.16982107374815,20.634282236119535,1.0,255.0,0.006686450718131678,9.871688285811949,8.509651211029013,1.7512457370758057,1.0,True,True,False
c1819db0aece.png,preprocessed_green_images/c1819db0aece_green_preprocessed.png,preprocessed_images/c1819db0aece_preprocessed.png,fundus_masks/c1819db0aece_fundus_mask.png,80.11297139480727,13.722070460460904,0.0,193.0,0.0006152028083834417,122.10095698214637,9.115736787413514,3.0,214.0,0.0003603165224242003,19.96065759626908,12.0,1.5548197031021118,1.0,True,True,False
c18a006f7f1d.png,preprocessed_green_images/c18a006f7f1d_green_preprocessed.png,preprocessed_images/c18a006f7f1d_preprocessed.png,fundus_masks/c18a006f7f1d_fundus_mask.png,83.59924201860457,18.974616705156144,0.0,251.0,0.0008200043903917786,126.15164738417438,14.554732365681446,5.0,238.0,0.0006016462807690387,20.381140285612563,12.0,1.5002009868621826,1.0,True,True,False
c21eb81de9fc.png,preprocessed_green_images/c21eb81de9fc_green_preprocessed.png,preprocessed_images/c21eb81de9fc_preprocessed.png,fundus_masks/c21eb81de9fc_fundus_mask.png,74.57817015274529,17.14414592916523,0.0,255.0,0.00010320627494151644,122.2599164029173,17.55753826746941,32.0,255.0,0.0,18.022240543320347,12.0,1.6341569423675537,1.0,True,True,False
c23ff6dcf15e.png,preprocessed_green_images/c23ff6dcf15e_green_preprocessed.png,preprocessed_images/c23ff6dcf15e_preprocessed.png,fundus_masks/c23ff6dcf15e_fundus_mask.png,88.08233799065832,22.08818587950173,0.0,255.0,2.5686262581199007e-05,124.34044977997688,15.400079827024383,1.0,234.0,4.326107382096675e-05,20.016526375717653,12.0,1.4479972124099731,1.0,True,True,False
c24bcf7a1bc4.png,preprocessed_green_images/c24bcf7a1bc4_green_preprocessed.png,preprocessed_images/c24bcf7a1bc4_preprocessed.png,fundus_masks/c24bcf7a1bc4_fundus_mask.png,85.16522345590761,15.22046093293026,0.0,228.0,0.0008030301623699138,124.93557307574477,12.67678730374146,1.0,236.0,0.0005233621433942647,19.57581020653156,12.0,1.401743769645691,1.0,True,True,False
c25e02b39c01.png,preprocessed_green_images/c25e02b39c01_green_preprocessed.png,preprocessed_images/c25e02b39c01_preprocessed.png,fundus_masks/c25e02b39c01_fundus_mask.png,80.04585677194764,19.410207152235003,0.0,229.0,0.0020594671128845413,123.32516388186359,18.148807184462957,1.0,254.0,0.0023458907485165693,23.657093849169318,12.0,1.4738225936889648,1.0,True,True,False
c26f98f58350.png,preprocessed_green_images/c26f98f58350_green_preprocessed.png,preprocessed_images/c26f98f58350_preprocessed.png,fundus_masks/c26f98f58350_fundus_mask.png,86.59938973058277,25.677548334826398,0.0,255.0,1.827153943810279e-05,123.10429665400743,12.314243896562889,1.0,227.0,2.7745670998600534e-05,20.57690304917654,12.0,1.5160056352615356,1.0,True,True,False
c2a58b2cfd0b.png,preprocessed_green_images/c2a58b2cfd0b_green_preprocessed.png,preprocessed_images/c2a58b2cfd0b_preprocessed.png,fundus_masks/c2a58b2cfd0b_fundus_mask.png,90.67393905450473,12.127228659734435,0.0,224.0,0.0008505152849746929,122.99672406969827,10.12969259018716,2.0,227.0,0.0006503259730010576,18.953528523884906,11.581411409553962,1.3442806005477905,1.0,False,True,False
c2f3281cf528.png,preprocessed_green_images/c2f3281cf528_green_preprocessed.png,preprocessed_images/c2f3281cf528_preprocessed.png,fundus_masks/c2f3281cf528_fundus_mask.png,91.10929299950695,12.544520070249396,0.0,193.0,0.0019883631106682263,123.67922114362055,11.645807114532074,2.0,198.0,0.0016200194217581426,21.60912739552402,12.0,1.343102216720581,1.0,False,True,False
c334f8688b77.png,preprocessed_green_images/c334f8688b77_green_preprocessed.png,preprocessed_images/c334f8688b77_preprocessed.png,fundus_masks/c334f8688b77_fundus_mask.png,77.03872710653555,20.660163307224682,0.0,254.0,0.0011428584702188969,127.20531498875144,18.00783122712686,5.0,254.0,0.0006341470779873147,20.835201752073047,12.0,1.630908489227295,1.0,True,True,False
c365c598ad4e.png,preprocessed_green_images/c365c598ad4e_green_preprocessed.png,preprocessed_images/c365c598ad4e_preprocessed.png,fundus_masks/c365c598ad4e_fundus_mask.png,85.73615820584426,11.113957262196045,0.0,183.0,0.0007164195714698078,123.28725990380502,8.693819507860473,1.0,200.0,0.000544849835907459,18.16582236832502,11.64533710681052,1.429853081703186,1.0,True,True,False
c373b73a80c8.png,preprocessed_green_images/c373b73a80c8_green_preprocessed.png,preprocessed_images/c373b73a80c8_preprocessed.png,fundus_masks/c373b73a80c8_fundus_mask.png,89.09917915108649,19.541152863433478,0.0,255.0,2.5685325027510334e-05,124.63976534427799,14.946968779380363,1.0,239.0,0.0001534360205590749,19.94776940233068,12.0,1.3761649131774902,1.0,True,True,False
c3789c1dab96.png,preprocessed_green_images/c3789c1dab96_green_preprocessed.png,preprocessed_images/c3789c1dab96_preprocessed.png,fundus_masks/c3789c1dab96_fundus_mask.png,84.04444138808421,13.051295432457332,0.0,212.0,6.447009876819131e-05,122.88199393121471,15.005690058195531,4.0,255.0,6.0172092183645224e-05,12.810283760158846,9.653496491789387,1.4431238174438477,1.0,True,True,False
c38dec54a9f7.png,preprocessed_green_images/c38dec54a9f7_green_preprocessed.png,preprocessed_images/c38dec54a9f7_preprocessed.png,fundus_masks/c38dec54a9f7_fundus_mask.png,87.59434523809524,20.14814624578887,0.0,255.0,0.0011059384843431536,123.80183666851954,14.993116305699738,1.0,245.0,0.001404715582731147,23.517928622930445,12.0,1.4322161674499512,1.0,True,True,False
c3aa424eff9a.png,preprocessed_green_images/c3aa424eff9a_green_preprocessed.png,preprocessed_images/c3aa424eff9a_preprocessed.png,fundus_masks/c3aa424eff9a_fundus_mask.png,76.27484200846006,14.956706319867815,0.0,248.0,2.300765545900611e-05,120.95081301610739,8.560727067134986,1.0,207.0,2.1654263961417516e-05,21.693855826338872,12.0,1.5669935941696167,1.0,True,True,False
c3b15bf9b4bc.png,preprocessed_green_images/c3b15bf9b4bc_green_preprocessed.png,preprocessed_images/c3b15bf9b4bc_preprocessed.png,fundus_masks/c3b15bf9b4bc_fundus_mask.png,102.7915709184279,24.51616137123668,0.0,255.0,1.9554217777346235e-05,121.47012250380295,11.405270742038256,1.0,213.0,8.833112168387438e-05,19.474057073956573,11.78962282958263,1.276444673538208,1.0,False,True,False
c3c8fdda50c0.png,preprocessed_green_images/c3c8fdda50c0_green_preprocessed.png,preprocessed_images/c3c8fdda50c0_preprocessed.png,fundus_masks/c3c8fdda50c0_fundus_mask.png,95.33893706374721,13.050260794225384,0.0,233.0,0.0008607756248732876,124.09447910331045,9.960820461392858,1.0,229.0,0.0006406580357401454,19.117511930278283,11.647004772111313,1.2875831127166748,1.0,False,True,False
c446985355f1.png,preprocessed_green_images/c446985355f1_green_preprocessed.png,preprocessed_images/c446985355f1_preprocessed.png,fundus_masks/c446985355f1_fundus_mask.png,44.79451613316068,15.035123063909577,0.0,176.0,0.0673866176150636,123.92001424078799,18.260323888942253,2.0,255.0,0.0004653852284401567,18.74877371676832,12.0,2.8,1.0,True,True,False
c4aef0d88d1b.png,preprocessed_green_images/c4aef0d88d1b_green_preprocessed.png,preprocessed_images/c4aef0d88d1b_preprocessed.png,fundus_masks/c4aef0d88d1b_fundus_mask.png,80.80509832062128,18.100642759242064,0.0,252.0,0.002047430006597146,124.03713267207556,17.88755567924921,0.0,244.0,0.0022904827490422565,19.588004947118772,12.0,1.5377439260482788,1.0,True,True,False
c546670d9684.png,preprocessed_green_images/c546670d9684_green_preprocessed.png,preprocessed_images/c546670d9684_preprocessed.png,fundus_masks/c546670d9684_fundus_mask.png,41.80174273667586,9.23529221654184,1.0,119.0,0.055557765077828024,119.65898790430656,12.01788893691385,2.0,229.0,1.1239743733842868e-05,11.504097926400977,12.0,2.8,1.0,True,True,False
c56293f53191.png,preprocessed_green_images/c56293f53191_green_preprocessed.png,preprocessed_images/c56293f53191_preprocessed.png,fundus_masks/c56293f53191_fundus_mask.png,88.5112329097151,14.65957916518647,0.0,231.0,0.0010065372801022984,124.38105601860646,11.269178041329548,3.0,234.0,0.0006995955318547621,20.040999927876285,12.0,1.376084566116333,1.0,True,True,False
c57c164bca05.png,preprocessed_green_images/c57c164bca05_green_preprocessed.png,preprocessed_images/c57c164bca05_preprocessed.png,fundus_masks/c57c164bca05_fundus_mask.png,56.62545787285058,9.946542516799905,5.0,157.0,0.0009857749239972132,125.23770206907608,12.147793685627327,12.0,230.0,0.00010008867813079904,9.45087786980112,10.746977114778174,2.1261632442474365,1.0,True,True,False
c58971bcebb2.png,preprocessed_green_images/c58971bcebb2_green_preprocessed.png,preprocessed_images/c58971bcebb2_preprocessed.png,fundus_masks/c58971bcebb2_fundus_mask.png,46.19680777204749,20.62977092884433,5.0,149.0,0.23677078471861793,123.0265995744539,13.871477387679406,1.0,255.0,0.0032810777594938613,9.007034093778376,11.496430724440462,2.727027416229248,1.0,True,True,False
c58e5c0c5b33.png,preprocessed_green_images/c58e5c0c5b33_green_preprocessed.png,preprocessed_images/c58e5c0c5b33_preprocessed.png,fundus_masks/c58e5c0c5b33_fundus_mask.png,92.13206091996948,16.018146772096287,0.0,251.0,0.0006691825766660559,125.31607105164883,13.559242786720828,2.0,237.0,0.0005207330622583347,22.23103792732814,12.0,1.3455989360809326,1.0,False,True,False
c597ef460944.png,preprocessed_green_images/c597ef460944_green_preprocessed.png,preprocessed_images/c597ef460944_preprocessed.png,fundus_masks/c597ef460944_fundus_mask.png,69.00220777532954,26.32882545439879,6.0,248.0,0.09454345956231405,125.52515211070028,15.32265301540276,25.0,237.0,4.821509886575468e-05,9.70944623788645,9.750248915125287,1.7232437133789062,1.0,True,True,False
c5a0e84e955d.png,preprocessed_green_images/c5a0e84e955d_green_preprocessed.png,preprocessed_images/c5a0e84e955d_preprocessed.png,fundus_masks/c5a0e84e955d_fundus_mask.png,45.5047656051871,10.720122216566688,0.0,237.0,0.04055714454267685,123.9163510165223,14.68689942230409,17.0,255.0,6.780883874651293e-06,24.66759837694008,12.0,2.6879799365997314,1.0,True,True,False
c5a6f432a1ec.png,preprocessed_green_images/c5a6f432a1ec_green_preprocessed.png,preprocessed_images/c5a6f432a1ec_preprocessed.png,fundus_masks/c5a6f432a1ec_fundus_mask.png,83.85967447782251,19.459399811612933,0.0,196.0,3.87116754413131e-05,122.37038040673067,13.50511055313609,39.0,236.0,0.0,12.040552884302812,9.362027866803569,1.4281760454177856,1.0,True,True,False
c5b58cc992af.png,preprocessed_green_images/c5b58cc992af_green_preprocessed.png,preprocessed_images/c5b58cc992af_preprocessed.png,fundus_masks/c5b58cc992af_fundus_mask.png,77.44742122744675,9.568115685924893,0.0,176.0,6.875008056650066e-05,121.00730899294022,10.514746525734045,9.0,235.0,6.445320053109438e-05,13.320993112284329,10.444182024696243,1.5911282300949097,1.0,True,True,False
c5bec7f1e5f3.png,preprocessed_green_images/c5bec7f1e5f3_green_preprocessed.png,preprocessed_images/c5bec7f1e5f3_preprocessed.png,fundus_masks/c5bec7f1e5f3_fundus_mask.png,85.94306905662175,16.638738729451017,0.0,202.0,0.0007008995458682378,124.79467246603892,11.571436073209798,1.0,226.0,0.0004916758008329429,18.669666052151378,11.828482504716394,1.3526822328567505,1.0,True,True,False
c6229222bf22.png,preprocessed_green_images/c6229222bf22_green_preprocessed.png,preprocessed_images/c6229222bf22_preprocessed.png,fundus_masks/c6229222bf22_fundus_mask.png,89.9671630800012,12.889033152792356,0.0,158.0,0.001126598136771098,126.29099925665365,13.108195078863238,1.0,182.0,0.0008950260634368538,20.299476672440758,12.0,1.3507875204086304,1.0,True,True,False
c62cef02efa2.png,preprocessed_green_images/c62cef02efa2_green_preprocessed.png,preprocessed_images/c62cef02efa2_preprocessed.png,fundus_masks/c62cef02efa2_fundus_mask.png,78.48390604509743,17.86307508021168,0.0,218.0,0.0007009481368009377,126.6997110329701,15.295432761197194,5.0,232.0,0.0006986271164804048,21.429623383486447,12.0,1.6021732091903687,1.0,True,True,False
c639d837f5e4.png,preprocessed_green_images/c639d837f5e4_green_preprocessed.png,preprocessed_images/c639d837f5e4_preprocessed.png,fundus_masks/c639d837f5e4_fundus_mask.png,103.39861987026862,15.147797286855775,1.0,251.0,2.1651216493896727e-05,124.57179712539505,13.076265731862174,1.0,214.0,2.774062113280518e-05,19.322780066614683,11.729112026645874,1.1855202913284302,1.0,False,True,False
c64c0966b4cf.png,preprocessed_green_images/c64c0966b4cf_green_preprocessed.png,preprocessed_images/c64c0966b4cf_preprocessed.png,fundus_masks/c64c0966b4cf_fundus_mask.png,89.38655543632524,12.823257939450825,0.0,165.0,0.002431144495598094,122.48807619970692,12.040936664894243,1.0,191.0,0.002474990480805843,21.35412206209626,12.0,1.347783088684082,1.0,True,True,False
c6916bc42016.png,preprocessed_green_images/c6916bc42016_green_preprocessed.png,preprocessed_images/c6916bc42016_preprocessed.png,fundus_masks/c6916bc42016_fundus_mask.png,80.18721687601825,20.773111436172897,0.0,255.0,0.0009591813746950302,127.36382353385179,16.829272988689013,5.0,251.0,0.0005539098253384134,22.77770914445847,12.0,1.5624502897262573,1.0,True,True,False
c6a8f8f998a2.png,preprocessed_green_images/c6a8f8f998a2_green_preprocessed.png,preprocessed_images/c6a8f8f998a2_preprocessed.png,fundus_masks/c6a8f8f998a2_fundus_mask.png,92.8896148292701,13.926813946675455,0.0,230.0,0.001041784963531732,124.47242340736689,11.663510133581568,2.0,222.0,0.0008366726848386102,19.46575507171395,11.78630202868558,1.3188023567199707,1.0,False,True,False
c6d4e4a3bd4c.png,preprocessed_green_images/c6d4e4a3bd4c_green_preprocessed.png,preprocessed_images/c6d4e4a3bd4c_preprocessed.png,fundus_masks/c6d4e4a3bd4c_fundus_mask.png,84.48405225828107,15.454453959184864,0.0,246.0,0.0005110152828411521,124.43786460650081,13.039284018585134,1.0,242.0,0.00044713837248600805,19.67902414607489,12.0,1.4478760957717896,1.0,True,True,False
c6f5b5b5be41.png,preprocessed_green_images/c6f5b5b5be41_green_preprocessed.png,preprocessed_images/c6f5b5b5be41_preprocessed.png,fundus_masks/c6f5b5b5be41_fundus_mask.png,71.7353574992536,18.654866194679464,0.0,213.0,0.00291705729212046,126.14635007707955,14.983938024827246,5.0,245.0,0.00023931254566977888,20.704288133945667,12.0,1.7231419086456299,1.0,True,True,False
c704bd669f36.png,preprocessed_green_images/c704bd669f36_green_preprocessed.png,preprocessed_images/c704bd669f36_preprocessed.png,fundus_masks/c704bd669f36_fundus_mask.png,71.28377008344027,16.643684762364096,0.0,166.0,0.0006340763794935518,125.71838763434928,14.15795926435842,4.0,213.0,0.00017303549550281907,20.770472672981164,12.0,1.6988054513931274,1.0,True,True,False
c755a0c4edcc.png,preprocessed_green_images/c755a0c4edcc_green_preprocessed.png,preprocessed_images/c755a0c4edcc_preprocessed.png,fundus_masks/c755a0c4edcc_fundus_mask.png,100.76295545024723,26.142738327264,0.0,255.0,3.518296494964776e-05,124.46636373231718,14.610795370098003,22.0,223.0,0.00011840420896516074,19.66373191675223,11.865492766700893,1.2115498781204224,1.0,False,True,False
c7c3d363bc86.png,preprocessed_green_images/c7c3d363bc86_green_preprocessed.png,preprocessed_images/c7c3d363bc86_preprocessed.png,fundus_masks/c7c3d363bc86_fundus_mask.png,78.7219666210236,25.593932561285992,5.0,181.0,0.0937417395963565,125.70513821912643,15.973526954518174,19.0,211.0,4.723065626798436e-05,10.240128729388614,9.09854334766446,1.411500096321106,1.0,True,True,False
c7d0deb71576.png,preprocessed_green_images/c7d0deb71576_green_preprocessed.png,preprocessed_images/c7d0deb71576_preprocessed.png,fundus_masks/c7d0deb71576_fundus_mask.png,61.8168937564778,13.180960606060458,0.0,173.0,0.0006085781539096483,123.75906017811987,10.838469155488314,2.0,239.0,0.000153893326276003,19.991394634293357,12.0,1.9710618257522583,1.0,True,True,False
c80b0f27541a.png,preprocessed_green_images/c80b0f27541a_green_preprocessed.png,preprocessed_images/c80b0f27541a_preprocessed.png,fundus_masks/c80b0f27541a_fundus_mask.png,52.12159416028046,24.78018026094649,13.0,255.0,0.14269139267215017,124.6649248643541,17.541799443008138,1.0,255.0,0.0023376070315921232,9.41347887366935,11.13236095744281,2.535412549972534,1.0,True,True,False
c81c6911f5e0.png,preprocessed_green_images/c81c6911f5e0_green_preprocessed.png,preprocessed_images/c81c6911f5e0_preprocessed.png,fundus_masks/c81c6911f5e0_fundus_mask.png,93.27268636115848,12.548768194693311,0.0,255.0,0.0005764524397740585,122.56162357771669,11.037316299266717,1.0,242.0,0.000487142906851317,20.705470768876296,12.0,1.3062992095947266,1.0,False,True,False
c85b79d70079.png,preprocessed_green_images/c85b79d70079_green_preprocessed.png,preprocessed_images/c85b79d70079_preprocessed.png,fundus_masks/c85b79d70079_fundus_mask.png,55.81770267884086,17.019971423712654,5.0,180.0,0.0878226816485033,123.5199113792194,13.041109025246666,29.0,237.0,5.999240496153187e-07,9.173275851082542,10.707736768980496,2.003741979598999,1.0,True,True,False
c90c6b94cf40.png,preprocessed_green_images/c90c6b94cf40_green_preprocessed.png,preprocessed_images/c90c6b94cf40_preprocessed.png,fundus_masks/c90c6b94cf40_fundus_mask.png,81.43055429986008,21.018053502978557,0.0,255.0,4.7357657948552365e-05,122.36748681519751,20.818262978674912,34.0,255.0,0.0,12.584513166983335,9.795533773472439,1.5092425346374512,1.0,True,True,False
c947bb6cf9f6.png,preprocessed_green_images/c947bb6cf9f6_green_preprocessed.png,preprocessed_images/c947bb6cf9f6_preprocessed.png,fundus_masks/c947bb6cf9f6_fundus_mask.png,99.56060598890643,15.288957988940465,0.0,241.0,3.109715494833478e-05,123.00805551518184,9.038988935739795,14.0,214.0,1.8928703012029866e-05,19.907093732653006,11.962837493061203,1.1937543153762817,1.0,False,True,False
c94f37085d0f.png,preprocessed_green_images/c94f37085d0f_green_preprocessed.png,preprocessed_images/c94f37085d0f_preprocessed.png,fundus_masks/c94f37085d0f_fundus_mask.png,92.29670299115098,15.43644697277568,0.0,255.0,0.0014783130548018527,122.17699323173599,13.448806090994424,1.0,236.0,0.0015964854149819383,19.768432870273813,11.907373148109524,1.329511046409607,1.0,False,True,False
c97472ef2c66.png,preprocessed_green_images/c97472ef2c66_green_preprocessed.png,preprocessed_images/c97472ef2c66_preprocessed.png,fundus_masks/c97472ef2c66_fundus_mask.png,62.046155302459866,14.37784499204323,0.0,169.0,0.0019061059932619368,122.84733080620109,15.348843987952543,38.0,250.0,0.0,17.018719432944497,12.0,1.9907134771347046,1.0,True,True,False
c98f623d08d1.png,preprocessed_green_images/c98f623d08d1_green_preprocessed.png,preprocessed_images/c98f623d08d1_preprocessed.png,fundus_masks/c98f623d08d1_fundus_mask.png,89.65093492634266,18.000105272232386,0.0,255.0,0.0009012875536480687,124.25620229671732,12.114979166395761,1.0,231.0,0.0006159378262382554,19.563291723785596,11.856344696061559,1.369936466217041,1.0,True,True,False
c9c563864ab1.png,preprocessed_green_images/c9c563864ab1_green_preprocessed.png,preprocessed_images/c9c563864ab1_preprocessed.png,fundus_masks/c9c563864ab1_fundus_mask.png,107.83398800308943,32.33185949723156,0.0,255.0,2.365055028073203e-05,123.02513985921841,9.693632861258394,1.0,217.0,2.838066033687844e-05,19.749039852285986,11.899615940914394,1.2702443599700928,1.0,False,True,False
c9e697117f3f.png,preprocessed_green_images/c9e697117f3f_green_preprocessed.png,preprocessed_images/c9e697117f3f_preprocessed.png,fundus_masks/c9e697117f3f_fundus_mask.png,78.5810239636254,12.926604679289486,0.0,149.0,0.0006077899181107477,125.82237919595426,12.68747213284477,1.0,193.0,0.0003549307537058946,21.01253395124106,12.0,1.5388821363449097,1.0,True,True,False
ca05f7e7801b.png,preprocessed_green_images/ca05f7e7801b_green_preprocessed.png,preprocessed_images/ca05f7e7801b_preprocessed.png,fundus_masks/ca05f7e7801b_fundus_mask.png,93.68127478044984,17.696071341230944,0.0,252.0,0.0007515192500092637,123.1121326935191,12.700312653912365,1.0,237.0,0.0007908900581761589,19.645264720017032,11.858105888006813,1.299625039100647,1.0,False,True,False
ca2b54b95ade.png,preprocessed_green_images/ca2b54b95ade_green_preprocessed.png,preprocessed_images/ca2b54b95ade_preprocessed.png,fundus_masks/ca2b54b95ade_fundus_mask.png,103.6392168524141,12.164351895218724,0.0,183.0,0.001041358116113744,122.67792066239633,8.306425179481822,1.0,181.0,0.0009707771771327014,19.691558865156612,11.876623546062644,1.1546869277954102,1.0,False,True,False
cad5b1a82e60.png,preprocessed_green_images/cad5b1a82e60_green_preprocessed.png,preprocessed_images/cad5b1a82e60_preprocessed.png,fundus_masks/cad5b1a82e60_fundus_mask.png,70.74799559477326,18.547858928366015,0.0,255.0,0.0001440898796139203,123.51774470249838,12.911630642621233,7.0,248.0,3.247095878623556e-05,21.591365125242014,12.0,1.699232578277588,1.0,True,True,False
cadde4030858.png,preprocessed_green_images/cadde4030858_green_preprocessed.png,preprocessed_images/cadde4030858_preprocessed.png,fundus_masks/cadde4030858_fundus_mask.png,91.5762749335318,14.898847408045834,0.0,201.0,0.00133457260688445,125.69910885737204,13.834945548913941,1.0,213.0,0.0011898878056177057,21.617332641266437,12.0,1.349593162536621,1.0,False,True,False
cae33655ca00.png,preprocessed_green_images/cae33655ca00_green_preprocessed.png,preprocessed_images/cae33655ca00_preprocessed.png,fundus_masks/cae33655ca00_fundus_mask.png,99.37297103075534,21.746531656339986,0.0,254.0,0.0007604819176237615,124.09982662407658,12.099950641426075,1.0,222.0,0.00027675030029733217,20.304096853628135,12.0,1.2024773359298706,1.0,False,True,False
cb02bb47fdc5.png,preprocessed_green_images/cb02bb47fdc5_green_preprocessed.png,preprocessed_images/cb02bb47fdc5_preprocessed.png,fundus_masks/cb02bb47fdc5_fundus_mask.png,86.21364621082016,19.6298565182007,0.0,214.0,4.0294042899916215e-05,123.64271905352747,11.672009536564355,1.0,200.0,0.00020722650634242626,11.307930486112296,8.85973697570535,1.410241961479187,1.0,True,True,False
cb0cc98d7e35.png,preprocessed_green_images/cb0cc98d7e35_green_preprocessed.png,preprocessed_images/cb0cc98d7e35_preprocessed.png,fundus_masks/cb0cc98d7e35_fundus_mask.png,63.05215945714167,7.139446983643639,0.0,150.0,2.881658359806168e-05,121.91658348279535,6.225513821232418,1.0,189.0,2.622309107423613e-05,12.58157923721627,11.427995298696137,1.9490623474121094,1.0,True,True,False
cb2201c226d6.png,preprocessed_green_images/cb2201c226d6_green_preprocessed.png,preprocessed_images/cb2201c226d6_preprocessed.png,fundus_masks/cb2201c226d6_fundus_mask.png,75.62967374123122,12.349587667120684,0.0,179.0,0.0008396237465078494,125.93159733778968,11.661517465210933,3.0,220.0,0.00046619992554717605,19.404188579905217,12.0,1.61892831325531,1.0,True,True,False
cb28adab4e8a.png,preprocessed_green_images/cb28adab4e8a_green_preprocessed.png,preprocessed_images/cb28adab4e8a_preprocessed.png,fundus_masks/cb28adab4e8a_fundus_mask.png,86.51222564331911,17.58829057353281,0.0,255.0,6.450392183844778e-05,122.97496387780377,17.58440816417922,4.0,255.0,6.450392183844778e-05,11.8396043094165,9.045866111027124,1.433243989944458,1.0,True,True,False
cb39761f0712.png,preprocessed_green_images/cb39761f0712_green_preprocessed.png,preprocessed_images/cb39761f0712_preprocessed.png,fundus_masks/cb39761f0712_fundus_mask.png,76.67753396320055,14.814813637688959,0.0,187.0,0.0012360796100203617,128.1966723252675,15.582189999052755,3.0,229.0,0.0006215184530683995,22.169040784743085,12.0,1.5782856941223145,1.0,True,True,False
cb68fce07789.png,preprocessed_green_images/cb68fce07789_green_preprocessed.png,preprocessed_images/cb68fce07789_preprocessed.png,fundus_masks/cb68fce07789_fundus_mask.png,89.88138101023885,15.079333422836804,0.0,231.0,0.0006394210628315329,125.51732877499225,11.921191282642623,3.0,229.0,0.0003748330368322779,20.610202276800365,12.0,1.3479061126708984,1.0,True,True,False
cbc23af521f3.png,preprocessed_green_images/cbc23af521f3_green_preprocessed.png,preprocessed_images/cbc23af521f3_preprocessed.png,fundus_masks/cbc23af521f3_fundus_mask.png,92.18775097346773,17.076403644726224,0.0,255.0,1.7579552546296765e-05,123.73881585486322,12.303392145334092,4.0,243.0,1.6227279273504708e-05,19.830566189772775,11.93222647590911,1.3509365320205688,1.0,False,True,False
cbe633765ea7.png,preprocessed_green_images/cbe633765ea7_green_preprocessed.png,preprocessed_images/cbe633765ea7_preprocessed.png,fundus_masks/cbe633765ea7_fundus_mask.png,96.49228939585339,7.055253014120546,0.0,158.0,0.0016608166317436726,121.53632357377228,6.898078174952365,1.0,180.0,0.0014955439954602034,19.44264143768175,11.7770565750727,1.2500085830688477,1.0,False,True,False
cc671a73e1cb.png,preprocessed_green_images/cc671a73e1cb_green_preprocessed.png,preprocessed_images/cc671a73e1cb_preprocessed.png,fundus_masks/cc671a73e1cb_fundus_mask.png,86.67314214625603,16.71391144501286,0.0,221.0,0.0009174014372622517,126.29252248328523,15.01071672760379,4.0,235.0,0.0005965426012500753,21.738315798952385,12.0,1.4275392293930054,1.0,True,True,False
cc964bf04dbc.png,preprocessed_green_images/cc964bf04dbc_green_preprocessed.png,preprocessed_images/cc964bf04dbc_preprocessed.png,fundus_masks/cc964bf04dbc_fundus_mask.png,79.8407775819003,19.383633875313162,0.0,255.0,0.0007395796024875922,126.82460567383144,14.650611010940235,6.0,251.0,0.00016512626344848758,22.42976383465784,12.0,1.5421395301818848,1.0,True,True,False
ccd6dcb2f568.png,preprocessed_green_images/ccd6dcb2f568_green_preprocessed.png,preprocessed_images/ccd6dcb2f568_preprocessed.png,fundus_masks/ccd6dcb2f568_fundus_mask.png,27.297265081377873,15.630619974980359,0.0,241.0,0.6507893276570658,83.63198986096178,22.74763792122919,1.0,255.0,0.02114473055954206,28.186330382642293,12.0,2.8,1.0,True,True,False
ccea49708830.png,preprocessed_green_images/ccea49708830_green_preprocessed.png,preprocessed_images/ccea49708830_preprocessed.png,fundus_masks/ccea49708830_fundus_mask.png,105.44883884103113,28.717301555186744,0.0,248.0,2.839019483785143e-05,124.07230644646691,12.7025537721029,1.0,214.0,2.7038280797953744e-05,19.35026801344369,11.740107205377475,1.2210067510604858,1.0,False,True,False
cd01672507c9.png,preprocessed_green_images/cd01672507c9_green_preprocessed.png,preprocessed_images/cd01672507c9_preprocessed.png,fundus_masks/cd01672507c9_fundus_mask.png,58.95724825463853,33.927237471878115,4.0,255.0,0.1818627812247906,123.89648178948103,20.408912908623346,1.0,255.0,0.003098327839137926,9.519507132165526,10.567158563565007,2.2411134243011475,1.0,True,True,False
cd01f4f83336.png,preprocessed_green_images/cd01f4f83336_green_preprocessed.png,preprocessed_images/cd01f4f83336_preprocessed.png,fundus_masks/cd01f4f83336_fundus_mask.png,85.52494464150767,25.086717539023255,0.0,255.0,2.570880181422955e-05,125.47366775974177,15.478546830588979,1.0,231.0,0.00019552220327137738,21.131583468217094,12.0,1.5052820444107056,1.0,True,True,False
cd1c98ec48b1.png,preprocessed_green_images/cd1c98ec48b1_green_preprocessed.png,preprocessed_images/cd1c98ec48b1_preprocessed.png,fundus_masks/cd1c98ec48b1_fundus_mask.png,90.01791339016917,13.90385106137978,0.0,247.0,0.0008963080699073854,125.07619663512948,12.015236479497513,3.0,241.0,0.0006420445112160415,20.448671569893058,12.0,1.3587002754211426,1.0,False,True,False
cd314653a4d8.png,preprocessed_green_images/cd314653a4d8_green_preprocessed.png,preprocessed_images/cd314653a4d8_preprocessed.png,fundus_masks/cd314653a4d8_fundus_mask.png,101.25958614024616,25.71579869541257,0.0,255.0,2.7070889183961582e-05,124.11473184253947,14.198379191956018,3.0,221.0,0.000445316127076168,19.610658677999062,11.844263471199625,1.252854585647583,1.0,False,True,False
cd48cfab4e44.png,preprocessed_green_images/cd48cfab4e44_green_preprocessed.png,preprocessed_images/cd48cfab4e44_preprocessed.png,fundus_masks/cd48cfab4e44_fundus_mask.png,58.2003010631498,19.25118099112554,12.0,255.0,0.04562389472218537,126.3625488843889,17.102931918855234,1.0,255.0,0.0007124211024875535,7.482366974002673,9.819586695098865,2.1143319606781006,1.0,True,True,False
cd563556cb57.png,preprocessed_green_images/cd563556cb57_green_preprocessed.png,preprocessed_images/cd563556cb57_preprocessed.png,fundus_masks/cd563556cb57_fundus_mask.png,38.14388368303117,19.180066431875137,0.0,244.0,0.264338459971481,105.31829547769404,27.217676409152652,1.0,255.0,0.011708087186799755,9.926878140139015,12.0,2.8,1.0,True,True,False
cd66754e1b3b.png,preprocessed_green_images/cd66754e1b3b_green_preprocessed.png,preprocessed_images/cd66754e1b3b_preprocessed.png,fundus_masks/cd66754e1b3b_fundus_mask.png,81.8838284452312,16.2165780596427,0.0,232.0,4.7262634161431974e-05,122.25287657577918,15.8687189987038,3.0,255.0,6.444904658377088e-05,15.077279703265178,10.752349352841076,1.504900336265564,1.0,True,True,False
cd8da43e3069.png,preprocessed_green_images/cd8da43e3069_green_preprocessed.png,preprocessed_images/cd8da43e3069_preprocessed.png,fundus_masks/cd8da43e3069_fundus_mask.png,69.2704143017051,22.27834513735813,0.0,254.0,0.010218495686635902,125.4454796363137,17.639850163736856,2.0,255.0,0.0004956819816108966,19.223226458338935,12.0,1.7035449743270874,1.0,True,True,False
cd941e5bc659.png,preprocessed_green_images/cd941e5bc659_green_preprocessed.png,preprocessed_images/cd941e5bc659_preprocessed.png,fundus_masks/cd941e5bc659_fundus_mask.png,74.56980861177324,14.159660900240839,0.0,225.0,0.000577324282003745,123.50943698685512,12.303014295162209,2.0,250.0,0.00039843506786173955,18.185547218334417,12.0,1.6413908004760742,1.0,True,True,False
ce6f33a81ad5.png,preprocessed_green_images/ce6f33a81ad5_green_preprocessed.png,preprocessed_images/ce6f33a81ad5_preprocessed.png,fundus_masks/ce6f33a81ad5_fundus_mask.png,79.2815392012934,16.166083126707782,0.0,238.0,0.0008083698803240913,125.19078109901137,14.123550768094336,1.0,248.0,0.0004413513714413142,19.24902327753466,12.0,1.545131802558899,1.0,True,True,False
ce754234d760.png,preprocessed_green_images/ce754234d760_green_preprocessed.png,preprocessed_images/ce754234d760_preprocessed.png,fundus_masks/ce754234d760_fundus_mask.png,37.73036572281569,16.27221677107928,0.0,189.0,0.35141111162942573,107.21742081447964,24.551441772339274,1.0,255.0,0.0072783038671455896,20.190401100658345,12.0,2.8,1.0,True,True,False
ce8d2efd9d4f.png,preprocessed_green_images/ce8d2efd9d4f_green_preprocessed.png,preprocessed_images/ce8d2efd9d4f_preprocessed.png,fundus_masks/ce8d2efd9d4f_fundus_mask.png,78.50525020460996,14.185069468592689,0.0,216.0,0.0006001892279384022,125.86178466324972,13.18605785671407,6.0,252.0,0.0003424677412801328,20.671591716760698,12.0,1.5641393661499023,1.0,True,True,False
ceb32a193eff.png,preprocessed_green_images/ceb32a193eff_green_preprocessed.png,preprocessed_images/ceb32a193eff_preprocessed.png,fundus_masks/ceb32a193eff_fundus_mask.png,76.74249967997736,27.969657309849318,0.0,218.0,0.09179229213993778,126.39391387379287,18.168491327769072,11.0,255.0,0.00014638356045242932,23.109637901177624,12.0,1.5164525508880615,1.0,True,True,False
cec299c2a2d5.png,preprocessed_green_images/cec299c2a2d5_green_preprocessed.png,preprocessed_images/cec299c2a2d5_preprocessed.png,fundus_masks/cec299c2a2d5_fundus_mask.png,51.35416926055645,22.45479789327314,4.0,139.0,0.1332723029911885,124.37920954479264,16.17243978593019,1.0,244.0,0.0005062470890792378,8.99041178069363,11.031349666894656,2.430685043334961,1.0,True,True,False
cf6551521a35.png,preprocessed_green_images/cf6551521a35_green_preprocessed.png,preprocessed_images/cf6551521a35_preprocessed.png,fundus_masks/cf6551521a35_fundus_mask.png,88.24224357963966,13.762192685408463,0.0,248.0,2.164755480721161e-05,121.805579927846,9.03661100949868,1.0,193.0,3.4500790473993504e-05,20.2779215874642,12.0,1.4127788543701172,1.0,True,True,False
cf8ae5501bd6.png,preprocessed_green_images/cf8ae5501bd6_green_preprocessed.png,preprocessed_images/cf8ae5501bd6_preprocessed.png,fundus_masks/cf8ae5501bd6_fundus_mask.png,81.7988851533785,14.456406254401086,0.0,224.0,0.0004738098141341648,126.54213713774743,14.733767875587361,2.0,253.0,0.000346066972088189,20.345981601196954,12.0,1.4713019132614136,1.0,True,True,False
cf8f1bc7a215.png,preprocessed_green_images/cf8f1bc7a215_green_preprocessed.png,preprocessed_images/cf8f1bc7a215_preprocessed.png,fundus_masks/cf8f1bc7a215_fundus_mask.png,72.92323561393027,18.12261317476073,0.0,239.0,6.446815917618289e-05,123.05126937805417,18.013525520372664,1.0,255.0,6.876603645459508e-05,17.345038600645985,12.0,1.6831941604614258,1.0,True,True,False
cfb17a7cc8d4.png,preprocessed_green_images/cfb17a7cc8d4_green_preprocessed.png,preprocessed_images/cfb17a7cc8d4_preprocessed.png,fundus_masks/cfb17a7cc8d4_fundus_mask.png,59.53872249651238,14.226506455662538,0.0,153.0,0.007193443033919904,125.59844037612956,16.62302267743164,1.0,244.0,0.00043638828343883253,19.707133592591557,12.0,2.1137537956237793,1.0,True,True,False
cfdbaef73a8b.png,preprocessed_green_images/cfdbaef73a8b_green_preprocessed.png,preprocessed_images/cfdbaef73a8b_preprocessed.png,fundus_masks/cfdbaef73a8b_fundus_mask.png,45.806183729840505,27.280369915118815,0.0,255.0,0.09666119321291736,117.46106846908772,32.25624387224073,1.0,255.0,0.01912653861330686,10.381221235537145,12.0,2.8,1.0,True,True,False
cfed7c1172ec.png,preprocessed_green_images/cfed7c1172ec_green_preprocessed.png,preprocessed_images/cfed7c1172ec_preprocessed.png,fundus_masks/cfed7c1172ec_fundus_mask.png,87.88649021848242,11.092971087846285,0.0,178.0,0.0012952588898706128,123.36223880873189,10.371491029400913,2.0,203.0,0.0009494710255212261,19.01100530735276,11.792269659076002,1.3699711561203003,1.0,True,True,False
cff262ed8f4c.png,preprocessed_green_images/cff262ed8f4c_green_preprocessed.png,preprocessed_images/cff262ed8f4c_preprocessed.png,fundus_masks/cff262ed8f4c_fundus_mask.png,82.26001133915592,35.66975625268453,4.0,255.0,0.08395629810664985,126.67553201947318,20.167789487340293,3.0,237.0,0.0007527337757984857,11.076855299138392,9.118741111730387,1.3782957792282104,1.0,True,True,False
cffc50047828.png,preprocessed_green_images/cffc50047828_green_preprocessed.png,preprocessed_images/cffc50047828_preprocessed.png,fundus_masks/cffc50047828_fundus_mask.png,103.89635344701813,25.63179498408754,0.0,243.0,4.2910719956059424e-05,122.2372147509891,14.531375374619804,3.0,229.0,6.436607993408913e-05,16.569437555027196,10.627775022010878,1.161590337753296,1.0,False,True,False
d02b79fc3200.png,preprocessed_green_images/d02b79fc3200_green_preprocessed.png,preprocessed_images/d02b79fc3200_preprocessed.png,fundus_masks/d02b79fc3200_fundus_mask.png,81.41196946557788,17.182390616120863,0.0,255.0,0.001709657998665746,128.54181049411557,16.714706953628948,9.0,255.0,0.00038237762172741704,22.81624171735382,12.0,1.5170834064483643,1.0,True,True,False
d0926ed2c8e5.png,preprocessed_green_images/d0926ed2c8e5_green_preprocessed.png,preprocessed_images/d0926ed2c8e5_preprocessed.png,fundus_masks/d0926ed2c8e5_fundus_mask.png,91.10519853446249,17.405912787599856,0.0,255.0,0.0007587156739074784,126.1727659298437,13.912756308627591,3.0,244.0,0.0004587044379654373,20.332282845370035,12.0,1.3557915687561035,1.0,False,True,False
d160ebef4117.png,preprocessed_green_images/d160ebef4117_green_preprocessed.png,preprocessed_images/d160ebef4117_preprocessed.png,fundus_masks/d160ebef4117_fundus_mask.png,43.94244168433808,21.576139133071898,0.0,250.0,0.17402926029545415,113.93665530435136,26.062386430674398,1.0,255.0,0.006952311369867547,7.671336940656855,11.162539959877135,2.8,1.0,True,True,False
d16e39b9d6f0.png,preprocessed_green_images/d16e39b9d6f0_green_preprocessed.png,preprocessed_images/d16e39b9d6f0_preprocessed.png,fundus_masks/d16e39b9d6f0_fundus_mask.png,60.90601079139368,15.01446910388889,0.0,245.0,0.005390282873112132,124.21952967497914,15.049638624950516,13.0,255.0,0.0002598705113967431,22.26525232603261,12.0,2.040747880935669,1.0,True,True,False
d16e59a2b33a.png,preprocessed_green_images/d16e59a2b33a_green_preprocessed.png,preprocessed_images/d16e59a2b33a_preprocessed.png,fundus_masks/d16e59a2b33a_fundus_mask.png,81.9418900313375,15.54626119432025,0.0,241.0,0.0011461829442415026,124.8220924734373,13.084071749690716,3.0,254.0,0.0006756568821969627,20.454895810505302,12.0,1.4547628164291382,1.0,True,True,False
d18f6431ebce.png,preprocessed_green_images/d18f6431ebce_green_preprocessed.png,preprocessed_images/d18f6431ebce_preprocessed.png,fundus_masks/d18f6431ebce_fundus_mask.png,82.26592545602777,17.025145806969135,0.0,252.0,0.000828034415615291,125.28783125725545,13.418351781300355,1.0,246.0,0.0007862847812145201,20.8764551295942,12.0,1.4674948453903198,1.0,True,True,False
d1a60c3b9fe5.png,preprocessed_green_images/d1a60c3b9fe5_green_preprocessed.png,preprocessed_images/d1a60c3b9fe5_preprocessed.png,fundus_masks/d1a60c3b9fe5_fundus_mask.png,111.87804375601807,9.606444375212181,0.0,191.0,0.0008471594696689135,122.07282793867121,6.198297469573161,2.0,179.0,0.0007545737352788682,17.13267116562813,10.853068466251251,1.0854395627975464,1.0,False,True,False
d1afdb8cf70d.png,preprocessed_green_images/d1afdb8cf70d_green_preprocessed.png,preprocessed_images/d1afdb8cf70d_preprocessed.png,fundus_masks/d1afdb8cf70d_fundus_mask.png,84.18032303736022,16.735732183470475,0.0,245.0,0.0023693258978878325,122.69733537519143,17.297186678818232,1.0,252.0,0.0027495738102805626,21.926717524932943,12.0,1.4634265899658203,1.0,True,True,False
d1b279cc02ae.png,preprocessed_green_images/d1b279cc02ae_green_preprocessed.png,preprocessed_images/d1b279cc02ae_preprocessed.png,fundus_masks/d1b279cc02ae_fundus_mask.png,90.44145311650851,16.365117491876163,0.0,255.0,0.0006131293284840377,125.38489658087501,13.315579419463328,5.0,240.0,0.00043894486016470886,21.945627659810867,12.0,1.3570609092712402,1.0,False,True,False
d1ca85af57c9.png,preprocessed_green_images/d1ca85af57c9_green_preprocessed.png,preprocessed_images/d1ca85af57c9_preprocessed.png,fundus_masks/d1ca85af57c9_fundus_mask.png,95.89929040851649,14.344911390617803,0.0,209.0,0.0006978828182873121,125.16554893352608,11.811242635150375,2.0,205.0,0.0004915320846408975,20.445183524875564,12.0,1.2763503789901733,1.0,False,True,False
d1cf31577a59.png,preprocessed_green_images/d1cf31577a59_green_preprocessed.png,preprocessed_images/d1cf31577a59_preprocessed.png,fundus_masks/d1cf31577a59_fundus_mask.png,60.85741425465452,23.660242017410056,7.0,255.0,0.034278647626355796,126.28587818791182,18.117456603654247,1.0,255.0,0.0017526178675482534,7.173102795150695,9.45969318431321,2.0021185874938965,1.0,True,True,False
d1f7ea924a01.png,preprocessed_green_images/d1f7ea924a01_green_preprocessed.png,preprocessed_images/d1f7ea924a01_preprocessed.png,fundus_masks/d1f7ea924a01_fundus_mask.png,95.41468306681404,18.2208937650913,0.0,255.0,2.5012590797394636e-05,125.37026949376545,14.549460158585887,1.0,239.0,2.5012590797394636e-05,19.239870519391534,11.695948207756613,1.2848763465881348,1.0,False,True,False
d1fa0f744620.png,preprocessed_green_images/d1fa0f744620_green_preprocessed.png,preprocessed_images/d1fa0f744620_preprocessed.png,fundus_masks/d1fa0f744620_fundus_mask.png,103.1170327492354,23.649034540750844,0.0,255.0,2.3634930807051852e-05,123.64024529006475,11.26045486484366,1.0,223.0,3.4439470604561275e-05,19.43678123702676,11.774712494810704,1.197728157043457,1.0,False,True,False
d26bb2ed6e71.png,preprocessed_green_images/d26bb2ed6e71_green_preprocessed.png,preprocessed_images/d26bb2ed6e71_preprocessed.png,fundus_masks/d26bb2ed6e71_fundus_mask.png,93.53078213125744,16.101614284252605,0.0,255.0,1.8265717480765184e-05,121.70920368913373,8.607631858839312,1.0,216.0,2.6383814138883044e-05,20.270326950390025,12.0,1.3359458446502686,1.0,False,True,False
d26bc6e1230d.png,preprocessed_green_images/d26bc6e1230d_green_preprocessed.png,preprocessed_images/d26bc6e1230d_preprocessed.png,fundus_masks/d26bc6e1230d_fundus_mask.png,89.36955551392619,13.466748883988569,0.0,200.0,0.0013922712755008824,124.7849623138531,10.72770017692932,1.0,221.0,0.001071956372416377,21.015246519935115,12.0,1.3775309324264526,1.0,True,True,False
d27ac9e54901.png,preprocessed_green_images/d27ac9e54901_green_preprocessed.png,preprocessed_images/d27ac9e54901_preprocessed.png,fundus_masks/d27ac9e54901_fundus_mask.png,80.23754324998463,21.57620987800341,0.0,252.0,0.001138630926887359,126.13139870537316,15.570008548448227,5.0,239.0,0.00040043595288087553,20.72909393069935,12.0,1.563536524772644,1.0,True,True,False
d29b37d110f3.png,preprocessed_green_images/d29b37d110f3_green_preprocessed.png,preprocessed_images/d29b37d110f3_preprocessed.png,fundus_masks/d29b37d110f3_fundus_mask.png,100.22781573991858,20.484834953022066,0.0,255.0,6.005310410205596e-05,122.88215436221459,17.731340379096483,2.0,253.0,6.863211897377825e-05,12.080821264416349,8.83232850576654,1.2141023874282837,1.0,False,True,False
d2afca74cbc3.png,preprocessed_green_images/d2afca74cbc3_green_preprocessed.png,preprocessed_images/d2afca74cbc3_preprocessed.png,fundus_masks/d2afca74cbc3_fundus_mask.png,88.34360989197577,14.923273430772142,0.0,245.0,6.447924413131413e-05,121.67559202692654,12.275276458052454,4.0,255.0,6.447924413131413e-05,13.6767785164381,9.61794608284406,1.3471275568008423,1.0,True,True,False
d2c5fb82fe5f.png,preprocessed_green_images/d2c5fb82fe5f_green_preprocessed.png,preprocessed_images/d2c5fb82fe5f_preprocessed.png,fundus_masks/d2c5fb82fe5f_fundus_mask.png,109.5511619643622,22.2899530913764,0.0,255.0,2.1616684838192358e-05,124.65105806917069,11.189690074033589,1.0,215.0,3.0398463053708004e-05,19.515518440032977,11.806207376013191,1.1186720132827759,1.0,False,True,False
d2cd47ed2c1d.png,preprocessed_green_images/d2cd47ed2c1d_green_preprocessed.png,preprocessed_images/d2cd47ed2c1d_preprocessed.png,fundus_masks/d2cd47ed2c1d_fundus_mask.png,80.15860123743964,16.016287747664464,0.0,255.0,3.869686168451738e-05,122.33877382544276,14.80507367633751,12.0,255.0,2.1498256491398548e-05,16.889171275635785,11.630459511370791,1.5182443857192993,1.0,True,True,False
d2d523e9f669.png,preprocessed_green_images/d2d523e9f669_green_preprocessed.png,preprocessed_images/d2d523e9f669_preprocessed.png,fundus_masks/d2d523e9f669_fundus_mask.png,98.8729090048675,23.842751125264538,0.0,255.0,2.5013520822065982e-05,123.95155083829097,13.665923288639306,9.0,232.0,5.2731206057328285e-05,19.27810922285994,11.711243689143975,1.2905992269515991,1.0,False,True,False
d2dc86021c67.png,preprocessed_green_images/d2dc86021c67_green_preprocessed.png,preprocessed_images/d2dc86021c67_preprocessed.png,fundus_masks/d2dc86021c67_fundus_mask.png,89.11082185476336,14.7616545210104,0.0,196.0,0.0008437504358215062,124.16366666511708,14.137330584623804,1.0,210.0,0.0008542101519680537,21.227642004774047,12.0,1.3588016033172607,1.0,True,True,False
d2fb715b0c41.png,preprocessed_green_images/d2fb715b0c41_green_preprocessed.png,preprocessed_images/d2fb715b0c41_preprocessed.png,fundus_masks/d2fb715b0c41_fundus_mask.png,77.1702952093927,18.44412797047954,0.0,220.0,0.0006295162848066652,127.2632844226719,14.754770422745962,5.0,235.0,0.00021992343406369635,24.921374708597373,12.0,1.5601345300674438,1.0,True,True,False
d30d079e6f9a.png,preprocessed_green_images/d30d079e6f9a_green_preprocessed.png,preprocessed_images/d30d079e6f9a_preprocessed.png,fundus_masks/d30d079e6f9a_fundus_mask.png,91.2666451939982,16.362223897330498,0.0,254.0,0.0004116240779155543,125.34129333680617,16.073227469171133,1.0,245.0,0.00034534562469186334,22.90847606891028,12.0,1.3422921895980835,1.0,False,True,False
d332d7b8a26e.png,preprocessed_green_images/d332d7b8a26e_green_preprocessed.png,preprocessed_images/d332d7b8a26e_preprocessed.png,fundus_masks/d332d7b8a26e_fundus_mask.png,94.87123443961796,17.379950547931106,0.0,210.0,0.0014244157118491485,126.52040351116737,13.531777175184207,4.0,204.0,0.0009627245103643311,20.201353061499624,12.0,1.3059754371643066,1.0,False,True,False
d38cf0f4a9af.png,preprocessed_green_images/d38cf0f4a9af_green_preprocessed.png,preprocessed_images/d38cf0f4a9af_preprocessed.png,fundus_masks/d38cf0f4a9af_fundus_mask.png,88.66129805409987,13.211950668284105,0.0,207.0,0.0008463959280366625,124.71418679992867,11.81945736764742,1.0,223.0,0.0006507175260692261,21.800997283472004,12.0,1.3517459630966187,1.0,True,True,False
d39752cb6e57.png,preprocessed_green_images/d39752cb6e57_green_preprocessed.png,preprocessed_images/d39752cb6e57_preprocessed.png,fundus_masks/d39752cb6e57_fundus_mask.png,83.04373341255464,14.196968542023308,0.0,228.0,0.0008541047508416297,125.74984014547633,12.468870399491134,1.0,242.0,0.0005790737373233332,19.30795784807936,12.0,1.452561855316162,1.0,True,True,False
d3dfd0a2dee6.png,preprocessed_green_images/d3dfd0a2dee6_green_preprocessed.png,preprocessed_images/d3dfd0a2dee6_preprocessed.png,fundus_masks/d3dfd0a2dee6_fundus_mask.png,86.0231941701195,24.37682674193151,0.0,255.0,2.507038340747165e-05,123.90508759388689,14.57967603216703,13.0,222.0,8.266450745166328e-05,20.675805716412988,12.0,1.4797430038452148,1.0,True,True,False
d3e56584a481.png,preprocessed_green_images/d3e56584a481_green_preprocessed.png,preprocessed_images/d3e56584a481_preprocessed.png,fundus_masks/d3e56584a481_fundus_mask.png,66.19096953432764,11.753074503017045,0.0,195.0,4.3006313326796374e-05,121.9817481206241,12.378096388906906,14.0,255.0,3.0104419328757463e-05,14.25047066958699,11.816546531450117,1.8891247510910034,1.0,True,True,False
d436c06f0490.png,preprocessed_green_images/d436c06f0490_green_preprocessed.png,preprocessed_images/d436c06f0490_preprocessed.png,fundus_masks/d436c06f0490_fundus_mask.png,71.91625495620423,15.207202754039614,0.0,214.0,0.0013402365970533376,123.0299369833295,11.504454649535715,1.0,255.0,0.0011939022718984672,20.13394829300594,12.0,1.6965490579605103,1.0,True,True,False
d4583e9525dc.png,preprocessed_green_images/d4583e9525dc_green_preprocessed.png,preprocessed_images/d4583e9525dc_preprocessed.png,fundus_masks/d4583e9525dc_fundus_mask.png,22.307637159845015,11.511846750886107,0.0,245.0,0.7715762548347982,75.70568410904568,17.296101032178044,7.0,255.0,0.010456304181908918,30.002530078043783,12.0,2.8,1.0,True,True,False
d4bc001f7224.png,preprocessed_green_images/d4bc001f7224_green_preprocessed.png,preprocessed_images/d4bc001f7224_preprocessed.png,fundus_masks/d4bc001f7224_fundus_mask.png,35.223049964818294,12.903976284457046,0.0,244.0,0.33254154670328734,104.52437531230136,18.986952845615605,14.0,255.0,0.001333165639542196,26.55833429418532,12.0,2.8,1.0,True,True,False
d516f77d4516.png,preprocessed_green_images/d516f77d4516_green_preprocessed.png,preprocessed_images/d516f77d4516_preprocessed.png,fundus_masks/d516f77d4516_fundus_mask.png,66.46356367167976,15.749723097655696,0.0,242.0,7.371873125329282e-05,124.74293669725205,11.55002065881149,3.0,255.0,2.2994833601944553e-05,21.75557808609824,12.0,1.9083093404769897,1.0,True,True,False
d51c2153d151.png,preprocessed_green_images/d51c2153d151_green_preprocessed.png,preprocessed_images/d51c2153d151_preprocessed.png,fundus_masks/d51c2153d151_fundus_mask.png,61.038817676854,13.73667788365536,0.0,201.0,0.0005594670852629568,123.1854297592101,15.309247693187736,2.0,232.0,0.0004424430581548885,12.404136937421905,11.53598209258174,1.9885921478271484,1.0,True,True,False
d51e5d7484ea.png,preprocessed_green_images/d51e5d7484ea_green_preprocessed.png,preprocessed_images/d51e5d7484ea_preprocessed.png,fundus_masks/d51e5d7484ea_fundus_mask.png,79.02135731021366,13.988590943262885,0.0,173.0,0.0007786761113541653,126.46250924025117,12.649108831255688,5.0,204.0,0.00027735259405908423,20.954408379316646,12.0,1.5395143032073975,1.0,True,True,False
d56d32a1d62d.png,preprocessed_green_images/d56d32a1d62d_green_preprocessed.png,preprocessed_images/d56d32a1d62d_preprocessed.png,fundus_masks/d56d32a1d62d_fundus_mask.png,90.26732192251687,15.566163423418798,0.0,255.0,2.5035591137671392e-05,122.62662122368556,9.496247017971527,1.0,225.0,3.0448691924194936e-05,20.14612327599112,12.0,1.3729314804077148,1.0,False,True,False
d57d1be1bbd1.png,preprocessed_green_images/d57d1be1bbd1_green_preprocessed.png,preprocessed_images/d57d1be1bbd1_preprocessed.png,fundus_masks/d57d1be1bbd1_fundus_mask.png,70.8455177496388,29.63386746088511,6.0,255.0,0.09420914052970615,124.41529406325336,15.537638532510494,1.0,238.0,0.000645102272819724,9.731225277801373,9.595110755597101,1.6767504215240479,1.0,True,True,False
d5ad3362424c.png,preprocessed_green_images/d5ad3362424c_green_preprocessed.png,preprocessed_images/d5ad3362424c_preprocessed.png,fundus_masks/d5ad3362424c_fundus_mask.png,66.62933741026066,21.435744793678555,13.0,255.0,0.0003227616131774326,124.04684269509889,14.09533160829953,1.0,255.0,0.0008585809262338625,10.126994239035495,10.12818992581325,1.7505868673324585,1.0,True,True,False
d5c63a8d9e94.png,preprocessed_green_images/d5c63a8d9e94_green_preprocessed.png,preprocessed_images/d5c63a8d9e94_preprocessed.png,fundus_masks/d5c63a8d9e94_fundus_mask.png,83.30589718162355,13.157729039957536,0.0,148.0,0.001182819117878757,126.61652911519106,12.509598937512093,1.0,177.0,0.0008491737643537012,20.13328264247108,12.0,1.469412088394165,1.0,True,True,False
d6130f2ec903.png,preprocessed_green_images/d6130f2ec903_green_preprocessed.png,preprocessed_images/d6130f2ec903_preprocessed.png,fundus_masks/d6130f2ec903_fundus_mask.png,36.45782997534989,16.10875105445287,0.0,236.0,0.28135249658769124,99.94887139161081,24.68744137093716,1.0,255.0,0.008069855562572574,9.799565879124414,12.0,2.8,1.0,True,True,False
d667af5742f6.png,preprocessed_green_images/d667af5742f6_green_preprocessed.png,preprocessed_images/d667af5742f6_preprocessed.png,fundus_masks/d667af5742f6_fundus_mask.png,95.09010066278258,14.577385940026263,0.0,248.0,0.0009036364415723737,124.0025023778382,11.499275549116161,1.0,237.0,0.000732177219325308,18.08446890234347,11.233787560937389,1.271867036819458,1.0,False,True,False
d6803e467592.png,preprocessed_green_images/d6803e467592_green_preprocessed.png,preprocessed_images/d6803e467592_preprocessed.png,fundus_masks/d6803e467592_fundus_mask.png,85.64244177935679,13.937991006037395,0.0,207.0,0.0006556797678614609,124.97515973475195,9.798765907993756,3.0,231.0,0.00040108070906419153,20.520726380526927,12.0,1.4324707984924316,1.0,True,True,False
d69698f838db.png,preprocessed_green_images/d69698f838db_green_preprocessed.png,preprocessed_images/d69698f838db_preprocessed.png,fundus_masks/d69698f838db_fundus_mask.png,81.73520989600844,14.63647395940924,0.0,233.0,0.0011106344992290482,124.93109660665222,14.65517763180419,1.0,244.0,0.0009935425530681568,20.575529902794816,12.0,1.4817315340042114,1.0,True,True,False
d6b109c82067.png,preprocessed_green_images/d6b109c82067_green_preprocessed.png,preprocessed_images/d6b109c82067_preprocessed.png,fundus_masks/d6b109c82067_fundus_mask.png,82.56876403114,12.178608080994753,0.0,163.0,0.0010883007094237105,126.1151779122475,12.812742158319185,1.0,206.0,0.000729010805354115,20.636857098612523,12.0,1.4641917943954468,1.0,True,True,False
d6dbb0820ea5.png,preprocessed_green_images/d6dbb0820ea5_green_preprocessed.png,preprocessed_images/d6dbb0820ea5_preprocessed.png,fundus_masks/d6dbb0820ea5_fundus_mask.png,80.27070720171947,14.402039872908714,0.0,218.0,0.0012263814451614098,125.42690812909083,13.654550182623357,1.0,239.0,0.0010654116426331416,21.46272168596112,12.0,1.5272135734558105,1.0,True,True,False
d6df4fe492ec.png,preprocessed_green_images/d6df4fe492ec_green_preprocessed.png,preprocessed_images/d6df4fe492ec_preprocessed.png,fundus_masks/d6df4fe492ec_fundus_mask.png,71.21576459383493,14.918958160085067,0.0,189.0,0.0005551813050245069,125.48879068038747,14.873819473312997,1.0,232.0,0.0005575042393551534,21.61531040329043,12.0,1.7216590642929077,1.0,True,True,False
d6f36ec5564a.png,preprocessed_green_images/d6f36ec5564a_green_preprocessed.png,preprocessed_images/d6f36ec5564a_preprocessed.png,fundus_masks/d6f36ec5564a_fundus_mask.png,92.52647817968683,39.016724599856616,0.0,255.0,2.5013216442742045e-05,124.06170828099712,10.605953692560334,2.0,246.0,1.892892055126425e-05,21.255142288948907,12.0,1.464120864868164,1.0,False,True,False
d6f6bdfd8011.png,preprocessed_green_images/d6f6bdfd8011_green_preprocessed.png,preprocessed_images/d6f6bdfd8011_preprocessed.png,fundus_masks/d6f6bdfd8011_fundus_mask.png,91.57198314326489,10.522860774733768,0.0,178.0,0.0009189953089571949,123.78029877764365,9.3857046738738,4.0,195.0,0.0007002420175303564,20.209685074324664,12.0,1.3333996534347534,1.0,False,True,False
d7078e8b0349.png,preprocessed_green_images/d7078e8b0349_green_preprocessed.png,preprocessed_images/d7078e8b0349_preprocessed.png,fundus_masks/d7078e8b0349_fundus_mask.png,87.75057722494749,13.957187836549707,0.0,255.0,2.3691437305349458e-05,124.90232697297213,14.580425167302536,2.0,255.0,2.098384447045238e-05,19.986315192662733,12.0,1.3871179819107056,1.0,True,True,False
d74ccc796517.png,preprocessed_green_images/d74ccc796517_green_preprocessed.png,preprocessed_images/d74ccc796517_preprocessed.png,fundus_masks/d74ccc796517_fundus_mask.png,92.34686794045747,11.689148319187145,0.0,212.0,0.0012060655821353856,123.9991557540925,10.710785343270276,1.0,223.0,0.0010564670628128233,21.993579851554877,12.0,1.305410623550415,1.0,False,True,False
d774692d9919.png,preprocessed_green_images/d774692d9919_green_preprocessed.png,preprocessed_images/d774692d9919_preprocessed.png,fundus_masks/d774692d9919_fundus_mask.png,73.66022893654089,15.52558824372888,0.0,170.0,0.0011815182741493069,126.37438839054045,16.034554843787152,1.0,215.0,0.0011571928979168212,22.373739937760007,12.0,1.6710195541381836,1.0,True,True,False
d78b7401096f.png,preprocessed_green_images/d78b7401096f_green_preprocessed.png,preprocessed_images/d78b7401096f_preprocessed.png,fundus_masks/d78b7401096f_fundus_mask.png,58.51656268991396,20.784458145201725,12.0,255.0,0.0026990254481421426,125.73630229786578,17.751969547016383,1.0,255.0,0.0010269056290388918,9.764625911203444,10.704378125377914,2.1968905925750732,1.0,True,True,False
d7a01fca9838.png,preprocessed_green_images/d7a01fca9838_green_preprocessed.png,preprocessed_images/d7a01fca9838_preprocessed.png,fundus_masks/d7a01fca9838_fundus_mask.png,68.61262292612597,17.9200330112636,0.0,255.0,4.734135267155861e-05,122.59890254136988,18.128209296133665,16.0,255.0,0.00025392180069290526,12.087277247568014,10.736011083371565,1.8697782754898071,1.0,True,True,False
d7ab5c040294.png,preprocessed_green_images/d7ab5c040294_green_preprocessed.png,preprocessed_images/d7ab5c040294_preprocessed.png,fundus_masks/d7ab5c040294_fundus_mask.png,96.62021908373018,19.703505454855108,0.0,235.0,3.4352603712657643e-05,122.76783651595893,15.692880222419465,2.0,255.0,6.441113196123308e-05,15.651446360977426,10.26057854439097,1.300113558769226,1.0,False,True,False
d7ac4a0c9760.png,preprocessed_green_images/d7ac4a0c9760_green_preprocessed.png,preprocessed_images/d7ac4a0c9760_preprocessed.png,fundus_masks/d7ac4a0c9760_fundus_mask.png,90.83785258378028,14.083665648895684,0.0,255.0,0.0007946528895942174,125.07303045397153,12.416268464556092,1.0,246.0,0.0006405875334483997,20.374992192318764,12.0,1.345285415649414,1.0,False,True,False
d7bc00091cfc.png,preprocessed_green_images/d7bc00091cfc_green_preprocessed.png,preprocessed_images/d7bc00091cfc_preprocessed.png,fundus_masks/d7bc00091cfc_fundus_mask.png,84.63148778711594,24.209614914248174,0.0,253.0,0.0011519950354224,125.57391582215975,16.55808101644405,1.0,235.0,0.000800028713042089,20.90655819312719,12.0,1.4847451448440552,1.0,True,True,False
d7bc62d60e8c.png,preprocessed_green_images/d7bc62d60e8c_green_preprocessed.png,preprocessed_images/d7bc62d60e8c_preprocessed.png,fundus_masks/d7bc62d60e8c_fundus_mask.png,72.74131488883856,27.586727489114207,5.0,255.0,0.09334786120496508,125.49777089541143,16.959375971028845,8.0,255.0,0.00043710657678654413,9.828279876547958,9.465417293833534,1.6080290079116821,1.0,True,True,False
d7e5fe5245e0.png,preprocessed_green_images/d7e5fe5245e0_green_preprocessed.png,preprocessed_images/d7e5fe5245e0_preprocessed.png,fundus_masks/d7e5fe5245e0_fundus_mask.png,67.50364359216779,7.895192047918799,0.0,160.0,2.362881551341238e-05,122.81163165903965,7.657699336162576,4.0,167.0,1.4695970624195503e-05,9.632482982910112,9.852669318304685,1.811381220817566,1.0,True,True,False
d807c53c1399.png,preprocessed_green_images/d807c53c1399_green_preprocessed.png,preprocessed_images/d807c53c1399_preprocessed.png,fundus_masks/d807c53c1399_fundus_mask.png,86.05076447914091,19.098209298416748,0.0,255.0,0.000987735138416397,129.0406224936656,17.018573375036826,5.0,251.0,0.00044686019775594935,21.657993685806083,12.0,1.4495755434036255,1.0,True,True,False
d838d5b9f571.png,preprocessed_green_images/d838d5b9f571_green_preprocessed.png,preprocessed_images/d838d5b9f571_preprocessed.png,fundus_masks/d838d5b9f571_fundus_mask.png,100.81263274925591,14.385729960463811,0.0,253.0,0.001155801591253894,122.63487787647516,9.484010596305241,1.0,224.0,0.0009137549654301829,22.687082515515822,12.0,1.197826862335205,1.0,False,True,False
d844a7252f4e.png,preprocessed_green_images/d844a7252f4e_green_preprocessed.png,preprocessed_images/d844a7252f4e_preprocessed.png,fundus_masks/d844a7252f4e_fundus_mask.png,122.10781149204304,13.457171339585223,0.0,240.0,0.0006603632291429081,123.05394108416645,8.920788196632618,1.0,173.0,0.00041270254581477915,6.6341812559718845,6.653672502388754,0.9868115186691284,1.0,False,True,False
d865997a6280.png,preprocessed_green_images/d865997a6280_green_preprocessed.png,preprocessed_images/d865997a6280_preprocessed.png,fundus_masks/d865997a6280_fundus_mask.png,84.91978244294211,31.49792178206375,0.0,255.0,1.8299191785696132e-05,121.99759602839764,12.385559018300704,8.0,215.0,1.4232704722208102e-05,21.097653737100543,12.0,1.5757949352264404,1.0,True,True,False
d866c26d76f0.png,preprocessed_green_images/d866c26d76f0_green_preprocessed.png,preprocessed_images/d866c26d76f0_preprocessed.png,fundus_masks/d866c26d76f0_fundus_mask.png,118.60500413441999,35.17909317827371,0.0,255.0,1.4862294089670975e-05,121.42530075878767,8.620079949104454,1.0,189.0,3.242682346837304e-05,19.614163696620068,11.845665478648026,1.1083756685256958,1.0,False,True,False
d871895742b1.png,preprocessed_green_images/d871895742b1_green_preprocessed.png,preprocessed_images/d871895742b1_preprocessed.png,fundus_masks/d871895742b1_fundus_mask.png,60.96027560493499,21.161696463878204,11.0,215.0,0.04294503133298837,124.76906361342897,13.82056065635232,22.0,252.0,5.917467113676516e-06,9.496260658461768,10.379813098501597,2.0507895946502686,1.0,True,True,False
d881c04f01fe.png,preprocessed_green_images/d881c04f01fe_green_preprocessed.png,preprocessed_images/d881c04f01fe_preprocessed.png,fundus_masks/d881c04f01fe_fundus_mask.png,60.30617968716416,18.48847899258787,0.0,244.0,0.008383805406485598,126.83965739792984,20.26998378754045,4.0,255.0,0.0008400071104336319,24.2631535695379,12.0,2.1070468425750732,1.0,True,True,False
d88c4843aec3.png,preprocessed_green_images/d88c4843aec3_green_preprocessed.png,preprocessed_images/d88c4843aec3_preprocessed.png,fundus_masks/d88c4843aec3_fundus_mask.png,82.84187561213362,16.492254297647232,0.0,249.0,0.0011079184331231724,126.46779743037017,16.39935644174409,6.0,255.0,0.0006899889092386736,21.165112201703845,12.0,1.469796061515808,1.0,True,True,False
d8da9de62743.png,preprocessed_green_images/d8da9de62743_green_preprocessed.png,preprocessed_images/d8da9de62743_preprocessed.png,fundus_masks/d8da9de62743_fundus_mask.png,88.01693373443715,13.483867819370246,0.0,255.0,0.0017196784989199864,124.0298695640082,12.41594466752667,1.0,255.0,0.001644355653616887,23.472841167375062,12.0,1.389792561531067,1.0,True,True,False
d911dd40c63b.png,preprocessed_green_images/d911dd40c63b_green_preprocessed.png,preprocessed_images/d911dd40c63b_preprocessed.png,fundus_masks/d911dd40c63b_fundus_mask.png,80.68782971535859,19.099823550474483,0.0,255.0,0.0004583297950428259,124.16750790735223,15.080570689399645,4.0,255.0,0.0005944328052458986,20.213604214972484,12.0,1.5380353927612305,1.0,True,True,False
d91635f380b4.png,preprocessed_green_images/d91635f380b4_green_preprocessed.png,preprocessed_images/d91635f380b4_preprocessed.png,fundus_masks/d91635f380b4_fundus_mask.png,32.41123763782374,6.537282875563844,0.0,249.0,0.3178171627845662,95.0841987026595,7.389680542535852,1.0,255.0,3.397602379952515e-05,27.71842727338108,12.0,2.8,1.0,True,True,False
d93b61dc8f64.png,preprocessed_green_images/d93b61dc8f64_green_preprocessed.png,preprocessed_images/d93b61dc8f64_preprocessed.png,fundus_masks/d93b61dc8f64_fundus_mask.png,63.613628531839005,33.93691970834876,12.0,255.0,0.12489578126052195,124.44752124461029,22.573887385562827,1.0,255.0,0.002971097766335499,9.97638101867419,10.336007649083987,2.116917848587036,1.0,True,True,False
d97911a32918.png,preprocessed_green_images/d97911a32918_green_preprocessed.png,preprocessed_images/d97911a32918_preprocessed.png,fundus_masks/d97911a32918_fundus_mask.png,99.68821664187067,8.19336887189637,0.0,181.0,0.0009375083086818356,122.22763302849863,6.850558775182907,1.0,193.0,0.0008334691622189931,21.10046834541128,12.0,1.195615291595459,1.0,False,True,False
d99b0f7dd9b9.png,preprocessed_green_images/d99b0f7dd9b9_green_preprocessed.png,preprocessed_images/d99b0f7dd9b9_preprocessed.png,fundus_masks/d99b0f7dd9b9_fundus_mask.png,87.81222658921016,13.374188982806082,0.0,176.0,0.0012958268590198226,126.19291506664831,12.564178246142534,2.0,194.0,0.0010054228040073446,20.94809110853836,12.0,1.3975242376327515,1.0,True,True,False
d99dd99be001.png,preprocessed_green_images/d99dd99be001_green_preprocessed.png,preprocessed_images/d99dd99be001_preprocessed.png,fundus_masks/d99dd99be001_fundus_mask.png,84.03360408096864,18.094151636936072,0.0,254.0,0.0005496293197610913,126.43179251202677,15.606848772189881,1.0,244.0,0.0004706128425015687,22.028832633792785,12.0,1.477405309677124,1.0,True,True,False
d9ad2a0ec026.png,preprocessed_green_images/d9ad2a0ec026_green_preprocessed.png,preprocessed_images/d9ad2a0ec026_preprocessed.png,fundus_masks/d9ad2a0ec026_fundus_mask.png,90.86291773577366,7.860683446776626,0.0,171.0,0.0006400122659338081,122.41563047015929,6.401552279528655,2.0,197.0,0.0005470885249633823,16.446046965824767,10.578418786329907,1.3320857286453247,1.0,False,True,False
d9c9b9786da3.png,preprocessed_green_images/d9c9b9786da3_green_preprocessed.png,preprocessed_images/d9c9b9786da3_preprocessed.png,fundus_masks/d9c9b9786da3_fundus_mask.png,81.69189957256283,15.915229835886647,0.0,209.0,0.0004651351617823608,126.34480434744785,12.988877463783243,3.0,235.0,0.00023662736409875714,22.481955172547224,12.0,1.5117453336715698,1.0,True,True,False
d9d2631f043c.png,preprocessed_green_images/d9d2631f043c_green_preprocessed.png,preprocessed_images/d9d2631f043c_preprocessed.png,fundus_masks/d9d2631f043c_fundus_mask.png,62.50385697692257,19.10806288623923,15.0,254.0,0.00035942054395231103,125.69236275175875,16.35475991230843,16.0,255.0,0.00033049157334151525,9.676434978382225,10.314675593404218,2.037428617477417,1.0,True,True,False
d9e58e4d8689.png,preprocessed_green_images/d9e58e4d8689_green_preprocessed.png,preprocessed_images/d9e58e4d8689_preprocessed.png,fundus_masks/d9e58e4d8689_fundus_mask.png,78.11878322977573,12.743173264420966,1.0,183.0,1.700027546209054e-05,122.47847102403897,10.906660924153496,1.0,208.0,2.1322379393130505e-05,12.688812109477169,10.131633001144136,1.5518863201141357,1.0,True,True,False
da0a83f074f3.png,preprocessed_green_images/da0a83f074f3_green_preprocessed.png,preprocessed_images/da0a83f074f3_preprocessed.png,fundus_masks/da0a83f074f3_fundus_mask.png,76.43238934935141,25.96965128362561,0.0,229.0,0.006488010071454045,123.17386577982873,19.883415202181542,3.0,255.0,6.874712658494352e-05,14.271026690995773,10.914420512011517,1.655652403831482,1.0,True,True,False
da2bdf4236ac.png,preprocessed_green_images/da2bdf4236ac_green_preprocessed.png,preprocessed_images/da2bdf4236ac_preprocessed.png,fundus_masks/da2bdf4236ac_fundus_mask.png,93.16744743248988,35.83283711161655,0.0,230.0,3.864468785826846e-05,121.00888827820741,18.42366592803462,3.0,236.0,6.870166730358837e-05,13.340798146898292,9.336319258759318,1.3753912448883057,1.0,False,True,False
da3a2275c850.png,preprocessed_green_images/da3a2275c850_green_preprocessed.png,preprocessed_images/da3a2275c850_preprocessed.png,fundus_masks/da3a2275c850_fundus_mask.png,93.88919369924501,14.030144499344779,0.0,213.0,0.0012393558134839128,124.67941416068457,13.294844913385488,1.0,216.0,0.0011836544286082313,23.19000135044598,12.0,1.292490839958191,1.0,False,True,False
da6389d129aa.png,preprocessed_green_images/da6389d129aa_green_preprocessed.png,preprocessed_images/da6389d129aa_preprocessed.png,fundus_masks/da6389d129aa_fundus_mask.png,59.19754209958729,13.374672262017194,0.0,177.0,5.477119046912101e-05,122.02460350702815,9.656980024705396,1.0,212.0,0.00012309104384376144,13.08718807421354,11.97287148749988,2.079768419265747,1.0,True,True,False
da6bbb76d562.png,preprocessed_green_images/da6bbb76d562_green_preprocessed.png,preprocessed_images/da6bbb76d562_preprocessed.png,fundus_masks/da6bbb76d562_fundus_mask.png,66.45825182144833,17.004610217850498,10.0,255.0,0.0013080603771402483,125.56859397639401,14.691912523285037,1.0,255.0,0.00047428415952246485,9.845914994120628,10.030965835741734,1.8453991413116455,1.0,True,True,False
da9262d9f5d9.png,preprocessed_green_images/da9262d9f5d9_green_preprocessed.png,preprocessed_images/da9262d9f5d9_preprocessed.png,fundus_masks/da9262d9f5d9_fundus_mask.png,86.958137356944,11.216654033798577,0.0,191.0,0.0011126899976123528,124.21587808626593,11.47301414514827,1.0,212.0,0.0009596951229406542,19.967358493890973,12.0,1.4029167890548706,1.0,True,True,False
da949aa67a4f.png,preprocessed_green_images/da949aa67a4f_green_preprocessed.png,preprocessed_images/da949aa67a4f_preprocessed.png,fundus_masks/da949aa67a4f_fundus_mask.png,105.74461888383446,12.955664271065828,0.0,255.0,2.435506436502288e-05,124.495752070857,11.06505638627388,1.0,235.0,2.435506436502288e-05,19.27036760175814,11.708147040703256,1.1532090902328491,1.0,False,True,False
da9574d35b82.png,preprocessed_green_images/da9574d35b82_green_preprocessed.png,preprocessed_images/da9574d35b82_preprocessed.png,fundus_masks/da9574d35b82_fundus_mask.png,68.739117589401,29.663043458575018,5.0,255.0,0.09442256118999753,125.11877216820413,16.57052918323474,3.0,253.0,0.0007654950240839259,9.617311402408726,9.736780775238957,1.7606160640716553,1.0,True,True,False
da9fe02dead3.png,preprocessed_green_images/da9fe02dead3_green_preprocessed.png,preprocessed_images/da9fe02dead3_preprocessed.png,fundus_masks/da9fe02dead3_fundus_mask.png,38.658847437538135,14.148405757642513,0.0,190.0,0.21650180878974992,110.492627767285,23.05104224161148,1.0,255.0,0.00573143117791235,20.678294953876325,12.0,2.8,1.0,True,True,False
daad7b617f21.png,preprocessed_green_images/daad7b617f21_green_preprocessed.png,preprocessed_images/daad7b617f21_preprocessed.png,fundus_masks/daad7b617f21_fundus_mask.png,47.302551856867915,16.94531767874279,0.0,255.0,0.03926560288382229,121.15960306711608,21.67674094377005,1.0,255.0,0.0024642831685386395,8.93442747149011,11.369099712430007,2.7136130332946777,1.0,True,True,False
daff5427c9b2.png,preprocessed_green_images/daff5427c9b2_green_preprocessed.png,preprocessed_images/daff5427c9b2_preprocessed.png,fundus_masks/daff5427c9b2_fundus_mask.png,108.89388205709251,26.81683919057788,0.0,246.0,1.418833597168819e-05,122.19739894019887,8.281557675686127,1.0,196.0,2.9052306989647244e-05,19.20038204142483,11.680152816569933,1.1579558849334717,1.0,False,True,False
db3cd58aa315.png,preprocessed_green_images/db3cd58aa315_green_preprocessed.png,preprocessed_images/db3cd58aa315_preprocessed.png,fundus_masks/db3cd58aa315_fundus_mask.png,85.21852086527089,21.473932792226282,0.0,255.0,2.8401464163100142e-05,124.00956115004291,14.949713705669115,7.0,229.0,2.299166146536678e-05,19.89711470409067,12.0,1.4653102159500122,1.0,True,True,False
db52626d450c.png,preprocessed_green_images/db52626d450c_green_preprocessed.png,preprocessed_images/db52626d450c_preprocessed.png,fundus_masks/db52626d450c_fundus_mask.png,85.89106642852761,15.031524899469467,0.0,238.0,0.001412166158711271,124.02606835578716,12.207330088105087,2.0,238.0,0.0010776448309509782,20.545581867701472,12.0,1.409314751625061,1.0,True,True,False
db6207e62c7b.png,preprocessed_green_images/db6207e62c7b_green_preprocessed.png,preprocessed_images/db6207e62c7b_preprocessed.png,fundus_masks/db6207e62c7b_fundus_mask.png,93.94429400099123,20.066775407351415,0.0,242.0,2.5017563005380128e-05,122.93617749217186,12.26922995776279,1.0,216.0,3.6512118980825055e-05,20.448819209537746,12.0,1.316968560218811,1.0,False,True,False
dc0eea0b68a7.png,preprocessed_green_images/dc0eea0b68a7_green_preprocessed.png,preprocessed_images/dc0eea0b68a7_preprocessed.png,fundus_masks/dc0eea0b68a7_fundus_mask.png,78.14104973630702,36.27422094016825,0.0,247.0,0.08795101288023408,122.8371992093212,21.45863936003289,1.0,255.0,0.006151707648296907,20.536997507789383,12.0,1.4880210161209106,1.0,True,True,False
dc0f6e5b489b.png,preprocessed_green_images/dc0f6e5b489b_green_preprocessed.png,preprocessed_images/dc0f6e5b489b_preprocessed.png,fundus_masks/dc0f6e5b489b_fundus_mask.png,71.32743892044302,16.812713944990715,0.0,246.0,3.179465254533106e-05,123.60876950635758,11.831859525573163,1.0,239.0,2.435335088578549e-05,21.017148974385353,12.0,1.7078598737716675,1.0,True,True,False
dcc6c0ad5cad.png,preprocessed_green_images/dcc6c0ad5cad_green_preprocessed.png,preprocessed_images/dcc6c0ad5cad_preprocessed.png,fundus_masks/dcc6c0ad5cad_fundus_mask.png,39.64032683374868,10.314195397086936,12.0,139.0,0.15783489101700998,118.1174606518898,11.320851496807212,26.0,228.0,5.640362168313236e-05,5.523483005189645,8.476415392555673,2.8,1.0,True,False,False
dccdf750c962.png,preprocessed_green_images/dccdf750c962_green_preprocessed.png,preprocessed_images/dccdf750c962_preprocessed.png,fundus_masks/dccdf750c962_fundus_mask.png,84.76831311698463,14.308085558825262,0.0,236.0,0.0009483831745939844,124.82308774570825,12.916001895802875,1.0,241.0,0.0007422632660741684,20.25162488749822,12.0,1.4464187622070312,1.0,True,True,False
dce73d90c00c.png,preprocessed_green_images/dce73d90c00c_green_preprocessed.png,preprocessed_images/dce73d90c00c_preprocessed.png,fundus_masks/dce73d90c00c_fundus_mask.png,85.91145326150566,16.102020214495784,0.0,249.0,0.001265234276514985,124.80421713918271,12.978581405378595,1.0,235.0,0.0008639213935618773,21.24853169749551,12.0,1.4431796073913574,1.0,True,True,False
dcf109df1a2b.png,preprocessed_green_images/dcf109df1a2b_green_preprocessed.png,preprocessed_images/dcf109df1a2b_preprocessed.png,fundus_masks/dcf109df1a2b_fundus_mask.png,92.42486111186243,15.84802618503364,0.0,255.0,2.5018797907617074e-05,126.25314290196418,14.195315811576265,1.0,241.0,3.38091863616447e-05,20.058876174256852,12.0,1.3244513273239136,1.0,False,True,False
dd02d60bef14.png,preprocessed_green_images/dd02d60bef14_green_preprocessed.png,preprocessed_images/dd02d60bef14_preprocessed.png,fundus_masks/dd02d60bef14_fundus_mask.png,96.23077677805964,27.69880050783396,0.0,255.0,1.8269647822088817e-05,124.04296750506306,14.954527132333073,1.0,226.0,7.307859128835527e-05,20.268111081690147,12.0,1.3177462816238403,1.0,False,True,False
dd285d9e97fe.png,preprocessed_green_images/dd285d9e97fe_green_preprocessed.png,preprocessed_images/dd285d9e97fe_preprocessed.png,fundus_masks/dd285d9e97fe_fundus_mask.png,94.61930578880984,22.619935552879763,0.0,255.0,0.0008188096250200347,125.72910757880898,18.381302669444594,1.0,230.0,0.0008943027110147897,23.991527093968184,12.0,1.3291696310043335,1.0,False,True,False
dd3176bacfe2.png,preprocessed_green_images/dd3176bacfe2_green_preprocessed.png,preprocessed_images/dd3176bacfe2_preprocessed.png,fundus_masks/dd3176bacfe2_fundus_mask.png,40.9195428344468,23.104216880202717,0.0,250.0,0.39583418201075443,103.39220354000327,29.36338628053633,1.0,255.0,0.012590129542121558,6.962071629179203,11.14753595527641,2.8,1.0,True,True,False
dd90c321d7bc.png,preprocessed_green_images/dd90c321d7bc_green_preprocessed.png,preprocessed_images/dd90c321d7bc_preprocessed.png,fundus_masks/dd90c321d7bc_fundus_mask.png,80.43292180011895,12.0601306664375,0.0,250.0,0.00020501106586132728,124.8215990998458,13.873895106263777,1.0,230.0,3.5860021421288265e-05,20.821229308638305,12.0,1.483137845993042,1.0,True,True,False
ddb222ff7c1d.png,preprocessed_green_images/ddb222ff7c1d_green_preprocessed.png,preprocessed_images/ddb222ff7c1d_preprocessed.png,fundus_masks/ddb222ff7c1d_fundus_mask.png,86.46920515542652,20.94857006802583,0.0,245.0,2.3697195876958744e-05,124.80030034503118,12.656673297165424,18.0,235.0,8.12475287210014e-06,20.519748946102794,12.0,1.4653470516204834,1.0,True,True,False
de18071c36e6.png,preprocessed_green_images/de18071c36e6_green_preprocessed.png,preprocessed_images/de18071c36e6_preprocessed.png,fundus_masks/de18071c36e6_fundus_mask.png,75.32333555474342,17.98490614037071,0.0,255.0,6.0193047702990305e-05,125.07343981770106,15.707194669206594,21.0,255.0,1.2898510222069351e-05,14.231699640146019,10.997272251192324,1.6286519765853882,1.0,True,True,False
de2eb5c8aa83.png,preprocessed_green_images/de2eb5c8aa83_green_preprocessed.png,preprocessed_images/de2eb5c8aa83_preprocessed.png,fundus_masks/de2eb5c8aa83_fundus_mask.png,29.930181059424108,12.767662541511454,0.0,230.0,0.5175190057306239,97.17566409538979,22.308959955474037,1.0,255.0,0.01121232689448606,29.665648207922878,12.0,2.8,1.0,True,True,False
de38adaae009.png,preprocessed_green_images/de38adaae009_green_preprocessed.png,preprocessed_images/de38adaae009_preprocessed.png,fundus_masks/de38adaae009_fundus_mask.png,55.50342526268223,19.385675992944147,5.0,212.0,0.1043875208618987,124.79191866728453,15.182467182902569,28.0,238.0,5.956287993672039e-06,9.164569280274257,10.732189910982393,1.9567312002182007,1.0,True,True,False
de4cdabbce6d.png,preprocessed_green_images/de4cdabbce6d_green_preprocessed.png,preprocessed_images/de4cdabbce6d_preprocessed.png,fundus_masks/de4cdabbce6d_fundus_mask.png,97.68449795443789,18.46343635693545,0.0,255.0,2.9034220542588813e-05,123.92125581781634,13.140173810533186,8.0,242.0,0.00034908586094228877,19.5810111163108,11.83240444652432,1.2780678272247314,1.0,False,True,False
de55ed25e0e8.png,preprocessed_green_images/de55ed25e0e8_green_preprocessed.png,preprocessed_images/de55ed25e0e8_preprocessed.png,fundus_masks/de55ed25e0e8_fundus_mask.png,80.58645635894005,19.382266161180493,0.0,253.0,0.0006945218716319174,126.44082859478947,15.505014872066987,4.0,247.0,0.0003054502545805924,21.307987566215726,12.0,1.5483245849609375,1.0,True,True,False
de57c9e9fa93.png,preprocessed_green_images/de57c9e9fa93_green_preprocessed.png,preprocessed_images/de57c9e9fa93_preprocessed.png,fundus_masks/de57c9e9fa93_fundus_mask.png,83.32029581669471,34.135068676436994,2.0,190.0,0.024719623358628765,124.5041543910755,15.501609080178385,12.0,217.0,0.0004627624825957395,18.290821415933998,11.91008004933407,1.5916337966918945,1.0,True,True,False
de6210f88536.png,preprocessed_green_images/de6210f88536_green_preprocessed.png,preprocessed_images/de6210f88536_preprocessed.png,fundus_masks/de6210f88536_fundus_mask.png,88.6372154309582,14.253105502008218,0.0,212.0,0.0007446612313356229,125.30781882693817,12.022999938719463,1.0,225.0,0.0005822740469322161,19.35370601123279,11.862618810630167,1.368203043937683,1.0,True,True,False
de730033c683.png,preprocessed_green_images/de730033c683_green_preprocessed.png,preprocessed_images/de730033c683_preprocessed.png,fundus_masks/de730033c683_fundus_mask.png,51.73272978682268,21.149751188849603,5.0,190.0,0.11175105373837434,123.37662914086329,14.331658252923669,12.0,238.0,0.00033506835751793745,9.04116317672858,11.018000400751639,2.3744301795959473,1.0,True,True,False
dea7538bb91a.png,preprocessed_green_images/dea7538bb91a_green_preprocessed.png,preprocessed_images/dea7538bb91a_preprocessed.png,fundus_masks/dea7538bb91a_fundus_mask.png,46.18900149433451,16.609406085058087,0.0,227.0,0.04474857249049812,119.82303464463097,23.327452205117893,1.0,255.0,0.0031439576189421538,10.025664135220403,11.904576632369537,2.8,1.0,True,True,False
dec5595e6154.png,preprocessed_green_images/dec5595e6154_green_preprocessed.png,preprocessed_images/dec5595e6154_preprocessed.png,fundus_masks/dec5595e6154_fundus_mask.png,84.23837252532763,13.398235196335692,0.0,190.0,0.0004670508411562413,126.07442141462961,12.699759586559104,2.0,216.0,0.0003497072218607677,20.111024070736015,12.0,1.4426991939544678,1.0,True,True,False
dee1031a76ae.png,preprocessed_green_images/dee1031a76ae_green_preprocessed.png,preprocessed_images/dee1031a76ae_preprocessed.png,fundus_masks/dee1031a76ae_fundus_mask.png,57.845721446382136,33.584095682966804,0.0,216.0,0.11352678537317158,123.2798245636377,26.127977091735268,1.0,255.0,0.004895306160393866,9.366504913405839,10.604760059017256,2.5575859546661377,1.0,True,True,False
dee31065f8fe.png,preprocessed_green_images/dee31065f8fe_green_preprocessed.png,preprocessed_images/dee31065f8fe_preprocessed.png,fundus_masks/dee31065f8fe_fundus_mask.png,73.25894908127479,16.37979803620533,0.0,155.0,0.0016318469772584508,126.87962926476486,15.829826158461925,4.0,209.0,0.00046822882017927135,22.399009015887522,12.0,1.6516077518463135,1.0,True,True,False
df0886f1e76b.png,preprocessed_green_images/df0886f1e76b_green_preprocessed.png,preprocessed_images/df0886f1e76b_preprocessed.png,fundus_masks/df0886f1e76b_fundus_mask.png,97.65727088314281,21.566671371118073,0.0,255.0,1.96027138267404e-05,124.11485635604477,13.14253205070678,7.0,223.0,1.825080252834451e-05,19.49543444847666,11.798173779390664,1.2586523294448853,1.0,False,True,False
df6d13d04da1.png,preprocessed_green_images/df6d13d04da1_green_preprocessed.png,preprocessed_images/df6d13d04da1_preprocessed.png,fundus_masks/df6d13d04da1_fundus_mask.png,91.13425884034366,15.795852847024051,0.0,253.0,0.0008596148090402244,125.82729166811676,14.475054601229596,1.0,250.0,0.0007563682260380922,20.602788169502904,12.0,1.3519208431243896,1.0,False,True,False
df9cb3729eb1.png,preprocessed_green_images/df9cb3729eb1_green_preprocessed.png,preprocessed_images/df9cb3729eb1_preprocessed.png,fundus_masks/df9cb3729eb1_fundus_mask.png,71.63722156699951,14.822992846074197,0.0,255.0,3.247919808859919e-05,125.23118422539481,14.822073185391446,1.0,254.0,0.0003423848798506498,20.75531635163142,12.0,1.7104169130325317,1.0,True,True,False
dfc7ec7db0e0.png,preprocessed_green_images/dfc7ec7db0e0_green_preprocessed.png,preprocessed_images/dfc7ec7db0e0_preprocessed.png,fundus_masks/dfc7ec7db0e0_fundus_mask.png,78.05519246340124,19.445411161379095,0.0,253.0,0.0009132239481056129,127.56542173496263,17.997689613047267,5.0,253.0,0.00025826205920948545,21.092197024764673,12.0,1.5797710418701172,1.0,True,True,False
dfea19863428.png,preprocessed_green_images/dfea19863428_green_preprocessed.png,preprocessed_images/dfea19863428_preprocessed.png,fundus_masks/dfea19863428_fundus_mask.png,36.929067342870454,16.708642831430968,0.0,199.0,0.29600209786114906,97.60284484229125,24.72814969402382,1.0,255.0,0.008368531064384479,8.228831265508742,12.0,2.8,1.0,True,True,False
e01b7bac822b.png,preprocessed_green_images/e01b7bac822b_green_preprocessed.png,preprocessed_images/e01b7bac822b_preprocessed.png,fundus_masks/e01b7bac822b_fundus_mask.png,43.99465844554712,15.598335718014798,0.0,180.0,0.0940837743880148,122.68146149959368,21.28184758342134,3.0,255.0,0.002292397715286299,21.86017018257489,12.0,2.8,1.0,True,True,False
e0313be77035.png,preprocessed_green_images/e0313be77035_green_preprocessed.png,preprocessed_images/e0313be77035_preprocessed.png,fundus_masks/e0313be77035_fundus_mask.png,99.32951318657315,31.81482695647063,0.0,255.0,2.2316311397751732e-05,123.82127339577843,12.01255825442618,1.0,228.0,2.7726326282055182e-05,19.487784292736286,11.795113717094514,1.328125,1.0,False,True,False
e03a74e7d74f.png,preprocessed_green_images/e03a74e7d74f_green_preprocessed.png,preprocessed_images/e03a74e7d74f_preprocessed.png,fundus_masks/e03a74e7d74f_fundus_mask.png,30.82491126984968,18.459488804279676,0.0,246.0,0.6353975232980315,83.06574045021807,17.091267358911583,1.0,255.0,0.006089204192762771,28.702634910573295,12.0,2.8,1.0,True,True,False
e04f3c6619a3.png,preprocessed_green_images/e04f3c6619a3_green_preprocessed.png,preprocessed_images/e04f3c6619a3_preprocessed.png,fundus_masks/e04f3c6619a3_fundus_mask.png,89.53989485383707,13.248716705422275,0.0,193.0,0.0009056707311401918,125.08958699554489,10.028473888374982,3.0,232.0,0.0007091901745770436,21.25837150089943,12.0,1.3631348609924316,1.0,True,True,False
e067b06fd655.png,preprocessed_green_images/e067b06fd655_green_preprocessed.png,preprocessed_images/e067b06fd655_preprocessed.png,fundus_masks/e067b06fd655_fundus_mask.png,71.93760441610515,14.328113465038632,0.0,171.0,0.000990792819884539,124.23476569026006,12.67153476371497,4.0,220.0,0.0004733530099682575,20.095532315232237,12.0,1.670107364654541,1.0,True,True,False
e06cccc08c59.png,preprocessed_green_images/e06cccc08c59_green_preprocessed.png,preprocessed_images/e06cccc08c59_preprocessed.png,fundus_masks/e06cccc08c59_fundus_mask.png,86.9662183155415,24.225801843446014,0.0,254.0,0.0007825469991931071,126.28038253215978,16.671095104548073,4.0,228.0,0.0005993730349375353,21.68125142598688,12.0,1.4731930494308472,1.0,True,True,False
e087bd4b88f2.png,preprocessed_green_images/e087bd4b88f2_green_preprocessed.png,preprocessed_images/e087bd4b88f2_preprocessed.png,fundus_masks/e087bd4b88f2_fundus_mask.png,92.9369380044418,18.823366146280037,0.0,255.0,3.317805102648827e-05,122.88749458317534,13.964558061654945,7.0,233.0,5.0105628080819025e-05,19.88499199196282,11.953996796785129,1.3221502304077148,1.0,False,True,False
e0d229db881a.png,preprocessed_green_images/e0d229db881a_green_preprocessed.png,preprocessed_images/e0d229db881a_preprocessed.png,fundus_masks/e0d229db881a_fundus_mask.png,84.38986066952455,13.869403280281793,0.0,169.0,0.0005246802874597929,125.79567185194729,12.770084931012738,7.0,210.0,0.0003389527520757954,19.867306487774503,12.0,1.4587429761886597,1.0,True,True,False
e12df54e0d1e.png,preprocessed_green_images/e12df54e0d1e_green_preprocessed.png,preprocessed_images/e12df54e0d1e_preprocessed.png,fundus_masks/e12df54e0d1e_fundus_mask.png,81.50862340052626,14.352752478975178,0.0,237.0,0.0008693923040283385,126.04892412702377,15.590978858590626,1.0,255.0,0.0007456888777902638,19.874847473106048,12.0,1.482692837715149,1.0,True,True,False
e12f9f19d1be.png,preprocessed_green_images/e12f9f19d1be_green_preprocessed.png,preprocessed_images/e12f9f19d1be_preprocessed.png,fundus_masks/e12f9f19d1be_fundus_mask.png,84.29570349751282,15.158885193689683,0.0,171.0,3.4365146868046425e-05,121.07217110406626,13.722998852208084,17.0,232.0,2.1478216792529017e-05,13.729854549731847,9.9989903978916,1.4383916854858398,1.0,True,True,False
e135d7ba9a0e.png,preprocessed_green_images/e135d7ba9a0e_green_preprocessed.png,preprocessed_images/e135d7ba9a0e_preprocessed.png,fundus_masks/e135d7ba9a0e_fundus_mask.png,94.81427337203,14.433137589747666,0.0,207.0,0.0008407954898154883,124.9343195115511,11.858761965572006,3.0,209.0,0.0006925560646138595,19.459363031005225,11.78374521240209,1.2946138381958008,1.0,False,True,False
e160a3b19911.png,preprocessed_green_images/e160a3b19911_green_preprocessed.png,preprocessed_images/e160a3b19911_preprocessed.png,fundus_masks/e160a3b19911_fundus_mask.png,78.68487664003645,21.953876500915236,0.0,255.0,6.876012600293091e-05,122.57717679517647,18.766016613002055,3.0,255.0,6.446261812774772e-05,17.80531335167252,12.0,1.582962155342102,1.0,True,True,False
e16af45285e5.png,preprocessed_green_images/e16af45285e5_green_preprocessed.png,preprocessed_images/e16af45285e5_preprocessed.png,fundus_masks/e16af45285e5_fundus_mask.png,84.90922181855254,12.300317405079142,0.0,208.0,0.0009210001946264562,123.56572350068119,9.76312808358597,3.0,222.0,0.0006371699459679886,20.394512192000477,12.0,1.4375102519989014,1.0,True,True,False
e1ab92228e60.png,preprocessed_green_images/e1ab92228e60_green_preprocessed.png,preprocessed_images/e1ab92228e60_preprocessed.png,fundus_masks/e1ab92228e60_fundus_mask.png,79.97837724785676,8.510091272889113,0.0,171.0,1.930139883287034e-05,122.02277766718684,7.327333142106058,5.0,186.0,1.5268270718539224e-05,11.492647829545295,9.48787004311974,1.5003116130828857,1.0,True,True,False
e1b8acb1cea1.png,preprocessed_green_images/e1b8acb1cea1_green_preprocessed.png,preprocessed_images/e1b8acb1cea1_preprocessed.png,fundus_masks/e1b8acb1cea1_fundus_mask.png,84.69576416115034,22.618915815085877,0.0,255.0,0.0005514385099526508,125.20803075956583,17.06890239649579,6.0,242.0,0.00038042276952429704,21.173377724139474,12.0,1.4614906311035156,1.0,True,True,False
e1c02f6c3362.png,preprocessed_green_images/e1c02f6c3362_green_preprocessed.png,preprocessed_images/e1c02f6c3362_preprocessed.png,fundus_masks/e1c02f6c3362_fundus_mask.png,80.00644627237735,18.98534263864281,0.0,244.0,2.5043267320634365e-05,124.32656962062157,11.479965100261536,2.0,229.0,2.5043267320634365e-05,21.659009167764996,12.0,1.4752613306045532,1.0,True,True,False
e1dc02a3dc2a.png,preprocessed_green_images/e1dc02a3dc2a_green_preprocessed.png,preprocessed_images/e1dc02a3dc2a_preprocessed.png,fundus_masks/e1dc02a3dc2a_fundus_mask.png,84.47026291721176,17.61066529773433,0.0,237.0,0.0010963566690206884,125.38438588976233,14.841913317652606,2.0,226.0,0.0007583037151093462,21.41968903299954,12.0,1.463368535041809,1.0,True,True,False
e2265c383348.png,preprocessed_green_images/e2265c383348_green_preprocessed.png,preprocessed_images/e2265c383348_preprocessed.png,fundus_masks/e2265c383348_fundus_mask.png,69.76136358748252,17.259850324993483,0.0,253.0,7.312614259597807e-05,125.8616195289816,18.619761925022573,11.0,255.0,3.011076459834391e-05,13.48212922583797,11.191841593670075,1.8562794923782349,1.0,True,True,False
e246cd89e1cc.png,preprocessed_green_images/e246cd89e1cc_green_preprocessed.png,preprocessed_images/e246cd89e1cc_preprocessed.png,fundus_masks/e246cd89e1cc_fundus_mask.png,70.17552144551163,11.79441138992216,0.0,187.0,0.0008635698703370125,125.08645435598552,12.413204308332805,1.0,243.0,0.0006746277376324044,20.205121617111683,12.0,1.7641268968582153,1.0,True,True,False
e251bdf05b85.png,preprocessed_green_images/e251bdf05b85_green_preprocessed.png,preprocessed_images/e251bdf05b85_preprocessed.png,fundus_masks/e251bdf05b85_fundus_mask.png,36.187693608869324,21.672995876919074,0.0,228.0,0.5450955816418032,89.29125906904704,22.626223337860473,1.0,255.0,0.009886789761147794,8.408216168381632,12.0,2.8,1.0,True,True,False
e26bcae6c67b.png,preprocessed_green_images/e26bcae6c67b_green_preprocessed.png,preprocessed_images/e26bcae6c67b_preprocessed.png,fundus_masks/e26bcae6c67b_fundus_mask.png,46.112958122732124,14.651901032620499,11.0,201.0,0.07273627959025113,125.51988450402716,15.952793783560518,12.0,255.0,0.00038090777097903825,9.120800494054924,11.549390586712448,2.742013692855835,1.0,True,True,False
e29e54ff921e.png,preprocessed_green_images/e29e54ff921e_green_preprocessed.png,preprocessed_images/e29e54ff921e_preprocessed.png,fundus_masks/e29e54ff921e_fundus_mask.png,78.66644476042244,13.279732657041201,0.0,209.0,0.0009394288736363784,125.10752285363698,12.904869654281436,2.0,234.0,0.0005543790143187517,20.40659660710175,12.0,1.550635814666748,1.0,True,True,False
e2c39ed0c941.png,preprocessed_green_images/e2c39ed0c941_green_preprocessed.png,preprocessed_images/e2c39ed0c941_preprocessed.png,fundus_masks/e2c39ed0c941_fundus_mask.png,82.71737665990703,13.064735706422367,0.0,194.0,0.0013704776845188198,126.32879174188642,12.684553082495517,1.0,224.0,0.0009461165740840583,19.675931140554024,12.0,1.4685138463974,1.0,True,True,False
e2c3b037413b.png,preprocessed_green_images/e2c3b037413b_green_preprocessed.png,preprocessed_images/e2c3b037413b_preprocessed.png,fundus_masks/e2c3b037413b_fundus_mask.png,76.39931362172086,16.52388816035327,0.0,187.0,1.3820856363295031e-05,123.81548782440142,11.05111996247653,1.0,201.0,2.5338236666040888e-05,10.708574771001055,9.4923798086919,1.5722800493240356,1.0,True,True,False
e2ec22b3d07e.png,preprocessed_green_images/e2ec22b3d07e_green_preprocessed.png,preprocessed_images/e2ec22b3d07e_preprocessed.png,fundus_masks/e2ec22b3d07e_fundus_mask.png,36.95532919153402,20.12331568694405,0.0,255.0,0.46023643407890813,93.89610604636472,27.825375423445866,1.0,255.0,0.016238604320615004,9.429402080310702,12.0,2.8,1.0,True,True,False
e30a890600e1.png,preprocessed_green_images/e30a890600e1_green_preprocessed.png,preprocessed_images/e30a890600e1_preprocessed.png,fundus_masks/e30a890600e1_fundus_mask.png,40.71116724898392,17.663367366762195,0.0,229.0,0.17270629819396766,108.57229222479144,24.640013173256975,1.0,255.0,0.007823084210204643,8.820842657519607,11.909566640875939,2.8,1.0,True,True,False
e322acd46152.png,preprocessed_green_images/e322acd46152_green_preprocessed.png,preprocessed_images/e322acd46152_preprocessed.png,fundus_masks/e322acd46152_fundus_mask.png,42.25814760944662,14.029338930891708,0.0,248.0,0.0989402002100333,114.27095380624293,16.444588032574647,4.0,255.0,0.00016078130215216289,27.13881281970262,12.0,2.8,1.0,True,True,False
e33766353db2.png,preprocessed_green_images/e33766353db2_green_preprocessed.png,preprocessed_images/e33766353db2_preprocessed.png,fundus_masks/e33766353db2_fundus_mask.png,91.11992680946838,25.357535247690702,0.0,255.0,4.295218991740294e-05,123.4635958714355,19.67846396778121,3.0,255.0,6.442828487610441e-05,20.390100468424748,12.0,1.3597019910812378,1.0,False,True,False
e3b47ed5b511.png,preprocessed_green_images/e3b47ed5b511_green_preprocessed.png,preprocessed_images/e3b47ed5b511_preprocessed.png,fundus_masks/e3b47ed5b511_fundus_mask.png,88.03794754793243,13.449162949047201,0.0,186.0,0.0007817431134222397,125.74733367691425,12.48941824947113,2.0,205.0,0.0005744364211221198,20.187742255938765,12.0,1.3885233402252197,1.0,True,True,False
e3cd96cb094c.png,preprocessed_green_images/e3cd96cb094c_green_preprocessed.png,preprocessed_images/e3cd96cb094c_preprocessed.png,fundus_masks/e3cd96cb094c_fundus_mask.png,84.87152523310603,20.344850841533546,0.0,255.0,2.977477413465371e-05,123.15790916122431,14.531342375414777,2.0,238.0,2.030098236453662e-05,20.641539511190793,12.0,1.4798059463500977,1.0,True,True,False
e42d9a94a66d.png,preprocessed_green_images/e42d9a94a66d_green_preprocessed.png,preprocessed_images/e42d9a94a66d_preprocessed.png,fundus_masks/e42d9a94a66d_fundus_mask.png,51.16949535502954,17.404377537171477,4.0,144.0,0.09525120970250811,126.54398981664212,16.425834186688935,33.0,217.0,0.0,9.419392625726548,11.219357463176882,2.155977249145508,1.0,True,True,False
e47452069ea1.png,preprocessed_green_images/e47452069ea1_green_preprocessed.png,preprocessed_images/e47452069ea1_preprocessed.png,fundus_masks/e47452069ea1_fundus_mask.png,71.92639539996618,20.45611422249198,0.0,251.0,1.894131574496871e-05,123.43847116522916,14.710156041984241,2.0,239.0,0.00043226788432267885,20.992357898716115,12.0,1.7788307666778564,1.0,True,True,False
e47770a2e5d1.png,preprocessed_green_images/e47770a2e5d1_green_preprocessed.png,preprocessed_images/e47770a2e5d1_preprocessed.png,fundus_masks/e47770a2e5d1_fundus_mask.png,48.40614327206869,18.152477210416667,11.0,255.0,0.03283267956732737,126.14307129812542,18.664435403421617,1.0,255.0,0.0021889477011331577,9.171170351416617,11.365699849716096,2.691335439682007,1.0,True,True,False
e4a44f9158dc.png,preprocessed_green_images/e4a44f9158dc_green_preprocessed.png,preprocessed_images/e4a44f9158dc_preprocessed.png,fundus_masks/e4a44f9158dc_fundus_mask.png,81.48592768043353,12.877420709286415,0.0,185.0,0.0008444319687096198,126.47708086364048,13.745952637713495,4.0,223.0,0.000545168990787804,20.31489888313696,12.0,1.493485689163208,1.0,True,True,False
e4ae1ee6aada.png,preprocessed_green_images/e4ae1ee6aada_green_preprocessed.png,preprocessed_images/e4ae1ee6aada_preprocessed.png,fundus_masks/e4ae1ee6aada_fundus_mask.png,102.11031754015357,11.16651551757368,0.0,229.0,0.0008752790891547487,122.34452002446619,9.245099260611573,1.0,221.0,0.0008567791348265109,20.54831780111316,12.0,1.185450792312622,1.0,False,True,False
e4b0df29b96f.png,preprocessed_green_images/e4b0df29b96f_green_preprocessed.png,preprocessed_images/e4b0df29b96f_preprocessed.png,fundus_masks/e4b0df29b96f_fundus_mask.png,95.13659203954208,8.867464084471479,0.0,169.0,0.000863884426835234,122.62258890087764,7.254123908768121,1.0,189.0,0.0008106867245133856,19.99609269254592,11.998437077018368,1.2788432836532593,1.0,False,True,False
e4c799738a19.png,preprocessed_green_images/e4c799738a19_green_preprocessed.png,preprocessed_images/e4c799738a19_preprocessed.png,fundus_masks/e4c799738a19_fundus_mask.png,94.3913130050242,9.711985536933685,0.0,185.0,0.001023361348429071,122.61859183626218,7.882579577399921,1.0,199.0,0.0008497140607997036,19.301295002716156,11.720518001086463,1.2779947519302368,1.0,False,True,False
e4d3d437b0a8.png,preprocessed_green_images/e4d3d437b0a8_green_preprocessed.png,preprocessed_images/e4d3d437b0a8_preprocessed.png,fundus_masks/e4d3d437b0a8_fundus_mask.png,85.02536860893022,15.109166548317047,0.0,232.0,0.0005237225408555837,126.50652446806163,14.088889950289646,5.0,233.0,0.0003193430127168194,20.786827327394562,12.0,1.4431359767913818,1.0,True,True,False
