rank,image_id,original_file,vessel_file,fractal_dimension,fd_score,branch_points,branch_score,complexity_score,end_points,skeleton_length,vessel_pixel_count,valid
1,bda91b76095b,bda91b76095b.png,bda91b76095b_vessel.png,1.512978439865187,93.03534603473426,99,55.9748427672956,81.91719505450266,242,18738,18738,True
2,1c13a1483f4a,1c13a1483f4a.png,1c13a1483f4a_vessel.png,1.5256340221795226,95.716202283894,77,42.138364779874216,79.64285103268807,271,14453,14453,True
3,dc0eea0b68a7,dc0eea0b68a7.png,dc0eea0b68a7_vessel.png,1.5227432468733217,95.10384381218886,76,41.509433962264154,79.02552085721143,196,18195,18195,True
4,6107a2e9f60e,6107a2e9f60e.png,6107a2e9f60e_vessel.png,1.5040523403225539,91.1445132666218,89,49.685534591194966,78.70681966399374,205,17815,17815,True
5,dec5595e6154,dec5595e6154.png,dec5595e6154_vessel.png,1.5145149041285315,93.36081820343342,80,44.0251572327044,78.56011991221472,238,13606,13606,True
6,82e5bc01f8a4,82e5bc01f8a4.png,82e5bc01f8a4_vessel.png,1.5284561814175885,96.31402568242092,66,35.22012578616352,77.98585571354369,181,14144,14144,True
7,949710bead24,949710bead24.png,949710bead24_vessel.png,1.5122870543262938,92.8888885113676,78,42.76729559748428,77.8524106372026,264,13283,13283,True
8,4d167ca69ea8,4d167ca69ea8.png,4d167ca69ea8_vessel.png,1.5138691696720086,93.22403103631063,76,41.509433962264154,77.70965191409668,211,13542,13542,True
9,d30d079e6f9a,d30d079e6f9a.png,d30d079e6f9a_vessel.png,1.535217076215379,97.74619898100055,59,30.81761006289308,77.6676223055683,183,14761,14761,True
10,840a06a9c690,840a06a9c690.png,840a06a9c690_vessel.png,1.5196526278571245,94.44915206450382,71,38.36477987421384,77.62384040741682,217,13951,13951,True
11,35cd9832fc0a,35cd9832fc0a.png,35cd9832fc0a_vessel.png,1.5131221861467856,93.06579608497655,76,41.509433962264154,77.59888744816283,196,13546,13546,True
12,a70d0f12a641,a70d0f12a641.png,a70d0f12a641_vessel.png,1.5264808655088422,95.89559072885669,65,34.59119496855346,77.50427200076572,209,14307,14307,True
13,a86128b601a7,a86128b601a7.png,a86128b601a7_vessel.png,1.507630322363329,91.90244405756833,79,43.39622641509434,77.35057876482614,266,13131,13131,True
14,7a6495a39d87,7a6495a39d87.png,7a6495a39d87_vessel.png,1.507061236006635,91.78189340428658,79,43.39622641509434,77.26619330752891,245,17949,17949,True
15,44a86263117b,44a86263117b.png,44a86263117b_vessel.png,1.4997562722690332,90.23446893977558,84,46.540880503144656,77.1263924087863,269,12968,12968,True
16,c704bd669f36,c704bd669f36.png,c704bd669f36_vessel.png,1.5271071619669783,96.02826030753887,61,32.075471698113205,76.84242372471117,175,14139,14139,True
17,35beb47fe159,35beb47fe159.png,35beb47fe159_vessel.png,1.511213321459164,92.66143762090067,73,39.62264150943396,76.74979878746066,227,13445,13445,True
18,cc671a73e1cb,cc671a73e1cb.png,cc671a73e1cb_vessel.png,1.5111922795721116,92.65698027765106,73,39.62264150943396,76.74667864718593,225,13485,13485,True
19,b3a994760537,b3a994760537.png,b3a994760537_vessel.png,1.513495118248066,93.14479500651154,71,38.36477987421384,76.71079046682223,218,13413,13413,True
20,401fdfd0db07,401fdfd0db07.png,401fdfd0db07_vessel.png,1.5105414141294509,92.51910620390397,73,39.62264150943396,76.65016679556297,237,13328,13328,True
21,90bde2ff8953,90bde2ff8953.png,90bde2ff8953_vessel.png,1.4883833805526916,87.82532749756513,90,50.314465408805034,76.57206887093709,223,12321,12321,True
22,68ddb15a74de,68ddb15a74de.png,68ddb15a74de_vessel.png,1.523470914104191,95.2579869558809,62,32.70440251572327,76.4919116238336,184,14112,14112,True
23,565f3404f9b2,565f3404f9b2.png,565f3404f9b2_vessel.png,1.5165856309430785,93.79946423197633,67,35.84905660377358,76.41434194351551,246,13693,13693,True
24,5257cb536da2,5257cb536da2.png,5257cb536da2_vessel.png,1.53686206624622,98.09466037095889,50,25.157232704402517,76.21343207099197,142,8519,8519,True
25,7831ce1d895e,7831ce1d895e.png,7831ce1d895e_vessel.png,1.5037134997759671,91.07273602443543,76,41.509433962264154,76.20374540578405,223,12749,12749,True
26,5ba156a35ff2,5ba156a35ff2.png,5ba156a35ff2_vessel.png,1.5129711604280178,93.03380401761164,68,36.477987421383645,76.06705903874324,220,13328,13328,True
27,c4aef0d88d1b,c4aef0d88d1b.png,c4aef0d88d1b_vessel.png,1.506514580916382,91.66609440915224,73,39.62264150943396,76.05305853923676,200,13090,13090,True
28,596f4fdb0004,596f4fdb0004.png,596f4fdb0004_vessel.png,1.5072894456506087,91.8302354904087,72,38.9937106918239,75.97927805083324,218,13302,13302,True
29,6c3589d7ed8d,6c3589d7ed8d.png,6c3589d7ed8d_vessel.png,1.5072258883543894,91.8167720265777,72,38.9937106918239,75.96985362615155,221,13308,13308,True
30,1df1530b9b8d,1df1530b9b8d.png,1df1530b9b8d_vessel.png,1.503458712436064,91.01876393406293,74,40.25157232704403,75.78860645195725,226,13122,13122,True
31,e160a3b19911,e160a3b19911.png,e160a3b19911_vessel.png,1.545427060788315,99.90899957494675,41,19.49685534591195,75.78535630623631,146,6856,6856,True
32,ac1667fac512,ac1667fac512.png,ac1667fac512_vessel.png,1.5042416525252664,91.1846156332359,73,39.62264150943396,75.71602339609531,256,12689,12689,True
33,6a57a3db3eff,6a57a3db3eff.png,6a57a3db3eff_vessel.png,1.500318481982603,90.35356290056905,76,41.509433962264154,75.70032421907757,245,12959,12959,True
34,b70e7c26f51e,b70e7c26f51e.png,b70e7c26f51e_vessel.png,1.51417232908198,93.28824987496436,65,34.59119496855346,75.67913340304109,194,13447,13447,True
35,6dc07f968794,6dc07f968794.png,6dc07f968794_vessel.png,1.5065329502378282,91.66998561770895,71,38.36477987421384,75.67842389466041,210,13134,13134,True
36,a53d6d2472a6,a53d6d2472a6.png,a53d6d2472a6_vessel.png,1.5139609505999878,93.24347316613252,65,34.59119496855346,75.6477897068588,193,13485,13485,True
37,5321ab64f9ea,5321ab64f9ea.png,5321ab64f9ea_vessel.png,1.5113873683464802,92.6983063065067,67,35.84905660377358,75.64353139568676,226,13381,13381,True
38,668a319c2d23,668a319c2d23.png,668a319c2d23_vessel.png,1.518787323234898,94.2658529284937,61,32.075471698113205,75.60873855937955,205,14177,14177,True
39,675de69373f8,675de69373f8.png,675de69373f8_vessel.png,1.5458566486747456,100.0,39,18.238993710691823,75.47169811320755,136,6979,6979,True
40,201f6e10c108,201f6e10c108.png,201f6e10c108_vessel.png,1.5084826123026123,92.08298626835507,68,36.477987421383645,75.40148661426363,261,12919,12919,True
41,6e44f6d04fc9,6e44f6d04fc9.png,6e44f6d04fc9_vessel.png,1.4990461334870646,90.08403888099792,75,40.88050314465409,75.32297816009476,249,12777,12777,True
42,1fb455685328,1fb455685328.png,1fb455685328_vessel.png,1.5173323689135862,93.9576471669846,60,31.446540880503143,75.20431528104015,188,13695,13695,True
43,8d9516ea3587,8d9516ea3587.png,8d9516ea3587_vessel.png,1.5122263788469497,92.8760355083267,64,33.9622641509434,75.2019041011117,196,13349,13349,True
44,d1ca85af57c9,d1ca85af57c9.png,d1ca85af57c9_vessel.png,1.5096206105391503,92.32405061515324,66,35.22012578616352,75.19287316645631,205,13120,13120,True
45,c6229222bf22,c6229222bf22.png,c6229222bf22_vessel.png,1.5032190920625974,90.96800469124986,71,38.36477987421384,75.18703724613904,247,12882,12882,True
46,3ca12e02dd4e,3ca12e02dd4e.png,3ca12e02dd4e_vessel.png,1.5119149005429302,92.81005446240813,64,33.9622641509434,75.15571736896871,250,13126,13126,True
47,389552047476,389552047476.png,389552047476_vessel.png,1.5093603687964998,92.26892310819636,66,35.22012578616352,75.1542839115865,218,13229,13229,True
48,86d58f850a0c,86d58f850a0c.png,86d58f850a0c_vessel.png,1.542096773814769,99.20353850466374,40,18.867924528301888,75.10285431175518,146,8184,8184,True
49,902dc5a91a3f,902dc5a91a3f.png,902dc5a91a3f_vessel.png,1.500069726722449,90.30086859720697,73,39.62264150943396,75.09740047087506,221,12893,12893,True
50,37c523296d42,37c523296d42.png,37c523296d42_vessel.png,1.5063751840750126,91.636565709167,68,36.477987421383645,75.08899222283199,210,13224,13224,True
51,a61723fc38c2,a61723fc38c2.png,a61723fc38c2_vessel.png,1.5088743316224547,92.1659649223935,66,35.22012578616352,75.0822131815245,189,13401,13401,True
52,4eaf2f81819d,4eaf2f81819d.png,4eaf2f81819d_vessel.png,1.5011176335483678,90.52284870788267,72,38.9937106918239,75.06410730306504,248,12712,12712,True
53,6653ad026901,6653ad026901.png,6653ad026901_vessel.png,1.5112249570161576,92.6639024032318,64,33.9622641509434,75.05341092754529,195,13152,13152,True
54,6fe4751a3b42,6fe4751a3b42.png,6fe4751a3b42_vessel.png,1.514692441710335,93.39842632954068,61,32.075471698113205,75.00153994011244,164,13607,13607,True
55,63c7b0265775,63c7b0265775.png,63c7b0265775_vessel.png,1.5015990782616626,90.62483406392586,71,38.36477987421384,74.94681780701225,210,18862,18862,True
56,3b2b91590590,3b2b91590590.png,3b2b91590590_vessel.png,1.5164772413082557,93.77650384796225,59,30.81761006289308,74.88883571244149,184,13637,13637,True
57,359bab5d784b,359bab5d784b.png,359bab5d784b_vessel.png,1.526146212422069,95.82470052430558,51,25.78616352201258,74.81313942361767,219,13928,13928,True
58,8acdf12f412a,8acdf12f412a.png,8acdf12f412a_vessel.png,1.4968290156529371,89.61438256229883,74,40.25157232704403,74.80553949172239,217,12394,12394,True
59,930fee99213a,930fee99213a.png,930fee99213a_vessel.png,1.5004917095994676,90.39025803854564,71,38.36477987421384,74.7826145892461,253,12690,12690,True
60,b8dab47a260e,b8dab47a260e.png,b8dab47a260e_vessel.png,1.5068001627750482,91.72658976143522,66,35.22012578616352,74.7746505688537,209,13228,13228,True
61,207dd0487264,207dd0487264.png,207dd0487264_vessel.png,1.5054802651150279,91.44699331124984,67,35.84905660377358,74.76761229900696,217,13063,13063,True
62,aafb0c944f14,aafb0c944f14.png,aafb0c944f14_vessel.png,1.514360401169033,93.32808954550231,60,31.446540880503143,74.76362494600255,172,13503,13503,True
63,ba2ea9182090,ba2ea9182090.png,ba2ea9182090_vessel.png,1.5115170202962032,92.72577072742368,62,32.70440251572327,74.71936026391354,207,13177,13177,True
64,88e4399d207c,88e4399d207c.png,88e4399d207c_vessel.png,1.5113840328202426,92.69759973559306,62,32.70440251572327,74.69964056963211,198,13211,13211,True
65,1f3f32efaf20,1f3f32efaf20.png,1f3f32efaf20_vessel.png,1.5012015252812108,90.5406196543835,70,37.735849056603776,74.69918847504958,217,12715,12715,True
66,d2dc86021c67,d2dc86021c67.png,d2dc86021c67_vessel.png,1.4945810825462404,89.13819858537076,75,40.88050314465409,74.66088995315576,234,12476,12476,True
67,252305189b3a,252305189b3a.png,252305189b3a_vessel.png,1.4967543240716388,89.59856050152676,73,39.62264150943396,74.60578480389891,219,12398,12398,True
68,e4a44f9158dc,e4a44f9158dc.png,e4a44f9158dc_vessel.png,1.5257496967279427,95.74070584511296,50,25.157232704402517,74.56566390289983,218,13911,13911,True
69,e1dc02a3dc2a,e1dc02a3dc2a.png,e1dc02a3dc2a_vessel.png,1.504042292031662,91.14238471791013,67,35.84905660377358,74.55438628366916,227,12973,12973,True
70,3f98be586fe3,3f98be586fe3.png,3f98be586fe3_vessel.png,1.5052129172500317,91.39036050078148,66,35.22012578616352,74.5392900863961,219,12922,12922,True
71,a7b03e58a6e1,a7b03e58a6e1.png,a7b03e58a6e1_vessel.png,1.5012332271437117,90.54733512065638,69,37.10691823899371,74.51521005615757,240,12941,12941,True
72,9fa02dfb5553,9fa02dfb5553.png,9fa02dfb5553_vessel.png,1.5162026426185669,93.71833508140699,57,29.559748427672954,74.47075908528677,207,13267,13267,True
73,ab7991df166b,ab7991df166b.png,ab7991df166b_vessel.png,1.5033066065469272,90.98654305213917,67,35.84905660377358,74.4452971176295,387,10793,10793,True
74,404ede327e98,404ede327e98.png,404ede327e98_vessel.png,1.5388137378003608,98.50808669558553,39,18.238993710691823,74.42735880011742,123,6900,6900,True
75,7828dd083cdc,7828dd083cdc.png,7828dd083cdc_vessel.png,1.5043990076997844,91.21794848133932,66,35.22012578616352,74.41860167278658,213,12999,12999,True
76,a1faeb4d5f10,a1faeb4d5f10.png,a1faeb4d5f10_vessel.png,1.5234250217628882,95.24826549329507,51,25.78616352201258,74.40963490191031,201,13966,13966,True
77,99240ee00485,99240ee00485.png,99240ee00485_vessel.png,1.503062603471503,90.93485541317337,67,35.84905660377358,74.40911577035342,237,12906,12906,True
78,875d2ffcbf47,875d2ffcbf47.png,875d2ffcbf47_vessel.png,1.502886790812266,90.89761268071825,67,35.84905660377358,74.38304585763484,233,12698,12698,True
79,475300735b7f,475300735b7f.png,475300735b7f_vessel.png,1.5117818463169874,92.78186933080089,60,31.446540880503143,74.38127079571157,196,13278,13278,True
80,b7983cb3f270,b7983cb3f270.png,b7983cb3f270_vessel.png,1.503984298227769,91.13009977931799,66,35.22012578616352,74.35710758137164,204,13086,13086,True
81,a9e3d186cd1b,a9e3d186cd1b.png,a9e3d186cd1b_vessel.png,1.528835753478632,96.39443115935438,46,22.641509433962266,74.26855464173674,123,7259,7259,True
82,d1b279cc02ae,d1b279cc02ae.png,d1b279cc02ae_vessel.png,1.5210303588969492,94.74099947033922,52,26.41509433962264,74.24322793112424,187,13728,13728,True
83,916915f01e17,916915f01e17.png,916915f01e17_vessel.png,1.5132496240630042,93.09279150293433,58,30.18867924528302,74.22155782563894,184,13513,13513,True
84,5f4a8c074bd5,5f4a8c074bd5.png,5f4a8c074bd5_vessel.png,1.5105367846836302,92.51812553952597,60,31.446540880503143,74.1966501418191,187,13270,13270,True
85,26d9576e8043,26d9576e8043.png,26d9576e8043_vessel.png,1.5321502519897736,97.09654772939629,43,20.754716981132077,74.19399850491703,124,7092,7092,True
86,2927665214e1,2927665214e1.png,2927665214e1_vessel.png,1.5103992797780732,92.48899761192875,60,31.446540880503143,74.17626059250105,215,13275,13275,True
87,dccdf750c962,dccdf750c962.png,dccdf750c962_vessel.png,1.5124210414747903,92.91727126574682,58,30.18867924528302,74.09869365960768,204,13194,13194,True
88,d7ab5c040294,d7ab5c040294.png,d7ab5c040294_vessel.png,1.5390635804191901,98.56101133621912,37,16.9811320754717,74.0870475579949,126,6964,6964,True
89,8329e80c10ac,8329e80c10ac.png,8329e80c10ac_vessel.png,1.4970068801490675,89.65205993929432,70,37.735849056603776,74.07719667448715,184,12605,12605,True
90,d774692d9919,d774692d9919.png,d774692d9919_vessel.png,1.510771299208381,92.56780320062299,59,30.81761006289308,74.04274525930401,187,13126,13126,True
91,8241e43408a8,8241e43408a8.png,8241e43408a8_vessel.png,1.5092407893258841,92.24359235982708,60,31.446540880503143,74.00447691602989,196,13361,13361,True
92,d6b109c82067,d6b109c82067.png,d6b109c82067_vessel.png,1.516868297418261,93.85934201299021,54,27.67295597484277,74.00342620154598,201,13472,13472,True
93,b835b6e31a59,b835b6e31a59.png,b835b6e31a59_vessel.png,1.5066786918215345,91.70085833661963,62,32.70440251572327,74.00192159035072,231,13163,13163,True
94,58c12863f33d,58c12863f33d.png,58c12863f33d_vessel.png,1.5155630389355867,93.58284660779006,55,28.30188679245283,73.99855866318889,194,13611,13611,True
95,d6dbb0820ea5,d6dbb0820ea5.png,d6dbb0820ea5_vessel.png,1.5090117294948595,92.19507017695304,60,31.446540880503143,73.97051138801805,216,13082,13082,True
96,c58e5c0c5b33,c58e5c0c5b33.png,c58e5c0c5b33_vessel.png,1.5013480093591396,90.57164965726793,66,35.22012578616352,73.9661924959366,173,12883,12883,True
97,8660e1864665,8660e1864665.png,8660e1864665_vessel.png,1.5101872023397425,92.44407284183652,59,30.81761006289308,73.95613400815348,174,13380,13380,True
98,912fbe06407e,912fbe06407e.png,912fbe06407e_vessel.png,1.5122547427615878,92.88204389070845,57,29.559748427672954,73.88535525179779,193,13344,13344,True
99,966c07831334,966c07831334.png,966c07831334_vessel.png,1.5020506778668719,90.72049727354143,65,34.59119496855346,73.88170658204503,264,12726,12726,True
100,a2b995b81692,a2b995b81692.png,a2b995b81692_vessel.png,1.5019126388829638,90.69125621110382,65,34.59119496855346,73.86123783833871,222,13026,13026,True
101,ae2c3f6312ef,ae2c3f6312ef.png,ae2c3f6312ef_vessel.png,1.5005710965825134,90.40707473526604,66,35.22012578616352,73.85099005053527,228,12588,12588,True
102,35df2bc6ae95,35df2bc6ae95.png,35df2bc6ae95_vessel.png,1.5056487987188703,91.48269410745442,62,32.70440251572327,73.84920662993507,201,12855,12855,True
103,69c4cbb630de,69c4cbb630de.png,69c4cbb630de_vessel.png,1.5348721062081252,97.6731233234173,39,18.238993710691823,73.84288443959966,133,6933,6933,True
104,705f508d1e42,705f508d1e42.png,705f508d1e42_vessel.png,1.5152354533825134,93.51345353244366,54,27.67295597484277,73.76130426516339,159,13729,13729,True
105,a76132e79688,a76132e79688.png,a76132e79688_vessel.png,1.5098420881500094,92.37096664180245,58,30.18867924528302,73.71628042284662,225,13276,13276,True
106,b09101adb478,b09101adb478.png,b09101adb478_vessel.png,1.5046173344167075,91.26419704808909,62,32.70440251572327,73.69625868837933,221,12668,12668,True
107,dd285d9e97fe,dd285d9e97fe.png,dd285d9e97fe_vessel.png,1.5134623073852478,93.13784461857666,55,28.30188679245283,73.6870572707395,166,13237,13237,True
108,ab686895533e,ab686895533e.png,ab686895533e_vessel.png,1.514692819572994,93.39850637291175,54,27.67295597484277,73.68084125349105,170,13707,13707,True
109,48a45619d1a3,48a45619d1a3.png,48a45619d1a3_vessel.png,1.528677799400443,96.36097144433884,43,20.754716981132077,73.67909510537682,119,6979,6979,True
110,3bf2deaa5ef0,3bf2deaa5ef0.png,3bf2deaa5ef0_vessel.png,1.5171452217039858,93.9180034150095,52,26.41509433962264,73.66713069239344,211,13640,13640,True
111,b5a3ca5c0a80,b5a3ca5c0a80.png,b5a3ca5c0a80_vessel.png,1.500554697075246,90.40360079622086,65,34.59119496855346,73.65987904792063,216,12643,12643,True
112,6ccfdb031184,6ccfdb031184.png,6ccfdb031184_vessel.png,1.5246661964763006,95.51118591087094,46,22.641509433962266,73.65028296779833,149,7388,7388,True
113,d39752cb6e57,d39752cb6e57.png,d39752cb6e57_vessel.png,1.4991009325549662,90.09564707254401,66,35.22012578616352,73.63299068662985,200,12577,12577,True
114,d99dd99be001,d99dd99be001.png,d99dd99be001_vessel.png,1.50023925979871,90.33678111356893,65,34.59119496855346,73.61310527006428,233,12455,12455,True
115,81914ceb4e74,81914ceb4e74.png,81914ceb4e74_vessel.png,1.5012257789980366,90.54575736568772,64,33.9622641509434,73.57070940126442,215,12897,12897,True
116,4528fbbd43a3,4528fbbd43a3.png,4528fbbd43a3_vessel.png,1.5023664484132764,90.78738755338814,63,33.33333333333333,73.55117128737169,198,12971,12971,True
117,a2811f512c1c,a2811f512c1c.png,a2811f512c1c_vessel.png,1.5034873597099907,91.02483234098567,62,32.70440251572327,73.52870339340694,220,13066,13066,True
118,8af50c9d0a86,8af50c9d0a86.png,8af50c9d0a86_vessel.png,1.4933037655452124,88.8676220777623,70,37.735849056603776,73.52809017141475,174,17161,17161,True
119,a646c084928c,a646c084928c.png,a646c084928c_vessel.png,1.4983622750492276,89.93917583786956,66,35.22012578616352,73.52346082235773,216,12696,12696,True
120,a5bb85afc6e8,a5bb85afc6e8.png,a5bb85afc6e8_vessel.png,1.4919202475200832,88.57454880374225,71,38.36477987421384,73.51161812488373,224,12290,12290,True
121,8185ce1cdcef,8185ce1cdcef.png,8185ce1cdcef_vessel.png,1.5032753815469406,90.97992860056635,62,32.70440251572327,73.49727077511342,211,12776,12776,True
122,7a46cfa69bae,7a46cfa69bae.png,7a46cfa69bae_vessel.png,1.4943467312119918,89.08855549323047,69,37.10691823899371,73.49406431695944,290,12391,12391,True
123,26fc2358a38d,26fc2358a38d.png,26fc2358a38d_vessel.png,1.4967843716560805,89.60492553890883,67,35.84905660377358,73.47816485836825,214,12562,12562,True
124,bd500a73beae,bd500a73beae.png,bd500a73beae_vessel.png,1.504390520755801,91.21615067573472,61,32.075471698113205,73.47394698244827,229,13085,13085,True
125,93d6d20a5ee3,93d6d20a5ee3.png,93d6d20a5ee3_vessel.png,1.5016043788279307,90.62595689303407,63,33.33333333333333,73.43816982512384,184,12756,12756,True
126,bf7b4eae7ad0,bf7b4eae7ad0.png,bf7b4eae7ad0_vessel.png,1.5117007454959812,92.76468958850171,55,28.30188679245283,73.42584874968703,178,13354,13354,True
127,e01b7bac822b,e01b7bac822b.png,e01b7bac822b_vessel.png,1.5039320265696139,91.11902697382092,61,32.075471698113205,73.40596039110861,224,12784,12784,True
128,24de56d433cd,24de56d433cd.png,24de56d433cd_vessel.png,1.5064321628871271,91.64863564010601,59,30.81761006289308,73.39932796694212,162,13157,13157,True
129,9f285b3e57ed,9f285b3e57ed.png,9f285b3e57ed_vessel.png,1.4884146782903487,87.83195735729807,73,39.62264150943396,73.36916260293883,205,12226,12226,True
130,7ed4128b2a4e,7ed4128b2a4e.png,7ed4128b2a4e_vessel.png,1.5033600935982858,90.9978733167072,61,32.075471698113205,73.321152831129,191,12834,12834,True
131,b66f23ffa730,b66f23ffa730.png,b66f23ffa730_vessel.png,1.5058497445378807,91.52526084529835,59,30.81761006289308,73.31296561057677,183,13243,13243,True
132,dfc7ec7db0e0,dfc7ec7db0e0.png,dfc7ec7db0e0_vessel.png,1.5019538255390805,90.69998085938079,62,32.70440251572327,73.30130735628353,200,12784,12784,True
133,973b0facfa9b,973b0facfa9b.png,973b0facfa9b_vessel.png,1.5044524746353547,91.22927448474137,60,31.446540880503143,73.2944544034699,219,13056,13056,True
134,883ddb650967,883ddb650967.png,883ddb650967_vessel.png,1.5031488930687624,90.95313430388775,61,32.075471698113205,73.28983552215539,211,12795,12795,True
135,b21abe5d9722,b21abe5d9722.png,b21abe5d9722_vessel.png,1.525939503481848,95.78091297345371,43,20.754716981132077,73.27305417575722,157,6459,6459,True
136,1db0393cdbc1,1db0393cdbc1.png,1db0393cdbc1_vessel.png,1.529509805358249,96.53721686046606,40,18.867924528301888,73.2364291608168,125,6924,6924,True
137,a673193cd5a9,a673193cd5a9.png,a673193cd5a9_vessel.png,1.4899652332679865,88.16041438900314,71,38.36477987421384,73.22172403456634,260,12199,12199,True
138,461fa5292fda,461fa5292fda.png,461fa5292fda_vessel.png,1.5001389569303079,90.31553376477962,63,33.33333333333333,73.22087363534573,216,12843,12843,True
139,3f6bccf21ce8,3f6bccf21ce8.png,3f6bccf21ce8_vessel.png,1.4974624462301198,89.7485633750873,65,34.59119496855346,73.20135285312715,203,12842,12842,True
140,bf811911acf9,bf811911acf9.png,bf811911acf9_vessel.png,1.511384310995209,92.69765866192915,54,27.67295597484277,73.19024785580324,181,13650,13650,True
141,bf6cbccacf39,bf6cbccacf39.png,bf6cbccacf39_vessel.png,1.5239834979487934,95.36656857377007,44,21.38364779874214,73.17169234126169,126,6401,6401,True
142,51aa3361294c,51aa3361294c.png,51aa3361294c_vessel.png,1.5238803516099941,95.34471888719858,44,21.38364779874214,73.15639756066165,148,9015,9015,True
143,8448af27ba07,8448af27ba07.png,8448af27ba07_vessel.png,1.5009721137160144,90.49202296298594,62,32.70440251572327,73.15573682880714,189,12529,12529,True
144,8a81f62320d6,8a81f62320d6.png,8a81f62320d6_vessel.png,1.5034319706078854,91.01309916136373,60,31.446540880503143,73.14313167710554,227,12908,12908,True
145,4958bfcc9f38,4958bfcc9f38.png,4958bfcc9f38_vessel.png,1.5046997574378709,91.28165687458085,59,30.81761006289308,73.14244283107452,183,12861,12861,True
146,b72a86d61959,b72a86d61959.png,b72a86d61959_vessel.png,1.5008751133948268,90.47147519910062,62,32.70440251572327,73.1413533940874,206,12691,12691,True
147,bf87aedf2489,bf87aedf2489.png,bf87aedf2489_vessel.png,1.500780168072173,90.451362749492,62,32.70440251572327,73.12727467936138,212,12651,12651,True
148,7adfb8fc0621,7adfb8fc0621.png,7adfb8fc0621_vessel.png,1.5070792038669891,91.78569957057096,57,29.559748427672954,73.11791422770155,202,13205,13205,True
149,bb752b179751,bb752b179751.png,bb752b179751_vessel.png,1.5170609502445833,93.90015203030401,49,24.528301886792452,73.08859698725054,166,13607,13607,True
150,3232b34cbe99,3232b34cbe99.png,3232b34cbe99_vessel.png,1.5015910311510103,90.6231294290585,61,32.075471698113205,73.0588321097749,204,12494,12494,True
151,1da4a17c18c9,1da4a17c18c9.png,1da4a17c18c9_vessel.png,1.5168014211515806,93.84517548528744,49,24.528301886792452,73.05011340573894,166,13730,13730,True
152,45369821d6a3,45369821d6a3.png,45369821d6a3_vessel.png,1.493884193324576,88.99057520633782,67,35.84905660377358,73.04811962556855,242,12511,12511,True
153,cd66754e1b3b,cd66754e1b3b.png,cd66754e1b3b_vessel.png,1.5294991273398966,96.53495491537987,39,18.238993710691823,73.04616655397345,114,6768,6768,True
154,39fd8ef3a45c,39fd8ef3a45c.png,39fd8ef3a45c_vessel.png,1.5062615781539206,91.61250034923837,57,29.559748427672954,72.99667477276874,196,13032,13032,True
155,328d141ed3aa,328d141ed3aa.png,328d141ed3aa_vessel.png,1.498520496035192,89.97269209247057,63,33.33333333333333,72.98088446472939,164,12607,12607,True
156,c096131ad065,c096131ad065.png,c096131ad065_vessel.png,1.4984798152250924,89.96407459852459,63,33.33333333333333,72.9748522189672,200,12593,12593,True
157,7b87b0015282,7b87b0015282.png,7b87b0015282_vessel.png,1.5034613981727907,91.01933285881947,59,30.81761006289308,72.95881602004155,182,12767,12767,True
158,d99b0f7dd9b9,d99b0f7dd9b9.png,d99b0f7dd9b9_vessel.png,1.5033509671562608,90.9959400450072,59,30.81761006289308,72.94244105037296,163,12925,12925,True
159,5b3d41626ec5,5b3d41626ec5.png,5b3d41626ec5_vessel.png,1.5058776722821106,91.53117683286685,57,29.559748427672954,72.93974831130868,182,12828,12828,True
160,63c0eafd6aa9,63c0eafd6aa9.png,63c0eafd6aa9_vessel.png,1.5070390716086477,91.77719827739493,56,28.930817610062892,72.92328407719532,229,12910,12910,True
161,bc8c6a778cde,bc8c6a778cde.png,bc8c6a778cde_vessel.png,1.5260062022340335,95.79504189792092,41,19.49685534591195,72.90558593231823,122,7051,7051,True
162,bacfa2b8e706,bacfa2b8e706.png,bacfa2b8e706_vessel.png,1.4967255703691755,89.5924695496432,64,33.9622641509434,72.90340793003325,206,12630,12630,True
163,dce73d90c00c,dce73d90c00c.png,dce73d90c00c_vessel.png,1.5079096587850758,91.9616164269827,55,28.30188679245283,72.86369753662373,184,12790,12790,True
164,9c6512166557,9c6512166557.png,9c6512166557_vessel.png,1.5282221639170066,96.26445330690586,39,18.238993710691823,72.85681542804166,125,6960,6960,True
165,78937523f7a8,78937523f7a8.png,78937523f7a8_vessel.png,1.5205695980644414,94.64339562039251,45,22.0125786163522,72.85415051918042,105,7244,7244,True
166,780be525036d,780be525036d.png,780be525036d_vessel.png,1.4925502350804687,88.70800027568592,67,35.84905660377358,72.8503171741122,212,12461,12461,True
167,a0b7ad98df57,a0b7ad98df57.png,a0b7ad98df57_vessel.png,1.500177735057525,90.32374820976511,61,32.075471698113205,72.84926525626955,200,12673,12673,True
168,5db2e3a4594a,5db2e3a4594a.png,5db2e3a4594a_vessel.png,1.5065398617052361,91.67144968709204,56,28.930817610062892,72.8492600639833,206,12958,12958,True
169,d51e5d7484ea,d51e5d7484ea.png,d51e5d7484ea_vessel.png,1.4935993726942958,88.93024110652236,66,35.22012578616352,72.8172065104147,239,12714,12714,True
170,e4d3d437b0a8,e4d3d437b0a8.png,e4d3d437b0a8_vessel.png,1.4984324097049546,89.954032596367,62,32.70440251572327,72.77914357217388,194,12579,12579,True
171,d1afdb8cf70d,d1afdb8cf70d.png,d1afdb8cf70d_vessel.png,1.501964937503169,90.70233472802364,59,30.81761006289308,72.73691732848447,237,12811,12811,True
172,b0f0fa677d5f,b0f0fa677d5f.png,b0f0fa677d5f_vessel.png,1.500649194607901,90.42361838961612,60,31.446540880503143,72.73049513688223,166,12885,12885,True
173,cb68fce07789,cb68fce07789.png,cb68fce07789_vessel.png,1.509307020652998,92.25762226874578,53,27.044025157232703,72.69354313529185,193,13321,13321,True
174,87a9f4d20f07,87a9f4d20f07.png,87a9f4d20f07_vessel.png,1.501647059373211,90.63499799471475,59,30.81761006289308,72.68978161516824,203,12886,12886,True
175,315c1a0d87fd,315c1a0d87fd.png,315c1a0d87fd_vessel.png,1.4989527339810376,90.06425388468703,61,32.075471698113205,72.66761922871488,199,12606,12606,True
176,d6df4fe492ec,d6df4fe492ec.png,d6df4fe492ec_vessel.png,1.4962626958904015,89.49441796195826,63,33.33333333333333,72.64609257337078,223,12636,12636,True
177,4f6abc40c72d,4f6abc40c72d.png,4f6abc40c72d_vessel.png,1.4884049848843923,87.8299039845422,69,37.10691823899371,72.61300826087765,214,11873,11873,True
178,99c6a123ed6a,99c6a123ed6a.png,99c6a123ed6a_vessel.png,1.486919676324422,87.51526822650074,70,37.735849056603776,72.58144247553165,220,12017,12017,True
179,4bd5d0b30198,4bd5d0b30198.png,4bd5d0b30198_vessel.png,1.48680266814322,87.49048215929444,70,37.735849056603776,72.56409222848724,214,11934,11934,True
180,a0fd94e2ad76,a0fd94e2ad76.png,a0fd94e2ad76_vessel.png,1.5058640457560073,91.52829029973459,55,28.30188679245283,72.56036924755006,221,13083,13083,True
181,cf8f1bc7a215,cf8f1bc7a215.png,cf8f1bc7a215_vessel.png,1.5249297659492824,95.56701833731967,40,18.867924528301888,72.55729019461432,119,6805,6805,True
182,92e3d608fd3c,92e3d608fd3c.png,92e3d608fd3c_vessel.png,1.513394534801496,93.12348822231138,49,24.528301886792452,72.5449323216557,206,13506,13506,True
183,3cab32dd6ef9,3cab32dd6ef9.png,3cab32dd6ef9_vessel.png,1.4955476940594696,89.34295775420132,63,33.33333333333333,72.54007042794092,174,12570,12570,True
184,63b71347e95d,63b71347e95d.png,63b71347e95d_vessel.png,1.4942469950875805,89.0674281989066,64,33.9622641509434,72.53587898451764,226,12600,12600,True
185,650104ede84c,650104ede84c.png,650104ede84c_vessel.png,1.4966453904826338,89.57548489065607,62,32.70440251572327,72.51416017817623,202,12608,12608,True
186,66bfec8d6bcd,66bfec8d6bcd.png,66bfec8d6bcd_vessel.png,1.497586195023722,89.77477731913304,61,32.075471698113205,72.46498563282708,194,12493,12493,True
187,ad312ca98202,ad312ca98202.png,ad312ca98202_vessel.png,1.503921696369267,91.11683870768924,56,28.930817610062892,72.46103237840133,236,12863,12863,True
188,5e5275ddee29,5e5275ddee29.png,5e5275ddee29_vessel.png,1.501354760796813,90.57307982724573,58,30.18867924528302,72.45775965265692,192,12961,12961,True
189,901a3552fe26,901a3552fe26.png,901a3552fe26_vessel.png,1.5010755002608043,90.51392353285266,58,30.18867924528302,72.41635024658176,199,12788,12788,True
190,3601dac9bed7,3601dac9bed7.png,3601dac9bed7_vessel.png,1.3913834447765683,67.27764525469023,144,84.27672955974843,72.37737054620769,272,35208,35208,True
191,405085b53d7b,405085b53d7b.png,405085b53d7b_vessel.png,1.5020659471241509,90.72373178956603,57,29.559748427672954,72.3745367809981,175,12536,12536,True
192,6f460f9968c7,6f460f9968c7.png,6f460f9968c7_vessel.png,1.498233940150043,89.91199041029154,60,31.446540880503143,72.37235555135501,189,12803,12803,True
193,2dd28ac497d2,2dd28ac497d2.png,2dd28ac497d2_vessel.png,1.495631963518595,89.36080871518428,62,32.70440251572327,72.36388685534597,182,12584,12584,True
194,881ec6186e68,881ec6186e68.png,881ec6186e68_vessel.png,1.5043376040845855,91.20494123588523,55,28.30188679245283,72.3340249028555,185,12623,12623,True
195,1b862fb6f65d,1b862fb6f65d.png,1b862fb6f65d_vessel.png,1.503016038329382,90.92499142990123,56,28.930817610062892,72.32673928394972,198,12992,12992,True
196,937bc1b924b1,937bc1b924b1.png,937bc1b924b1_vessel.png,1.502987245732602,90.91889223896,56,28.930817610062892,72.32246985029086,224,12870,12870,True
197,3b0190bbe615,3b0190bbe615.png,3b0190bbe615_vessel.png,1.4875924345379674,87.6577798878499,68,36.477987421383645,72.30384214791002,178,12077,12077,True
198,22449af52060,22449af52060.png,22449af52060_vessel.png,1.486206630924129,87.3642224531945,69,37.10691823899371,72.28703118893426,291,12283,12283,True
199,7a42443ed106,7a42443ed106.png,7a42443ed106_vessel.png,1.5090315155209044,92.19926148875923,51,25.78616352201258,72.27533209873523,184,13051,13051,True
200,62b4be2799ca,62b4be2799ca.png,62b4be2799ca_vessel.png,1.4975197130998563,89.76069432582428,60,31.446540880503143,72.26644829222792,213,12358,12358,True
201,44a4d04162cc,44a4d04162cc.png,44a4d04162cc_vessel.png,1.4936908273405314,88.94961411945734,63,33.33333333333333,72.26472988362013,230,12366,12366,True
202,58a9e0d7f7af,58a9e0d7f7af.png,58a9e0d7f7af_vessel.png,1.5051376182153737,91.3744097620004,54,27.67295597484277,72.2639736258531,224,13087,13087,True
203,8b568d47a1fd,8b568d47a1fd.png,8b568d47a1fd_vessel.png,1.5037830222514115,91.08746310361067,55,28.30188679245283,72.25179021026332,196,13091,13091,True
204,b7bd4a6627b6,b7bd4a6627b6.png,b7bd4a6627b6_vessel.png,1.49742019122906,89.73961241725415,60,31.446540880503143,72.25169095622884,213,12588,12588,True
205,1e742358e0b9,1e742358e0b9.png,1e742358e0b9_vessel.png,1.480874332567786,86.23467147593176,73,39.62264150943396,72.25106248598242,178,16575,16575,True
206,2cacdb0dffae,2cacdb0dffae.png,2cacdb0dffae_vessel.png,1.5101198439406875,92.42980418310913,50,25.157232704402517,72.24803273949715,226,13165,13165,True
207,4aa3d771c5e4,4aa3d771c5e4.png,4aa3d771c5e4_vessel.png,1.5024024761514185,90.7950193781863,56,28.930817610062892,72.23575884774927,181,12826,12826,True
208,6f689fced922,6f689fced922.png,6f689fced922_vessel.png,1.5036636748040833,91.06218150517891,55,28.30188679245283,72.23409309136109,172,12896,12896,True
209,ceb32a193eff,ceb32a193eff.png,ceb32a193eff_vessel.png,1.4768788182168897,85.38829401575954,76,41.509433962264154,72.22463599971093,170,17458,17458,True
210,35ac70c0d08f,35ac70c0d08f.png,35ac70c0d08f_vessel.png,1.4970922504377813,89.6701440911181,60,31.446540880503143,72.2030631279336,204,12635,12635,True
211,b46b09a45f39,b46b09a45f39.png,b46b09a45f39_vessel.png,1.508542176163027,92.09560379502837,51,25.78616352201258,72.20277171312362,193,12969,12969,True
212,a627eb8c08c5,a627eb8c08c5.png,a627eb8c08c5_vessel.png,1.5249588197748476,95.57317286485493,38,17.61006289308176,72.18423987332297,128,6785,6785,True
213,549381330191,549381330191.png,549381330191_vessel.png,1.4891017401398128,87.97749898524896,66,35.22012578616352,72.15028702552333,219,12066,12066,True
214,39f8935185e6,39f8935185e6.png,39f8935185e6_vessel.png,1.487809401728856,87.70374046359497,67,35.84905660377358,72.14733530564855,185,12220,12220,True
215,5c817060c0ed,5c817060c0ed.png,5c817060c0ed_vessel.png,1.516900982347587,93.86626572419215,44,21.38364779874214,72.12148034655714,191,13621,13621,True
216,b7ce561a7328,b7ce561a7328.png,b7ce561a7328_vessel.png,1.5054349747268885,91.43739936155598,53,27.044025157232703,72.11938710025899,192,13024,13024,True
217,8d4d14a4ab07,8d4d14a4ab07.png,8d4d14a4ab07_vessel.png,1.4926735361241523,88.73411937200855,63,33.33333333333333,72.11388356040598,228,12340,12340,True
218,b5b913358b32,b5b913358b32.png,b5b913358b32_vessel.png,1.513022479813262,93.04467510131352,47,23.270440251572328,72.11240464639116,177,13272,13272,True
219,9be71d6d7e59,9be71d6d7e59.png,9be71d6d7e59_vessel.png,1.489869769908858,88.14019220273558,65,34.59119496855346,72.07549303248094,211,12350,12350,True
220,ce8d2efd9d4f,ce8d2efd9d4f.png,ce8d2efd9d4f_vessel.png,1.4974521266891334,89.74637736694838,59,30.81761006289308,72.06774717573178,214,12406,12406,True
221,addf66a50f42,addf66a50f42.png,addf66a50f42_vessel.png,1.5063457128926574,91.63032277214327,52,26.41509433962264,72.06575424238709,213,13101,13101,True
222,45693d027798,45693d027798.png,45693d027798_vessel.png,1.5024829038708951,90.81205653609882,55,28.30188679245283,72.05900561300503,235,12840,12840,True
223,93421787f520,93421787f520.png,93421787f520_vessel.png,1.501127158884014,90.52486647798273,56,28.930817610062892,72.04665181760677,201,12851,12851,True
224,82088c6734e6,82088c6734e6.png,82088c6734e6_vessel.png,1.5022285842952505,90.75818353312542,55,28.30188679245283,72.02129451092364,235,12832,12832,True
225,aeccef0bdc26,aeccef0bdc26.png,aeccef0bdc26_vessel.png,1.5046405760528994,91.26912036841351,53,27.044025157232703,72.00159180505926,197,13097,13097,True
226,d5c63a8d9e94,d5c63a8d9e94.png,d5c63a8d9e94_vessel.png,1.4904209722328345,88.25695444710182,64,33.9622641509434,71.96854735825428,212,12398,12398,True
227,57a710de68a4,57a710de68a4.png,57a710de68a4_vessel.png,1.4864949127745248,87.42528974989861,67,35.84905660377358,71.9524198060611,214,12136,12136,True
228,4cde86044ad1,4cde86044ad1.png,4cde86044ad1_vessel.png,1.495308221043594,89.29222972642908,60,31.446540880503143,71.9385230726513,171,12746,12746,True
229,d88c4843aec3,d88c4843aec3.png,d88c4843aec3_vessel.png,1.505153945498775,91.37786840172562,52,26.41509433962264,71.88903618309472,200,13032,13032,True
230,7ee6de71c140,7ee6de71c140.png,7ee6de71c140_vessel.png,1.493494537044104,88.90803356988192,61,32.075471698113205,71.85826500835131,219,12497,12497,True
231,4d3de40ced3a,4d3de40ced3a.png,4d3de40ced3a_vessel.png,1.498501332234234,89.96863258779663,57,29.559748427672954,71.84596733975953,218,12474,12474,True
232,780f9daaa24b,780f9daaa24b.png,780f9daaa24b_vessel.png,1.5034655074263306,91.02020332986996,53,27.044025157232703,71.82734987807878,185,12938,12938,True
233,4210809074c1,4210809074c1.png,4210809074c1_vessel.png,1.4995990378626727,90.20116167422233,56,28.930817610062892,71.8200584549745,205,12866,12866,True
234,8aa3c4681542,8aa3c4681542.png,8aa3c4681542_vessel.png,1.5020842226058089,90.72760311986062,54,27.67295597484277,71.81120897635526,218,12846,12846,True
235,bac1744955c2,bac1744955c2.png,bac1744955c2_vessel.png,1.4982576584087473,89.91701469447594,57,29.559748427672954,71.80983481443504,194,12881,12881,True
236,6852f4531591,6852f4531591.png,6852f4531591_vessel.png,1.4930588291688822,88.81573673587745,61,32.075471698113205,71.79365722454817,212,12668,12668,True
237,e04f3c6619a3,e04f3c6619a3.png,e04f3c6619a3_vessel.png,1.5031749302552144,90.95864981097994,53,27.044025157232703,71.78426241485576,188,12657,12657,True
238,b77b88926843,b77b88926843.png,b77b88926843_vessel.png,1.5106633714494255,92.54494065665881,47,23.270440251572328,71.76259053513286,195,13266,13266,True
239,4e231670b48c,4e231670b48c.png,4e231670b48c_vessel.png,1.5042963791660962,91.19620848241658,52,26.41509433962264,71.76187423957839,159,12924,12924,True
240,7e77b61e1639,7e77b61e1639.png,7e77b61e1639_vessel.png,1.5004653681369928,90.38467807608058,55,28.30188679245283,71.75984069099225,235,12509,12509,True
241,7a77c3eb468c,7a77c3eb468c.png,7a77c3eb468c_vessel.png,1.5220564761169975,94.95836384705548,38,17.61006289308176,71.75387356086335,183,13839,13839,True
242,1c47815f4a6b,1c47815f4a6b.png,1c47815f4a6b_vessel.png,1.4901736944903663,88.20457312914198,63,33.33333333333333,71.74320119039938,168,16000,16000,True
243,aa4407aab872,aa4407aab872.png,aa4407aab872_vessel.png,1.502897224996349,90.89982297392396,53,27.044025157232703,71.74308362891658,187,12775,12775,True
244,cd8da43e3069,cd8da43e3069.png,cd8da43e3069_vessel.png,1.4825281565584083,86.58500418051605,69,37.10691823899371,71.74157839805935,194,11849,11849,True
245,d18f6431ebce,d18f6431ebce.png,d18f6431ebce_vessel.png,1.4888779797535119,87.93009939390423,64,33.9622641509434,71.73974882101598,242,12038,12038,True
246,a821b6ecef33,a821b6ecef33.png,a821b6ecef33_vessel.png,1.5192985630353777,94.37414983494125,40,18.867924528301888,71.72228224294943,104,6715,6715,True
247,4bcee3cbe232,4bcee3cbe232.png,4bcee3cbe232_vessel.png,1.4988700560644388,90.04674006320684,56,28.930817610062892,71.71196332726365,167,12632,12632,True
248,8d13c46e7d75,8d13c46e7d75.png,8d13c46e7d75_vessel.png,1.5014074560762096,90.58424236924205,54,27.67295597484277,71.71085645092226,188,13009,13009,True
249,57f5ad4b5b29,57f5ad4b5b29.png,57f5ad4b5b29_vessel.png,1.526803165752175,95.96386420691432,34,15.09433962264151,71.70300683163246,152,7874,7874,True
250,4faf4063db8c,4faf4063db8c.png,4faf4063db8c_vessel.png,1.497517629047497,89.76025285702005,57,29.559748427672954,71.70010152821592,189,12683,12683,True
251,b10fca20c885,b10fca20c885.png,b10fca20c885_vessel.png,1.4834329647427866,86.7766714317838,68,36.477987421383645,71.68706622866375,228,11976,11976,True
252,6c9c902a97de,6c9c902a97de.png,6c9c902a97de_vessel.png,1.491032551433378,88.38650644091058,62,32.70440251572327,71.68187526335439,199,12333,12333,True
253,942f544c4e15,942f544c4e15.png,942f544c4e15_vessel.png,1.4986137533893868,89.99244697648643,56,28.930817610062892,71.67395816655937,192,12552,12552,True
254,a1edf0e66592,a1edf0e66592.png,a1edf0e66592_vessel.png,1.513855277510019,93.22108823301963,44,21.38364779874214,71.66985610273638,178,13437,13437,True
255,87295c5fa1cc,87295c5fa1cc.png,87295c5fa1cc_vessel.png,1.4946927619225654,89.16185584163021,59,30.81761006289308,71.65858210800907,215,12475,12475,True
256,7c6594b50690,7c6594b50690.png,7c6594b50690_vessel.png,1.4996966197062607,90.22183262311191,55,28.30188679245283,71.64584887391418,179,12480,12480,True
257,9a1029536d78,9a1029536d78.png,9a1029536d78_vessel.png,1.5008654001955009,90.46941763347735,54,27.67295597484277,71.63047913588697,184,12899,12899,True
258,763ad1236efe,763ad1236efe.png,763ad1236efe_vessel.png,1.5033881550628516,91.00381763051065,52,26.41509433962264,71.62720064324425,218,13031,13031,True
259,958c1fa044ba,958c1fa044ba.png,958c1fa044ba_vessel.png,1.4981736650384416,89.89922221791666,56,28.930817610062892,71.60870083556053,208,12796,12796,True
260,c97472ef2c66,c97472ef2c66.png,c97472ef2c66_vessel.png,1.529974739688244,96.6357047903817,31,13.20754716981132,71.60725750421058,129,7104,7104,True
261,8c84e96d9b01,8c84e96d9b01.png,8c84e96d9b01_vessel.png,1.5248739943348157,95.55520412937135,35,15.723270440251572,71.60562402263541,131,7870,7870,True
262,98e44127872f,98e44127872f.png,98e44127872f_vessel.png,1.4866645071298878,87.46121524713013,65,34.59119496855346,71.60020916355712,234,12045,12045,True
263,7fc3a8bb40de,7fc3a8bb40de.png,7fc3a8bb40de_vessel.png,1.4942976735772908,89.07816352047959,59,30.81761006289308,71.59999748320364,206,12377,12377,True
264,2c827005b8f8,2c827005b8f8.png,2c827005b8f8_vessel.png,1.5107028365952024,92.55330063410214,46,22.641509433962266,71.57976327406017,195,13152,13152,True
265,a8dea22ef903,a8dea22ef903.png,a8dea22ef903_vessel.png,1.492750526248071,88.75042833746777,60,31.446540880503143,71.55926210037838,227,12205,12205,True
266,32d7d360d891,32d7d360d891.png,32d7d360d891_vessel.png,1.4977153859171697,89.80214407361589,56,28.930817610062892,71.54074613454999,199,12452,12452,True
267,76095c338728,76095c338728.png,76095c338728_vessel.png,1.5040263958733957,91.13901740424825,51,25.78616352201258,71.53316123957754,193,12866,12866,True
268,d7bc00091cfc,d7bc00091cfc.png,d7bc00091cfc_vessel.png,1.4925429151645557,88.70644968387344,60,31.446540880503143,71.52847704286235,193,12305,12305,True
269,66393d8c60ba,66393d8c60ba.png,66393d8c60ba_vessel.png,1.5027016765865036,90.85839957960464,52,26.41509433962264,71.52540800761004,171,12776,12776,True
270,9122b31414d3,9122b31414d3.png,9122b31414d3_vessel.png,1.498608158774129,89.99126185841733,55,28.30188679245283,71.48444933862798,218,12573,12573,True
271,a654b25124c3,a654b25124c3.png,a654b25124c3_vessel.png,1.4897002653912106,88.10428573599943,62,32.70440251572327,71.48432076991656,216,12334,12334,True
272,d27ac9e54901,d27ac9e54901.png,d27ac9e54901_vessel.png,1.4871308694378684,87.56000566835841,64,33.9622641509434,71.48068321313391,200,12128,12128,True
273,922586d86cd8,922586d86cd8.png,922586d86cd8_vessel.png,1.5061952209388,91.59844377322202,49,24.528301886792452,71.47740120729314,171,13109,13109,True
274,370f575adb23,370f575adb23.png,370f575adb23_vessel.png,1.4779662943170653,85.61865616161396,71,38.36477987421384,71.44249327539391,203,11633,11633,True
275,81371b0c01ad,81371b0c01ad.png,81371b0c01ad_vessel.png,1.5212220680323552,94.78160958379817,37,16.9811320754717,71.44146633130023,130,6619,6619,True
276,5a444c32cd9a,5a444c32cd9a.png,5a444c32cd9a_vessel.png,1.5122930483854913,92.89015824441174,44,21.38364779874214,71.43820511071085,211,13336,13336,True
277,9910c827e2fe,9910c827e2fe.png,9910c827e2fe_vessel.png,1.4854032933701593,87.19404991997925,65,34.59119496855346,71.4131934345515,225,11794,11794,True
278,6a2642131e4a,6a2642131e4a.png,6a2642131e4a_vessel.png,1.4967972212650211,89.60764749619,56,28.930817610062892,71.40459853035186,235,12518,12518,True
279,e12df54e0d1e,e12df54e0d1e.png,e12df54e0d1e_vessel.png,1.4789252662080692,85.82179701463139,70,37.735849056603776,71.3960126272231,256,11768,11768,True
280,42b9c1977681,42b9c1977681.png,42b9c1977681_vessel.png,1.4928624331063312,88.77413378166142,59,30.81761006289308,71.38717666603091,224,12448,12448,True
281,d69698f838db,d69698f838db.png,d69698f838db_vessel.png,1.504298209623198,91.19659623165154,50,25.157232704402517,71.38478717347682,174,13115,13115,True
282,5b994ff78547,5b994ff78547.png,5b994ff78547_vessel.png,1.496621523980516,89.57042920378537,56,28.930817610062892,71.37854572566862,226,12615,12615,True
283,90a786abe58e,90a786abe58e.png,90a786abe58e_vessel.png,1.5016963436738457,90.64543798254468,52,26.41509433962264,71.37633488966806,178,12830,12830,True
284,9cf7c1349673,9cf7c1349673.png,9cf7c1349673_vessel.png,1.497867747532293,89.83441912646532,55,28.30188679245283,71.37465942626157,182,12506,12506,True
285,43f22d1be8dd,43f22d1be8dd.png,43f22d1be8dd_vessel.png,1.5180606024477943,94.11191027179788,39,18.238993710691823,71.35003530346607,132,6812,6812,True
286,9985375d709f,9985375d709f.png,9985375d709f_vessel.png,1.497528095694148,89.76247002683373,55,28.30188679245283,71.32429505651945,173,12621,12621,True
287,8f9819752ca0,8f9819752ca0.png,8f9819752ca0_vessel.png,1.5000262485750275,90.29165853793656,53,27.044025157232703,71.31736852372539,192,12542,12542,True
288,870f433e8f37,870f433e8f37.png,870f433e8f37_vessel.png,1.498607191428627,89.99105694376625,54,27.67295597484277,71.2956266530892,212,12426,12426,True
289,96c699221180,96c699221180.png,96c699221180_vessel.png,1.499872766100403,90.25914605127147,53,27.044025157232703,71.29460978305984,198,12548,12548,True
290,b9bc81fcb075,b9bc81fcb075.png,b9bc81fcb075_vessel.png,1.5074901910560714,91.87275977426683,47,23.270440251572328,71.29206391745846,191,12967,12967,True
291,94076a9fb9b5,94076a9fb9b5.png,94076a9fb9b5_vessel.png,1.4895673495433333,88.07612991728291,61,32.075471698113205,71.27593245153199,227,12239,12239,True
292,7a06ea127e02,7a06ea127e02.png,7a06ea127e02_vessel.png,1.501005382893896,90.49907043667883,52,26.41509433962264,71.27387760756197,213,12803,12803,True
293,a987aa7aac37,a987aa7aac37.png,a987aa7aac37_vessel.png,1.5046655461792362,91.27440983811707,49,24.528301886792452,71.25057745271968,226,12981,12981,True
294,5ca779ace6e7,5ca779ace6e7.png,5ca779ace6e7_vessel.png,1.4994716179326457,90.17417006631399,53,27.044025157232703,71.2351265935896,228,12919,12919,True
295,c334f8688b77,c334f8688b77.png,c334f8688b77_vessel.png,1.495630380592322,89.36047340087902,56,28.930817610062892,71.23157666363417,203,12477,12477,True
296,4a589edaea60,4a589edaea60.png,4a589edaea60_vessel.png,1.486401919234113,87.40559075006179,63,33.33333333333333,71.18391352504325,225,12063,12063,True
297,5ad3dabeb2cd,5ad3dabeb2cd.png,5ad3dabeb2cd_vessel.png,1.4876230147560487,87.66425775403636,62,32.70440251572327,71.17630118254242,229,12017,12017,True
298,3cd9713c0ecb,3cd9713c0ecb.png,3cd9713c0ecb_vessel.png,1.487451220072029,87.62786615696972,62,32.70440251572327,71.15082706459577,208,11927,11927,True
299,bdf47b9f10c4,bdf47b9f10c4.png,bdf47b9f10c4_vessel.png,1.4898995799575152,88.14650692245729,60,31.446540880503143,71.13651710987105,196,12238,12238,True
300,97d02a9b94f7,97d02a9b94f7.png,97d02a9b94f7_vessel.png,1.4975034629646267,89.75725202854406,54,27.67295597484277,71.13196321243366,181,12426,12426,True
301,266fbefa58fb,266fbefa58fb.png,266fbefa58fb_vessel.png,1.5000375839085884,90.29405972336274,52,26.41509433962264,71.1303701082407,180,12625,12625,True
302,52ddde91a349,52ddde91a349.png,52ddde91a349_vessel.png,1.4947938485537542,89.18326921639228,56,28.930817610062892,71.10753373449346,181,12539,12539,True
303,6d4f6c9a8406,6d4f6c9a8406.png,6d4f6c9a8406_vessel.png,1.4985877904007103,89.9869471868512,53,27.044025157232703,71.10407057796564,192,12689,12689,True
304,571bbdbf585e,571bbdbf585e.png,571bbdbf585e_vessel.png,1.4957918919502,89.39468666126668,55,28.30188679245283,71.06684670062252,198,12417,12417,True
305,415f2d2bd2a1,415f2d2bd2a1.png,415f2d2bd2a1_vessel.png,1.489417032639889,88.04428799962605,60,31.446540880503143,71.06496386388918,195,12351,12351,True
306,c62cef02efa2,c62cef02efa2.png,c62cef02efa2_vessel.png,1.4957267834902768,89.38089461145631,55,28.30188679245283,71.05719226575526,196,12536,12536,True
307,d2cd47ed2c1d,d2cd47ed2c1d.png,d2cd47ed2c1d_vessel.png,1.5134018388810706,93.12503545948194,41,19.49685534591195,71.03658142541094,126,6343,6343,True
308,cd1c98ec48b1,cd1c98ec48b1.png,cd1c98ec48b1_vessel.png,1.4917201230316903,88.53215604993666,58,30.18867924528302,71.02911300854056,198,12391,12391,True
309,a88365134c3c,a88365134c3c.png,a88365134c3c_vessel.png,1.5056898418476385,91.49138835205815,47,23.270440251572328,71.02510392191239,153,12850,12850,True
310,e0d229db881a,e0d229db881a.png,e0d229db881a_vessel.png,1.4928800753346543,88.77787096868882,57,29.559748427672954,71.01243420638406,206,12263,12263,True
311,98441214557f,98441214557f.png,98441214557f_vessel.png,1.497917190821226,89.84489279309108,53,27.044025157232703,71.00463250233356,205,12328,12328,True
312,de55ed25e0e8,de55ed25e0e8.png,de55ed25e0e8_vessel.png,1.5015712045760239,90.6189295276923,50,25.157232704402517,70.98042048070536,206,13050,13050,True
313,737ef6226677,737ef6226677.png,737ef6226677_vessel.png,1.5015474402378048,90.61389548239599,50,25.157232704402517,70.97689664899794,188,12746,12746,True
314,8e2a3978c244,8e2a3978c244.png,8e2a3978c244_vessel.png,1.481188382451903,86.30119726458942,66,35.22012578616352,70.97687582106164,219,11789,11789,True
315,c6f5b5b5be41,c6f5b5b5be41.png,c6f5b5b5be41_vessel.png,1.490034672524948,88.17512383984774,59,30.81761006289308,70.96786970676135,219,12048,12048,True
316,9bbb6c455913,9bbb6c455913.png,9bbb6c455913_vessel.png,1.484909041827849,87.08935166880842,63,33.33333333333333,70.96254616816589,205,11903,11903,True
317,de6210f88536,de6210f88536.png,de6210f88536_vessel.png,1.49632385902451,89.50737426584223,54,27.67295597484277,70.95704877854239,190,12177,12177,True
318,44878f34e31f,44878f34e31f.png,44878f34e31f_vessel.png,1.4936752780101,88.94632027500025,56,28.930817610062892,70.94166947551903,201,12113,12113,True
319,83517eaeccb9,83517eaeccb9.png,83517eaeccb9_vessel.png,1.4935963288325271,88.929596319452,56,28.930817610062892,70.92996270663527,168,12276,12276,True
320,26cd40b57ad1,26cd40b57ad1.png,26cd40b57ad1_vessel.png,1.4986047698924447,89.99054398511723,52,26.41509433962264,70.91790909146884,226,12865,12865,True
321,75ed83dbccce,75ed83dbccce.png,75ed83dbccce_vessel.png,1.4973303471410306,89.72058057194975,53,27.044025157232703,70.91761394753463,181,12837,12837,True
322,8ceff4c4c860,8ceff4c4c860.png,8ceff4c4c860_vessel.png,1.490936358471789,88.36612970155588,58,30.18867924528302,70.91289456467402,218,12412,12412,True
323,1b398c0494d1,1b398c0494d1.png,1b398c0494d1_vessel.png,1.497180912468947,89.68892553905232,53,27.044025157232703,70.89545542450644,190,12223,12223,True
324,1d3e9b939732,1d3e9b939732.png,1d3e9b939732_vessel.png,1.5047206804342794,91.28608903299757,47,23.270440251572328,70.88139439856998,161,12855,12855,True
325,b3f31c371e59,b3f31c371e59.png,b3f31c371e59_vessel.png,1.4868698686833186,87.50471737845668,61,32.075471698113205,70.87594367435364,209,11909,11909,True
326,72c31aa48e2c,72c31aa48e2c.png,72c31aa48e2c_vessel.png,1.4957728685793756,89.39065690417704,54,27.67295597484277,70.87534662537675,169,12544,12544,True
327,29d059522fa1,29d059522fa1.png,29d059522fa1_vessel.png,1.4982009818954538,89.9050088000754,52,26.41509433962264,70.85803446193957,177,12850,12850,True
328,4e1e252317b5,4e1e252317b5.png,4e1e252317b5_vessel.png,1.4968486127515186,89.61853385323847,53,27.044025157232703,70.84618124443674,185,12360,12360,True
329,529906ff9dfa,529906ff9dfa.png,529906ff9dfa_vessel.png,1.50445039387985,91.22883371431615,47,23.270440251572328,70.841315675493,209,12977,12977,True
330,ba4e62c11cc0,ba4e62c11cc0.png,ba4e62c11cc0_vessel.png,1.4891186816107866,87.98108772950444,59,30.81761006289308,70.83204442952103,235,12417,12417,True
331,53273d664cd8,53273d664cd8.png,53273d664cd8_vessel.png,1.4941577772488017,89.04852901318081,55,28.30188679245283,70.82453634696242,228,12507,12507,True
332,a30a143a53a3,a30a143a53a3.png,a30a143a53a3_vessel.png,1.4941544691079802,89.04782824337234,55,28.30188679245283,70.82404580809649,221,12191,12191,True
333,4dd7b322f342,4dd7b322f342.png,4dd7b322f342_vessel.png,1.5157601913363634,93.62460977858152,38,17.61006289308176,70.82024571293158,168,7616,7616,True
334,3af9aaa880e9,3af9aaa880e9.png,3af9aaa880e9_vessel.png,1.4966237530578748,89.57090139351305,53,27.044025157232703,70.81283852262895,216,12532,12532,True
335,cf8ae5501bd6,cf8ae5501bd6.png,cf8ae5501bd6_vessel.png,1.4951716006839135,89.26328917387964,54,27.67295597484277,70.78618921416857,204,12414,12414,True
336,b4b04d81acbb,b4b04d81acbb.png,b4b04d81acbb_vessel.png,1.5040467185593551,91.14332239775239,47,23.270440251572328,70.78145775389837,212,12711,12711,True
337,93a1b984de84,93a1b984de84.png,93a1b984de84_vessel.png,1.4950224868466355,89.2317021040338,54,27.67295597484277,70.76407826527648,198,12592,12592,True
338,d9c9b9786da3,d9c9b9786da3.png,d9c9b9786da3_vessel.png,1.500064568700991,90.29977596363901,50,25.157232704402517,70.75701298586806,198,12458,12458,True
339,ad20080452de,ad20080452de.png,ad20080452de_vessel.png,1.4847912380589305,87.0643970707318,62,32.70440251572327,70.75639870422923,234,12013,12013,True
340,aa94cc4bfd84,aa94cc4bfd84.png,aa94cc4bfd84_vessel.png,1.4873222621033533,87.60054874338762,60,31.446540880503143,70.75434638452228,199,12094,12094,True
341,8a482c024fc2,8a482c024fc2.png,8a482c024fc2_vessel.png,1.49236804252094,88.66940607672838,56,28.930817610062892,70.74782953672873,234,12356,12356,True
342,7c2e852171c0,7c2e852171c0.png,7c2e852171c0_vessel.png,1.5024872584862472,90.81297898261211,48,23.89937106918239,70.73889660858319,209,12881,12881,True
343,a484bdf85b4c,a484bdf85b4c.png,a484bdf85b4c_vessel.png,1.4908092339151078,88.3392006631493,57,29.559748427672954,70.70536499250639,188,12351,12351,True
344,8a8a251770cd,8a8a251770cd.png,8a8a251770cd_vessel.png,1.4920106988678234,88.59370928603468,56,28.930817610062892,70.69484178324313,207,11878,11878,True
345,bebfbd907cac,bebfbd907cac.png,bebfbd907cac_vessel.png,1.4894285248675345,88.04672242022677,58,30.18867924528302,70.68930946774364,171,12177,12177,True
346,a6731dd737af,a6731dd737af.png,a6731dd737af_vessel.png,1.4843259861776044,86.96584187330926,62,32.70440251572327,70.68741006603345,168,11967,11967,True
347,3b10191dfd25,3b10191dfd25.png,3b10191dfd25_vessel.png,1.5199508143713247,94.5123174851185,34,15.09433962264151,70.6869241263754,152,8572,8572,True
348,7e9081e95bf6,7e9081e95bf6.png,7e9081e95bf6_vessel.png,1.500816470790619,90.45905282389477,49,24.528301886792452,70.67982754276406,210,12893,12893,True
349,91e82fe4e434,91e82fe4e434.png,91e82fe4e434_vessel.png,1.4854573323699891,87.20549710484943,61,32.075471698113205,70.66648948282855,191,12008,12008,True
350,9519a590985d,9519a590985d.png,9519a590985d_vessel.png,1.4903929469852322,88.25101780520713,57,29.559748427672954,70.64363699194688,181,12149,12149,True
351,9e2058917304,9e2058917304.png,9e2058917304_vessel.png,1.5004547492062417,90.38242864763416,49,24.528301886792452,70.62619061938165,182,12604,12604,True
352,242fc19be06f,242fc19be06f.png,242fc19be06f_vessel.png,1.5028699648444366,90.89404840371516,47,23.270440251572328,70.60696595807231,190,13015,13015,True
353,38c7153457e2,38c7153457e2.png,38c7153457e2_vessel.png,1.4990196202872252,90.07842253907786,50,25.157232704402517,70.60206558867526,198,12750,12750,True
354,7347bd23ba80,7347bd23ba80.png,7347bd23ba80_vessel.png,1.495156393586416,89.26006782528066,53,27.044025157232703,70.59525502486626,187,12220,12220,True
355,976082127e2a,976082127e2a.png,976082127e2a_vessel.png,1.4900592365193828,88.18032727785233,57,29.559748427672954,70.59415362279852,194,12013,12013,True
356,5889a0c75cac,5889a0c75cac.png,5889a0c75cac_vessel.png,1.4924662184227102,88.69020286610088,55,28.30188679245283,70.57370804400645,185,12283,12283,True
357,75238d945315,75238d945315.png,75238d945315_vessel.png,1.4962505088796165,89.49183636411394,52,26.41509433962264,70.56881375676654,191,12474,12474,True
358,e3b47ed5b511,e3b47ed5b511.png,e3b47ed5b511_vessel.png,1.4962028875131406,89.48174863881297,52,26.41509433962264,70.56175234905587,198,12503,12503,True
359,7a9f45fdf29b,7a9f45fdf29b.png,7a9f45fdf29b_vessel.png,1.487247647131044,87.58474291084451,59,30.81761006289308,70.55460305645909,195,12138,12138,True
360,9274e75dc4d5,9274e75dc4d5.png,9274e75dc4d5_vessel.png,1.4859010061393656,87.299481369475,60,31.446540880503143,70.54359922278344,173,11735,11735,True
361,77b7b71ebcc3,77b7b71ebcc3.png,77b7b71ebcc3_vessel.png,1.508725267757063,92.13438843818807,42,20.125786163522015,70.53180775578825,168,12822,12822,True
362,7f2cce721e19,7f2cce721e19.png,7f2cce721e19_vessel.png,1.4807059863370213,86.19901037132524,64,33.9622641509434,70.52798650521069,199,12064,12064,True
363,c25e02b39c01,c25e02b39c01.png,c25e02b39c01_vessel.png,1.4997214511093766,90.22709270680978,49,24.528301886792452,70.51745546080458,194,12833,12833,True
364,9a159d4674cd,9a159d4674cd.png,9a159d4674cd_vessel.png,1.522609118929408,95.07543123284663,31,13.20754716981132,70.51506601393604,119,6991,6991,True
365,996f9bba4ef0,996f9bba4ef0.png,996f9bba4ef0_vessel.png,1.4971507097304642,89.68252763509244,51,25.78616352201258,70.51361840116847,179,12713,12713,True
366,da3a2275c850,da3a2275c850.png,da3a2275c850_vessel.png,1.4983504979986275,89.93668108267666,50,25.157232704402517,70.5028465691944,198,12685,12685,True
367,4a1afe4044f4,4a1afe4044f4.png,4a1afe4044f4_vessel.png,1.5212512149958517,94.78778384091989,32,13.836477987421384,70.50239208487032,116,6767,6767,True
368,da9fe02dead3,da9fe02dead3.png,da9fe02dead3_vessel.png,1.4956759702801234,89.37013075179377,52,26.41509433962264,70.48361982814242,210,12533,12533,True
369,83df53d58f28,83df53d58f28.png,83df53d58f28_vessel.png,1.4967622181957063,89.60023272895276,51,25.78616352201258,70.4560119668707,213,12470,12470,True
370,6c30dd481717,6c30dd481717.png,6c30dd481717_vessel.png,1.5094863276252526,92.2956052082224,41,19.49685534591195,70.45598024952926,106,6423,6423,True
371,dee31065f8fe,dee31065f8fe.png,dee31065f8fe_vessel.png,1.5030985510667385,90.94247026114607,46,22.641509433962266,70.45218201299093,188,12910,12910,True
372,94b9ccc73bb9,94b9ccc73bb9.png,94b9ccc73bb9_vessel.png,1.5068530837161942,91.73780010579226,43,20.754716981132077,70.44287516839421,119,6712,6712,True
373,bc7bf19b84e3,bc7bf19b84e3.png,bc7bf19b84e3_vessel.png,1.497855872689571,89.83190365577985,50,25.157232704402517,70.42950237036665,167,12584,12584,True
374,d0926ed2c8e5,d0926ed2c8e5.png,d0926ed2c8e5_vessel.png,1.4901053072501225,88.19008652901432,56,28.930817610062892,70.41230585332889,169,12149,12149,True
375,3908b3cfd620,3908b3cfd620.png,3908b3cfd620_vessel.png,1.487555413092581,87.6499375641423,58,30.18867924528302,70.41156006848452,172,12006,12006,True
376,6bf2a81a5d91,6bf2a81a5d91.png,6bf2a81a5d91_vessel.png,1.518081145018782,94.11626184396886,34,15.09433962264151,70.40968517757065,114,6413,6413,True
377,76516f828d88,76516f828d88.png,76516f828d88_vessel.png,1.48492856042149,87.0934863298961,60,31.446540880503143,70.39940269507821,248,11791,11791,True
378,a26f50218b84,a26f50218b84.png,a26f50218b84_vessel.png,1.5294524219868255,96.52506123095351,25,9.433962264150944,70.39773154091273,110,7404,7404,True
379,28dc010a0780,28dc010a0780.png,28dc010a0780_vessel.png,1.4950530586285202,89.23817818316455,52,26.41509433962264,70.39125303010198,209,12462,12462,True
380,28f73575e1f2,28f73575e1f2.png,28f73575e1f2_vessel.png,1.5089356829158538,92.1789610844205,41,19.49685534591195,70.37432936286793,120,6343,6343,True
381,7fdb177b8f7d,7fdb177b8f7d.png,7fdb177b8f7d_vessel.png,1.4974793408885976,89.75214220296203,50,25.157232704402517,70.37366935339418,184,12445,12445,True
382,883c6a184f16,883c6a184f16.png,883c6a184f16_vessel.png,1.4821649365994563,86.50806260069848,62,32.70440251572327,70.36696457520591,204,11714,11714,True
383,542964865b1e,542964865b1e.png,542964865b1e_vessel.png,1.4922268578529727,88.63949865800953,54,27.67295597484277,70.34953585305949,214,12326,12326,True
384,cb39761f0712,cb39761f0712.png,cb39761f0712_vessel.png,1.493455934290429,88.89985627460987,53,27.044025157232703,70.34310693939672,186,12402,12402,True
385,5de4615a5161,5de4615a5161.png,5de4615a5161_vessel.png,1.4845424983010758,87.0117060512515,60,31.446540880503143,70.34215650002699,214,12337,12337,True
386,8bf05909e1e1,8bf05909e1e1.png,8bf05909e1e1_vessel.png,1.4883235433275182,87.81265206351127,57,29.559748427672954,70.33678097275977,206,12095,12095,True
387,c6916bc42016,c6916bc42016.png,c6916bc42016_vessel.png,1.489578605522882,88.07851429299666,56,28.930817610062892,70.33420528811652,197,12178,12178,True
388,1db6bb46c102,1db6bb46c102.png,1db6bb46c102_vessel.png,1.4958646708135361,89.41010354732812,51,25.78616352201258,70.32292153973346,170,12450,12450,True
389,43bc7c066dfb,43bc7c066dfb.png,43bc7c066dfb_vessel.png,1.4843777069582391,86.97679798536576,60,31.446540880503143,70.31772085390696,225,11919,11919,True
390,ce6f33a81ad5,ce6f33a81ad5.png,ce6f33a81ad5_vessel.png,1.494516934102543,89.12460989763686,52,26.41509433962264,70.31175523023259,192,12337,12337,True
391,4926dea289f8,4926dea289f8.png,4926dea289f8_vessel.png,1.4843281349267468,86.966297046957,60,31.446540880503143,70.31037019702083,180,11866,11866,True
392,1f9ccda4ddf2,1f9ccda4ddf2.png,1f9ccda4ddf2_vessel.png,1.5160039015922935,93.67623538903284,35,15.723270440251572,70.29034590439846,109,6568,6568,True
393,abbb8791785e,abbb8791785e.png,abbb8791785e_vessel.png,1.4930707436746462,88.81826060846107,53,27.044025157232703,70.28598997309255,193,12498,12498,True
394,80e6e425f966,80e6e425f966.png,80e6e425f966_vessel.png,1.4879688217499971,87.73751071211476,57,29.559748427672954,70.28418202678222,189,12173,12173,True
395,1ca91751be4d,1ca91751be4d.png,1ca91751be4d_vessel.png,1.4776394126068482,85.54941218264834,65,34.59119496855346,70.26194701841987,201,11652,11652,True
396,3580a545016d,3580a545016d.png,3580a545016d_vessel.png,1.4927851789597242,88.75776888777028,53,27.044025157232703,70.243645768609,203,12172,12172,True
397,afc744fad65e,afc744fad65e.png,afc744fad65e_vessel.png,1.4837750361506494,86.84913307350448,60,31.446540880503143,70.22835541560407,206,11873,11873,True
398,7a39c91416e2,7a39c91416e2.png,7a39c91416e2_vessel.png,1.4949258507009708,89.21123148414722,51,25.78616352201258,70.18371109550682,167,12247,12247,True
399,8c29a76fa08c,8c29a76fa08c.png,8c29a76fa08c_vessel.png,1.469351641431543,83.79379773559481,71,38.36477987421384,70.16509237718051,252,11124,11124,True
400,75369248dba0,75369248dba0.png,75369248dba0_vessel.png,1.4935216981623942,88.91378716160881,52,26.41509433962264,70.16417931501296,182,12253,12253,True
401,3a4cfea0a766,3a4cfea0a766.png,3a4cfea0a766_vessel.png,1.4946118939702067,89.14472542834278,51,25.78616352201258,70.13715685644371,203,12483,12483,True
402,73d40ce06a67,73d40ce06a67.png,73d40ce06a67_vessel.png,1.4945156373428812,89.12433520255315,51,25.78616352201258,70.12288369839098,222,12237,12237,True
403,6d10709053ae,6d10709053ae.png,6d10709053ae_vessel.png,1.4892794266811067,88.01513866573049,55,28.30188679245283,70.10116310374718,202,12177,12177,True
404,1ec95179cdfe,1ec95179cdfe.png,1ec95179cdfe_vessel.png,1.514694052527699,93.39876755206919,35,15.723270440251572,70.0961184185239,160,7545,7545,True
405,b759cbef90c5,b759cbef90c5.png,b759cbef90c5_vessel.png,1.4813966491337829,86.34531479484141,61,32.075471698113205,70.06436186582295,211,11888,11888,True
406,d332d7b8a26e,d332d7b8a26e.png,d332d7b8a26e_vessel.png,1.4992053810613095,90.11777259976125,47,23.270440251572328,70.06357289530457,162,12496,12496,True
407,5c85d22bd0de,5c85d22bd0de.png,5c85d22bd0de_vessel.png,1.4863990911845648,87.4049916789076,57,29.559748427672954,70.05141870353721,196,12240,12240,True
408,4b237b958555,4b237b958555.png,4b237b958555_vessel.png,1.4875930865181346,87.65791799805788,56,28.930817610062892,70.03978788165938,178,12179,12179,True
409,9c893e16c055,9c893e16c055.png,9c893e16c055_vessel.png,1.4963771469124605,89.51866234124391,49,24.528301886792452,70.02155420490847,194,12636,12636,True
410,9d1feed37610,9d1feed37610.png,9d1feed37610_vessel.png,1.4934762466205118,88.9041590744088,51,25.78616352201258,69.96876040868993,221,12434,12434,True
411,a4ee03ecff60,a4ee03ecff60.png,a4ee03ecff60_vessel.png,1.481953979368507,86.46337512628214,60,31.446540880503143,69.95832485254843,197,11682,11682,True
412,b549af91bd30,b549af91bd30.png,b549af91bd30_vessel.png,1.4856688381392598,87.25030077718937,57,29.559748427672954,69.94313507233444,171,11965,11965,True
413,c21eb81de9fc,c21eb81de9fc.png,c21eb81de9fc_vessel.png,1.512384904667419,92.90961633660488,36,16.352201257861633,69.9423918129819,114,6386,6386,True
414,3bf3085ac167,3bf3085ac167.png,3bf3085ac167_vessel.png,1.4818221953295447,86.4354590608166,60,31.446540880503143,69.93878360672255,195,11880,11880,True
415,4a5a6efc0bef,4a5a6efc0bef.png,4a5a6efc0bef_vessel.png,1.4919507705495794,88.58101455556114,52,26.41509433962264,69.93123849077959,187,12124,12124,True
416,bd06028eb7dd,bd06028eb7dd.png,bd06028eb7dd_vessel.png,1.4778979259239686,85.6041735539136,63,33.33333333333333,69.92292148773952,221,11859,11859,True
417,d26bc6e1230d,d26bc6e1230d.png,d26bc6e1230d_vessel.png,1.4956779703251704,89.37055442516804,49,24.528301886792452,69.91787866365536,211,12263,12263,True
418,5814cbd2e9bf,5814cbd2e9bf.png,5814cbd2e9bf_vessel.png,1.4955989279572588,89.35381072893179,49,24.528301886792452,69.90615807628998,169,12374,12374,True
419,999ad827ed35,999ad827ed35.png,999ad827ed35_vessel.png,1.4993809214066909,90.15495764745062,46,22.641509433962266,69.9009231834041,199,12304,12304,True
420,e1b8acb1cea1,e1b8acb1cea1.png,e1b8acb1cea1_vessel.png,1.4738408169670514,84.74474839033553,66,35.22012578616352,69.88736160908392,236,11593,11593,True
421,c64c0966b4cf,c64c0966b4cf.png,c64c0966b4cf_vessel.png,1.4900443469838387,88.17717319901035,53,27.044025157232703,69.83722878647706,220,12357,12357,True
422,880edb2cdb69,880edb2cdb69.png,880edb2cdb69_vessel.png,1.4925467714288472,88.70726656372673,51,25.78616352201258,69.83093565121249,204,12392,12392,True
423,4e4a6224a04e,4e4a6224a04e.png,4e4a6224a04e_vessel.png,1.4912727969479005,88.43739810855125,52,26.41509433962264,69.83070697787267,183,12174,12174,True
424,51cd8d2057fa,51cd8d2057fa.png,51cd8d2057fa_vessel.png,1.4963095194065448,89.5043366770946,48,23.89937106918239,69.82284699472093,185,12469,12469,True
425,aafe980edd0c,aafe980edd0c.png,aafe980edd0c_vessel.png,1.505206311898983,91.38896127661327,41,19.49685534591195,69.82132949740287,177,12921,12921,True
426,dee1031a76ae,dee1031a76ae.png,dee1031a76ae_vessel.png,1.498794473839034,90.03072933558727,46,22.641509433962266,69.81396336509977,169,8090,8090,True
427,ae58ccb5905e,ae58ccb5905e.png,ae58ccb5905e_vessel.png,1.4872017487617522,87.57502017133822,55,28.30188679245283,69.7930801576726,234,12078,12078,True
428,c6a8f8f998a2,c6a8f8f998a2.png,c6a8f8f998a2_vessel.png,1.4948216359743736,89.1891554789415,49,24.528301886792452,69.79089940129678,173,12351,12351,True
429,83a63c4a3e4a,83a63c4a3e4a.png,83a63c4a3e4a_vessel.png,1.4806442621006466,86.18593520807319,60,31.446540880503143,69.76411690980217,205,11797,11797,True
430,53327edb9e4d,53327edb9e4d.png,53327edb9e4d_vessel.png,1.4856698968726176,87.25052505070505,56,28.930817610062892,69.7546128185124,228,12052,12052,True
431,6155cf375354,6155cf375354.png,6155cf375354_vessel.png,1.481747713013363,86.41968132907513,59,30.81761006289308,69.73905994922052,195,12064,12064,True
432,3dec415b188a,3dec415b188a.png,3dec415b188a_vessel.png,1.4892172979941265,88.00197782693178,53,27.044025157232703,69.71459202602205,216,12231,12231,True
433,51a078d6d43a,51a078d6d43a.png,51a078d6d43a_vessel.png,1.4866147965557073,87.45068496095828,55,28.30188679245283,69.70604551040664,195,11968,11968,True
434,3132556f5352,3132556f5352.png,3132556f5352_vessel.png,1.4878468797271127,87.71167949977183,54,27.67295597484277,69.7000624422931,202,12082,12082,True
435,7ce671f952be,7ce671f952be.png,7ce671f952be_vessel.png,1.4941429484694544,89.0453878044404,49,24.528301886792452,69.69026202914601,197,12249,12249,True
436,5d5b5da5f939,5d5b5da5f939.png,5d5b5da5f939_vessel.png,1.4890256668392614,87.96138423224022,53,27.044025157232703,69.68617650973796,162,12101,12101,True
437,44271f3cb18f,44271f3cb18f.png,44271f3cb18f_vessel.png,1.508099368398601,92.00180297789066,38,17.61006289308176,69.68428095244799,117,6339,6339,True
438,e067b06fd655,e067b06fd655.png,e067b06fd655_vessel.png,1.501717786394994,90.64998023524878,43,20.754716981132077,69.68140125901377,178,12585,12585,True
439,cc964bf04dbc,cc964bf04dbc.png,cc964bf04dbc_vessel.png,1.483877826677532,86.87090738775595,57,29.559748427672954,69.67755969973105,201,11972,11972,True
440,6110ecb3bb1c,6110ecb3bb1c.png,6110ecb3bb1c_vessel.png,1.4952250144103554,89.27460390589007,48,23.89937106918239,69.66203405487776,192,12695,12695,True
441,cae33655ca00,cae33655ca00.png,cae33655ca00_vessel.png,1.4964867708762628,89.54188419553064,47,23.270440251572328,69.66045101234315,185,12312,12312,True
442,7526c59c36d3,7526c59c36d3.png,7526c59c36d3_vessel.png,1.497733866979841,89.80605895253042,46,22.641509433962266,69.65669409695997,178,12589,12589,True
443,8fbb2ca39911,8fbb2ca39911.png,8fbb2ca39911_vessel.png,1.484995569739331,87.10768104208113,56,28.930817610062892,69.65462201247566,205,11915,11915,True
444,d38cf0f4a9af,d38cf0f4a9af.png,d38cf0f4a9af_vessel.png,1.4976973292154787,89.79831908790088,46,22.641509433962266,69.65127619171929,183,12555,12555,True
445,c2f3281cf528,c2f3281cf528.png,c2f3281cf528_vessel.png,1.5002340327069372,90.33567384870383,44,21.38364779874214,69.65006603371532,201,12594,12594,True
446,946545473380,946545473380.png,946545473380_vessel.png,1.481011130534388,86.2636496512957,59,30.81761006289308,69.62983777477491,208,11617,11617,True
447,d911dd40c63b,d911dd40c63b.png,d911dd40c63b_vessel.png,1.501276748187328,90.55655426670994,43,20.754716981132077,69.61600308103658,213,12669,12669,True
448,7f39c36469b5,7f39c36469b5.png,7f39c36469b5_vessel.png,1.48084776339494,86.22904327714247,59,30.81761006289308,69.60561331286765,205,11664,11664,True
449,96ce10a1dbd7,96ce10a1dbd7.png,96ce10a1dbd7_vessel.png,1.4845645779049375,87.01638321604102,56,28.930817610062892,69.59071353424758,221,12049,12049,True
450,7e980424868e,7e980424868e.png,7e980424868e_vessel.png,1.4909154166772003,88.36169356108464,51,25.78616352201258,69.589034549363,192,12354,12354,True
451,691eeb59b4cb,691eeb59b4cb.png,691eeb59b4cb_vessel.png,1.4996262066914972,90.20691689928645,44,21.38364779874214,69.55993616912316,176,12721,12721,True
452,b351ae99413a,b351ae99413a.png,b351ae99413a_vessel.png,1.4945102962376207,89.12320378599252,48,23.89937106918239,69.55605397094948,195,12615,12615,True
453,5d6239c0fd39,5d6239c0fd39.png,5d6239c0fd39_vessel.png,1.4868368725892604,87.49772775263334,54,27.67295597484277,69.55029621929616,214,11938,11938,True
454,784d6d302f98,784d6d302f98.png,784d6d302f98_vessel.png,1.4982516793885832,89.91574814717906,45,22.0125786163522,69.544797287931,196,12453,12453,True
455,d807c53c1399,d807c53c1399.png,d807c53c1399_vessel.png,1.4942004058677576,89.0575591152087,48,23.89937106918239,69.5101027014008,164,12498,12498,True
456,7fe7309d0b4f,7fe7309d0b4f.png,7fe7309d0b4f_vessel.png,1.4916134980741311,88.50956948088837,50,25.157232704402517,69.50386844794261,169,12295,12295,True
457,6bb30ec3231a,6bb30ec3231a.png,6bb30ec3231a_vessel.png,1.4888422922589926,87.9225396435646,52,26.41509433962264,69.47030605238201,207,12234,12234,True
458,2a2a6435f7f3,2a2a6435f7f3.png,2a2a6435f7f3_vessel.png,1.4798164479729567,86.01057775535082,59,30.81761006289308,69.4526874476135,191,11537,11537,True
459,d7ac4a0c9760,d7ac4a0c9760.png,d7ac4a0c9760_vessel.png,1.4721459025399526,84.38571141986505,65,34.59119496855346,69.44735648447157,165,11357,11357,True
460,84b4da14bc23,84b4da14bc23.png,84b4da14bc23_vessel.png,1.4861131611130833,87.3444225640368,54,27.67295597484277,69.44298258727859,189,11821,11821,True
461,8f10e41a2f02,8f10e41a2f02.png,8f10e41a2f02_vessel.png,1.495014913593994,89.23009784741674,47,23.270440251572328,69.44220056866341,177,12312,12312,True
462,495106ae3b68,495106ae3b68.png,495106ae3b68_vessel.png,1.4821270415768326,86.500035225451,57,29.559748427672954,69.41794918611758,216,12046,12046,True
463,75a071608ea6,75a071608ea6.png,75a071608ea6_vessel.png,1.4795230090836655,85.94841803321684,59,30.81761006289308,69.4091756421197,160,11498,11498,True
464,d6f6bdfd8011,d6f6bdfd8011.png,d6f6bdfd8011_vessel.png,1.4871196475851975,87.55762852180659,53,27.044025157232703,69.40354751243441,200,12022,12022,True
465,1d46f1326394,1d46f1326394.png,1d46f1326394_vessel.png,1.4858406835253848,87.28670311458009,54,27.67295597484277,69.40257897265889,196,11791,11791,True
466,5077cdb88aed,5077cdb88aed.png,5077cdb88aed_vessel.png,1.489616194176839,88.08647676958255,51,25.78616352201258,69.39638279531155,196,12118,12118,True
467,97a235367f9d,97a235367f9d.png,97a235367f9d_vessel.png,1.5073492911526292,91.84291267776291,37,16.9811320754717,69.38437849707555,153,7999,7999,True
468,a0adbe677508,a0adbe677508.png,a0adbe677508_vessel.png,1.4818838980247042,86.44852966095176,57,29.559748427672954,69.38189529096812,220,11680,11680,True
469,da9262d9f5d9,da9262d9f5d9.png,da9262d9f5d9_vessel.png,1.4933203307372644,88.87113111413284,48,23.89937106918239,69.3796031006477,208,12296,12296,True
470,ace287a5c991,ace287a5c991.png,ace287a5c991_vessel.png,1.498396519589419,89.9464299244293,44,21.38364779874214,69.37759528672315,141,8281,8281,True
471,959bb2d01091,959bb2d01091.png,959bb2d01091_vessel.png,1.5110223713517532,92.6209882937962,34,15.09433962264151,69.36299369244979,123,6379,6379,True
472,68987fb159ab,68987fb159ab.png,68987fb159ab_vessel.png,1.5033512626224224,90.99600263417031,40,18.867924528301888,69.35757920240978,215,12922,12922,True
473,58059e73d2d4,58059e73d2d4.png,58059e73d2d4_vessel.png,1.5173002952989527,93.95085295174522,29,11.949685534591195,69.350502726599,101,6690,6690,True
474,cd563556cb57,cd563556cb57.png,cd563556cb57_vessel.png,1.5197690090705944,94.4738053199342,27,10.69182389937107,69.33921089376526,98,7235,7235,True
475,2f81ee5f2926,2f81ee5f2926.png,2f81ee5f2926_vessel.png,1.5018486198260894,90.67769493162857,41,19.49685534591195,69.32344305591357,121,6404,6404,True
476,d02b79fc3200,d02b79fc3200.png,d02b79fc3200_vessel.png,1.4852206582053267,87.15536196309216,54,27.67295597484277,69.31064016661733,167,11902,11902,True
477,cfb17a7cc8d4,cfb17a7cc8d4.png,cfb17a7cc8d4_vessel.png,1.4838797783396516,86.871320812082,55,28.30188679245283,69.30049060619325,223,11869,11869,True
478,7d0a871c45db,7d0a871c45db.png,7d0a871c45db_vessel.png,1.488768015378271,87.90680542961026,51,25.78616352201258,69.27061285733095,192,12290,12290,True
479,50f5201fd18a,50f5201fd18a.png,50f5201fd18a_vessel.png,1.5141232544713166,93.27785430616285,31,13.20754716981132,69.25676216525738,102,6843,6843,True
480,6d6be4cfc73f,6d6be4cfc73f.png,6d6be4cfc73f_vessel.png,1.486082800781577,87.33799127684482,53,27.044025157232703,69.24980144096118,194,11943,11943,True
481,c18a006f7f1d,c18a006f7f1d.png,c18a006f7f1d_vessel.png,1.4872673033849915,87.58890673277865,52,26.41509433962264,69.23676301483185,199,12009,12009,True
482,6dc0281f11e3,6dc0281f11e3.png,6dc0281f11e3_vessel.png,1.4936160598542523,88.93377597958776,47,23.270440251572328,69.23477526118313,182,12274,12274,True
483,77ab222bf85c,77ab222bf85c.png,77ab222bf85c_vessel.png,1.5126876528684177,92.97374806807409,32,13.836477987421384,69.23256704387826,119,6145,6145,True
484,d74ccc796517,d74ccc796517.png,d74ccc796517_vessel.png,1.4871318326953136,87.56020971702857,52,26.41509433962264,69.21667510380679,184,12010,12010,True
485,445a8a6da55c,445a8a6da55c.png,445a8a6da55c_vessel.png,1.4743886752616944,84.86080226256107,62,32.70440251572327,69.21388233850972,181,11543,11543,True
486,a9bc2f892cb3,a9bc2f892cb3.png,a9bc2f892cb3_vessel.png,1.5136085490967206,93.16882328051034,31,13.20754716981132,69.18044044730063,146,8207,8207,True
487,b086c7cd3868,b086c7cd3868.png,b086c7cd3868_vessel.png,1.481763195907535,86.4229611002121,56,28.930817610062892,69.17531805316735,192,11852,11852,True
488,504a69096fcb,504a69096fcb.png,504a69096fcb_vessel.png,1.4842329748729515,86.94613911043926,54,27.67295597484277,69.1641841697603,217,12110,12110,True
489,6fe67fd7f5d1,6fe67fd7f5d1.png,6fe67fd7f5d1_vessel.png,1.4879698844950733,87.7377358354404,51,25.78616352201258,69.15226414141205,191,11988,11988,True
490,2a4520f1f9a3,2a4520f1f9a3.png,2a4520f1f9a3_vessel.png,1.4828598880476962,86.65527549747418,55,28.30188679245283,69.14925888596777,201,11921,11921,True
491,af345c68e836,af345c68e836.png,af345c68e836_vessel.png,1.485346036547185,87.18192109746713,53,27.044025157232703,69.14055231539679,172,12056,12056,True
492,8650d32f4a9e,8650d32f4a9e.png,8650d32f4a9e_vessel.png,1.504402840180782,91.2187603231319,38,17.61006289308176,69.13615109411685,103,6164,6164,True
493,e33766353db2,e33766353db2.png,e33766353db2_vessel.png,1.5132384974434006,93.0904345297856,31,13.20754716981132,69.12556832179331,132,6760,6760,True
494,8e76054f0831,8e76054f0831.png,8e76054f0831_vessel.png,1.4915569975838279,88.4976008737751,48,23.89937106918239,69.11813193239728,166,12297,12297,True
495,2c9dfc270f1b,2c9dfc270f1b.png,2c9dfc270f1b_vessel.png,1.4813540688059945,86.33629492242406,56,28.930817610062892,69.1146517287157,191,11874,11874,True
496,a44345b27804,a44345b27804.png,a44345b27804_vessel.png,1.481335562762854,86.33237475184886,56,28.930817610062892,69.11190760931306,192,11624,11624,True
497,b9fe7da14a32,b9fe7da14a32.png,b9fe7da14a32_vessel.png,1.5192489789841996,94.36364635037945,26,10.062893081761008,69.07342036979392,109,7375,7375,True
498,65f69234c8a7,65f69234c8a7.png,65f69234c8a7_vessel.png,1.4887066807364684,87.89381279492287,50,25.157232704402517,69.07283876776675,191,12110,12110,True
499,5f51192841f7,5f51192841f7.png,5f51192841f7_vessel.png,1.5013082781889542,90.56323332736446,40,18.867924528301888,69.05464068764569,164,12473,12473,True
500,65a7fe9482fe,65a7fe9482fe.png,65a7fe9482fe_vessel.png,1.4910971829423878,88.40019745729512,48,23.89937106918239,69.04994954086129,209,12024,12024,True
501,415d5c5e785f,415d5c5e785f.png,415d5c5e785f_vessel.png,1.4910839273560124,88.39738950103613,48,23.89937106918239,69.04798397148001,202,12344,12344,True
502,4c6c5a1bf5ab,4c6c5a1bf5ab.png,4c6c5a1bf5ab_vessel.png,1.5073690432374787,91.84709679974067,35,15.723270440251572,69.00994889189394,142,7890,7890,True
503,4dd4a4bf2421,4dd4a4bf2421.png,4dd4a4bf2421_vessel.png,1.4870094215923793,87.53427913855994,51,25.78616352201258,69.00984445359572,209,12026,12026,True
504,a247961a5cd9,a247961a5cd9.png,a247961a5cd9_vessel.png,1.4753272840414438,85.05962955870666,60,31.446540880503143,68.9757029552456,231,11520,11520,True
505,658ad9f09f5d,658ad9f09f5d.png,658ad9f09f5d_vessel.png,1.5045307477637055,91.24585523148764,37,16.9811320754717,68.96643828468285,109,6112,6112,True
506,87b671c6d4c5,87b671c6d4c5.png,87b671c6d4c5_vessel.png,1.4778073935546783,85.58499590867098,58,30.18867924528302,68.96610090965459,216,11572,11572,True
507,6504b703c429,6504b703c429.png,6504b703c429_vessel.png,1.4878284279684701,87.70777082838586,50,25.157232704402517,68.94260939119086,156,12173,12173,True
508,9c514d2d5b3f,9c514d2d5b3f.png,9c514d2d5b3f_vessel.png,1.4814619133271707,86.35913983396996,55,28.30188679245283,68.94196392151481,194,11732,11732,True
509,b7a1bb106051,b7a1bb106051.png,b7a1bb106051_vessel.png,1.494148780613094,89.0466232386017,45,22.0125786163522,68.93640985192684,198,12494,12494,True
510,5bf6f2958e53,5bf6f2958e53.png,5bf6f2958e53_vessel.png,1.4890395676924957,87.96432887661423,49,24.528301886792452,68.93352077966769,186,12082,12082,True
511,2ef4a04aed1b,2ef4a04aed1b.png,2ef4a04aed1b_vessel.png,1.4838453447779474,86.86402668473309,53,27.044025157232703,68.91802622648297,195,12055,12055,True
512,639915f58a2f,639915f58a2f.png,639915f58a2f_vessel.png,1.4825080061230782,86.58073567519276,54,27.67295597484277,68.90840176508776,172,11799,11799,True
513,5293576816aa,5293576816aa.png,5293576816aa_vessel.png,1.4886404276596026,87.87977827871252,49,24.528301886792452,68.87433536113649,253,12040,12040,True
514,aa8a1e814811,aa8a1e814811.png,aa8a1e814811_vessel.png,1.4809852059732085,86.25815800183076,55,28.30188679245283,68.87127663901738,211,12073,12073,True
515,c94f37085d0f,c94f37085d0f.png,c94f37085d0f_vessel.png,1.4758846151201168,85.1776900689227,59,30.81761006289308,68.86966606711381,200,11327,11327,True
516,59bd19c1c5bb,59bd19c1c5bb.png,59bd19c1c5bb_vessel.png,1.4795208387900045,85.94795829575244,56,28.930817610062892,68.84281609004557,241,11459,11459,True
517,a9a3225cf4b5,a9a3225cf4b5.png,a9a3225cf4b5_vessel.png,1.4794651521535849,85.93616208886662,56,28.930817610062892,68.83455874522551,188,11700,11700,True
518,1d29cb2f4296,1d29cb2f4296.png,1d29cb2f4296_vessel.png,1.3593832457659618,60.498981787362936,150,88.0503144654088,68.7643815907767,274,32527,32527,True
519,799214e8b07c,799214e8b07c.png,799214e8b07c_vessel.png,1.487774324543882,87.69630999629567,49,24.528301886792452,68.7459075634447,177,12426,12426,True
520,96793edb1003,96793edb1003.png,96793edb1003_vessel.png,1.4978671165813684,89.83428547092208,41,19.49685534591195,68.73305643341904,154,7785,7785,True
521,8010c931321f,8010c931321f.png,8010c931321f_vessel.png,1.4825455958168328,86.58869837204092,53,27.044025157232703,68.72529640759845,211,11714,11714,True
522,b6bf847fbcb2,b6bf847fbcb2.png,b6bf847fbcb2_vessel.png,1.4901640556406337,88.20253131313554,47,23.270440251572328,68.72290399466657,194,11985,11985,True
523,db52626d450c,db52626d450c.png,db52626d450c_vessel.png,1.4812500456375357,86.31425949534582,54,27.67295597484277,68.7218684391949,210,11926,11926,True
524,beeca5f14618,beeca5f14618.png,beeca5f14618_vessel.png,1.507967515989354,91.9738724294167,33,14.465408805031446,68.72133334210112,127,8359,8359,True
525,c24bcf7a1bc4,c24bcf7a1bc4.png,c24bcf7a1bc4_vessel.png,1.4721244545894776,84.38116805942265,61,32.075471698113205,68.68945915102981,187,11235,11235,True
526,bffca6eeb2bf,bffca6eeb2bf.png,bffca6eeb2bf_vessel.png,1.4797192995397852,85.98999861662017,55,28.30188679245283,68.68356506936996,202,11574,11574,True
527,d16e59a2b33a,d16e59a2b33a.png,d16e59a2b33a_vessel.png,1.4833167438429444,86.75205213589632,52,26.41509433962264,68.65096479701421,203,11882,11882,True
528,2408799a09b2,2408799a09b2.png,2408799a09b2_vessel.png,1.4896261432603974,88.08858430301468,47,23.270440251572328,68.64314108758197,210,12028,12028,True
529,1d2472849dce,1d2472849dce.png,1d2472849dce_vessel.png,1.4806515455304987,86.18747807097348,54,27.67295597484277,68.63312144213427,191,11601,11601,True
530,8d4ff745a409,8d4ff745a409.png,8d4ff745a409_vessel.png,1.4830351789266771,86.69240770021798,52,26.41509433962264,68.60921369203938,190,11615,11615,True
531,9d62478042b6,9d62478042b6.png,9d62478042b6_vessel.png,1.3710370692634293,62.96763354702166,140,81.76100628930818,68.60564536970762,268,32660,32660,True
532,b553e7909535,b553e7909535.png,b553e7909535_vessel.png,1.4854913071193334,87.2126940410971,50,25.157232704402517,68.59605564008872,206,11876,11876,True
533,537e5c578f40,537e5c578f40.png,537e5c578f40_vessel.png,1.5109345813971382,92.60239157950859,30,12.578616352201259,68.59525901131639,156,7246,7246,True
534,cffc50047828,cffc50047828.png,cffc50047828_vessel.png,1.5083596519651814,92.05693934449074,32,13.836477987421384,68.59080093736992,103,6729,6729,True
535,6e092caa065f,6e092caa065f.png,6e092caa065f_vessel.png,1.4713319787371366,84.21329638127395,61,32.075471698113205,68.57194897632573,214,11200,11200,True
536,cadde4030858,cadde4030858.png,cadde4030858_vessel.png,1.4815033444217316,86.36791626211087,53,27.044025157232703,68.57074893064741,170,11733,11733,True
537,6b66b0e86f7e,6b66b0e86f7e.png,6b66b0e86f7e_vessel.png,1.486588521620034,87.44511909099306,49,24.528301886792452,68.57007392973287,193,11922,11922,True
538,535682537302,535682537302.png,535682537302_vessel.png,1.478828257945105,85.80124756842433,55,28.30188679245283,68.55143933563288,215,11506,11506,True
539,7bc00e58d419,7bc00e58d419.png,7bc00e58d419_vessel.png,1.4875761252557789,87.65432506135606,48,23.89937106918239,68.52783886370395,197,12261,12261,True
540,3f6c627e2ff2,3f6c627e2ff2.png,3f6c627e2ff2_vessel.png,1.4819833626569485,86.46959944456974,52,26.41509433962264,68.4532479130856,189,11582,11582,True
541,dfea19863428,dfea19863428.png,dfea19863428_vessel.png,1.499682237254028,90.21878596069934,38,17.61006289308176,68.43616904041406,186,6882,6882,True
542,7ccf9d25dc48,7ccf9d25dc48.png,7ccf9d25dc48_vessel.png,1.47922023456816,85.88428072749524,54,27.67295597484277,68.42088330169949,175,11866,11866,True
543,555d0bef3c5b,555d0bef3c5b.png,555d0bef3c5b_vessel.png,1.4842595013320787,86.95175826109967,50,25.157232704402517,68.41340059409052,175,11898,11898,True
544,6f0e5848d9ce,6f0e5848d9ce.png,6f0e5848d9ce_vessel.png,1.4817004196458632,86.40966308442573,52,26.41509433962264,68.4112924609848,192,11750,11750,True
545,4beeca5cc859,4beeca5cc859.png,4beeca5cc859_vessel.png,1.4918118329929144,88.55158314673484,44,21.38364779874214,68.40120254233703,205,12261,12261,True
546,44f7f3ef9d50,44f7f3ef9d50.png,44f7f3ef9d50_vessel.png,1.34092822986656,56.589620410430385,162,95.59748427672956,68.29197957032014,276,34206,34206,True
547,b200c23b299b,b200c23b299b.png,b200c23b299b_vessel.png,1.4755617429869643,85.10929544634884,56,28.930817610062892,68.25575209546305,217,11377,11377,True
548,6d6fcf49e515,6d6fcf49e515.png,6d6fcf49e515_vessel.png,1.4831835461959615,86.72383662313536,50,25.157232704402517,68.25385544751549,160,11824,11824,True
549,5728b8aa98ef,5728b8aa98ef.png,5728b8aa98ef_vessel.png,1.4919254854159498,88.57565835725923,43,20.754716981132077,68.22937594442108,185,12286,12286,True
550,df6d13d04da1,df6d13d04da1.png,df6d13d04da1_vessel.png,1.4803397164043457,86.12142270973021,52,26.41509433962264,68.20952419869793,156,11611,11611,True
551,248dec89b3a2,248dec89b3a2.png,248dec89b3a2_vessel.png,1.4941444827460173,89.04571281318432,41,19.49685534591195,68.18105557300261,130,6387,6387,True
552,a02dfd67a925,a02dfd67a925.png,a02dfd67a925_vessel.png,1.4975448564330578,89.76602048626981,38,17.61006289308176,68.11923320831339,169,7772,7772,True
553,57db4781e7ec,57db4781e7ec.png,57db4781e7ec_vessel.png,1.4706319622708786,84.06501055202713,59,30.81761006289308,68.09079040528691,201,11219,11219,True
554,c56293f53191,c56293f53191.png,c56293f53191_vessel.png,1.4858995832869748,87.29917996392695,47,23.270440251572328,68.09055805022055,181,11685,11685,True
555,501c319f7a9f,501c319f7a9f.png,501c319f7a9f_vessel.png,1.4680037028528632,83.50826132388468,61,32.075471698113205,68.07842443615323,184,11176,11176,True
556,b22cc1bf0b8a,b22cc1bf0b8a.png,b22cc1bf0b8a_vessel.png,1.4767290698206093,85.35657252606441,54,27.67295597484277,68.05148756069791,211,11593,11593,True
557,8e6df9eedcd8,8e6df9eedcd8.png,8e6df9eedcd8_vessel.png,1.369802826611536,62.70618156131893,138,80.50314465408806,68.04527048914966,244,34353,34353,True
558,cb2201c226d6,cb2201c226d6.png,cb2201c226d6_vessel.png,1.4842852051684146,86.95720315399804,48,23.89937106918239,68.03985352855334,185,11935,11935,True
559,4927945ecfed,4927945ecfed.png,4927945ecfed_vessel.png,1.4867752454669767,87.48467316124523,46,22.641509433962266,68.03172404306034,176,12171,12171,True
560,bd34a0639575,bd34a0639575.png,bd34a0639575_vessel.png,1.4778455088164297,85.59306993759486,53,27.044025157232703,68.02835650348621,203,11601,11601,True
561,c06024f05a16,c06024f05a16.png,c06024f05a16_vessel.png,1.471387170835093,84.22498782912956,58,30.18867924528302,68.0140952539756,192,11237,11237,True
562,51af8a689511,51af8a689511.png,51af8a689511_vessel.png,1.467486045216046,83.39860491486948,61,32.075471698113205,68.00166494984259,207,11219,11219,True
563,5ac7a414560e,5ac7a414560e.png,5ac7a414560e_vessel.png,1.4750715594884187,85.00545893668287,55,28.30188679245283,67.99438729341385,147,11430,11430,True
564,55968f0e63c4,55968f0e63c4.png,55968f0e63c4_vessel.png,1.4787825310940308,85.79156116195071,52,26.41509433962264,67.97862111525228,217,11763,11763,True
565,360832d84ce0,360832d84ce0.png,360832d84ce0_vessel.png,1.5077267000936492,91.92285993683737,29,11.949685534591195,67.93090761616351,134,6424,6424,True
566,369229040a34,369229040a34.png,369229040a34_vessel.png,1.491155917154121,88.41263923789865,42,20.125786163522015,67.92658331558566,170,12302,12302,True
567,8ee50c26fc13,8ee50c26fc13.png,8ee50c26fc13_vessel.png,1.4936453866243924,88.93998832549529,40,18.867924528301888,67.91836918633727,124,6205,6205,True
568,b0b3b16fc305,b0b3b16fc305.png,b0b3b16fc305_vessel.png,1.4807937909988707,86.21761020107448,50,25.157232704402517,67.89949695207288,195,11805,11805,True
569,1ca35d483772,1ca35d483772.png,1ca35d483772_vessel.png,1.476806684070726,85.37301370137196,53,27.044025157232703,67.87431713813018,207,11584,11584,True
570,d2fb715b0c41,d2fb715b0c41.png,d2fb715b0c41_vessel.png,1.4856815311470646,87.25298956135188,46,22.641509433962266,67.869545523135,151,11767,11767,True
571,73a07e2ea23e,73a07e2ea23e.png,73a07e2ea23e_vessel.png,1.500881069982042,90.47273699438297,34,15.09433962264151,67.85921778286053,100,6336,6336,True
572,3abac0961bfd,3abac0961bfd.png,3abac0961bfd_vessel.png,1.4855193872408083,87.21864230702934,46,22.641509433962266,67.84550244510922,207,11759,11759,True
573,ba0107fb1bfd,ba0107fb1bfd.png,ba0107fb1bfd_vessel.png,1.4715086739516179,84.25072606709743,57,29.559748427672954,67.84343277527009,210,11474,11474,True
574,ae20112e7a1e,ae20112e7a1e.png,ae20112e7a1e_vessel.png,1.4931248082530166,88.82971321168253,40,18.867924528301888,67.84117660666834,193,7957,7957,True
575,d881c04f01fe,d881c04f01fe.png,d881c04f01fe_vessel.png,1.4892670285413654,88.01251234403483,43,20.754716981132077,67.835173735164,181,12033,12033,True
576,224c14366e11,224c14366e11.png,224c14366e11_vessel.png,1.4778032600953868,85.58412031006974,52,26.41509433962264,67.8334125189356,200,11604,11604,True
577,9232dc06cfdc,9232dc06cfdc.png,9232dc06cfdc_vessel.png,1.4841293905127337,86.92419663695145,47,23.270440251572328,67.82806972133771,212,12032,12032,True
578,983c98354e9c,983c98354e9c.png,983c98354e9c_vessel.png,1.4853891312677332,87.19104993468838,46,22.641509433962266,67.82618778447053,191,11843,11843,True
579,9bd008aab548,9bd008aab548.png,9bd008aab548_vessel.png,1.4929333534083344,88.78915696511483,40,18.867924528301888,67.81278723407094,185,12215,12215,True
580,5cbe88914a72,5cbe88914a72.png,5cbe88914a72_vessel.png,1.4878113318398871,87.70414932271272,44,21.38364779874214,67.80799886552154,174,12125,12125,True
581,9e7a63b2fc6a,9e7a63b2fc6a.png,9e7a63b2fc6a_vessel.png,1.374518503824554,63.70511250037332,133,77.35849056603774,67.80112592007265,243,33994,33994,True
582,e4b0df29b96f,e4b0df29b96f.png,e4b0df29b96f_vessel.png,1.476285849632159,85.26268434435546,53,27.044025157232703,67.79708658821863,214,11437,11437,True
583,ca2b54b95ade,ca2b54b95ade.png,ca2b54b95ade_vessel.png,1.4863842245263197,87.40184244620771,45,22.0125786163522,67.78506329725104,170,12026,12026,True
584,b598bc9753c2,b598bc9753c2.png,b598bc9753c2_vessel.png,1.479984924028815,86.04626636105566,50,25.157232704402517,67.7795562640597,177,11230,11230,True
585,201f882365d3,201f882365d3.png,201f882365d3_vessel.png,1.5016151017369268,90.62822834739131,33,14.465408805031446,67.77938248468335,135,7454,7454,True
586,e246cd89e1cc,e246cd89e1cc.png,e246cd89e1cc_vessel.png,1.4821701876164113,86.50917493368078,48,23.89937106918239,67.72623377433126,196,11331,11331,True
587,c6d4e4a3bd4c,c6d4e4a3bd4c.png,c6d4e4a3bd4c_vessel.png,1.4757663111359434,85.15262950929025,53,27.044025157232703,67.72004820367299,218,11694,11694,True
588,e135d7ba9a0e,e135d7ba9a0e.png,e135d7ba9a0e_vessel.png,1.491026799262257,88.38528794748113,41,19.49685534591195,67.71875816701038,173,12360,12360,True
589,69b3a00927fc,69b3a00927fc.png,69b3a00927fc_vessel.png,1.4808130230218348,86.22168415734666,49,24.528301886792452,67.71366947618039,195,11842,11842,True
590,75c180e04f65,75c180e04f65.png,75c180e04f65_vessel.png,1.4718822709361217,84.32986583211951,56,28.930817610062892,67.71015136550253,174,11289,11289,True
591,b7f0bc7d399e,b7f0bc7d399e.png,b7f0bc7d399e_vessel.png,1.3687573072628647,62.48470719452286,137,79.87421383647799,67.7015591871094,237,33441,33441,True
592,ce754234d760,ce754234d760.png,ce754234d760_vessel.png,1.4691241346895885,83.74560454655409,58,30.18867924528302,67.67852695617276,194,11230,11230,True
593,8344c783da65,8344c783da65.png,8344c783da65_vessel.png,1.4804750352755307,86.15008756547806,49,24.528301886792452,67.66355186187238,196,11495,11495,True
594,969f92a390db,969f92a390db.png,969f92a390db_vessel.png,1.476638186151771,85.33732046436548,52,26.41509433962264,67.66065262694262,218,11597,11597,True
595,b8e9a8f4617d,b8e9a8f4617d.png,b8e9a8f4617d_vessel.png,1.4764493107482353,85.2973106257579,52,26.41509433962264,67.63264573991732,163,11418,11418,True
596,454a944eb557,454a944eb557.png,454a944eb557_vessel.png,1.503150376498205,90.95344854158877,31,13.20754716981132,67.62967813005552,109,6147,6147,True
597,8e67f2d7e0ee,8e67f2d7e0ee.png,8e67f2d7e0ee_vessel.png,1.4750288360724035,84.99640875361229,53,27.044025157232703,67.61069367469841,230,11608,11608,True
598,a07d9a5045cb,a07d9a5045cb.png,a07d9a5045cb_vessel.png,1.4889007671879806,87.9349264998074,42,20.125786163522015,67.59218439892179,177,12104,12104,True
599,c2a58b2cfd0b,c2a58b2cfd0b.png,c2a58b2cfd0b_vessel.png,1.482464388428729,86.57149605542926,47,23.270440251572328,67.58117931427218,201,11653,11653,True
600,3079490a4b9c,3079490a4b9c.png,3079490a4b9c_vessel.png,1.4684004623765525,83.5923076539608,58,30.18867924528302,67.57121913135747,191,11295,11295,True
601,a963ac561580,a963ac561580.png,a963ac561580_vessel.png,1.4772255617995902,85.46174537322776,51,25.78616352201258,67.5590708178632,193,11608,11608,True
602,54038e56131d,54038e56131d.png,54038e56131d_vessel.png,1.4886684139066124,87.88570665903698,42,20.125786163522015,67.55773051038248,162,12191,12191,True
603,c9e697117f3f,c9e697117f3f.png,c9e697117f3f_vessel.png,1.4730988281060777,84.58757146829893,54,27.67295597484277,67.51318682026208,203,11357,11357,True
604,e29e54ff921e,e29e54ff921e.png,e29e54ff921e_vessel.png,1.4756305692536074,85.1238750462798,52,26.41509433962264,67.51124083428265,210,11587,11587,True
605,cfdbaef73a8b,cfdbaef73a8b.png,cfdbaef73a8b_vessel.png,1.502213499780422,90.75498815144805,31,13.20754716981132,67.49075585695702,137,7747,7747,True
606,878e356c8fc9,878e356c8fc9.png,878e356c8fc9_vessel.png,1.477987370023425,85.62312066887222,50,25.157232704402517,67.4833542795313,195,11522,11522,True
607,a95d9d61ddd4,a95d9d61ddd4.png,a95d9d61ddd4_vessel.png,1.4792028024411674,85.88058804663525,49,24.528301886792452,67.4749021986824,190,11584,11584,True
608,8564b7aa3c1a,8564b7aa3c1a.png,8564b7aa3c1a_vessel.png,1.4791119280951976,85.8613379598174,49,24.528301886792452,67.46142713790991,185,11450,11450,True
609,b294927b14b0,b294927b14b0.png,b294927b14b0_vessel.png,1.4801478858619403,86.08078687839398,48,23.89937106918239,67.4263621356305,192,11396,11396,True
610,ac17cc18a994,ac17cc18a994.png,ac17cc18a994_vessel.png,1.4825823197875323,86.59647768111563,46,22.641509433962266,67.40998720696962,183,11532,11532,True
611,80dbeb0fdc75,80dbeb0fdc75.png,80dbeb0fdc75_vessel.png,1.4736751221861117,84.70964894742549,53,27.044025157232703,67.40996181036765,180,11458,11458,True
612,1dfe599d12a9,1dfe599d12a9.png,1dfe599d12a9_vessel.png,1.5080151661683932,91.98396625813812,26,10.062893081761008,67.40764430522499,114,6302,6302,True
613,8dafa62f9322,8dafa62f9322.png,8dafa62f9322_vessel.png,1.473535037713023,84.67997458509569,53,27.044025157232703,67.3891897567368,200,11682,11682,True
614,58af2c054ced,58af2c054ced.png,58af2c054ced_vessel.png,1.4849493508138836,87.09789039855028,44,21.38364779874214,67.38361761860783,183,11882,11882,True
615,9d75de31f1b8,9d75de31f1b8.png,9d75de31f1b8_vessel.png,1.4796177575230727,85.9684887766701,48,23.89937106918239,67.34775346442377,175,11944,11944,True
616,a384e688e228,a384e688e228.png,a384e688e228_vessel.png,1.4821597044435009,86.50695426307789,46,22.641509433962266,67.34732081434319,179,11694,11694,True
617,e2c39ed0c941,e2c39ed0c941.png,e2c39ed0c941_vessel.png,1.482138646833149,86.50249358913163,46,22.641509433962266,67.34419834258082,175,11871,11871,True
618,2fdfb80ea53c,2fdfb80ea53c.png,2fdfb80ea53c_vessel.png,1.4821383623438114,86.50243332521018,46,22.641509433962266,67.3441561578358,203,11621,11621,True
619,d6803e467592,d6803e467592.png,d6803e467592_vessel.png,1.481930099559126,86.45831662050836,46,22.641509433962266,67.31327446454452,183,11831,11831,True
620,46acc506fa61,46acc506fa61.png,46acc506fa61_vessel.png,1.4677569754752229,83.45599659076082,57,29.559748427672954,67.28712214183446,221,11183,11183,True
621,971bb98ab935,971bb98ab935.png,971bb98ab935_vessel.png,1.503337336077986,90.99305254757974,29,11.949685534591195,67.28004244368317,92,6083,6083,True
622,acf976efd7ce,acf976efd7ce.png,acf976efd7ce_vessel.png,1.4714888077555903,84.24651777273019,54,27.67295597484277,67.27444923336395,216,11335,11335,True
623,a77eb914b383,a77eb914b383.png,a77eb914b383_vessel.png,1.5044997770474846,91.2392946453321,28,11.320754716981133,67.2637326668268,118,7012,7012,True
624,568455854a11,568455854a11.png,568455854a11_vessel.png,1.4993801621655392,90.15479681594277,32,13.836477987421384,67.25930116738635,104,6502,6502,True
625,a7c10ca6c117,a7c10ca6c117.png,a7c10ca6c117_vessel.png,1.4599109686502059,81.793961932429,63,33.33333333333333,67.25577335270029,217,10642,10642,True
626,5299a532f0e0,5299a532f0e0.png,5299a532f0e0_vessel.png,1.4749691739516602,84.98377041226533,51,25.78616352201258,67.2244883451895,209,11494,11494,True
627,338326891d84,338326891d84.png,338326891d84_vessel.png,1.4201717719753006,73.37593176230948,94,52.83018867924528,67.21220883739022,279,19914,19914,True
628,9ce46d400cd6,9ce46d400cd6.png,9ce46d400cd6_vessel.png,1.4786531552915332,85.76415523782956,48,23.89937106918239,67.20471998723539,233,11625,11625,True
629,aec51513cf45,aec51513cf45.png,aec51513cf45_vessel.png,1.5002314868748154,90.33513456020779,31,13.20754716981132,67.19685834308885,102,6256,6256,True
630,3254e48c8aa0,3254e48c8aa0.png,3254e48c8aa0_vessel.png,1.4760295655555733,85.20839519738382,50,25.157232704402517,67.19304644948943,166,11420,11420,True
631,da2bdf4236ac,da2bdf4236ac.png,da2bdf4236ac_vessel.png,1.4988837351806994,90.04963773661288,32,13.836477987421384,67.18568981185543,119,6117,6117,True
632,aabd867043cf,aabd867043cf.png,aabd867043cf_vessel.png,1.4771120724450513,85.43770470581539,49,24.528301886792452,67.1648838601085,172,11500,11500,True
633,ae94ce412de9,ae94ce412de9.png,ae94ce412de9_vessel.png,1.3244110522669006,53.090755033341416,169,100.0,67.16352852333898,289,31184,31184,True
634,8ed586c43023,8ed586c43023.png,8ed586c43023_vessel.png,1.4846250087791184,87.02918440390154,43,20.754716981132077,67.1468441770707,186,11737,11737,True
635,ca05f7e7801b,ca05f7e7801b.png,ca05f7e7801b_vessel.png,1.473162363957329,84.60103038940126,52,26.41509433962264,67.14524957446767,215,11375,11375,True
636,5a27b9b2a9c1,5a27b9b2a9c1.png,5a27b9b2a9c1_vessel.png,1.4960632387659119,89.45216657712693,34,15.09433962264151,67.1448184907813,155,7305,7305,True
637,6324d77cf926,6324d77cf926.png,6324d77cf926_vessel.png,1.4819828328955433,86.46948722419629,45,22.0125786163522,67.13241464184306,181,11808,11808,True
638,9ac2e3e9fca5,9ac2e3e9fca5.png,9ac2e3e9fca5_vessel.png,1.4831898605044964,86.72517419521023,44,21.38364779874214,67.1227162762698,174,11570,11570,True
639,3730c322d35b,3730c322d35b.png,3730c322d35b_vessel.png,1.4793656126822672,85.91507645194436,47,23.270440251572328,67.12168559183274,183,11743,11743,True
640,885fa5fc5da8,885fa5fc5da8.png,885fa5fc5da8_vessel.png,1.4754731984812632,85.09053889405898,50,25.157232704402517,67.11054703716204,192,11316,11316,True
641,1f4fb37e0854,1f4fb37e0854.png,1f4fb37e0854_vessel.png,1.4931771265940226,88.84079590609736,36,16.352201257861633,67.09421751162664,159,7682,7682,True
642,d2afca74cbc3,d2afca74cbc3.png,d2afca74cbc3_vessel.png,1.494268384937874,89.07195925187624,35,15.723270440251572,67.06735260838883,108,6265,6265,True
643,be8697eb2078,be8697eb2078.png,be8697eb2078_vessel.png,1.4815130967472356,86.36998211590739,45,22.0125786163522,67.06276106604082,187,11762,11762,True
644,80b5697f2a5e,80b5697f2a5e.png,80b5697f2a5e_vessel.png,1.4840031949300978,86.89746438489675,43,20.754716981132077,67.05464016376735,180,11966,11966,True
645,84b79243e430,84b79243e430.png,84b79243e430_vessel.png,1.4699203447131604,83.91426724134915,54,27.67295597484277,67.04187386139724,173,11078,11078,True
646,af7a36454670,af7a36454670.png,af7a36454670_vessel.png,1.4902461854479299,88.21992902757202,38,17.61006289308176,67.03696918722494,166,12165,12165,True
647,215d2b7c3fde,215d2b7c3fde.png,215d2b7c3fde_vessel.png,1.4749134659571825,84.97196968106118,50,25.157232704402517,67.02754858806358,217,8236,8236,True
648,b2b7ccd34cbd,b2b7ccd34cbd.png,b2b7ccd34cbd_vessel.png,1.4696536278982049,83.85776810741996,54,27.67295597484277,67.0023244676468,211,11486,11486,True
649,2eba4279e503,2eba4279e503.png,2eba4279e503_vessel.png,1.472158603345776,84.3884018558968,52,26.41509433962264,66.99640960101455,222,11112,11112,True
650,dea7538bb91a,dea7538bb91a.png,dea7538bb91a_vessel.png,1.488641690525008,87.88004579391094,39,18.238993710691823,66.9877301689452,231,7973,7973,True
651,5995321563b7,5995321563b7.png,5995321563b7_vessel.png,1.4821532399292192,86.50558487263189,44,21.38364779874214,66.96900375046496,216,11813,11813,True
652,b9c7c5182075,b9c7c5182075.png,b9c7c5182075_vessel.png,1.4780857719067297,85.64396532834616,47,23.270440251572328,66.931907805314,189,11736,11736,True
653,77acc2cafee1,77acc2cafee1.png,77acc2cafee1_vessel.png,1.4818701313422757,86.4456134382366,44,21.38364779874214,66.92702374638826,218,11850,11850,True
654,33b91def2035,33b91def2035.png,33b91def2035_vessel.png,1.4919362606165718,88.57794088865178,36,16.352201257861633,66.91021899941474,123,6514,6514,True
655,9ac41b9a809e,9ac41b9a809e.png,9ac41b9a809e_vessel.png,1.4868104145837677,87.49212310263749,40,18.867924528301888,66.90486353033681,185,11874,11874,True
656,62b826899151,62b826899151.png,62b826899151_vessel.png,1.4739470550056197,84.76725299759266,50,25.157232704402517,66.8842469096356,164,11647,11647,True
657,c7c3d363bc86,c7c3d363bc86.png,c7c3d363bc86_vessel.png,1.3734165285658344,63.4716789699848,129,74.84276729559748,66.8830054676686,175,34016,34016,True
658,d667af5742f6,d667af5742f6.png,d667af5742f6_vessel.png,1.473525600788341,84.6779755432596,50,25.157232704402517,66.82175269160247,200,11394,11394,True
659,7af4d8704032,7af4d8704032.png,7af4d8704032_vessel.png,1.4798638349975137,86.0206158395541,45,22.0125786163522,66.81820467259352,200,11533,11533,True
660,4350a1b2f3cb,4350a1b2f3cb.png,4350a1b2f3cb_vessel.png,1.4682569538841774,83.56190797506532,54,27.67295597484277,66.79522237499856,197,11010,11010,True
661,bfa30ebf63a8,bfa30ebf63a8.png,bfa30ebf63a8_vessel.png,1.4885527780028043,87.86121128398024,38,17.61006289308176,66.7858667667107,172,11848,11848,True
662,1e8c31e29dd3,1e8c31e29dd3.png,1e8c31e29dd3_vessel.png,1.4845798307798255,87.01961426175235,41,19.49685534591195,66.76278658700024,215,11789,11789,True
663,3b5dffe159b6,3b5dffe159b6.png,3b5dffe159b6_vessel.png,1.4717517225267038,84.30221151242779,51,25.78616352201258,66.74739711530322,198,11287,11287,True
664,a8b3c0961d42,a8b3c0961d42.png,a8b3c0961d42_vessel.png,1.4730188357088854,84.57062652553992,50,25.157232704402517,66.74660837919869,242,8645,8645,True
665,1c7a013eeba7,1c7a013eeba7.png,1c7a013eeba7_vessel.png,1.4703480615910347,84.00487132707515,52,26.41509433962264,66.7279382308394,180,11129,11129,True
666,ad029ba7fa8b,ad029ba7fa8b.png,ad029ba7fa8b_vessel.png,1.4906373633423293,88.30279299042152,36,16.352201257861633,66.71761547065356,123,5922,5922,True
667,c446985355f1,c446985355f1.png,c446985355f1_vessel.png,1.4714415746503886,84.23651229355885,51,25.78616352201258,66.70140766209497,188,11085,11085,True
668,c5bec7f1e5f3,c5bec7f1e5f3.png,c5bec7f1e5f3_vessel.png,1.476309354197375,85.26766336143888,47,23.270440251572328,66.6684964284789,184,11432,11432,True
669,5b47043942f4,5b47043942f4.png,5b47043942f4_vessel.png,1.495304190165385,89.2913758577751,32,13.836477987421384,66.65490649666897,112,6145,6145,True
670,c38dec54a9f7,c38dec54a9f7.png,c38dec54a9f7_vessel.png,1.471057968980903,84.15525236962085,51,25.78616352201258,66.64452571533836,227,11354,11354,True
671,b5bf7b84fc66,b5bf7b84fc66.png,b5bf7b84fc66_vessel.png,1.4849942239427514,87.1073959594132,40,18.867924528301888,66.6355545300798,188,11863,11863,True
672,52edbe29d655,52edbe29d655.png,52edbe29d655_vessel.png,1.462065435870325,82.25034685152698,58,30.18867924528302,66.63184656965379,230,10722,10722,True
673,851e40a21f81,851e40a21f81.png,851e40a21f81_vessel.png,1.4797777278311575,86.00237559352747,44,21.38364779874214,66.61675725509187,180,11592,11592,True
674,5bea250d8bf5,5bea250d8bf5.png,5bea250d8bf5_vessel.png,1.4781235583327212,85.65196969936099,45,22.0125786163522,66.56015237445834,191,11367,11367,True
675,4409965eb2a4,4409965eb2a4.png,4409965eb2a4_vessel.png,1.464929194054028,82.8569822344099,55,28.30188679245283,66.49045360182278,220,10830,10830,True
676,941d874c8afb,941d874c8afb.png,941d874c8afb_vessel.png,1.4661354169513838,83.1124987418244,54,27.67295597484277,66.4806359117299,198,10830,10830,True
677,33d72035c27a,33d72035c27a.png,33d72035c27a_vessel.png,1.396016946555149,68.25916881402345,109,62.264150943396224,66.46066345283528,246,18273,18273,True
678,4860f7813654,4860f7813654.png,4860f7813654_vessel.png,1.3336172286049692,55.04091700564524,158,93.08176100628931,66.45317020583846,260,31297,31297,True
679,7435e9a3e36e,7435e9a3e36e.png,7435e9a3e36e_vessel.png,1.374158201210141,63.62878890723896,126,72.95597484276729,66.42694468789746,230,33563,33563,True
680,974c7d7b9c64,974c7d7b9c64.png,974c7d7b9c64_vessel.png,1.4708430834942519,84.10973276527285,50,25.157232704402517,66.42398274701175,183,11105,11105,True
681,8b58f9a338e8,8b58f9a338e8.png,8b58f9a338e8_vessel.png,1.4936844189679799,88.94825662162161,32,13.836477987421384,66.41472303136153,117,6467,6467,True
682,ab653b8554c0,ab653b8554c0.png,ab653b8554c0_vessel.png,1.483459920996658,86.7823816266883,40,18.867924528301888,66.40804449717238,194,11726,11726,True
683,5eb8fb1aad41,5eb8fb1aad41.png,5eb8fb1aad41_vessel.png,1.4732379233426514,84.6170362787624,48,23.89937106918239,66.40173671588839,195,11265,11265,True
684,8bf2d925dc0c,8bf2d925dc0c.png,8bf2d925dc0c_vessel.png,1.4834026717507816,86.77025440924739,40,18.867924528301888,66.39955544496374,194,11825,11825,True
685,91b7a4179ecf,91b7a4179ecf.png,91b7a4179ecf_vessel.png,1.4894358102672456,88.04826570040606,35,15.723270440251572,66.35076712235971,138,7343,7343,True
686,ae57c8630249,ae57c8630249.png,ae57c8630249_vessel.png,1.4639719200277133,82.65420104332259,55,28.30188679245283,66.34850676806165,220,10909,10909,True
687,6c00dd8bf708,6c00dd8bf708.png,6c00dd8bf708_vessel.png,1.470296083091454,83.99386062192055,50,25.157232704402517,66.34287224666514,198,11261,11261,True
688,e47770a2e5d1,e47770a2e5d1.png,e47770a2e5d1_vessel.png,1.386277733660078,66.19609268657626,116,66.66666666666666,66.33726488060339,209,31541,31541,True
689,b35cad8fe2d7,b35cad8fe2d7.png,b35cad8fe2d7_vessel.png,1.3455146397425364,57.561168401809006,148,86.79245283018868,66.3305537303229,263,31066,31066,True
690,d3e56584a481,d3e56584a481.png,d3e56584a481_vessel.png,1.4943484998349106,89.08893014401195,31,13.20754716981132,66.32451525175176,109,6393,6393,True
691,71e43b4f8ba6,71e43b4f8ba6.png,71e43b4f8ba6_vessel.png,1.4763410694736907,85.27438166918583,45,22.0125786163522,66.29584075333574,177,11504,11504,True
692,e30a890600e1,e30a890600e1.png,e30a890600e1_vessel.png,1.4940810236373876,89.03227014861857,31,13.20754716981132,66.28485325497638,148,7850,7850,True
693,274f4de2a59d,274f4de2a59d.png,274f4de2a59d_vessel.png,1.474728362545704,84.93275887075804,46,22.641509433962266,66.2453840397193,148,11296,11296,True
694,b67ae80f7eba,b67ae80f7eba.png,b67ae80f7eba_vessel.png,1.4848331525527372,87.07327589826112,38,17.61006289308176,66.2343119967073,164,7343,7343,True
695,86410aa13b3e,86410aa13b3e.png,86410aa13b3e_vessel.png,1.4834517343840594,86.78064744085638,39,18.238993710691823,66.21815132180701,179,11738,11738,True
696,4403538fb50f,4403538fb50f.png,4403538fb50f_vessel.png,1.470537564648449,84.04501412280638,49,24.528301886792452,66.1900004520022,199,11351,11351,True
697,d436c06f0490,d436c06f0490.png,d436c06f0490_vessel.png,1.4756080792069286,85.11911093660196,45,22.0125786163522,66.18715124052702,220,11541,11541,True
698,7be1b9aa78aa,7be1b9aa78aa.png,7be1b9aa78aa_vessel.png,1.485655285788596,87.2474299567826,37,16.9811320754717,66.16754059238933,155,11898,11898,True
699,586f5c56081e,586f5c56081e.png,586f5c56081e_vessel.png,1.4652416807301833,82.92317688572997,53,27.044025157232703,66.15943136718079,176,11076,11076,True
700,348598d01e18,348598d01e18.png,348598d01e18_vessel.png,1.4599757896867296,81.80769309678995,57,29.559748427672954,66.13330969605485,228,10539,10539,True
701,934104859e68,934104859e68.png,934104859e68_vessel.png,1.4712085803845536,84.18715667182072,48,23.89937106918239,66.10082099102921,206,11073,11073,True
702,72a867980067,72a867980067.png,72a867980067_vessel.png,1.4900726608488553,88.18317097928488,33,14.465408805031446,66.06784232700885,249,9056,9056,True
703,6bcce181be65,6bcce181be65.png,6bcce181be65_vessel.png,1.3639451320311604,61.465334895284364,132,76.72955974842768,66.04460235122735,228,35642,35642,True
704,c81c6911f5e0,c81c6911f5e0.png,c81c6911f5e0_vessel.png,1.4718557713436182,84.3242523726675,47,23.270440251572328,66.00810873633894,201,11229,11229,True
705,da0a83f074f3,da0a83f074f3.png,da0a83f074f3_vessel.png,1.4794206453269825,85.92673412251442,41,19.49685534591195,65.99777048953368,114,5500,5500,True
706,835b9f6e12ba,835b9f6e12ba.png,835b9f6e12ba_vessel.png,1.4730480202871756,84.57680875067545,46,22.641509433962266,65.99621895566149,188,11324,11324,True
707,240b25a7debe,240b25a7debe.png,240b25a7debe_vessel.png,1.484394583616856,86.98037300029546,37,16.9811320754717,65.98060072284832,140,7447,7447,True
708,9e2a8135f471,9e2a8135f471.png,9e2a8135f471_vessel.png,1.4742025387663127,84.8213726121154,45,22.0125786163522,65.97873441338643,180,11485,11485,True
709,24f271c87e73,24f271c87e73.png,24f271c87e73_vessel.png,1.3465155287463615,57.77318863714661,145,84.90566037735849,65.91293015921016,270,31678,31678,True
710,7d94a000c2d0,7d94a000c2d0.png,7d94a000c2d0_vessel.png,1.4826499648226932,86.61080705851855,38,17.61006289308176,65.91058380888751,168,11774,11774,True
711,1cb6961d141c,1cb6961d141c.png,1cb6961d141c_vessel.png,1.490021321065829,88.17229557468178,32,13.836477987421384,65.87155029850366,108,6151,6151,True
712,233d948e2544,233d948e2544.png,233d948e2544_vessel.png,1.3652026549758598,61.7317183900162,130,75.47169811320755,65.8537123069736,227,33312,33312,True
713,dcc6c0ad5cad,dcc6c0ad5cad.png,dcc6c0ad5cad_vessel.png,1.3804545371659154,64.96255381624096,118,67.9245283018868,65.85114616193471,230,32203,32203,True
714,6a905a7202d2,6a905a7202d2.png,6a905a7202d2_vessel.png,1.48469186713786,87.04334713813131,36,16.352201257861633,65.8360033740504,174,11681,11681,True
715,74211a2b6dcf,74211a2b6dcf.png,74211a2b6dcf_vessel.png,1.3547563666955624,59.5188611289926,138,80.50314465408806,65.81414618652124,247,30242,30242,True
716,c98f623d08d1,c98f623d08d1.png,c98f623d08d1_vessel.png,1.4756305131226104,85.12386315594317,43,20.754716981132077,65.81311930349985,204,11532,11532,True
717,a2163f0c2af5,a2163f0c2af5.png,a2163f0c2af5_vessel.png,1.4826757709345075,86.61627361662751,37,16.9811320754717,65.72573115428077,163,11627,11627,True
718,9b70f84400af,9b70f84400af.png,9b70f84400af_vessel.png,1.4876956801692158,87.67965060773113,33,14.465408805031446,65.71537806692122,99,6785,6785,True
719,a419fcb2dfb5,a419fcb2dfb5.png,a419fcb2dfb5_vessel.png,1.4924624350840714,88.68940143422832,29,11.949685534591195,65.66748666433718,128,5782,5782,True
720,b8297a2291f5,b8297a2291f5.png,b8297a2291f5_vessel.png,1.4809850770571942,86.25813069330445,38,17.61006289308176,65.66371035323765,179,11475,11475,True
721,683023cda6a5,683023cda6a5.png,683023cda6a5_vessel.png,1.4873179531263039,87.59963596452344,33,14.465408805031446,65.65936781667584,134,6142,6142,True
722,cd941e5bc659,cd941e5bc659.png,cd941e5bc659_vessel.png,1.4732739781637902,84.62467384060362,44,21.38364779874214,65.65236602804518,201,11359,11359,True
723,3710ff45299c,3710ff45299c.png,3710ff45299c_vessel.png,1.473986741164126,84.77565979258593,43,20.754716981132077,65.56937694914977,170,11394,11394,True
724,d6130f2ec903,d6130f2ec903.png,d6130f2ec903_vessel.png,1.4854316477421237,87.20005628091812,34,15.09433962264151,65.56834128343513,211,7942,7942,True
725,e2ec22b3d07e,e2ec22b3d07e.png,e2ec22b3d07e_vessel.png,1.4839645774740247,86.88928397518751,35,15.723270440251572,65.53947991470672,184,8083,8083,True
726,6294b378d09f,6294b378d09f.png,6294b378d09f_vessel.png,1.4863370201925754,87.39184306174931,33,14.465408805031446,65.51391278473395,98,6628,6628,True
727,3c9529918097,3c9529918097.png,3c9529918097_vessel.png,1.4709378518187242,84.12980772101758,45,22.0125786163522,65.49463898961797,196,11428,11428,True
728,7ba6b23c4b46,7ba6b23c4b46.png,7ba6b23c4b46_vessel.png,1.4861626018166163,87.35489568299232,33,14.465408805031446,65.48804961960406,113,6913,6913,True
729,2821998fc002,2821998fc002.png,2821998fc002_vessel.png,1.473193939466581,84.60771909002331,43,20.754716981132077,65.45181845735594,200,11269,11269,True
730,b2b79b37d314,b2b79b37d314.png,b2b79b37d314_vessel.png,1.4680816467192102,83.52477232242983,47,23.270440251572328,65.44847270117256,174,10895,10895,True
731,73ba798fee25,73ba798fee25.png,73ba798fee25_vessel.png,1.4705899153657596,84.05610367555583,45,22.0125786163522,65.44304615779474,182,11410,11410,True
732,7f1f3269f546,7f1f3269f546.png,7f1f3269f546_vessel.png,1.4702321049589373,83.98030801153038,45,22.0125786163522,65.38998919297693,170,11072,11072,True
733,342edf9b889d,342edf9b889d.png,342edf9b889d_vessel.png,1.494063591465023,89.02857745814735,26,10.062893081761008,65.33887214523145,89,6534,6534,True
734,306c841af3fc,306c841af3fc.png,306c841af3fc_vessel.png,1.3845039686926077,65.82035265506488,112,64.15094339622641,65.31952987741334,192,34303,34303,True
735,ae49cc60f251,ae49cc60f251.png,ae49cc60f251_vessel.png,1.4620530435939156,82.24772177187218,51,25.78616352201258,65.30925429691429,184,11020,11020,True
736,b05922e7abd3,b05922e7abd3.png,b05922e7abd3_vessel.png,1.4556775030740818,80.89717880831319,56,28.930817610062892,65.3072704488381,179,10542,10542,True
737,486e852a3b4d,486e852a3b4d.png,486e852a3b4d_vessel.png,1.477264328099673,85.46995731284872,39,18.238993710691823,65.30066823220164,237,8688,8688,True
738,a73c3d516c59,a73c3d516c59.png,a73c3d516c59_vessel.png,1.4962198947177967,89.48535130756031,24,8.80503144654088,65.28125534925448,110,7395,7395,True
739,e06cccc08c59,e06cccc08c59.png,e06cccc08c59_vessel.png,1.4642175418871692,82.70623159241134,49,24.528301886792452,65.25285268072567,179,10975,10975,True
740,ad93d88c87ea,ad93d88c87ea.png,ad93d88c87ea_vessel.png,1.4731210752160262,84.59228411622375,42,20.125786163522015,65.25233473041322,195,11300,11300,True
741,2b4c7b5f1f1e,2b4c7b5f1f1e.png,2b4c7b5f1f1e_vessel.png,1.4692693541320967,83.7763666592944,45,22.0125786163522,65.24723024641173,207,11005,11005,True
742,4fd5ec0dca09,4fd5ec0dca09.png,4fd5ec0dca09_vessel.png,1.4883088408958607,87.80953761924408,30,12.578616352201259,65.24026123913123,112,6007,6007,True
743,956765d5f46d,956765d5f46d.png,956765d5f46d_vessel.png,1.479112632551075,85.86148718605563,37,16.9811320754717,65.19738065288044,251,8397,8397,True
744,837acf120946,837acf120946.png,837acf120946_vessel.png,1.485270288089505,87.16587515654624,32,13.836477987421384,65.16705600580877,149,7731,7731,True
745,96b5474ae604,96b5474ae604.png,96b5474ae604_vessel.png,1.4648861387914671,82.8478617556497,48,23.89937106918239,65.1633145497095,178,10591,10591,True
746,4826d10030b3,4826d10030b3.png,4826d10030b3_vessel.png,1.4635715216476681,82.56938388733273,49,24.528301886792452,65.15705928717064,177,10563,10563,True
747,abe940882578,abe940882578.png,abe940882578_vessel.png,1.4685131172039894,83.61617154189823,45,22.0125786163522,65.1350936642344,181,11303,11303,True
748,2a93334f663a,2a93334f663a.png,2a93334f663a_vessel.png,1.4620832511164836,82.25412068925398,50,25.157232704402517,65.12505429379854,212,11049,11049,True
749,4c17e85686f0,4c17e85686f0.png,4c17e85686f0_vessel.png,1.4671346482913359,83.32416783104776,46,22.641509433962266,65.1193703119221,181,11140,11140,True
750,7526cf435753,7526cf435753.png,7526cf435753_vessel.png,1.4810928923795892,86.2809694196166,35,15.723270440251572,65.11365972580708,164,7211,7211,True
751,3b9817a39adf,3b9817a39adf.png,3b9817a39adf_vessel.png,1.4694874439522752,83.82256504375287,44,21.38364779874214,65.09088987024965,190,11139,11139,True
752,db6207e62c7b,db6207e62c7b.png,db6207e62c7b_vessel.png,1.4083916675361328,70.88052966882186,92,51.57232704402516,65.08806888138285,262,18785,18785,True
753,93802d1e3c41,93802d1e3c41.png,93802d1e3c41_vessel.png,1.4720051129560614,84.35588769256302,42,20.125786163522015,65.08685723385071,188,11180,11180,True
754,bc92a61a1f9c,bc92a61a1f9c.png,bc92a61a1f9c_vessel.png,1.472903137769351,84.5461180093364,41,19.49685534591195,65.03133921030906,175,11276,11276,True
755,27933cdbe0cc,27933cdbe0cc.png,27933cdbe0cc_vessel.png,1.4842726490451679,86.95454336635375,32,13.836477987421384,65.01912375267403,172,11729,11729,True
756,32ed318235b8,32ed318235b8.png,32ed318235b8_vessel.png,1.4624013008291006,82.32149376924627,49,24.528301886792452,64.98353620451012,200,10758,10758,True
757,7eeb191ad06b,7eeb191ad06b.png,7eeb191ad06b_vessel.png,1.4776446851712444,85.55052908006637,37,16.9811320754717,64.97970997868796,193,11823,11823,True
758,b92eacd1392a,b92eacd1392a.png,b92eacd1392a_vessel.png,1.4763037194124293,85.26646973414783,38,17.61006289308176,64.969547681828,204,11301,11301,True
759,b5204c0decc7,b5204c0decc7.png,b5204c0decc7_vessel.png,1.4775710175223469,85.5349239208566,37,16.9811320754717,64.96878636724112,153,11256,11256,True
760,991a0b7a8c87,991a0b7a8c87.png,991a0b7a8c87_vessel.png,1.4823783556255257,86.5532715618918,33,14.465408805031446,64.92691273483369,98,6426,6426,True
761,40c24aded50c,40c24aded50c.png,40c24aded50c_vessel.png,1.4683494074429533,83.58149258955757,44,21.38364779874214,64.92213915231294,187,11171,11171,True
762,79cbae28d8b2,79cbae28d8b2.png,79cbae28d8b2_vessel.png,1.4707564305379175,84.09137690350946,42,20.125786163522015,64.90169968151322,172,11058,11058,True
763,276b14f72328,276b14f72328.png,276b14f72328_vessel.png,1.3612850240069057,60.90183911586177,128,74.21383647798741,64.89543832449945,231,29737,29737,True
764,4ab8c0cece7f,4ab8c0cece7f.png,4ab8c0cece7f_vessel.png,1.4554047556832612,80.83940220594418,54,27.67295597484277,64.88946833661376,218,10864,10864,True
765,511fd66b2df8,511fd66b2df8.png,511fd66b2df8_vessel.png,1.3637604562264047,61.426214665732616,126,72.95597484276729,64.88514271884301,215,30470,30470,True
766,5ea9e447bb62,5ea9e447bb62.png,5ea9e447bb62_vessel.png,1.465354832667849,82.94714607747959,46,22.641509433962266,64.85545508442439,203,10735,10735,True
767,6e0f78e188ff,6e0f78e188ff.png,6e0f78e188ff_vessel.png,1.3622045190804464,61.0966175190002,127,73.58490566037736,64.84310396141335,237,29852,29852,True
768,a9dc80cba9a4,a9dc80cba9a4.png,a9dc80cba9a4_vessel.png,1.3605698655215457,60.75034572369717,128,74.21383647798741,64.78939294998423,243,31430,31430,True
769,757e39293591,757e39293591.png,757e39293591_vessel.png,1.463608471972713,82.5772111454821,47,23.270440251572328,64.78517987730916,201,10994,10994,True
770,cb02bb47fdc5,cb02bb47fdc5.png,cb02bb47fdc5_vessel.png,1.352784518637028,59.10116077678299,134,77.9874213836478,64.76703895884242,298,27140,27140,True
771,a1b28bcbce00,a1b28bcbce00.png,a1b28bcbce00_vessel.png,1.4672178850413728,83.34180003128587,44,21.38364779874214,64.75435436152274,163,7549,7549,True
772,692e946b1f85,692e946b1f85.png,692e946b1f85_vessel.png,1.4544456009254672,80.63622261590425,54,27.67295597484277,64.74724262358579,235,10300,10300,True
773,3732de8b416f,3732de8b416f.png,3732de8b416f_vessel.png,1.3305979909282974,54.401346103875234,151,88.67924528301887,64.68471585761833,280,32949,32949,True
774,b085caa513a8,b085caa513a8.png,b085caa513a8_vessel.png,1.4870971239067978,87.55285728785684,28,11.320754716981133,64.68322651659412,160,7088,7088,True
775,9f1b14dfa14c,9f1b14dfa14c.png,9f1b14dfa14c_vessel.png,1.4896092069459048,88.08499665106652,26,10.062893081761008,64.67836558027486,107,5926,5926,True
776,72606afaf3da,72606afaf3da.png,72606afaf3da_vessel.png,1.4196249686988656,73.26010137661228,81,44.65408805031446,64.67829737872293,211,16935,16935,True
777,2b10f138e67d,2b10f138e67d.png,2b10f138e67d_vessel.png,1.4818679381091775,86.44514884146727,32,13.836477987421384,64.6625475852535,135,6110,6110,True
778,b7aca95b97b9,b7aca95b97b9.png,b7aca95b97b9_vessel.png,1.4787095115011444,85.77609328168741,34,15.09433962264151,64.57156718397363,152,7552,7552,True
779,bb2f89488ecd,bb2f89488ecd.png,bb2f89488ecd_vessel.png,1.473101470326549,84.58813117492373,38,17.61006289308176,64.49471069037114,153,11242,11242,True
780,a528be013a04,a528be013a04.png,a528be013a04_vessel.png,1.4602507187106797,81.86593183868467,48,23.89937106918239,64.47596360783398,166,10625,10625,True
781,b86fb2d5be1a,b86fb2d5be1a.png,b86fb2d5be1a_vessel.png,1.373710931135917,63.5340428304672,116,66.66666666666666,64.47382998132703,211,33029,33029,True
782,80c67efc8101,80c67efc8101.png,80c67efc8101_vessel.png,1.4588833899532667,81.57628796826283,49,24.528301886792452,64.46189214382171,195,10998,10998,True
783,393fa5a023a5,393fa5a023a5.png,393fa5a023a5_vessel.png,1.4714514573851765,84.23860577220383,39,18.238993710691823,64.43872215375022,200,11289,11289,True
784,478fc46eaa49,478fc46eaa49.png,478fc46eaa49_vessel.png,1.4585642462233364,81.50868314048697,49,24.528301886792452,64.4145687643786,197,10607,10607,True
785,25a0a1e41afd,25a0a1e41afd.png,25a0a1e41afd_vessel.png,1.4597967408800228,81.76976484501596,48,23.89937106918239,64.40864671226588,189,10621,10621,True
786,351e842842a2,351e842842a2.png,351e842842a2_vessel.png,1.3361788842280893,55.5835574243052,145,84.90566037735849,64.38018831022117,229,30428,30428,True
787,36e4b704b905,36e4b704b905.png,36e4b704b905_vessel.png,1.479919099534211,86.032322632247,32,13.836477987421384,64.3735692387993,133,7590,7590,True
788,ab3c505b624f,ab3c505b624f.png,ab3c505b624f_vessel.png,1.4835818830784662,86.80821708815148,29,11.949685534591195,64.35065762208339,91,5479,5479,True
789,721214151233,721214151233.png,721214151233_vessel.png,1.4695621203339415,83.83838388475777,40,18.867924528301888,64.34724607782101,174,11027,11027,True
790,789f0ec1eab8,789f0ec1eab8.png,789f0ec1eab8_vessel.png,1.460293081246356,81.87490557578164,47,23.270440251572328,64.29356597851884,175,10935,10935,True
791,a85cda5f725d,a85cda5f725d.png,a85cda5f725d_vessel.png,1.466362489912256,83.1606000421873,42,20.125786163522015,64.2501558785877,209,10921,10921,True
792,847b04287c9c,847b04287c9c.png,847b04287c9c_vessel.png,1.4625020362597796,82.34283274853146,45,22.0125786163522,64.24375650887768,182,10672,10672,True
793,726dff37edc0,726dff37edc0.png,726dff37edc0_vessel.png,1.4612250295683673,82.07232197440347,46,22.641509433962266,64.2430782122711,194,7483,7483,True
794,1d37f1c8b6d8,1d37f1c8b6d8.png,1d37f1c8b6d8_vessel.png,1.4749500105979167,84.97971100232576,35,15.723270440251572,64.20277883370349,164,11173,11173,True
795,aa10a4b2e709,aa10a4b2e709.png,aa10a4b2e709_vessel.png,1.467276799574413,83.35428000969729,41,19.49685534591195,64.19705261056168,178,10880,10880,True
796,a45c30da0c72,a45c30da0c72.png,a45c30da0c72_vessel.png,1.4825429891136894,86.58814618911974,29,11.949685534591195,64.19660799276117,117,7368,7368,True
797,6bf26b777e3a,6bf26b777e3a.png,6bf26b777e3a_vessel.png,1.362692327518051,61.19995091495652,123,71.0691823899371,64.16072035745069,228,31544,31544,True
798,6f3b62e5b7f5,6f3b62e5b7f5.png,6f3b62e5b7f5_vessel.png,1.4809742424602197,86.25583557986876,30,12.578616352201259,64.1526698115685,204,7124,7124,True
799,5a0fe0ee4301,5a0fe0ee4301.png,5a0fe0ee4301_vessel.png,1.4644247829635986,82.75013186669574,43,20.754716981132077,64.15150740102663,189,10829,10829,True
800,8846b09384a4,8846b09384a4.png,8846b09384a4_vessel.png,1.3408825957941035,56.57995365742916,140,81.76100628930818,64.13426944699286,288,32412,32412,True
801,b8e20c076b03,b8e20c076b03.png,b8e20c076b03_vessel.png,1.369853103942333,62.71683190463069,117,67.29559748427673,64.0904615785245,201,32095,32095,True
802,ae975c43bd8b,ae975c43bd8b.png,ae975c43bd8b_vessel.png,1.4676082176420058,83.42448493393726,40,18.867924528301888,64.05751681224665,194,11033,11033,True
803,74898f372d2b,74898f372d2b.png,74898f372d2b_vessel.png,1.3479026285177256,58.06702063933407,134,77.9874213836478,64.04314086262818,221,33071,33071,True
804,1df0431bfa73,1df0431bfa73.png,1df0431bfa73_vessel.png,1.393585228821234,67.74405338738882,98,55.34591194968554,64.02461095607782,267,18537,18537,True
805,c5a6f432a1ec,c5a6f432a1ec.png,c5a6f432a1ec_vessel.png,1.4885880344162181,87.86867971758335,23,8.176100628930817,63.960905990987584,93,5701,5701,True
806,bff51afc76d4,bff51afc76d4.png,bff51afc76d4_vessel.png,1.3765204636993418,64.12919149631271,111,63.52201257861635,63.9470378210038,249,33313,33313,True
807,2974c6ad1d58,2974c6ad1d58.png,2974c6ad1d58_vessel.png,1.4616859673509477,82.16996330802307,44,21.38364779874214,63.93406865523879,200,10880,10880,True
808,ab78a66dee6a,ab78a66dee6a.png,ab78a66dee6a_vessel.png,1.4616446761536668,82.16121651459102,44,21.38364779874214,63.92794589983635,197,10655,10655,True
809,870fbe6eaa68,870fbe6eaa68.png,870fbe6eaa68_vessel.png,1.456175382090272,81.00264547422607,48,23.89937106918239,63.87166315271296,163,10275,10275,True
810,3323fd59782e,3323fd59782e.png,3323fd59782e_vessel.png,1.4789282699713415,85.82243330756044,30,12.578616352201259,63.84928822095269,123,11472,11472,True
811,bf7221a016b5,bf7221a016b5.png,bf7221a016b5_vessel.png,1.3783800718857904,64.52311586137193,109,62.264150943396224,63.845426385979216,176,30679,30679,True
812,d5ad3362424c,d5ad3362424c.png,d5ad3362424c_vessel.png,1.3567222672704204,59.935301614339906,126,72.95597484276729,63.841503582868114,230,29053,29053,True
813,29192375ab1b,29192375ab1b.png,29192375ab1b_vessel.png,1.4580944746134197,81.40917052029751,46,22.641509433962266,63.77887219439693,215,10508,10508,True
814,496155f71d0a,496155f71d0a.png,496155f71d0a_vessel.png,1.4631775614513778,82.48593054414293,42,20.125786163522015,63.77788722995665,172,10787,10787,True
815,3fd45879afe6,3fd45879afe6.png,3fd45879afe6_vessel.png,1.4694641065685936,83.81762144105426,37,16.9811320754717,63.76667463137949,165,11129,11129,True
816,50916d67bb51,50916d67bb51.png,50916d67bb51_vessel.png,1.461711715638701,82.17541761715039,43,20.754716981132077,63.74920742634489,159,10916,10916,True
817,a0e635689259,a0e635689259.png,a0e635689259_vessel.png,1.4858451840158573,87.28765646209962,24,8.80503144654088,63.742868957431995,85,5822,5822,True
818,d8da9de62743,d8da9de62743.png,d8da9de62743_vessel.png,1.4522278821521302,80.16643899910102,50,25.157232704402517,63.66367711069147,205,10519,10519,True
819,90a9a41eec6d,90a9a41eec6d.png,90a9a41eec6d_vessel.png,1.4786257955677964,85.75835957513041,29,11.949685534591195,63.615757362968644,137,7678,7678,True
820,e12f9f19d1be,e12f9f19d1be.png,e12f9f19d1be_vessel.png,1.4862392806676272,87.3711387109151,23,8.176100628930817,63.612627286319814,113,5957,5957,True
821,6b3860e8f64f,6b3860e8f64f.png,6b3860e8f64f_vessel.png,1.4735122193011352,84.67514091718648,33,14.465408805031446,63.61222128353997,136,11338,11338,True
822,b9d0b83d70c3,b9d0b83d70c3.png,b9d0b83d70c3_vessel.png,1.489719259739757,88.10830934524432,20,6.289308176100629,63.562608994501204,97,6250,6250,True
823,26d60db3bbfd,26d60db3bbfd.png,26d60db3bbfd_vessel.png,1.4730166491683088,84.57016334646026,33,14.465408805031446,63.538736984031615,197,7581,7581,True
824,be197b663520,be197b663520.png,be197b663520_vessel.png,1.465361909388388,82.94864515275006,39,18.238993710691823,63.535749720132586,170,10892,10892,True
825,b69c224edd6e,b69c224edd6e.png,b69c224edd6e_vessel.png,1.378817187291231,64.61571085519944,107,61.0062893081761,63.53288439109244,195,33350,33350,True
826,d160ebef4117,d160ebef4117.png,d160ebef4117_vessel.png,1.4652655320479417,82.92822935606875,39,18.238993710691823,63.52145866245567,204,7194,7194,True
827,874f8c1929f6,874f8c1929f6.png,874f8c1929f6_vessel.png,1.4524741589917871,80.21860829390066,49,24.528301886792452,63.511516371768195,185,10484,10484,True
828,96ea316ed0ab,96ea316ed0ab.png,96ea316ed0ab_vessel.png,1.4714843490325902,84.24557327289436,34,15.09433962264151,63.500203177818506,102,6251,6251,True
829,2b3a4a81d748,2b3a4a81d748.png,2b3a4a81d748_vessel.png,1.4600059264820517,81.81407703188376,43,20.754716981132077,63.496269016658246,188,10815,10815,True
830,98d41bce73a8,98d41bce73a8.png,98d41bce73a8_vessel.png,1.3899068840253515,66.96486256173743,98,55.34591194968554,63.47917737812186,259,18006,18006,True
831,5a179c123fd8,5a179c123fd8.png,5a179c123fd8_vessel.png,1.4771872448921224,85.45362862930543,29,11.949685534591195,63.40244570089116,107,6960,6960,True
832,8b8fe3fc8950,8b8fe3fc8950.png,8b8fe3fc8950_vessel.png,1.474486790979023,84.88158630294798,31,13.20754716981132,63.37937456300698,146,7614,7614,True
833,2d04cead4d3a,2d04cead4d3a.png,2d04cead4d3a_vessel.png,1.396764119294462,68.41744384694073,92,51.57232704402516,63.36390880606605,232,18226,18226,True
834,cfed7c1172ec,cfed7c1172ec.png,cfed7c1172ec_vessel.png,1.4664493969119574,83.17900971844388,37,16.9811320754717,63.31964642555222,179,10891,10891,True
835,4e54ccfd49b2,4e54ccfd49b2.png,4e54ccfd49b2_vessel.png,1.4549709099956247,80.74749984270375,46,22.641509433962266,63.3157027200813,166,10652,10652,True
836,d97911a32918,d97911a32918.png,d97911a32918_vessel.png,1.4535500401019603,80.44651425080741,47,23.270440251572328,63.293692051036885,184,10362,10362,True
837,462937ece243,462937ece243.png,462937ece243_vessel.png,1.457326958028903,81.24658601167283,44,21.38364779874214,63.287704547793616,171,10454,10454,True
838,540e4973829e,540e4973829e.png,540e4973829e_vessel.png,1.4751004572279691,85.01158040021858,30,12.578616352201259,63.28169118581338,106,6015,6015,True
839,8693ab1fd2be,8693ab1fd2be.png,8693ab1fd2be_vessel.png,1.463459374287003,82.54562749705386,39,18.238993710691823,63.25363736114524,183,8028,8028,True
840,d844a7252f4e,d844a7252f4e.png,d844a7252f4e_vessel.png,1.3768979433829642,64.20915374092819,107,61.0062893081761,63.24829441110256,190,30079,30079,True
841,4731e708ede3,4731e708ede3.png,4731e708ede3_vessel.png,1.4723081954127915,84.42009023006419,32,13.836477987421384,63.245006557271346,110,5828,5828,True
842,e42d9a94a66d,e42d9a94a66d.png,e42d9a94a66d_vessel.png,1.348758444005003,58.24830967370721,129,74.84276729559748,63.22664696027429,226,35652,35652,True
843,aaaadb174012,aaaadb174012.png,aaaadb174012_vessel.png,1.461666383701979,82.16581486614066,40,18.867924528301888,63.176447764789025,169,10562,10562,True
844,9b4fc15df3c8,9b4fc15df3c8.png,9b4fc15df3c8_vessel.png,1.4742194600454936,84.82495707910469,30,12.578616352201259,63.15105486103366,124,5196,5196,True
845,4554062fa836,4554062fa836.png,4554062fa836_vessel.png,1.3392532419321905,56.23480450709302,136,79.24528301886792,63.13794806062549,243,32114,32114,True
846,1e036f2e7095,1e036f2e7095.png,1e036f2e7095_vessel.png,1.340497903119323,56.49846347107691,135,78.61635220125787,63.13383009013119,224,32612,32612,True
847,60aa4e649abf,60aa4e649abf.png,60aa4e649abf_vessel.png,1.3760653863305834,64.0327915853813,107,61.0062893081761,63.124840902219745,218,32321,32321,True
848,3599029efeb3,3599029efeb3.png,3599029efeb3_vessel.png,1.3644803928286524,61.57872021555219,116,66.66666666666666,63.10510415088653,201,33063,33063,True
849,1b3647865779,1b3647865779.png,1b3647865779_vessel.png,1.4828041403000256,86.643466345275,23,8.176100628930817,63.10325663037174,87,5969,5969,True
850,9f8112c710be,9f8112c710be.png,9f8112c710be_vessel.png,1.4483806629993878,79.35147519488054,50,25.157232704402517,63.09320244773713,211,10106,10106,True
851,1caba2fb38f6,1caba2fb38f6.png,1caba2fb38f6_vessel.png,1.4559258714712222,80.94979116174186,44,21.38364779874214,63.079948152841936,171,10501,10501,True
852,35362d43e753,35362d43e753.png,35362d43e753_vessel.png,1.4557677634864319,80.9162988443961,44,21.38364779874214,63.056503530699906,177,10509,10509,True
853,af5a0bc4e1fa,af5a0bc4e1fa.png,af5a0bc4e1fa_vessel.png,1.4646233848870045,82.79220209264298,37,16.9811320754717,63.048881087491594,159,7297,7297,True
854,9ed6c2b25767,9ed6c2b25767.png,9ed6c2b25767_vessel.png,1.4632530923687685,82.50193040308757,38,17.61006289308176,63.03437015008582,142,7442,7442,True
855,4a05f81b3aba,4a05f81b3aba.png,4a05f81b3aba_vessel.png,1.4720269260031635,84.36050839212345,31,13.20754716981132,63.01462002542981,141,7294,7294,True
856,c1819db0aece,c1819db0aece.png,c1819db0aece_vessel.png,1.455342454681011,80.82620486527166,44,21.38364779874214,62.993437745312804,214,10537,10537,True
857,9039cbfcbb2f,9039cbfcbb2f.png,9039cbfcbb2f_vessel.png,1.4705641271750387,84.05064091370645,32,13.836477987421384,62.98639203582093,170,7035,7035,True
858,ac0a48ccbf70,ac0a48ccbf70.png,ac0a48ccbf70_vessel.png,1.4730520181278357,84.57765562092216,30,12.578616352201259,62.97794384030588,182,8039,8039,True
859,830e297965a1,830e297965a1.png,830e297965a1_vessel.png,1.397963000140651,68.67140507358953,89,49.685534591194966,62.97564392887115,240,18325,18325,True
860,e4ae1ee6aada,e4ae1ee6aada.png,e4ae1ee6aada_vessel.png,1.4665074922684769,83.19131616912343,35,15.723270440251572,62.95090245046187,159,10837,10837,True
861,c7d0deb71576,c7d0deb71576.png,c7d0deb71576_vessel.png,1.4519748918263469,80.11284757367251,46,22.641509433962266,62.871446131759434,170,10037,10037,True
862,2ef955d6d9ff,2ef955d6d9ff.png,2ef955d6d9ff_vessel.png,1.4640212014715437,82.66464042599017,36,16.352201257861633,62.7709086755516,119,5746,5746,True
863,9de9421f17e3,9de9421f17e3.png,9de9421f17e3_vessel.png,1.4601355498805317,81.84153540473625,39,18.238993710691823,62.760772896522916,178,10650,10650,True
864,4dd14c380696,4dd14c380696.png,4dd14c380696_vessel.png,1.4531773426229453,80.36756502975642,44,21.38364779874214,62.67238986045213,147,5754,5754,True
865,67ed8cc78b97,67ed8cc78b97.png,67ed8cc78b97_vessel.png,1.4692287539113846,83.7677662367528,31,13.20754716981132,62.59970051667036,84,5822,5822,True
866,789c60cba801,789c60cba801.png,789c60cba801_vessel.png,1.4804709734081272,86.14922713232363,22,7.547169811320755,62.56860993602276,78,5605,5605,True
867,44976c3b11a6,44976c3b11a6.png,44976c3b11a6_vessel.png,1.3697165910734348,62.68791412205961,109,62.264150943396224,62.56078516846059,198,34610,34610,True
868,ae5d31979f19,ae5d31979f19.png,ae5d31979f19_vessel.png,1.3656790315294862,61.832630148086466,112,64.15094339622641,62.528124122528446,205,26150,26150,True
869,a2b97d98f130,a2b97d98f130.png,a2b97d98f130_vessel.png,1.378215263248996,64.488204132074,102,57.861635220125784,62.50023345848953,218,32371,32371,True
870,2cfe8703f265,2cfe8703f265.png,2cfe8703f265_vessel.png,1.3603875987916658,60.71173581309205,116,66.66666666666666,62.49821506916443,221,32110,32110,True
871,c9c563864ab1,c9c563864ab1.png,c9c563864ab1_vessel.png,1.379438687730618,64.74736448404107,101,57.23270440251572,62.49296645958346,294,18450,18450,True
872,e16af45285e5,e16af45285e5.png,e16af45285e5_vessel.png,1.4480947561155952,79.29091099190231,47,23.270440251572328,62.484769769803314,197,10035,10035,True
873,b11dcdcbc8c8,b11dcdcbc8c8.png,b11dcdcbc8c8_vessel.png,1.3627240195909271,61.20666430747445,114,65.40880503144653,62.46730652466607,213,31589,31589,True
874,29a13e666266,29a13e666266.png,29a13e666266_vessel.png,1.4628791219957855,82.42271154246853,35,15.723270440251572,62.41287921180344,189,10819,10819,True
875,97fdee242fea,97fdee242fea.png,97fdee242fea_vessel.png,1.4586673434574813,81.53052242512544,38,17.61006289308176,62.354384565512326,132,6974,6974,True
876,bb08949dd70a,bb08949dd70a.png,bb08949dd70a_vessel.png,1.4687339090839029,83.6629423088474,30,12.578616352201259,62.337644521853555,118,7510,7510,True
877,c5b58cc992af,c5b58cc992af.png,c5b58cc992af_vessel.png,1.478878122907591,85.81181055896668,22,7.547169811320755,62.3324183346729,113,5908,5908,True
878,5f6db235c04d,5f6db235c04d.png,5f6db235c04d_vessel.png,1.459767229061611,81.76351329997851,37,16.9811320754717,62.32879893262647,186,10542,10542,True
879,64b9206afb3f,64b9206afb3f.png,64b9206afb3f_vessel.png,1.4507402794108089,79.85131726022846,44,21.38364779874214,62.311016421782554,150,10447,10447,True
880,a82a12ad3fb1,a82a12ad3fb1.png,a82a12ad3fb1_vessel.png,1.465873786745991,83.05707711414459,32,13.836477987421384,62.290897376127624,127,6837,6837,True
881,b460ca9fa26f,b460ca9fa26f.png,b460ca9fa26f_vessel.png,1.4530639653807687,80.34354811132054,42,20.125786163522015,62.278219526980976,179,10129,10129,True
882,e0313be77035,e0313be77035.png,e0313be77035_vessel.png,1.4071701068739537,70.6217641332984,78,42.76729559748428,62.265423572554155,246,18367,18367,True
883,9095d43fb132,9095d43fb132.png,9095d43fb132_vessel.png,1.3548836609817092,59.54582612151707,119,68.55345911949685,62.248116020911,190,32821,32821,True
884,237aa50edc34,237aa50edc34.png,237aa50edc34_vessel.png,1.3457366007963123,57.60818683709753,126,72.95597484276729,62.212523238798454,216,31845,31845,True
885,76e5b50f95a7,76e5b50f95a7.png,76e5b50f95a7_vessel.png,1.4526039733352247,80.24610711498936,42,20.125786163522015,62.21001082954915,187,10497,10497,True
886,9ab18a4a957f,9ab18a4a957f.png,9ab18a4a957f_vessel.png,1.3875820483561196,66.47238816764578,93,52.20125786163522,62.191049075842606,318,16894,16894,True
887,2da82d14e1b7,2da82d14e1b7.png,2da82d14e1b7_vessel.png,1.449913202583551,79.67611599126924,44,21.38364779874214,62.188375533511106,163,10056,10056,True
888,b0619ca93a5f,b0619ca93a5f.png,b0619ca93a5f_vessel.png,1.4435116144334577,78.32005530828629,49,24.528301886792452,62.182529281838136,146,9911,9911,True
889,b5e6ae31493c,b5e6ae31493c.png,b5e6ae31493c_vessel.png,1.4573962649961125,81.26126743932579,38,17.61006289308176,62.165906075452575,192,10547,10547,True
890,3c28fd846b43,3c28fd846b43.png,3c28fd846b43_vessel.png,1.4535603609834349,80.4487005429045,41,19.49685534591195,62.16314698380673,168,10580,10580,True
891,82d364726a58,82d364726a58.png,82d364726a58_vessel.png,1.3503088525637483,58.57673568921775,122,70.44025157232704,62.13579045415054,189,30923,30923,True
892,d78b7401096f,d78b7401096f.png,d78b7401096f_vessel.png,1.3246182530047281,53.134646762622516,142,83.01886792452831,62.099913111194255,272,30558,30558,True
893,609be3ca5ddf,609be3ca5ddf.png,609be3ca5ddf_vessel.png,1.4642759831216212,82.71861131107603,32,13.836477987421384,62.05397131397964,112,6738,6738,True
894,65cf00be6fb4,65cf00be6fb4.png,65cf00be6fb4_vessel.png,1.4663454328235173,83.15698680639917,30,12.578616352201259,61.983475670139796,104,5773,5773,True
895,384db24ebbd7,384db24ebbd7.png,384db24ebbd7_vessel.png,1.4547860391516927,80.7083382976296,39,18.238993710691823,61.96753492154826,169,10221,10221,True
896,9a326446c431,9a326446c431.png,9a326446c431_vessel.png,1.3274740341396405,53.739592351976405,139,81.13207547169812,61.95733728789291,267,31091,31091,True
897,357f02a779d7,357f02a779d7.png,357f02a779d7_vessel.png,1.4518115443445447,80.0782453636361,41,19.49685534591195,61.90382835831885,180,10403,10403,True
898,6e1db8711879,6e1db8711879.png,6e1db8711879_vessel.png,1.3932265007026352,67.66806332271943,87,48.42767295597484,61.895946212696046,258,18400,18400,True
899,2cdcc910778d,2cdcc910778d.png,2cdcc910778d_vessel.png,1.457941160862166,81.37669377462733,36,16.352201257861633,61.869346019597614,119,5783,5783,True
900,896ad584a841,896ad584a841.png,896ad584a841_vessel.png,1.443493977841311,78.31631931518095,47,23.270440251572328,61.80255559609836,175,9886,9886,True
901,8be6629a6039,8be6629a6039.png,8be6629a6039_vessel.png,1.3480432703337806,58.096813064692256,122,70.44025157232704,61.79984461698268,232,32804,32804,True
902,891329021e12,891329021e12.png,891329021e12_vessel.png,1.4510805375528204,79.92339479436971,41,19.49685534591195,61.79543295983238,166,10206,10206,True
903,b1c6f0997e27,b1c6f0997e27.png,b1c6f0997e27_vessel.png,1.4559712780023482,80.9594097142271,37,16.9811320754717,61.76592642260049,186,10550,10550,True
904,cb28adab4e8a,cb28adab4e8a.png,cb28adab4e8a_vessel.png,1.4787729588947756,85.78953346464259,19,5.660377358490567,61.750786632796974,78,5360,5360,True
905,c3c8fdda50c0,c3c8fdda50c0.png,c3c8fdda50c0_vessel.png,1.4570483217267836,81.18756194994052,36,16.352201257861633,61.73695374231684,156,10717,10717,True
906,a07d571bf7ba,a07d571bf7ba.png,a07d571bf7ba_vessel.png,1.4706927455711767,84.07788639498729,25,9.433962264150944,61.68470915573638,121,7122,7122,True
907,7131bf4c9e6f,7131bf4c9e6f.png,7131bf4c9e6f_vessel.png,1.4564391701628319,81.05852420704224,36,16.352201257861633,61.64662732228805,178,7295,7295,True
908,3178559fbf57,3178559fbf57.png,3178559fbf57_vessel.png,1.4551575296542987,80.78703184255535,37,16.9811320754717,61.64526191243026,181,10307,10307,True
909,97c6cb55866d,97c6cb55866d.png,97c6cb55866d_vessel.png,1.3150458021627942,51.106896160399806,147,86.16352201257862,61.623883916053444,275,30466,30466,True
910,a08a0133754a,a08a0133754a.png,a08a0133754a_vessel.png,1.447101371818423,79.08048049295364,43,20.754716981132077,61.58275143940717,207,10129,10129,True
911,a73d012c4c38,a73d012c4c38.png,a73d012c4c38_vessel.png,1.445649979843006,78.77302935000077,44,21.38364779874214,61.556214884623174,185,10138,10138,True
912,daad7b617f21,daad7b617f21.png,daad7b617f21_vessel.png,1.4518618017084575,80.08889147732454,39,18.238993710691823,61.533922147334714,204,7555,7555,True
913,83fda7c0500b,83fda7c0500b.png,83fda7c0500b_vessel.png,1.3156955912255381,51.24454222252683,146,85.53459119496856,61.53155691425934,262,31634,31634,True
914,4e8585a96739,4e8585a96739.png,4e8585a96739_vessel.png,1.461914151606609,82.21830001609035,31,13.20754716981132,61.51507416220664,183,7684,7684,True
915,9688c6ef5dc5,9688c6ef5dc5.png,9688c6ef5dc5_vessel.png,1.4463634462486084,78.92416430566834,43,20.754716981132077,61.47333010830746,180,10256,10256,True
916,94f9ecf4b8d2,94f9ecf4b8d2.png,94f9ecf4b8d2_vessel.png,1.443739279308902,78.36828199504708,45,22.0125786163522,61.46157098143862,165,7175,7175,True
917,2f143453bb71,2f143453bb71.png,2f143453bb71_vessel.png,1.3605775002176248,60.75196299599534,110,62.893081761006286,61.39429862549862,198,32232,32232,True
918,d838d5b9f571,d838d5b9f571.png,d838d5b9f571_vessel.png,1.4495419467065498,79.59747214753486,40,18.867924528301888,61.37860786176496,205,10214,10214,True
919,de57c9e9fa93,de57c9e9fa93.png,de57c9e9fa93_vessel.png,1.4189008489248567,73.10670969750377,64,33.9622641509434,61.36337603353566,155,14204,14204,True
920,5ead17e894ae,5ead17e894ae.png,5ead17e894ae_vessel.png,1.4607656128720412,81.97500285539944,31,13.20754716981132,61.344766149723,126,6846,6846,True
921,7f43becd3e83,7f43becd3e83.png,7f43becd3e83_vessel.png,1.4658049297852094,83.04249101221544,27,10.69182389937107,61.33729087836212,102,6751,6751,True
922,43e9c66eb0f3,43e9c66eb0f3.png,43e9c66eb0f3_vessel.png,1.3015964791036512,48.2579002884967,156,91.82389937106919,61.32770001326844,254,33116,33116,True
923,65f5d2a6eb7e,65f5d2a6eb7e.png,65f5d2a6eb7e_vessel.png,1.462564564035993,82.35607812716708,29,11.949685534591195,61.23416034939431,202,10694,10694,True
924,b82dfa63a75f,b82dfa63a75f.png,b82dfa63a75f_vessel.png,1.3908106014908288,67.15629876393064,85,47.16981132075472,61.16035253097786,248,18893,18893,True
925,4318b6adeb97,4318b6adeb97.png,4318b6adeb97_vessel.png,1.4009611517807798,69.30650927983878,77,42.138364779874216,61.156065929849404,216,15970,15970,True
926,e2265c383348,e2265c383348.png,e2265c383348_vessel.png,1.4644738121509124,82.76051781338211,27,10.69182389937107,61.13990963917879,77,5750,5750,True
927,780f9c237c56,780f9c237c56.png,780f9c237c56_vessel.png,1.4529854017891188,80.32690583517714,36,16.352201257861633,61.134494461982484,188,10210,10210,True
928,8191ae701985,8191ae701985.png,8191ae701985_vessel.png,1.3548062317664715,59.52942414250245,113,64.77987421383648,61.10455916390266,203,27691,27691,True
929,e4c799738a19,e4c799738a19.png,e4c799738a19_vessel.png,1.4629312422583831,82.4337522775546,28,11.320754716981133,61.09985300938256,175,10696,10696,True
930,a1e236fbc863,a1e236fbc863.png,a1e236fbc863_vessel.png,1.4285643426719765,75.15374609276604,55,28.30188679245283,61.09818830267207,271,8125,8125,True
931,a8a6588c8eb7,a8a6588c8eb7.png,a8a6588c8eb7_vessel.png,1.3978446879039164,68.64634276580124,79,43.39622641509434,61.071307860589165,257,17310,17310,True
932,7ec0e61a7e29,7ec0e61a7e29.png,7ec0e61a7e29_vessel.png,1.4468472608237253,79.02665167408185,40,18.867924528301888,60.979033530347856,163,9980,9980,True
933,db3cd58aa315,db3cd58aa315.png,db3cd58aa315_vessel.png,1.3830269858345483,65.50748054641087,90,50.314465408805034,60.94957600512912,305,17567,17567,True
934,3c42512c81e0,3c42512c81e0.png,3c42512c81e0_vessel.png,1.435190395961385,76.55735565627499,49,24.528301886792452,60.94863952543023,175,9603,9603,True
935,a06a63d866b2,a06a63d866b2.png,a06a63d866b2_vessel.png,1.4528367888080407,80.29542486265971,35,15.723270440251572,60.923778535937274,189,10296,10296,True
936,6df8b7b6e837,6df8b7b6e837.png,6df8b7b6e837_vessel.png,1.3277084736552152,53.789254123735915,133,77.35849056603774,60.860025056426466,247,31266,31266,True
937,2c77bf969079,2c77bf969079.png,2c77bf969079_vessel.png,1.3490570840779545,58.311571172541164,116,66.66666666666666,60.81809982077881,229,32901,32901,True
938,384e6c915722,384e6c915722.png,384e6c915722_vessel.png,1.3612294109474474,60.89005849492467,106,60.37735849056604,60.73624849361708,190,31126,31126,True
939,a1eb88562239,a1eb88562239.png,a1eb88562239_vessel.png,1.4373016930081135,77.00459575483161,46,22.641509433962266,60.6956698585708,165,9581,9581,True
940,936299166bea,936299166bea.png,936299166bea_vessel.png,1.4638254963562012,82.62318383644515,25,9.433962264150944,60.66641736475688,89,5618,5618,True
941,aa6242f9e08c,aa6242f9e08c.png,aa6242f9e08c_vessel.png,1.3899670398692228,66.97760548940053,83,45.911949685534594,60.65790874824075,220,17050,17050,True
942,83038ca49b6d,83038ca49b6d.png,83038ca49b6d_vessel.png,1.4457315526359626,78.79030907102249,39,18.238993710691823,60.624914462923286,145,9881,9881,True
943,210bfe0127c6,210bfe0127c6.png,210bfe0127c6_vessel.png,1.34129698430273,56.66773436916085,121,69.81132075471697,60.61081028482768,227,31383,31383,True
944,5a93c0f783c4,5a93c0f783c4.png,5a93c0f783c4_vessel.png,1.4518560636051268,80.08767596390204,34,15.09433962264151,60.589675061523884,160,7604,7604,True
945,c57c164bca05,c57c164bca05.png,c57c164bca05_vessel.png,1.3358463242123308,55.513110598997386,125,72.32704402515722,60.55729062684534,234,32024,32024,True
946,1b8701231c8f,1b8701231c8f.png,1b8701231c8f_vessel.png,1.464093631375472,82.67998339131168,24,8.80503144654088,60.51749780788043,151,6625,6625,True
947,7f0ffeb0a333,7f0ffeb0a333.png,7f0ffeb0a333_vessel.png,1.3325481403907968,54.81445000091322,127,73.58490566037736,60.445586698752464,248,32206,32206,True
948,27f82ada84ac,27f82ada84ac.png,27f82ada84ac_vessel.png,1.4572033697195281,81.22040606330843,29,11.949685534591195,60.43918990469326,140,6652,6652,True
949,2db0cd3e30da,2db0cd3e30da.png,2db0cd3e30da_vessel.png,1.366557807394201,62.01878292320318,100,56.60377358490566,60.394280121713926,188,31262,31262,True
950,84b472c49cfa,84b472c49cfa.png,84b472c49cfa_vessel.png,1.4554935683045311,80.8582155536687,30,12.578616352201259,60.37433579322846,167,7264,7264,True
951,8a87dd2a784e,8a87dd2a784e.png,8a87dd2a784e_vessel.png,1.45673604963127,81.1214127536489,29,11.949685534591195,60.36989458793158,142,5414,5414,True
952,41ab357d103f,41ab357d103f.png,41ab357d103f_vessel.png,1.4602886698578577,81.87397110290404,26,10.062893081761008,60.33064769656112,85,5433,5433,True
953,4c60f6fcea75,4c60f6fcea75.png,4c60f6fcea75_vessel.png,1.4496641870176081,79.62336654683317,34,15.09433962264151,60.26465846957567,191,7139,7139,True
954,a1872f9c0cba,a1872f9c0cba.png,a1872f9c0cba_vessel.png,1.412763443780213,71.80661140672774,63,33.33333333333333,60.26462798470941,189,16548,16548,True
955,4ef16a53d899,4ef16a53d899.png,4ef16a53d899_vessel.png,1.4633538443824763,82.52327289518752,23,8.176100628930817,60.2191212153105,100,5697,5697,True
956,218c822a3dd9,218c822a3dd9.png,218c822a3dd9_vessel.png,1.3409249636863911,56.58892852922738,119,68.55345911949685,60.178287706308225,227,31177,31177,True
957,436fa3fd145a,436fa3fd145a.png,436fa3fd145a_vessel.png,1.3841155235159368,65.73806756904757,85,47.16981132075472,60.16759069455971,287,15189,15189,True
958,3694e8c8e09a,3694e8c8e09a.png,3694e8c8e09a_vessel.png,1.3388019983247355,56.1392167091638,120,69.18238993710692,60.05216867754673,219,32674,32674,True
959,a96ff96bbae5,a96ff96bbae5.png,a96ff96bbae5_vessel.png,1.4477887185767029,79.22608247368488,34,15.09433962264151,59.98655961837187,189,10075,10075,True
960,21037f5c7790,21037f5c7790.png,21037f5c7790_vessel.png,1.4312030095735222,75.71269995808497,47,23.270440251572328,59.980022046131175,238,9428,9428,True
961,a8c9fcdbc0be,a8c9fcdbc0be.png,a8c9fcdbc0be_vessel.png,1.3649388764431367,61.675841678041934,99,55.9748427672956,59.96554200481803,147,30973,30973,True
962,76f3473df8a6,76f3473df8a6.png,76f3473df8a6_vessel.png,1.3941346601182416,67.86044047171904,76,41.509433962264154,59.95513851888257,253,18163,18163,True
963,76cab26493f1,76cab26493f1.png,76cab26493f1_vessel.png,1.4524679947733923,80.21730251570773,30,12.578616352201259,59.92569666665578,235,6872,6872,True
964,4cddfc22b0ad,4cddfc22b0ad.png,4cddfc22b0ad_vessel.png,1.452186450135349,80.15766237560442,30,12.578616352201259,59.88394856858346,150,6889,6889,True
965,69f43381317b,69f43381317b.png,69f43381317b_vessel.png,1.3821012659615304,65.31138353207277,85,47.16981132075472,59.86891186867735,240,17480,17480,True
966,d1a60c3b9fe5,d1a60c3b9fe5.png,d1a60c3b9fe5_vessel.png,1.4495242240419468,79.59371792153621,32,13.836477987421384,59.86654594130176,167,10085,10085,True
967,5fcff7280019,5fcff7280019.png,5fcff7280019_vessel.png,1.4481169800673168,79.29561873417556,33,14.465408805031446,59.84655575543233,143,6876,6876,True
968,8ead8f37423c,8ead8f37423c.png,8ead8f37423c_vessel.png,1.4422472079041495,78.05221365063815,37,16.9811320754717,59.73088917808822,154,9893,9893,True
969,41960d5f58c2,41960d5f58c2.png,41960d5f58c2_vessel.png,1.357877801956882,60.18008074092441,103,58.490566037735846,59.67322632996783,205,33015,33015,True
970,af6a1508cd95,af6a1508cd95.png,af6a1508cd95_vessel.png,1.335571478689488,55.454889545302166,120,69.18238993710692,59.57313966284359,225,28963,28963,True
971,9ae54843c69a,9ae54843c69a.png,9ae54843c69a_vessel.png,1.3211626981054718,52.40264994762869,131,76.10062893081762,59.51204364258537,234,30043,30043,True
972,84b88e8d3bca,84b88e8d3bca.png,84b88e8d3bca_vessel.png,1.4454591311453207,78.73260150471275,33,14.465408805031446,59.45244369480836,167,7258,7258,True
973,6cee2e148520,6cee2e148520.png,6cee2e148520_vessel.png,1.3405310990732329,56.50549543359556,115,66.0377358490566,59.36516755823387,254,30955,30955,True
974,1cc58b15f466,1cc58b15f466.png,1cc58b15f466_vessel.png,1.3404082208824237,56.479465911007495,115,66.0377358490566,59.346946892422224,210,33804,33804,True
975,1e7ccd4a1c87,1e7ccd4a1c87.png,1e7ccd4a1c87_vessel.png,1.3390447905566323,56.19064785282526,116,66.66666666666666,59.33345349697767,206,33909,33909,True
976,c365c598ad4e,c365c598ad4e.png,c365c598ad4e_vessel.png,1.4392363223629445,77.41441199772639,37,16.9811320754717,59.284428021049976,171,9785,9785,True
977,ab88081e5654,ab88081e5654.png,ab88081e5654_vessel.png,1.3779808254412238,64.43854272208156,85,47.16981132075472,59.25792330168351,240,17391,17391,True
978,6e3526053de0,6e3526053de0.png,6e3526053de0_vessel.png,1.4465601931402305,78.96584157667867,31,13.20754716981132,59.23835325461847,137,7668,7668,True
979,c013e869acce,c013e869acce.png,c013e869acce_vessel.png,1.3968924143762937,68.44462083993264,70,37.735849056603776,59.23198930493398,212,18717,18717,True
980,5e97cb2b0888,5e97cb2b0888.png,5e97cb2b0888_vessel.png,1.4400792531860431,77.59297164900008,36,16.352201257861633,59.220740531658535,135,6970,6970,True
981,2a7373eeb352,2a7373eeb352.png,2a7373eeb352_vessel.png,1.4514070238039765,79.99255500248475,27,10.69182389937107,59.20233567155064,108,6725,6725,True
982,6966abf40b8c,6966abf40b8c.png,6966abf40b8c_vessel.png,1.4450086619289035,78.63717774752078,32,13.836477987421384,59.19696781949096,188,9973,9973,True
983,de38adaae009,de38adaae009.png,de38adaae009_vessel.png,1.3299720805574868,54.26875831081092,122,70.44025157232704,59.12020628926575,210,33017,33017,True
984,4cfd22ae43d4,4cfd22ae43d4.png,4cfd22ae43d4_vessel.png,1.4431272642843167,78.23863767979654,33,14.465408805031446,59.10666901736701,211,9874,9874,True
985,dcf109df1a2b,dcf109df1a2b.png,dcf109df1a2b_vessel.png,1.3807716592610504,65.02973039724476,82,45.28301886792453,59.10571693844869,211,17956,17956,True
986,1df0a4c23c95,1df0a4c23c95.png,1df0a4c23c95_vessel.png,1.4494079269558704,79.56908248697277,28,11.320754716981133,59.09458415597528,112,5271,5271,True
987,a1822dd8d05d,a1822dd8d05d.png,a1822dd8d05d_vessel.png,1.4324207986855044,75.97066655890413,41,19.49685534591195,59.02852319500647,207,9214,9214,True
988,24f3e70f0419,24f3e70f0419.png,24f3e70f0419_vessel.png,1.3264982584676002,53.53289192182677,124,71.69811320754717,58.982458307542885,231,31973,31973,True
989,70d0392397de,70d0392397de.png,70d0392397de_vessel.png,1.324996002760745,53.214666217190754,125,72.32704402515722,58.948379559580694,205,32044,32044,True
990,4158c340fa49,4158c340fa49.png,4158c340fa49_vessel.png,1.3376624411910898,55.897822138204546,115,66.0377358490566,58.93979625146016,214,33151,33151,True
991,bde1063a5dd7,bde1063a5dd7.png,bde1063a5dd7_vessel.png,1.3516480026150053,58.86041041032546,104,59.11949685534591,58.93813634383159,221,28348,28348,True
992,7179f85bfd6f,7179f85bfd6f.png,7179f85bfd6f_vessel.png,1.4533563616085503,80.40548696446928,24,8.80503144654088,58.92535030909075,116,7226,7226,True
993,e251bdf05b85,e251bdf05b85.png,e251bdf05b85_vessel.png,1.4503117610463978,79.76054339407376,26,10.062893081761008,58.851248300379936,205,6920,6920,True
994,5ce5eeaf757a,5ce5eeaf757a.png,5ce5eeaf757a_vessel.png,1.377427702751298,64.32137368291694,83,45.911949685534594,58.79854648370223,283,15955,15955,True
995,4464bb62bf20,4464bb62bf20.png,4464bb62bf20_vessel.png,1.3351896430327403,55.37400456655377,116,66.66666666666666,58.761803196587636,194,30388,30388,True
996,6c4ec95dd8ba,6c4ec95dd8ba.png,6c4ec95dd8ba_vessel.png,1.3477330251734705,58.0310932379683,106,60.37735849056604,58.73497281374762,216,31275,31275,True
997,8b079e79035f,8b079e79035f.png,8b079e79035f_vessel.png,1.4456605716907054,78.77527304139241,29,11.949685534591195,58.72759678935204,236,9799,9799,True
998,8a3eb86ae4bd,8a3eb86ae4bd.png,8a3eb86ae4bd_vessel.png,1.3933303565066917,67.69006329667566,70,37.735849056603776,58.703799024654096,184,17056,17056,True
999,77a1f1398fdb,77a1f1398fdb.png,77a1f1398fdb_vessel.png,1.2964934164846433,47.17690875667884,146,85.53459119496856,58.68421348816575,264,32234,32234,True
1000,bcb0498ed2c1,bcb0498ed2c1.png,bcb0498ed2c1_vessel.png,1.3047947765447263,48.93540176323055,139,81.13207547169812,58.59440387577082,244,31218,31218,True
1001,de18071c36e6,de18071c36e6.png,de18071c36e6_vessel.png,1.4508383006815082,79.87208129380494,24,8.80503144654088,58.551966339625714,96,5617,5617,True
1002,606daaf0bfc7,606daaf0bfc7.png,606daaf0bfc7_vessel.png,1.4419077505578395,77.98030575058462,31,13.20754716981132,58.54847817635263,135,6735,6735,True
1003,7e5a76c4e103,7e5a76c4e103.png,7e5a76c4e103_vessel.png,1.4020551812838005,69.53825964557389,62,32.70440251572327,58.4881025066187,167,16980,16980,True
1004,5264a54e1830,5264a54e1830.png,5264a54e1830_vessel.png,1.4364094953105955,76.81559980715657,35,15.723270440251572,58.48790099708506,168,7552,7552,True
1005,388279491b5d,388279491b5d.png,388279491b5d_vessel.png,1.3981159664118747,68.70380821189922,65,34.59119496855346,58.47002423889548,183,17361,17361,True
1006,5e505e25cd3e,5e505e25cd3e.png,5e505e25cd3e_vessel.png,1.3812173621370276,65.12414449140924,78,42.76729559748428,58.41708982323175,191,14770,14770,True
1007,54334705a34d,54334705a34d.png,54334705a34d_vessel.png,1.4013735206567304,69.3938621689112,62,32.70440251572327,58.38702427295482,215,16690,16690,True
1008,5b32ece9c627,5b32ece9c627.png,5b32ece9c627_vessel.png,1.4328949788438083,76.07111305034505,37,16.9811320754717,58.34411875788304,178,9624,9624,True
1009,b72f59b85f7c,b72f59b85f7c.png,b72f59b85f7c_vessel.png,1.387043958444695,66.35840355075314,73,39.62264150943396,58.33767493835738,215,16157,16157,True
1010,92889b863ae6,92889b863ae6.png,92889b863ae6_vessel.png,1.323319956970886,52.859626226298204,123,71.0691823899371,58.322493075389865,228,28943,28943,True
1011,b842b43cb7fb,b842b43cb7fb.png,b842b43cb7fb_vessel.png,1.3716484211453484,63.09713738749069,85,47.16981132075472,58.3189395674699,252,17950,17950,True
1012,cd01672507c9,cd01672507c9.png,cd01672507c9_vessel.png,1.290864206372506,45.98446239331694,148,86.79245283018868,58.226859524378455,257,28623,28623,True
1013,92fcf50b3562,92fcf50b3562.png,92fcf50b3562_vessel.png,1.3684640329857025,62.42258234249155,87,48.42767295597484,58.22410952653654,278,15599,15599,True
1014,5078caaf1f57,5078caaf1f57.png,5078caaf1f57_vessel.png,1.444238780867671,78.4740923672632,27,10.69182389937107,58.139411826895554,122,6454,6454,True
1015,28503940d10b,28503940d10b.png,28503940d10b_vessel.png,1.445471622033287,78.73524747344263,26,10.062893081761008,58.13354115593814,153,10259,10259,True
1016,2dc647e00ad3,2dc647e00ad3.png,2dc647e00ad3_vessel.png,1.3550234768647123,59.575443587894405,97,54.71698113207547,58.11790485114872,180,27601,27601,True
1017,992599744a23,992599744a23.png,992599744a23_vessel.png,1.325169828449561,53.25148804589467,120,69.18238993710692,58.03075861325834,221,33847,33847,True
1018,be521870a0ea,be521870a0ea.png,be521870a0ea_vessel.png,1.424250242699003,74.23988202987377,42,20.125786163522015,58.005653269968235,213,7713,7713,True
1019,d1cf31577a59,d1cf31577a59.png,d1cf31577a59_vessel.png,1.3333129026464998,54.976451054788114,113,64.77987421383648,57.91747800250262,225,32851,32851,True
1020,2f8d14a7d390,2f8d14a7d390.png,2f8d14a7d390_vessel.png,1.296079172979656,47.08915876134584,142,83.01886792452831,57.86807151030058,260,30223,30223,True
1021,4a96c28f3f07,4a96c28f3f07.png,4a96c28f3f07_vessel.png,1.45754658898118,81.2931108570965,15,3.1446540880503147,57.84857382638264,120,5089,5089,True
1022,20f86e068276,20f86e068276.png,20f86e068276_vessel.png,1.3218743968430975,52.553410454802005,121,69.81132075471697,57.7307835447765,225,31135,31135,True
1023,1ca62b3e4fd3,1ca62b3e4fd3.png,1ca62b3e4fd3_vessel.png,1.3345608589838585,55.24080803675777,111,63.52201257861635,57.72516939931534,200,30911,30911,True
1024,ccd6dcb2f568,ccd6dcb2f568.png,ccd6dcb2f568_vessel.png,1.3624052620398088,61.13914128469623,89,49.685534591194966,57.703059276645845,270,18338,18338,True
1025,33596a635b53,33596a635b53.png,33596a635b53_vessel.png,1.3827352512562836,65.44568185174703,73,39.62264150943396,57.6987697490531,238,18967,18967,True
1026,3d2ecffe0386,3d2ecffe0386.png,3d2ecffe0386_vessel.png,1.4511762683155072,79.9436736252454,19,5.660377358490567,57.65868474521895,87,5519,5519,True
1027,b0c9a492e068,b0c9a492e068.png,b0c9a492e068_vessel.png,1.3345446056960475,55.23736507166023,110,62.893081761006286,57.534080078464044,208,32053,32053,True
1028,3ca8be3b40d6,3ca8be3b40d6.png,3ca8be3b40d6_vessel.png,1.445217501795333,78.68141669655412,23,8.176100628930817,57.52982187626713,90,5153,5153,True
1029,d9ad2a0ec026,d9ad2a0ec026.png,d9ad2a0ec026_vessel.png,1.4362618835112775,76.78433091688962,30,12.578616352201259,57.5226165474831,177,9560,9560,True
1030,8ffa608170d3,8ffa608170d3.png,8ffa608170d3_vessel.png,1.4307795485325496,75.62299739444386,34,15.09433962264151,57.46440006290315,169,6231,6231,True
1031,521b5377a727,521b5377a727.png,521b5377a727_vessel.png,1.4243710373611955,74.26547019460305,39,18.238993710691823,57.45752724942968,216,7047,7047,True
1032,66366a90d1ef,66366a90d1ef.png,66366a90d1ef_vessel.png,1.3187104730708192,51.88319042018777,122,70.44025157232704,57.45030876582955,205,31348,31348,True
1033,263d8851e33b,263d8851e33b.png,263d8851e33b_vessel.png,1.3771883443929,64.27066994325789,76,41.509433962264154,57.44229914895976,228,18476,18476,True
1034,76cb010f7aa0,76cb010f7aa0.png,76cb010f7aa0_vessel.png,1.3695130477402613,62.64479714781379,82,45.28301886792453,57.43626366384701,241,16925,16925,True
1035,d9d2631f043c,d9d2631f043c.png,d9d2631f043c_vessel.png,1.3272791674406739,53.69831336577866,115,66.0377358490566,57.40014011076204,215,32660,32660,True
1036,6180920bc224,6180920bc224.png,6180920bc224_vessel.png,1.4086347599833595,70.93202440767186,51,25.78616352201258,57.38826614197408,205,8462,8462,True
1037,cd48cfab4e44,cd48cfab4e44.png,cd48cfab4e44_vessel.png,1.307255035064317,49.4565630391777,130,75.47169811320755,57.26110356138666,233,33278,33278,True
1038,6e018411ba4a,6e018411ba4a.png,6e018411ba4a_vessel.png,1.3273279251378887,53.70864180219718,114,65.40880503144653,57.218690770971975,192,30553,30553,True
1039,2b2f5a0f880d,2b2f5a0f880d.png,2b2f5a0f880d_vessel.png,1.3866188877487378,66.26836001081261,67,35.84905660377358,57.1425689887009,213,17129,17129,True
1040,3325b1fe55d2,3325b1fe55d2.png,3325b1fe55d2_vessel.png,1.4284884609332982,75.13767191867589,34,15.09433962264151,57.124672229865574,164,9110,9110,True
1041,c597ef460944,c597ef460944.png,c597ef460944_vessel.png,1.3597689436273808,60.58068490432669,88,49.056603773584904,57.12346056510415,152,29512,29512,True
1042,85f99e7e4052,85f99e7e4052.png,85f99e7e4052_vessel.png,1.2680935313274333,41.16090667095237,160,94.33962264150944,57.114521462119484,306,29532,29532,True
1043,4b6895d0cf8d,4b6895d0cf8d.png,4b6895d0cf8d_vessel.png,1.4332646353242433,76.1494180908404,30,12.578616352201259,57.07817756924865,177,6426,6426,True
1044,525d0dd8dc45,525d0dd8dc45.png,525d0dd8dc45_vessel.png,1.4405124695037832,77.6847406916095,24,8.80503144654088,57.02082791808891,119,6927,6927,True
1045,573ea80a53be,573ea80a53be.png,573ea80a53be_vessel.png,1.362600681365053,61.18053733477716,85,47.16981132075472,56.977319530570426,249,15968,15968,True
1046,493d99f030e2,493d99f030e2.png,493d99f030e2_vessel.png,1.347301877341892,57.939762366745626,97,54.71698113207547,56.97292799634457,165,29462,29462,True
1047,61c667663f2f,61c667663f2f.png,61c667663f2f_vessel.png,1.4363063068616808,76.79374120031865,27,10.69182389937107,56.96316601003437,192,9600,9600,True
1048,83d81ba5959c,83d81ba5959c.png,83d81ba5959c_vessel.png,1.3637712679062495,61.428504924588815,84,46.540880503144656,56.96221759815557,294,16703,16703,True
1049,6fbaaf8eb67a,6fbaaf8eb67a.png,6fbaaf8eb67a_vessel.png,1.4372817856681714,77.00037874487012,26,10.062893081761008,56.91913304593738,157,6514,6514,True
1050,5b1c4cefeb24,5b1c4cefeb24.png,5b1c4cefeb24_vessel.png,1.3469176884763,57.85837890325901,97,54.71698113207547,56.91595957190395,242,17890,17890,True
1051,598b8f5b3822,598b8f5b3822.png,598b8f5b3822_vessel.png,1.442834415534033,78.17660296793917,21,6.918238993710692,56.79909377567063,126,5371,5371,True
1052,7d11dbc1e738,7d11dbc1e738.png,7d11dbc1e738_vessel.png,1.367621760980229,62.244162249817656,80,44.0251572327044,56.77846074468368,207,17377,17377,True
1053,5445255635f0,5445255635f0.png,5445255635f0_vessel.png,1.3323310686950027,54.76846728769375,107,61.0062893081761,56.63981389383845,202,32766,32766,True
1054,387138ddf43d,387138ddf43d.png,387138ddf43d_vessel.png,1.436448695132157,76.823903580463,25,9.433962264150944,56.60692118556938,185,7433,7433,True
1055,c90c6b94cf40,c90c6b94cf40.png,c90c6b94cf40_vessel.png,1.4465567572382156,78.96511374297182,17,4.40251572327044,56.59633433706141,94,5052,5052,True
1056,5d3c8c1f57da,5d3c8c1f57da.png,5d3c8c1f57da_vessel.png,1.4336582581148138,76.23279996073013,27,10.69182389937107,56.57050714232241,142,6838,6838,True
1057,2a2274bcb00a,2a2274bcb00a.png,2a2274bcb00a_vessel.png,1.320400942808585,52.241285863601014,116,66.66666666666666,56.56890010452071,208,34000,34000,True
1058,ab32db41c409,ab32db41c409.png,ab32db41c409_vessel.png,1.3356338883530132,55.46810990390079,104,59.11949685534591,56.56352598933432,182,30057,30057,True
1059,b4e15102cd7a,b4e15102cd7a.png,b4e15102cd7a_vessel.png,1.33921743276022,56.22721898158577,101,57.23270440251572,56.52886460786475,190,31543,31543,True
1060,6d5a8362dd1e,6d5a8362dd1e.png,6d5a8362dd1e_vessel.png,1.3239119874376977,52.98503717438609,113,64.77987421383648,56.5234882862212,205,31235,31235,True
1061,4205e9deb058,4205e9deb058.png,4205e9deb058_vessel.png,1.4294148775515023,75.33391652588173,30,12.578616352201259,56.50732647377759,187,9372,9372,True
1062,b963a11638f2,b963a11638f2.png,b963a11638f2_vessel.png,1.4375592018112346,77.05914433797179,23,8.176100628930817,56.39423122525949,123,6316,6316,True
1063,d7bc62d60e8c,d7bc62d60e8c.png,d7bc62d60e8c_vessel.png,1.3204683522839267,52.255565341916096,115,66.0377358490566,56.390216494058244,196,30786,30786,True
1064,356304d15a5c,356304d15a5c.png,356304d15a5c_vessel.png,1.4343756495818154,76.38476636967417,25,9.433962264150944,56.299525138017195,168,9436,9436,True
1065,8e7981855125,8e7981855125.png,8e7981855125_vessel.png,1.3370743638586613,55.77324859014708,101,57.23270440251572,56.21108533385767,198,30925,30925,True
1066,daff5427c9b2,daff5427c9b2.png,daff5427c9b2_vessel.png,1.3446060312770727,57.36869612971777,95,53.459119496855344,56.19582313985904,330,15315,15315,True
1067,b0acd3593310,b0acd3593310.png,b0acd3593310_vessel.png,1.3343035751389563,55.18630710694812,103,58.490566037735846,56.17758478618444,180,28650,28650,True
1068,a34fc5376669,a34fc5376669.png,a34fc5376669_vessel.png,1.4207599680064544,73.50053045454534,35,15.723270440251572,56.16735245025721,138,8759,8759,True
1069,53c874dbc594,53c874dbc594.png,53c874dbc594_vessel.png,1.3593891532203166,60.500233174737325,83,45.911949685534594,56.123748127976505,311,14625,14625,True
1070,8f06ca4642bd,8f06ca4642bd.png,8f06ca4642bd_vessel.png,1.4381903226545367,77.192835875407,21,6.918238993710692,56.1104568108981,75,5298,5298,True
1071,55f7f018c61c,55f7f018c61c.png,55f7f018c61c_vessel.png,1.374549651496459,63.71171057139047,71,38.36477987421384,56.10763136223747,130,26237,26237,True
1072,dd90c321d7bc,dd90c321d7bc.png,dd90c321d7bc_vessel.png,1.3880778374562455,66.57741212263456,60,31.446540880503143,56.038150749995125,201,17841,17841,True
1073,4134b290f5f3,4134b290f5f3.png,4134b290f5f3_vessel.png,1.32056537007606,52.27611680670533,113,64.77987421383648,56.02724402884467,212,32582,32582,True
1074,cff262ed8f4c,cff262ed8f4c.png,cff262ed8f4c_vessel.png,1.3101753720985416,50.07518362836903,121,69.81132075471697,55.99602476627341,229,30425,30425,True
1075,9e99ae6ee7af,9e99ae6ee7af.png,9e99ae6ee7af_vessel.png,1.3658401655791355,61.8667634825491,77,42.138364779874216,55.948243871746634,247,16095,16095,True
1076,75a4343b12f9,75a4343b12f9.png,75a4343b12f9_vessel.png,1.3453067734207342,57.51713568059934,93,52.20125786163522,55.9223723349101,268,19086,19086,True
1077,cec299c2a2d5,cec299c2a2d5.png,cec299c2a2d5_vessel.png,1.3259173440521967,53.40983570820653,108,61.63522012578616,55.87745103348041,197,28871,28871,True
1078,7eee3d1f1268,7eee3d1f1268.png,7eee3d1f1268_vessel.png,1.272436049259778,42.08079056462571,150,88.0503144654088,55.87164773486063,242,28483,28483,True
1079,a6356a3c5d11,a6356a3c5d11.png,a6356a3c5d11_vessel.png,1.319270886819586,52.001903938316005,113,64.77987421383648,55.83529502097214,216,32424,32424,True
1080,6de39b94f634,6de39b94f634.png,6de39b94f634_vessel.png,1.3675938585143181,62.238251617003904,75,40.88050314465409,55.83092707529896,241,18818,18818,True
1081,a8aed92940fb,a8aed92940fb.png,a8aed92940fb_vessel.png,1.4434109850847487,78.29873880054808,15,3.1446540880503147,55.752513386798746,106,4706,4706,True
1082,906d02fb822d,906d02fb822d.png,906d02fb822d_vessel.png,1.3516513416689893,58.861117728528356,87,48.42767295597484,55.731084296762305,192,24004,24004,True
1083,a4012932e18d,a4012932e18d.png,a4012932e18d_vessel.png,1.3516513416689893,58.861117728528356,87,48.42767295597484,55.731084296762305,192,24004,24004,True
1084,a188c60b93fb,a188c60b93fb.png,a188c60b93fb_vessel.png,1.3146330589003685,51.01946396432305,116,66.66666666666666,55.71362477502613,229,33924,33924,True
1085,682312e82ee3,682312e82ee3.png,682312e82ee3_vessel.png,1.3311096960560336,54.509741581487084,103,58.490566037735846,55.703988918361716,200,29316,29316,True
1086,cbe633765ea7,cbe633765ea7.png,cbe633765ea7_vessel.png,1.4214337592500208,73.64326094462305,32,13.836477987421384,55.70122605746255,174,9025,9025,True
1087,3286073a976e,3286073a976e.png,3286073a976e_vessel.png,1.423725014299586,74.12862189171184,30,12.578616352201259,55.663620229858665,143,6734,6734,True
1088,81d79d53ed7b,81d79d53ed7b.png,81d79d53ed7b_vessel.png,1.3213937930821862,52.45160323931345,110,62.893081761006286,55.584046795821294,219,32145,32145,True
1089,286e9981dd9b,286e9981dd9b.png,286e9981dd9b_vessel.png,1.346203336314883,57.70705631624019,90,50.314465408805034,55.489279044009635,159,29863,29863,True
1090,d57d1be1bbd1,d57d1be1bbd1.png,d57d1be1bbd1_vessel.png,1.3344595706401674,55.21935193284989,99,55.9748427672956,55.4459991831836,199,28637,28637,True
1091,81704925f759,81704925f759.png,81704925f759_vessel.png,1.3630108571669788,61.26742566077708,76,41.509433962264154,55.340028151223194,203,16535,16535,True
1092,7214fc7cbe03,7214fc7cbe03.png,7214fc7cbe03_vessel.png,1.3678583162617528,62.29427220833188,72,38.9937106918239,55.30410375337948,254,16231,16231,True
1093,71c22da3d6c6,71c22da3d6c6.png,71c22da3d6c6_vessel.png,1.3804222946127898,64.9557238144371,62,32.70440251572327,55.28032742482295,229,18834,18834,True
1094,c58971bcebb2,c58971bcebb2.png,c58971bcebb2_vessel.png,1.284676591623364,44.67372810582073,137,79.87421383647799,55.23387382501791,271,30933,30933,True
1095,a0445785e2f7,a0445785e2f7.png,a0445785e2f7_vessel.png,1.3558942739726991,59.7599062076865,81,44.65408805031446,55.228160760474886,215,17029,17029,True
1096,aa60813e1a8d,aa60813e1a8d.png,aa60813e1a8d_vessel.png,1.3289210157244917,54.04610923344565,102,57.861635220125784,55.19076702944969,178,32658,32658,True
1097,65a3b13ad9a0,65a3b13ad9a0.png,65a3b13ad9a0_vessel.png,1.2918881412019427,46.201364470048595,131,76.10062893081762,55.1711438082793,309,23191,23191,True
1098,bdc6c60e9133,bdc6c60e9133.png,bdc6c60e9133_vessel.png,1.3795701312576962,64.77520841822182,62,32.70440251572327,55.15396664747225,206,17045,17045,True
1099,5056fa7d505f,5056fa7d505f.png,5056fa7d505f_vessel.png,1.4340331906295725,76.31222263368493,19,5.660377358490567,55.11666905112662,117,6806,6806,True
1100,e322acd46152,e322acd46152.png,e322acd46152_vessel.png,1.3597972678003496,60.586684868154485,77,42.138364779874216,55.0521888416704,243,16096,16096,True
1101,4d17559ac1e2,4d17559ac1e2.png,4d17559ac1e2_vessel.png,1.3214537908668404,52.46431268498976,107,61.0062893081761,55.026905671945656,230,29011,29011,True
1102,da6bbb76d562,da6bbb76d562.png,da6bbb76d562_vessel.png,1.3263292888190126,53.497098757428375,103,58.490566037735846,54.99513894152061,200,29707,29707,True
1103,b73d0bcd3d33,b73d0bcd3d33.png,b73d0bcd3d33_vessel.png,1.4214915548553728,73.6555038984385,28,11.320754716981133,54.95507914400128,185,4626,4626,True
1104,a11c62cb3f86,a11c62cb3f86.png,a11c62cb3f86_vessel.png,1.3157524706462196,51.25659109918814,111,63.52201257861635,54.9362175430166,218,31489,31489,True
1105,7f2123bc89a3,7f2123bc89a3.png,7f2123bc89a3_vessel.png,1.4300406869970388,75.46648293975186,21,6.918238993710692,54.9020097559395,103,5315,5315,True
1106,2bb3c492d6d3,2bb3c492d6d3.png,2bb3c492d6d3_vessel.png,1.324406497214312,53.08979012782429,104,59.11949685534591,54.898702146080765,174,31331,31331,True
1107,3cdef7c591cc,3cdef7c591cc.png,3cdef7c591cc_vessel.png,1.4401667645094436,77.61150934030367,13,1.8867924528301887,54.89409427406162,72,5363,5363,True
1108,28751f290ba3,28751f290ba3.png,28751f290ba3_vessel.png,1.4144932941306008,72.17304892076413,33,14.465408805031446,54.86075688604433,132,8560,8560,True
1109,2682e6da9050,2682e6da9050.png,2682e6da9050_vessel.png,1.3240280642117639,53.0096259398343,104,59.11949685534591,54.84258721448778,186,31948,31948,True
1110,beb00fa6e7c9,beb00fa6e7c9.png,beb00fa6e7c9_vessel.png,1.2970655311399297,47.298100900253544,125,72.32704402515722,54.806783837724645,252,28730,28730,True
1111,895fe2bfc5b6,895fe2bfc5b6.png,895fe2bfc5b6_vessel.png,1.3516072718584091,58.85178233611743,82,45.28301886792453,54.78115329565956,216,15700,15700,True
1112,9b57e43b44e7,9b57e43b44e7.png,9b57e43b44e7_vessel.png,1.3184542537282657,51.82891498595018,108,61.63522012578616,54.77080652790097,206,31150,31150,True
1113,bfb578c0e8d8,bfb578c0e8d8.png,bfb578c0e8d8_vessel.png,1.337303246817362,55.82173330581788,93,52.20125786163522,54.73559067256308,187,30192,30192,True
1114,8ab3faa3701f,8ab3faa3701f.png,8ab3faa3701f_vessel.png,1.366525666184176,62.0119743891025,70,37.735849056603776,54.72913678935288,228,17227,17227,True
1115,a7673ac44509,a7673ac44509.png,a7673ac44509_vessel.png,1.3231135132767584,52.81589486303454,104,59.11949685534591,54.706975460727946,197,29548,29548,True
1116,da9574d35b82,da9574d35b82.png,da9574d35b82_vessel.png,1.3116197600819754,50.38115110228081,113,64.77987421383648,54.70076803574751,209,30965,30965,True
1117,6af071b0ac6e,6af071b0ac6e.png,6af071b0ac6e_vessel.png,1.2756889235801296,42.7698531642635,141,82.38993710691824,54.655878347059925,261,31295,31295,True
1118,441848e0f308,441848e0f308.png,441848e0f308_vessel.png,1.4165928515459916,72.61780219072187,30,12.578616352201259,54.60604643916569,195,6830,6830,True
1119,65dda202653d,65dda202653d.png,65dda202653d_vessel.png,1.3211122270549909,52.3919585683051,105,59.74842767295597,54.59889929970036,194,32060,32060,True
1120,2d558de2cabe,2d558de2cabe.png,2d558de2cabe_vessel.png,1.3656201956466074,61.8201668302894,70,37.735849056603776,54.594871498183714,236,16643,16643,True
1121,4276b82e4489,4276b82e4489.png,4276b82e4489_vessel.png,1.361445749922454,60.935885994495834,73,39.62264150943396,54.54191264897727,208,15022,15022,True
1122,4d1e7def7624,4d1e7def7624.png,4d1e7def7624_vessel.png,1.3002517642638298,47.97304676756552,121,69.81132075471697,54.52452896371095,239,29801,29801,True
1123,c3789c1dab96,c3789c1dab96.png,c3789c1dab96_vessel.png,1.4355996650020901,76.64405190130825,14,2.515723270440252,54.40555331204784,74,4921,4921,True
1124,40dd4e6e4444,40dd4e6e4444.png,40dd4e6e4444_vessel.png,1.3626018003421696,61.18077436984367,71,38.36477987421384,54.33597602115472,237,15991,15991,True
1125,1f31701dd61b,1f31701dd61b.png,1f31701dd61b_vessel.png,1.4005571978739095,69.22093894978933,41,19.49685534591195,54.30371386862611,241,8292,8292,True
1126,4f5dd7660b17,4f5dd7660b17.png,4f5dd7660b17_vessel.png,1.3165676926237486,51.429281132615955,107,61.0062893081761,54.30238358528399,244,28314,28314,True
1127,ad944bd56bb6,ad944bd56bb6.png,ad944bd56bb6_vessel.png,1.3636393347937978,61.400557280600395,70,37.735849056603776,54.30114481340141,227,16147,16147,True
1128,63e041a757eb,63e041a757eb.png,63e041a757eb_vessel.png,1.3127122305700807,50.61257121889938,110,62.893081761006286,54.29672438153145,218,30671,30671,True
1129,d2d523e9f669,d2d523e9f669.png,d2d523e9f669_vessel.png,1.352921332404675,59.13014229931254,78,42.76729559748428,54.22128828876406,179,17616,17616,True
1130,d29b37d110f3,d29b37d110f3.png,d29b37d110f3_vessel.png,1.4163116184246762,72.55822803980392,28,11.320754716981133,54.18698604295708,122,4894,4894,True
1131,6cffc6c6851a,6cffc6c6851a.png,6cffc6c6851a_vessel.png,1.4313370802216294,75.74110040034672,16,3.7735849056603774,54.15084575194082,90,4910,4910,True
1132,260a455692b5,260a455692b5.png,260a455692b5_vessel.png,1.3535824961145717,59.27019787473925,77,42.138364779874216,54.13064794627974,239,15297,15297,True
1133,435414ccccf7,435414ccccf7.png,435414ccccf7_vessel.png,1.3577738437536642,60.15805907555764,73,39.62264150943396,53.99743380572053,217,17830,17830,True
1134,dd3176bacfe2,dd3176bacfe2.png,dd3176bacfe2_vessel.png,1.4134856208963256,71.95959156889202,29,11.949685534591195,53.956619758601775,144,5816,5816,True
1135,633fe9dbaf39,633fe9dbaf39.png,633fe9dbaf39_vessel.png,1.320888351673402,52.34453461728818,101,57.23270440251572,53.81098555285644,210,30217,30217,True
1136,da949aa67a4f,da949aa67a4f.png,da949aa67a4f_vessel.png,1.3736861632140647,63.52879619412701,59,30.81761006289308,53.71544035475683,151,15672,15672,True
1137,9e5737f771c3,9e5737f771c3.png,9e5737f771c3_vessel.png,1.3548879810734662,59.54674125483105,73,39.62264150943396,53.56951133121191,207,15205,15205,True
1138,d7078e8b0349,d7078e8b0349.png,d7078e8b0349_vessel.png,1.3648306316586207,61.65291197794587,65,34.59119496855346,53.534396875128145,179,15977,15977,True
1139,c85b79d70079,c85b79d70079.png,c85b79d70079_vessel.png,1.3096477412684953,49.963414578723885,108,61.63522012578616,53.46495624284256,212,30858,30858,True
1140,e26bcae6c67b,e26bcae6c67b.png,e26bcae6c67b_vessel.png,1.30755729842462,49.520592065913384,108,61.63522012578616,53.15498048387522,213,29861,29861,True
1141,d866c26d76f0,d866c26d76f0.png,d866c26d76f0_vessel.png,1.3169258340896308,51.505146925516364,100,56.60377358490566,53.034734923333154,306,15328,15328,True
1142,4e85aa647534,4e85aa647534.png,4e85aa647534_vessel.png,1.4172296519578271,72.75269684204133,21,6.918238993710692,53.00235948754214,101,4923,4923,True
1143,baaca2f7e1f0,baaca2f7e1f0.png,baaca2f7e1f0_vessel.png,1.3978998592736382,68.65802982275524,36,16.352201257861633,52.96628125328715,213,8029,8029,True
1144,ae61e19fb766,ae61e19fb766.png,ae61e19fb766_vessel.png,1.354983792318551,59.56703713444731,69,37.10691823899371,52.82900146581123,237,14878,14878,True
1145,1faf8664816c,1faf8664816c.png,1faf8664816c_vessel.png,1.416048592743304,72.50251080577371,21,6.918238993710692,52.8272292621548,144,8556,8556,True
1146,b16dd4483ca5,b16dd4483ca5.png,b16dd4483ca5_vessel.png,1.340597974395888,56.51966176132365,80,44.0251572327044,52.77131040273787,229,16403,16403,True
1147,2ef10194e80d,2ef10194e80d.png,2ef10194e80d_vessel.png,1.3443619520422563,57.31699235776202,77,42.138364779874216,52.763404084395674,245,15883,15883,True
1148,848e66b9e199,848e66b9e199.png,848e66b9e199_vessel.png,1.2820114678795442,44.109169836912784,126,72.95597484276729,52.76321133866914,230,30473,30473,True
1149,a2dff8dbc9f8,a2dff8dbc9f8.png,a2dff8dbc9f8_vessel.png,1.332700593277611,54.8467443880198,86,47.79874213836478,52.73234371312329,260,16791,16791,True
1150,7aabd768abff,7aabd768abff.png,7aabd768abff_vessel.png,1.3042723193749164,48.82472865994579,108,61.63522012578616,52.66787609969791,189,30484,30484,True
1151,73ef3c3dcbe4,73ef3c3dcbe4.png,73ef3c3dcbe4_vessel.png,1.2838286759612951,44.49411250655724,124,71.69811320754717,52.65531271685421,268,29537,29537,True
1152,345b1f0abbba,345b1f0abbba.png,345b1f0abbba_vessel.png,1.316123743011471,51.33523843566012,98,55.34591194968554,52.538440489867746,179,28238,28238,True
1153,ac81fc200162,ac81fc200162.png,ac81fc200162_vessel.png,1.268872951712629,41.326012784482,135,78.61635220125787,52.51311460951476,247,30450,30450,True
1154,838b3e4d0bb4,838b3e4d0bb4.png,838b3e4d0bb4_vessel.png,1.333352780247462,54.98489840340359,84,46.540880503144656,52.45169303332591,174,29959,29959,True
1155,4cf4d528c08e,4cf4d528c08e.png,4cf4d528c08e_vessel.png,1.3609305666666818,60.82675373835818,62,32.70440251572327,52.3900483715677,228,13886,13886,True
1156,54bdcdecd8f3,54bdcdecd8f3.png,54bdcdecd8f3_vessel.png,1.3506708128876956,58.653410438138856,70,37.735849056603776,52.37814202367833,167,15409,15409,True
1157,34acae864963,34acae864963.png,34acae864963_vessel.png,1.3462822823216254,57.72377960010533,73,39.62264150943396,52.29343817290391,211,17047,17047,True
1158,a3bd2e034614,a3bd2e034614.png,a3bd2e034614_vessel.png,1.3178278748818728,51.696227954805686,95,53.459119496855344,52.22509541742058,163,27438,27438,True
1159,4c389d033cb0,4c389d033cb0.png,4c389d033cb0_vessel.png,1.3541164298097073,59.383302072372224,66,35.22012578616352,52.13434918650961,186,15760,15760,True
1160,6d9effbcde78,6d9effbcde78.png,6d9effbcde78_vessel.png,1.2876238620643572,45.29805405017102,118,67.9245283018868,52.08599632568575,216,30226,30226,True
1161,a3132c8828e4,a3132c8828e4.png,a3132c8828e4_vessel.png,1.3612807859452971,60.9009413591513,60,31.446540880503143,52.06462121555685,166,15869,15869,True
1162,49eb73968c44,49eb73968c44.png,49eb73968c44_vessel.png,1.4159017221135977,72.47139891888565,17,4.40251572327044,52.05073396020109,91,4304,4304,True
1163,482088e6be44,482088e6be44.png,482088e6be44_vessel.png,1.3318861344116368,54.67421600597472,83,45.911949685534594,52.04553610984268,227,15702,15702,True
1164,2221cf5c7935,2221cf5c7935.png,2221cf5c7935_vessel.png,1.2503496600169266,37.40218841480584,147,86.16352201257862,52.030588494137675,276,29918,29918,True
1165,cd01f4f83336,cd01f4f83336.png,cd01f4f83336_vessel.png,1.362321416284712,61.12138007774944,59,30.81761006289308,52.03024907329253,188,15137,15137,True
1166,42c65af5ab16,42c65af5ab16.png,42c65af5ab16_vessel.png,1.3456975147720425,57.59990716968944,72,38.9937106918239,52.01804822632977,261,17489,17489,True
1167,4ffa38550c95,4ffa38550c95.png,4ffa38550c95_vessel.png,1.32786085964232,53.8215343393489,86,47.79874213836478,52.014696679053664,234,16231,16231,True
1168,38f1901f214a,38f1901f214a.png,38f1901f214a_vessel.png,1.3186252483513998,51.86513710458651,93,52.20125786163522,51.965973331701115,156,28688,28688,True
1169,5baed382f062,5baed382f062.png,5baed382f062_vessel.png,1.4171635201934938,72.73868802369718,15,3.1446540880503147,51.86047784300312,92,4813,4813,True
1170,b6fd109b1bc9,b6fd109b1bc9.png,b6fd109b1bc9_vessel.png,1.2936424556048578,46.572984251203856,112,64.15094339622641,51.84637199471062,233,30414,30414,True
1171,2fefb720869a,2fefb720869a.png,2fefb720869a_vessel.png,1.3558220010068538,59.744596486859805,63,33.33333333333333,51.82121754080186,221,15169,15169,True
1172,4ccee4db09b6,4ccee4db09b6.png,4ccee4db09b6_vessel.png,1.3468502138583855,57.84408562566795,70,37.735849056603776,51.8116146549487,225,15292,15292,True
1173,9ba469af2980,9ba469af2980.png,9ba469af2980_vessel.png,1.3099852898216282,50.03491813546156,98,55.34591194968554,51.62821627972875,197,29221,29221,True
1174,750e0168399d,750e0168399d.png,750e0168399d_vessel.png,1.3391571592493876,56.21445112830487,75,40.88050314465409,51.61426673320963,218,16293,16293,True
1175,42985aa2e32f,42985aa2e32f.png,42985aa2e32f_vessel.png,1.2982467078796258,47.54831183210371,107,61.0062893081761,51.58570507492543,296,23976,23976,True
1176,1d0b93317aa8,1d0b93317aa8.png,1d0b93317aa8_vessel.png,1.351627225251096,58.85600910152006,65,34.59119496855346,51.576564861630075,205,14773,14773,True
1177,4c53cc97ea13,4c53cc97ea13.png,4c53cc97ea13_vessel.png,1.3452024702016072,57.495040929851484,70,37.735849056603776,51.567283367877174,258,15681,15681,True
1178,2923971566fe,2923971566fe.png,2923971566fe_vessel.png,1.3002028319322907,47.962681338023486,105,59.74842767295597,51.498405238503224,211,21887,21887,True
1179,badb5ff8d3c7,badb5ff8d3c7.png,badb5ff8d3c7_vessel.png,1.3002028319322907,47.962681338023486,105,59.74842767295597,51.498405238503224,211,21887,21887,True
1180,e1c02f6c3362,e1c02f6c3362.png,e1c02f6c3362_vessel.png,1.3611928353849538,60.88231062344456,57,29.559748427672954,51.48554196471307,237,15847,15847,True
1181,7569ac24762e,7569ac24762e.png,7569ac24762e_vessel.png,1.3509543207887509,58.71346646000749,65,34.59119496855346,51.47678501257128,227,15674,15674,True
1182,c80b0f27541a,c80b0f27541a.png,c80b0f27541a_vessel.png,1.2695044611504376,41.45978663863607,129,74.84276729559748,51.474680835724484,237,28778,28778,True
1183,b43440c6ebe4,b43440c6ebe4.png,b43440c6ebe4_vessel.png,1.2981002607681915,47.517289659902644,106,60.37735849056604,51.375310309101664,188,30550,30550,True
1184,904b03ad5594,904b03ad5594.png,904b03ad5594_vessel.png,1.247101812422538,36.71419063615978,146,85.53459119496856,51.360310803802406,252,31912,31912,True
1185,c755a0c4edcc,c755a0c4edcc.png,c755a0c4edcc_vessel.png,1.3475699307653792,57.99654463702094,67,35.84905660377358,51.35229822704673,196,15395,15395,True
1186,aebe87a423c8,aebe87a423c8.png,aebe87a423c8_vessel.png,1.414508021027401,72.1761685475294,14,2.515723270440252,51.27803496440266,92,4366,4366,True
1187,7da558d92100,7da558d92100.png,7da558d92100_vessel.png,1.4089212252568384,70.99270689540718,18,5.031446540880504,51.20432878904918,94,4817,4817,True
1188,a9b3177f01c0,a9b3177f01c0.png,a9b3177f01c0_vessel.png,1.412306496683063,71.7098154276488,15,3.1446540880503147,51.140267025769255,81,4654,4654,True
1189,3c326543fff6,3c326543fff6.png,3c326543fff6_vessel.png,1.3403871618765968,56.4750049414551,71,38.36477987421384,51.04193742128271,189,16433,16433,True
1190,61da799bf0aa,61da799bf0aa.png,61da799bf0aa_vessel.png,1.3136106727401162,50.80288994515192,92,51.57232704402516,51.03372107481388,183,30305,30305,True
1191,de730033c683,de730033c683.png,de730033c683_vessel.png,1.2804850729818353,43.78583068122864,118,67.9245283018868,51.02743996742608,214,28570,28570,True
1192,876deb29f000,876deb29f000.png,876deb29f000_vessel.png,1.3605695644918225,60.75028195599417,55,28.30188679245283,51.01576340693177,186,13029,13029,True
1193,9f935fb38440,9f935fb38440.png,9f935fb38440_vessel.png,1.4013991050891006,69.39928176823878,22,7.547169811320755,50.84364818116337,109,4533,4533,True
1194,ae2e888905ba,ae2e888905ba.png,ae2e888905ba_vessel.png,1.3491867387842522,58.33903617738866,63,33.33333333333333,50.837325324172056,159,15905,15905,True
1195,65e6f1bd9875,65e6f1bd9875.png,65e6f1bd9875_vessel.png,1.3097090910555318,49.97641042165521,94,52.83018867924528,50.83254389893223,184,31928,31928,True
1196,c639d837f5e4,c639d837f5e4.png,c639d837f5e4_vessel.png,1.3414001612697752,56.68959054377236,69,37.10691823899371,50.814788852338765,183,15646,15646,True
1197,49e4b95ee2dc,49e4b95ee2dc.png,49e4b95ee2dc_vessel.png,1.2768557142537977,43.01701666818392,119,68.55345911949685,50.6779494035778,230,28620,28620,True
1198,97f290d31813,97f290d31813.png,97f290d31813_vessel.png,1.3060988321013116,49.21164235029253,96,54.088050314465406,50.67456473954439,213,31904,31904,True
1199,64c6c6ee0d98,64c6c6ee0d98.png,64c6c6ee0d98_vessel.png,1.2802407952487522,43.73408486100473,116,66.66666666666666,50.613859402703305,227,30393,30393,True
1200,51e656e5a541,51e656e5a541.png,51e656e5a541_vessel.png,1.4069098478737343,70.56663297063763,16,3.7735849056603774,50.52871855114445,79,5073,5073,True
1201,31360e44ac64,31360e44ac64.png,31360e44ac64_vessel.png,1.3125792741711915,50.58440681018433,90,50.314465408805034,50.503424389770544,204,31496,31496,True
1202,7269a1d84a57,7269a1d84a57.png,7269a1d84a57_vessel.png,1.3557446377825486,59.72820848683086,56,28.930817610062892,50.48899122380046,215,17306,17306,True
1203,92587e494d51,92587e494d51.png,92587e494d51_vessel.png,1.3251457438435712,53.24638615766285,79,43.39622641509434,50.291338234892294,274,15069,15069,True
1204,5db895d3f1fc,5db895d3f1fc.png,5db895d3f1fc_vessel.png,1.3386566996377411,56.10843780991219,67,35.84905660377358,50.03062344807061,244,14814,14814,True
1205,b9519abce0c1,b9519abce0c1.png,b9519abce0c1_vessel.png,1.3996614288232776,69.03118647554163,19,5.660377358490567,50.019943740426314,111,4798,4798,True
1206,b0f8613305a3,b0f8613305a3.png,b0f8613305a3_vessel.png,1.297041721104475,47.29305717482421,98,55.34591194968554,49.70891360728261,235,24198,24198,True
1207,8e4a354e3da2,8e4a354e3da2.png,8e4a354e3da2_vessel.png,1.3313869475191373,54.56847229011741,70,37.735849056603776,49.51868532006332,203,15206,15206,True
1208,c12e9ca420a5,c12e9ca420a5.png,c12e9ca420a5_vessel.png,1.342064610928022,56.8303421879338,61,32.075471698113205,49.40388104098762,217,14846,14846,True
1209,291f581d365e,291f581d365e.png,291f581d365e_vessel.png,1.325347200173806,53.28906103807757,74,40.25157232704403,49.37781442476751,226,19729,19729,True
1210,454792eb6e05,454792eb6e05.png,454792eb6e05_vessel.png,1.3276631240614767,53.779647632406565,72,38.9937106918239,49.343866550231766,203,15801,15801,True
1211,7b9d519cbd66,7b9d519cbd66.png,7b9d519cbd66_vessel.png,1.2956510813148607,46.99847528378832,97,54.71698113207547,49.31402703827447,175,28735,28735,True
1212,9a56cfb980ec,9a56cfb980ec.png,9a56cfb980ec_vessel.png,1.3348817843075012,55.30879026294318,66,35.22012578616352,49.282190919909276,177,15434,15434,True
1213,d2c5fb82fe5f,d2c5fb82fe5f.png,d2c5fb82fe5f_vessel.png,1.3294450727140321,54.157121229609096,70,37.735849056603776,49.2307395777075,219,15340,15340,True
1214,2d07162a13b1,2d07162a13b1.png,2d07162a13b1_vessel.png,1.2974045512598602,47.36991618180538,95,53.459119496855344,49.196677176320364,206,29179,29179,True
1215,ccea49708830,ccea49708830.png,ccea49708830_vessel.png,1.3189986959945867,51.944245234351314,78,42.76729559748428,49.1911603432912,230,16282,16282,True
1216,992b9a07b25f,992b9a07b25f.png,992b9a07b25f_vessel.png,1.2489573584389557,37.107254503958444,133,77.35849056603774,49.18262532258223,267,29003,29003,True
1217,8ead17dfb6a6,8ead17dfb6a6.png,8ead17dfb6a6_vessel.png,1.3386821742991304,56.11383415624255,62,32.70440251572327,49.09100466408676,247,14664,14664,True
1218,d1f7ea924a01,d1f7ea924a01.png,d1f7ea924a01_vessel.png,1.3383318528915467,56.03962490127438,62,32.70440251572327,49.03905818560904,173,15087,15087,True
1219,5288f7441f64,5288f7441f64.png,5288f7441f64_vessel.png,1.39903360444862,68.89819323537527,14,2.515723270440252,48.98345224589477,103,4732,4732,True
1220,7b691d9ced34,7b691d9ced34.png,7b691d9ced34_vessel.png,1.281548664562576,44.01113332356951,106,60.37735849056604,48.92100087366846,226,25860,25860,True
1221,d51c2153d151,d51c2153d151.png,d51c2153d151_vessel.png,1.281548664562576,44.01113332356951,106,60.37735849056604,48.92100087366846,226,25860,25860,True
1222,253e96488cfb,253e96488cfb.png,253e96488cfb_vessel.png,1.3222524077845899,52.63348523678992,74,40.25157232704403,48.91891136386616,194,20173,20173,True
1223,d7a01fca9838,d7a01fca9838.png,d7a01fca9838_vessel.png,1.3890519151375755,66.78375286415877,21,6.918238993710692,48.82409870302434,78,4355,4355,True
1224,54f57cf26126,54f57cf26126.png,54f57cf26126_vessel.png,1.3305558472576837,54.3924187293838,66,35.22012578616352,48.64073084641772,251,15089,15089,True
1225,6b30767595d8,6b30767595d8.png,6b30767595d8_vessel.png,1.344908712311466,57.432813633156265,54,27.67295597484277,48.50485633566221,155,14648,14648,True
1226,beb2ad14fd2d,beb2ad14fd2d.png,beb2ad14fd2d_vessel.png,1.2939223639126591,46.63227776433687,94,52.83018867924528,48.49165103880939,168,28483,28483,True
1227,bb85097857fa,bb85097857fa.png,bb85097857fa_vessel.png,1.3394180873969488,56.2697240377291,58,30.18867924528302,48.44541059999527,201,16189,16189,True
1228,50915e2329a1,50915e2329a1.png,50915e2329a1_vessel.png,1.345597691567608,57.57876142903741,53,27.044025157232703,48.41834054749599,175,15165,15165,True
1229,436e7a7af761,436e7a7af761.png,436e7a7af761_vessel.png,1.3200303039463872,52.16277272329464,73,39.62264150943396,48.40073335913643,253,15527,15527,True
1230,599498e9e4bc,599498e9e4bc.png,599498e9e4bc_vessel.png,1.329075457635453,54.0788249593482,65,34.59119496855346,48.23253596210978,195,14839,14839,True
1231,500aad15b7c8,500aad15b7c8.png,500aad15b7c8_vessel.png,1.3351592734748214,55.36757132491312,60,31.446540880503143,48.19126219159013,201,14411,14411,True
1232,5069feccd866,5069feccd866.png,5069feccd866_vessel.png,1.3350494857663104,55.34431478427104,60,31.446540880503143,48.17498261314067,275,13284,13284,True
1233,3e61703b5ab2,3e61703b5ab2.png,3e61703b5ab2_vessel.png,1.3273581363644864,53.7150415042107,66,35.22012578616352,48.166566788796544,286,12636,12636,True
1234,afc345cc9145,afc345cc9145.png,afc345cc9145_vessel.png,1.2694806082518493,41.45473383342705,111,63.52201257861635,48.07491745698384,223,26845,26845,True
1235,cbc23af521f3,cbc23af521f3.png,cbc23af521f3_vessel.png,1.3342210994852368,55.16883613120117,60,31.446540880503143,48.05214755599176,206,15229,15229,True
1236,42af7282349b,42af7282349b.png,42af7282349b_vessel.png,1.308316263915496,49.68136517998863,80,44.0251572327044,47.98450279580336,156,27164,27164,True
1237,c26f98f58350,c26f98f58350.png,c26f98f58350_vessel.png,1.3273345428325205,53.71004364113025,65,34.59119496855346,47.97438903935721,208,14856,14856,True
1238,6b664ed2a938,6b664ed2a938.png,6b664ed2a938_vessel.png,1.3203629292254624,52.23323337345588,70,37.735849056603776,47.88401807840025,208,14987,14987,True
1239,d93b61dc8f64,d93b61dc8f64.png,d93b61dc8f64_vessel.png,1.2328926217890002,33.70423056010129,138,80.50314465408806,47.743904788297314,242,30150,30150,True
1240,4c635a01593d,4c635a01593d.png,4c635a01593d_vessel.png,1.3318820912608407,54.673359537595076,60,31.446540880503143,47.70531394046749,172,13599,13599,True
1241,d6f36ec5564a,d6f36ec5564a.png,d6f36ec5564a_vessel.png,1.345671824519081,57.59446515418327,49,24.528301886792452,47.67461617396602,185,10996,10996,True
1242,2d3f4094c08a,2d3f4094c08a.png,2d3f4094c08a_vessel.png,1.3340570810722008,55.134091796516,58,30.18867924528302,47.650468031146104,191,15568,15568,True
1243,ab724603ee93,ab724603ee93.png,ab724603ee93_vessel.png,1.3183503343412488,51.806901543093616,70,37.735849056603776,47.58558579714666,228,16689,16689,True
1244,33e7bf536fc5,33e7bf536fc5.png,33e7bf536fc5_vessel.png,1.2954377995706416,46.95329540327237,88,49.056603773584904,47.58428791436613,171,30369,30369,True
1245,a06e5ac695ce,a06e5ac695ce.png,a06e5ac695ce_vessel.png,1.3283524454715927,53.92566790741958,61,32.075471698113205,47.37060904462766,226,14139,14139,True
1246,be7f791a7877,be7f791a7877.png,be7f791a7877_vessel.png,1.3269042692803226,53.61889797018381,62,32.70440251572327,47.34454933384564,233,15089,15089,True
1247,d1fa0f744620,d1fa0f744620.png,d1fa0f744620_vessel.png,1.3290365608601475,54.0705853809108,60,31.446540880503143,47.2833720307885,200,15424,15424,True
1248,628b581aa905,628b581aa905.png,628b581aa905_vessel.png,1.3298682567482827,54.24676511438555,59,30.81761006289308,47.21801859893781,200,15203,15203,True
1249,25b4080f598b,25b4080f598b.png,25b4080f598b_vessel.png,1.3385752448555763,56.0911830873426,52,26.41509433962264,47.18835646302661,164,11862,11862,True
1250,90960ddf4d14,90960ddf4d14.png,90960ddf4d14_vessel.png,1.3179901155474065,51.73059570583135,68,36.477987421383645,47.15481322049703,200,15647,15647,True
1251,29f9e1ac9507,29f9e1ac9507.png,29f9e1ac9507_vessel.png,1.3911716691033242,67.23278440807448,10,0.0,47.062949085652136,94,4677,4677,True
1252,7a12f49e29df,7a12f49e29df.png,7a12f49e29df_vessel.png,1.2579588930677594,39.01406683090456,114,65.40880503144653,46.932488291067145,222,30241,30241,True
1253,6e861bc3bd7b,6e861bc3bd7b.png,6e861bc3bd7b_vessel.png,1.3784563165874852,64.53926692261331,19,5.660377358490567,46.87560005337649,95,4313,4313,True
1254,df0886f1e76b,df0886f1e76b.png,df0886f1e76b_vessel.png,1.3347416684583056,55.279109254152544,53,27.044025157232703,46.808584025076584,152,15436,15436,True
1255,3486f7096276,3486f7096276.png,3486f7096276_vessel.png,1.2518297451393148,37.7157176820564,118,67.9245283018868,46.77836086800552,221,27773,27773,True
1256,c0a117de7d0a,c0a117de7d0a.png,c0a117de7d0a_vessel.png,1.3290231115922957,54.06773639673356,57,29.559748427672954,46.715340006015374,198,15318,15318,True
1257,50ddd7d976df,50ddd7d976df.png,50ddd7d976df_vessel.png,1.2763451869858247,42.9088706988624,98,55.34591194968554,46.63998307410934,159,31250,31250,True
1258,34a7dbd3f05c,34a7dbd3f05c.png,34a7dbd3f05c_vessel.png,1.342485394376832,56.91947755209695,46,22.641509433962266,46.63608711665654,151,15056,15056,True
1259,d871895742b1,d871895742b1.png,d871895742b1_vessel.png,1.3015934081012275,48.25724975216939,78,42.76729559748428,46.610263505763854,188,28320,28320,True
1260,1c9c583c10bf,1c9c583c10bf.png,1c9c583c10bf_vessel.png,1.2923430294222702,46.29772431330548,85,47.16981132075472,46.55935041554025,177,22094,22094,True
1261,c1437a7a52c9,c1437a7a52c9.png,c1437a7a52c9_vessel.png,1.2579614343815915,39.01460516228264,112,64.15094339622641,46.55550663246577,197,29736,29736,True
1262,e47452069ea1,e47452069ea1.png,e47452069ea1_vessel.png,1.3240442472810243,53.013054030401754,60,31.446540880503143,46.543100085432165,167,15008,15008,True
1263,58f07741ee3b,58f07741ee3b.png,58f07741ee3b_vessel.png,1.334363056365807,55.19890712919523,50,25.157232704402517,46.18640480175741,159,13897,13897,True
1264,d4bc001f7224,d4bc001f7224.png,d4bc001f7224_vessel.png,1.3271233210891564,53.665300134542285,55,28.30188679245283,46.05627613191545,221,12431,12431,True
1265,a8b637abd96b,a8b637abd96b.png,a8b637abd96b_vessel.png,1.2900094236140294,45.803392123864356,84,46.540880503144656,46.024638637648444,184,22911,22911,True
1266,e2c3b037413b,e2c3b037413b.png,e2c3b037413b_vessel.png,1.2900094236140294,45.803392123864356,84,46.540880503144656,46.024638637648444,184,22911,22911,True
1267,c3b15bf9b4bc,c3b15bf9b4bc.png,c3b15bf9b4bc_vessel.png,1.3127400955207393,50.61847390478537,66,35.22012578616352,45.99896946919881,241,14994,14994,True
1268,99c626e58464,99c626e58464.png,99c626e58464_vessel.png,1.3322812811742548,54.75792070178313,50,25.157232704402517,45.87771430256895,196,13324,13324,True
1269,94145d1f42cf,94145d1f42cf.png,94145d1f42cf_vessel.png,1.313022550555231,50.67830689591263,65,34.59119496855346,45.852173317704874,215,13272,13272,True
1270,50d8249f7bc9,50d8249f7bc9.png,50d8249f7bc9_vessel.png,1.325305908088958,53.28031405663046,54,27.67295597484277,45.598106632094144,177,14304,14304,True
1271,61d9c88a3a4b,61d9c88a3a4b.png,61d9c88a3a4b_vessel.png,1.3149566860443815,51.088018522294064,62,32.70440251572327,45.57293372032282,190,15241,15241,True
1272,35777eb7859d,35777eb7859d.png,35777eb7859d_vessel.png,1.267721143665726,41.08202307909529,99,55.9748427672956,45.54986898555538,187,29442,29442,True
1273,da6389d129aa,da6389d129aa.png,da6389d129aa_vessel.png,1.2702480369904499,41.617299733483,97,54.71698113207547,45.54720415306074,264,19745,19745,True
1274,e1ab92228e60,e1ab92228e60.png,e1ab92228e60_vessel.png,1.2618515256924108,39.838650657889644,103,58.490566037735846,45.4342252718435,270,24332,24332,True
1275,8f14bca04b47,8f14bca04b47.png,8f14bca04b47_vessel.png,1.3151962476172647,51.13876530926687,60,31.446540880503143,45.23109798063775,204,13877,13877,True
1276,b74de20d73de,b74de20d73de.png,b74de20d73de_vessel.png,1.3265997658776671,53.554394430984786,50,25.157232704402517,45.0352459130101,180,15160,15160,True
1277,80f6b30ece8c,80f6b30ece8c.png,80f6b30ece8c_vessel.png,1.3047887083186673,48.93411631927804,67,35.84905660377358,45.0085984046267,216,12598,12598,True
1278,91f3c4c1e72b,91f3c4c1e72b.png,91f3c4c1e72b_vessel.png,1.2158578545407284,30.095723176068773,135,78.61635220125787,44.6519118836255,247,30198,30198,True
1279,de2eb5c8aa83,de2eb5c8aa83.png,de2eb5c8aa83_vessel.png,1.2954557809322131,46.957104429545524,72,38.9937106918239,44.56808630822904,270,13922,13922,True
1280,2585bbc91909,2585bbc91909.png,2585bbc91909_vessel.png,1.3042577848926709,48.82164979272432,65,34.59119496855346,44.55251334547306,239,15011,15011,True
1281,7ad0c4975890,7ad0c4975890.png,7ad0c4975890_vessel.png,1.2797213713972126,43.62405431134088,84,46.540880503144656,44.49910216888201,200,21145,21145,True
1282,898f0bc8acfa,898f0bc8acfa.png,898f0bc8acfa_vessel.png,1.3353422723414763,55.40633632545404,40,18.867924528301888,44.44481278630839,171,12343,12343,True
1283,720b5f62ce80,720b5f62ce80.png,720b5f62ce80_vessel.png,1.2878186603292914,45.33931853985654,77,42.138364779874216,44.37903241186184,240,13841,13841,True
1284,dd02d60bef14,dd02d60bef14.png,dd02d60bef14_vessel.png,1.305222788164189,49.026068284631904,63,33.33333333333333,44.31824779924233,185,14008,14008,True
1285,88e5051f65bd,88e5051f65bd.png,88e5051f65bd_vessel.png,1.3165731080925664,51.43042830175142,54,27.67295597484277,44.303186603678824,210,14530,14530,True
1286,c23ff6dcf15e,c23ff6dcf15e.png,c23ff6dcf15e_vessel.png,1.3319481587953128,54.687354750004666,41,19.49685534591195,44.13020492877685,137,13747,13747,True
1287,2209daf71aab,2209daf71aab.png,2209daf71aab_vessel.png,1.2988152547545386,47.66874820592617,67,35.84905660377358,44.1228407252804,122,24869,24869,True
1288,d7e5fe5245e0,d7e5fe5245e0.png,d7e5fe5245e0_vessel.png,1.3074615115726194,49.50030135353089,60,31.446540880503143,44.08417321162256,158,19883,19883,True
1289,3fe282197c1c,3fe282197c1c.png,3fe282197c1c_vessel.png,1.3033852509957948,48.63681926561423,63,33.33333333333333,44.045773485929956,207,14249,14249,True
1290,47536db39f00,47536db39f00.png,47536db39f00_vessel.png,1.2291963924023797,32.92125120732785,121,69.81132075471697,43.988272071544586,196,29677,29677,True
1291,c546670d9684,c546670d9684.png,c546670d9684_vessel.png,1.2771241438841223,43.07387863107441,83,45.911949685534594,43.92529994741246,186,20328,20328,True
1292,67d8f94f04e0,67d8f94f04e0.png,67d8f94f04e0_vessel.png,1.321583367629052,52.49176117879216,48,23.89937106918239,43.91404414590923,163,15342,15342,True
1293,df9cb3729eb1,df9cb3729eb1.png,df9cb3729eb1_vessel.png,1.3151672468541296,51.132622022047826,53,27.044025157232703,43.90604296260328,192,15133,15133,True
1294,2f7fbdcc9a4b,2f7fbdcc9a4b.png,2f7fbdcc9a4b_vessel.png,1.3147683427589292,51.04812140327961,53,27.044025157232703,43.846892529465535,198,14660,14660,True
1295,684dd88a0d49,684dd88a0d49.png,684dd88a0d49_vessel.png,1.3489123967229462,58.28092177291542,26,10.062893081761008,43.815513165569094,157,6794,6794,True
1296,5d4e5fd34d91,5d4e5fd34d91.png,5d4e5fd34d91_vessel.png,1.2975871039923175,47.408586676884454,66,35.22012578616352,43.75204840966818,244,16246,16246,True
1297,519c6e8f78dc,519c6e8f78dc.png,519c6e8f78dc_vessel.png,1.319327841040534,52.01396866006112,48,23.89937106918239,43.5795893827975,156,13534,13534,True
1298,ace2281f00c4,ace2281f00c4.png,ace2281f00c4_vessel.png,1.3166845560055314,51.45403652668386,49,24.528301886792452,43.37631613471643,200,13810,13810,True
1299,4ec7796df40e,4ec7796df40e.png,4ec7796df40e_vessel.png,1.2933815909922692,46.517724800514614,67,35.84905660377358,43.3171243414923,245,12672,12672,True
1300,bd375ba756b1,bd375ba756b1.png,bd375ba756b1_vessel.png,1.3182760709642278,51.791170189654046,46,22.641509433962266,43.04627196294651,216,12918,12918,True
1301,b6d9974443ce,b6d9974443ce.png,b6d9974443ce_vessel.png,1.293884388797689,46.624233422974164,64,33.9622641509434,42.82564264136493,180,15095,15095,True
1302,af6166d57f13,af6166d57f13.png,af6166d57f13_vessel.png,1.3137037374874487,50.82260402888714,48,23.89937106918239,42.74563414097572,139,13386,13386,True
1303,87d46b1cc4e9,87d46b1cc4e9.png,87d46b1cc4e9_vessel.png,1.2840979470754006,44.55115272256928,71,38.36477987421384,42.69524086806264,266,12194,12194,True
1304,2cf18033da31,2cf18033da31.png,2cf18033da31_vessel.png,1.3188097734270798,51.904225404909376,43,20.754716981132077,42.559372877776184,148,14686,14686,True
1305,76bc31e0d3be,76bc31e0d3be.png,76bc31e0d3be_vessel.png,1.2965201928835797,47.182580852567874,60,31.446540880503143,42.46176886094845,171,15174,15174,True
1306,a06b353e7bed,a06b353e7bed.png,a06b353e7bed_vessel.png,1.3140103318570404,50.88755050161846,46,22.641509433962266,42.4137381813216,160,14204,14204,True
1307,7e70344b0c25,7e70344b0c25.png,7e70344b0c25_vessel.png,1.3023710049569335,48.421969583953434,55,28.30188679245283,42.385944746503256,209,12912,12912,True
1308,be6cbf6e5b10,be6cbf6e5b10.png,be6cbf6e5b10_vessel.png,1.3236709310034536,52.933973728067116,38,17.61006289308176,42.3368004775715,143,13915,13915,True
1309,7d48f8cdfb69,7d48f8cdfb69.png,7d48f8cdfb69_vessel.png,1.3083266407551466,49.68356332581338,50,25.157232704402517,42.32566413939012,198,13679,13679,True
1310,3823acc4e464,3823acc4e464.png,3823acc4e464_vessel.png,1.3063128871924192,49.25698605036157,51,25.78616352201258,42.21573929185687,198,11653,11653,True
1311,30263a7d5609,30263a7d5609.png,30263a7d5609_vessel.png,1.2393124505179312,35.064155179847525,103,58.490566037735846,42.09207843721402,181,29482,29482,True
1312,3f44d749cd0b,3f44d749cd0b.png,3f44d749cd0b_vessel.png,1.2860079917777274,44.95576115142102,66,35.22012578616352,42.03507054184377,163,21714,21714,True
1313,76df141d966b,76df141d966b.png,76df141d966b_vessel.png,1.3195404001198814,52.05899545709269,39,18.238993710691823,41.91299493317243,189,13178,13178,True
1314,283c3aeba594,283c3aeba594.png,283c3aeba594_vessel.png,1.3177296055001861,51.67541136340338,40,18.867924528301888,41.83316531287293,177,14799,14799,True
1315,c947bb6cf9f6,c947bb6cf9f6.png,c947bb6cf9f6_vessel.png,1.3099932213579397,50.036598287994885,46,22.641509433962266,41.818071631785095,161,12759,12759,True
1316,6a2c3f4ef329,6a2c3f4ef329.png,6a2c3f4ef329_vessel.png,1.2552351631077228,38.43709389492857,89,49.685534591194966,41.811626103808486,170,28179,28179,True
1317,ddb222ff7c1d,ddb222ff7c1d.png,ddb222ff7c1d_vessel.png,1.3047083240451847,48.917088364613626,50,25.157232704402517,41.78913166655029,154,13361,13361,True
1318,1ee355480567,1ee355480567.png,1ee355480567_vessel.png,1.2838354945302295,44.49555689707867,66,35.22012578616352,41.71292756380412,248,13506,13506,True
1319,4ad8d3ec8789,4ad8d3ec8789.png,4ad8d3ec8789_vessel.png,1.3131111108166236,50.69706678576078,42,20.125786163522015,41.525682599089144,172,12191,12191,True
1320,53ddae6a619e,53ddae6a619e.png,53ddae6a619e_vessel.png,1.316613903913105,51.439070158579035,39,18.238993710691823,41.47904722421287,147,14178,14178,True
1321,76b950c6ed5e,76b950c6ed5e.png,76b950c6ed5e_vessel.png,1.2745409565686623,42.52667711277234,71,38.36477987421384,41.27810794120479,212,16173,16173,True
1322,61a62b1dcc36,61a62b1dcc36.png,61a62b1dcc36_vessel.png,1.2860569737734424,44.966137101420586,61,32.075471698113205,41.09893748042837,224,12607,12607,True
1323,77e15f213b04,77e15f213b04.png,77e15f213b04_vessel.png,1.272473825206944,42.0887927158909,71,38.36477987421384,40.97158886338778,238,16501,16501,True
1324,aeb6f4fd2eed,aeb6f4fd2eed.png,aeb6f4fd2eed_vessel.png,1.2970076069507221,47.285830708273615,51,25.78616352201258,40.835930552395304,180,14627,14627,True
1325,8a7765e785fb,8a7765e785fb.png,8a7765e785fb_vessel.png,1.3024836759662746,48.44583689973463,46,22.641509433962266,40.70453866000292,171,12522,12522,True
1326,bc34f52c37c7,bc34f52c37c7.png,bc34f52c37c7_vessel.png,1.2908913328635352,45.990208649884764,54,27.67295597484277,40.49503284737216,200,14316,14316,True
1327,ab03d50bba2f,ab03d50bba2f.png,ab03d50bba2f_vessel.png,1.2948043578665869,46.81911223345726,50,25.157232704402517,40.32054837474084,203,12352,12352,True
1328,4704dbb59536,4704dbb59536.png,4704dbb59536_vessel.png,1.3048674294020137,48.950791957189274,42,20.125786163522015,40.30329021908909,168,13363,13363,True
1329,43823561c3f0,43823561c3f0.png,43823561c3f0_vessel.png,1.2830886812215254,44.33735800303591,59,30.81761006289308,40.281433620993056,198,13297,13297,True
1330,3f82631e9080,3f82631e9080.png,3f82631e9080_vessel.png,1.3020583131369314,48.35573147661925,44,21.38364779874214,40.26410637325611,199,11305,11305,True
1331,30db694bee42,30db694bee42.png,30db694bee42_vessel.png,1.2726264060323695,42.121114204478616,67,35.84905660377358,40.2394969242671,244,13718,13718,True
1332,dc0f6e5b489b,dc0f6e5b489b.png,dc0f6e5b489b_vessel.png,1.2903926764730442,45.88457731128434,52,26.41509433962264,40.043732419785826,198,13298,13298,True
1333,c5a0e84e955d,c5a0e84e955d.png,c5a0e84e955d_vessel.png,1.2890053537523098,45.5906980813046,52,26.41509433962264,39.83801695880001,237,13221,13221,True
1334,cb0cc98d7e35,cb0cc98d7e35.png,cb0cc98d7e35_vessel.png,1.217130880805086,30.365390768707467,108,61.63522012578616,39.74633957583107,269,20277,20277,True
1335,3f0d3629d69e,3f0d3629d69e.png,3f0d3629d69e_vessel.png,1.2866561789821132,45.09306788882295,53,27.044025157232703,39.67835506934587,176,13806,13806,True
1336,a07efb1ecfc0,a07efb1ecfc0.png,a07efb1ecfc0_vessel.png,1.2884409573487865,45.47114090978868,51,25.78616352201258,39.56564769345585,201,13466,13466,True
1337,4145dcb25053,4145dcb25053.png,4145dcb25053_vessel.png,1.3056477553399548,49.11608989569197,37,16.9811320754717,39.47560254962589,154,12260,12260,True
1338,5511f114e7ee,5511f114e7ee.png,5511f114e7ee_vessel.png,1.3055709761378262,49.09982561019965,37,16.9811320754717,39.46421754978127,121,13164,13164,True
1339,8906c9ed54a2,8906c9ed54a2.png,8906c9ed54a2_vessel.png,1.2914954245840737,46.11817455645841,48,23.89937106918239,39.45253351027561,159,13571,13571,True
1340,64ac539f58cb,64ac539f58cb.png,64ac539f58cb_vessel.png,1.2824488838256307,44.20182849484113,55,28.30188679245283,39.431845984124635,248,10153,10153,True
1341,bed8296c8dfe,bed8296c8dfe.png,bed8296c8dfe_vessel.png,1.2984751017220006,47.596692937326075,42,20.125786163522015,39.35542090518485,156,12691,12691,True
1342,38373431d996,38373431d996.png,38373431d996_vessel.png,1.286488891598363,45.05763108180821,50,25.157232704402517,39.0875115685865,159,14308,14308,True
1343,cf6551521a35,cf6551521a35.png,cf6551521a35_vessel.png,1.3003565450254213,47.995242677048566,39,18.238993710691823,39.06836798714154,174,12861,12861,True
1344,80ed04a84a16,80ed04a84a16.png,80ed04a84a16_vessel.png,1.2965111625330912,47.18066793612216,42,20.125786163522015,39.064203404342116,218,11836,11836,True
1345,4b6cb0bcfd44,4b6cb0bcfd44.png,4b6cb0bcfd44_vessel.png,1.297702245469447,47.43297731659056,40,18.867924528301888,38.86346148010395,176,11821,11821,True
1346,c373b73a80c8,c373b73a80c8.png,c373b73a80c8_vessel.png,1.283642132512715,44.45459665043583,51,25.78616352201258,38.85406671190886,164,14420,14420,True
1347,810ed108f5b7,810ed108f5b7.png,810ed108f5b7_vessel.png,1.3005635398755624,48.03909079274658,37,16.9811320754717,38.72170317756411,142,13371,13371,True
1348,894a37fc3738,894a37fc3738.png,894a37fc3738_vessel.png,1.2813756609250695,43.97448563156949,52,26.41509433962264,38.70666824398543,186,12040,12040,True
1349,5b2648ad455e,5b2648ad455e.png,5b2648ad455e_vessel.png,1.2877562652103989,45.326101262275365,46,22.641509433962266,38.520723713781436,217,11601,11601,True
1350,d16e39b9d6f0,d16e39b9d6f0.png,d16e39b9d6f0_vessel.png,1.2851764787992228,44.77962016404375,48,23.89937106918239,38.51554543558534,155,12819,12819,True
1351,4a4cb731f91a,4a4cb731f91a.png,4a4cb731f91a_vessel.png,1.2843977813170089,44.614667184437785,48,23.89937106918239,38.40007834986116,197,12647,12647,True
1352,a6b6d27c1b32,a6b6d27c1b32.png,a6b6d27c1b32_vessel.png,1.2825725684802862,44.22802885221092,48,23.89937106918239,38.12943151730236,141,13012,13012,True
1353,2399d68d407f,2399d68d407f.png,2399d68d407f_vessel.png,1.2940197823113766,46.65291409038637,39,18.238993710691823,38.128737976478,143,15091,15091,True
1354,8433a032b96c,8433a032b96c.png,8433a032b96c_vessel.png,1.2506908277119246,37.4744586212989,73,39.62264150943396,38.11891348773942,201,15728,15728,True
1355,de4cdabbce6d,de4cdabbce6d.png,de4cdabbce6d_vessel.png,1.2846768418669094,44.67378111539041,46,22.641509433962266,38.06409961096196,171,12896,12896,True
1356,aeab0a63bcaf,aeab0a63bcaf.png,aeab0a63bcaf_vessel.png,1.300842840795476,48.09825564173959,32,13.836477987421384,37.81972234544413,179,13327,13327,True
1357,3a643599f852,3a643599f852.png,3a643599f852_vessel.png,1.26869529950971,41.28838037796424,57,29.559748427672954,37.76979079287685,239,11971,11971,True
1358,d56d32a1d62d,d56d32a1d62d.png,d56d32a1d62d_vessel.png,1.2977517064696065,47.44345473501936,34,15.09433962264151,37.738720201306,175,13930,13930,True
1359,6c6505a0c637,6c6505a0c637.png,6c6505a0c637_vessel.png,1.2841247082478249,44.55682159299709,44,21.38364779874214,37.6048694547206,171,12327,12327,True
1360,7ddcfcea7369,7ddcfcea7369.png,7ddcfcea7369_vessel.png,1.264735277152308,40.44952125477492,58,30.18867924528302,37.37126865192735,208,12648,12648,True
1361,7f6690fa390a,7f6690fa390a.png,7f6690fa390a_vessel.png,1.2518091648177407,37.71135811310642,68,36.477987421383645,37.34134690558959,343,10211,10211,True
1362,1fddd7c98fd2,1fddd7c98fd2.png,1fddd7c98fd2_vessel.png,1.215822025292712,30.088133397814293,96,54.088050314465406,37.288108472809625,160,25723,25723,True
1363,b64e1eef3d63,b64e1eef3d63.png,b64e1eef3d63_vessel.png,1.2890697196436742,45.60433283139441,38,17.61006289308176,37.20605184990061,129,14391,14391,True
1364,e087bd4b88f2,e087bd4b88f2.png,e087bd4b88f2_vessel.png,1.3015361086692498,48.245111903710495,28,11.320754716981133,37.16780474769168,118,11593,11593,True
1365,66b88a4bc474,66b88a4bc474.png,66b88a4bc474_vessel.png,1.2858403628509758,44.920251994697914,40,18.867924528301888,37.104553754779104,157,11505,11505,True
1366,2b5bb6d33959,2b5bb6d33959.png,2b5bb6d33959_vessel.png,1.282616263651721,44.23728488409391,42,20.125786163522015,37.00383526792234,142,13463,13463,True
1367,7635921c5efb,7635921c5efb.png,7635921c5efb_vessel.png,1.2653436419321151,40.57839233168043,55,28.30188679245283,36.89544066991215,251,12326,12326,True
1368,d4583e9525dc,d4583e9525dc.png,d4583e9525dc_vessel.png,1.2421636139828325,35.66812259931573,73,39.62264150943396,36.854478272351194,244,12620,12620,True
1369,767d777ee889,767d777ee889.png,767d777ee889_vessel.png,1.277005243038873,43.048691637216685,45,22.0125786163522,36.73785773095734,195,12907,12907,True
1370,6b91e99c9408,6b91e99c9408.png,6b91e99c9408_vessel.png,1.2786708528490374,43.40152095453565,42,20.125786163522015,36.41880051723155,188,11277,11277,True
1371,8c4ceddeb1c6,8c4ceddeb1c6.png,8c4ceddeb1c6_vessel.png,1.2986974849391908,47.64380080029949,26,10.062893081761008,36.36952848473794,128,10345,10345,True
1372,c3aa424eff9a,c3aa424eff9a.png,c3aa424eff9a_vessel.png,1.2563197793279062,38.66685022692485,58,30.18867924528302,36.1233989324323,321,11763,11763,True
1373,226c6ceb9185,226c6ceb9185.png,226c6ceb9185_vessel.png,1.2741199700520547,42.43749873236853,43,20.754716981132077,35.93266420699759,193,13013,13013,True
1374,a8854768549f,a8854768549f.png,a8854768549f_vessel.png,1.283998348032535,44.53005446649186,35,15.723270440251572,35.88801925861977,160,12898,12898,True
1375,be3a7d9e981e,be3a7d9e981e.png,be3a7d9e981e_vessel.png,1.2758201698897462,42.797655321491476,41,19.49685534591195,35.80741532881762,175,10812,10812,True
1376,e03a74e7d74f,e03a74e7d74f.png,e03a74e7d74f_vessel.png,1.231090820992962,33.32255164530903,76,41.509433962264154,35.778616340395565,320,11340,11340,True
1377,1eee55494271,1eee55494271.png,1eee55494271_vessel.png,1.2756443262678614,42.760406030159324,40,18.867924528301888,35.59266157960209,186,10831,10831,True
1378,9be0683649ff,9be0683649ff.png,9be0683649ff_vessel.png,1.2641041338812673,40.315824966428885,49,24.528301886792452,35.57956804253795,147,12572,12572,True
1379,60edda7b4871,60edda7b4871.png,60edda7b4871_vessel.png,1.272643013360746,42.12463216666749,41,19.49685534591195,35.33629912044083,184,10113,10113,True
1380,4036471a1bb7,4036471a1bb7.png,4036471a1bb7_vessel.png,1.2501708769271878,37.36431645036628,58,30.18867924528302,35.211625288841304,226,10777,10777,True
1381,ad12cde115ab,ad12cde115ab.png,ad12cde115ab_vessel.png,1.2703011404967697,41.62854875097061,41,19.49685534591195,34.98904072945301,174,12240,12240,True
1382,484dbeb9bf2a,484dbeb9bf2a.png,484dbeb9bf2a_vessel.png,1.2655774253746916,40.62791512623975,44,21.38364779874214,34.85463492799047,144,12379,12379,True
1383,4982378d72f9,4982378d72f9.png,4982378d72f9_vessel.png,1.2718342056848158,41.953300887036846,38,17.61006289308176,34.65032948885032,122,12153,12153,True
1384,9287e57326d0,9287e57326d0.png,9287e57326d0_vessel.png,1.2607876985637265,39.61329811897658,45,22.0125786163522,34.333082268189266,150,10859,10859,True
1385,3ce2f8a77a32,3ce2f8a77a32.png,3ce2f8a77a32_vessel.png,1.2629226851188242,40.06555641147904,42,20.125786163522015,34.08362533709193,182,12686,12686,True
1386,5bf3357a2823,5bf3357a2823.png,5bf3357a2823_vessel.png,1.246582807053052,36.60424873435114,54,27.67295597484277,33.92486090649862,205,12483,12483,True
1387,ad1aa75d5630,ad1aa75d5630.png,ad1aa75d5630_vessel.png,1.2655141675853214,40.61451510751844,38,17.61006289308176,33.713179443187435,141,11310,11310,True
1388,b532dedd928c,b532dedd928c.png,b532dedd928c_vessel.png,1.262275785042959,39.92852232897767,40,18.867924528301888,33.61034298877493,160,11581,11581,True
1389,3ac92ac3d65a,3ac92ac3d65a.png,3ac92ac3d65a_vessel.png,1.2639106512339915,40.27483916655259,38,17.61006289308176,33.47540628451134,171,12721,12721,True
1390,cd314653a4d8,cd314653a4d8.png,cd314653a4d8_vessel.png,1.252167851985335,37.787339503046034,47,23.270440251572328,33.43226972760392,138,11986,11986,True
1391,a8263d248523,a8263d248523.png,a8263d248523_vessel.png,1.1553436620237079,17.27688583277677,123,71.0691823899371,33.414574799924864,217,24492,24492,True
1392,7c3747c0b2c3,7c3747c0b2c3.png,7c3747c0b2c3_vessel.png,1.2555070579089247,38.49468989160512,41,19.49685534591195,32.79533952789717,173,12002,12002,True
1393,54b322c66d01,54b322c66d01.png,54b322c66d01_vessel.png,1.256482266293466,38.70127015215696,40,18.867924528301888,32.751266465000434,170,10886,10886,True
1394,cad5b1a82e60,cad5b1a82e60.png,cad5b1a82e60_vessel.png,1.2487150888949454,37.05593408227343,46,22.641509433962266,32.73160668778008,175,12486,12486,True
1395,9e2ba2b979f1,9e2ba2b979f1.png,9e2ba2b979f1_vessel.png,1.2496779150939983,37.25989140074954,44,21.38364779874214,32.49701832014732,217,10663,10663,True
1396,331121c65e88,331121c65e88.png,331121c65e88_vessel.png,1.2748789249884762,42.59826961067348,23,8.176100628930817,32.27161891615068,124,11519,11519,True
1397,59928f999ae7,59928f999ae7.png,59928f999ae7_vessel.png,1.2633955157866195,40.16571703775993,32,13.836477987421384,32.266945322658366,142,10517,10517,True
1398,289a47dcbb82,289a47dcbb82.png,289a47dcbb82_vessel.png,1.2521722945299107,37.78828057577523,40,18.867924528301888,32.11217376153323,181,12630,12630,True
1399,1f5496352859,1f5496352859.png,1f5496352859_vessel.png,1.2414612126033224,35.51933156932535,47,23.270440251572328,31.844664173999444,178,12510,12510,True
1400,66460ecab347,66460ecab347.png,66460ecab347_vessel.png,1.2400327273209804,35.21673279505468,48,23.89937106918239,31.821524277292994,185,11597,11597,True
1401,98277aeb96a7,98277aeb96a7.png,98277aeb96a7_vessel.png,1.2463897930029701,36.56336219831625,40,18.867924528301888,31.25473089731194,177,13461,13461,True
1402,57a5e4274275,57a5e4274275.png,57a5e4274275_vessel.png,1.2461987783568254,36.52289919984811,39,18.238993710691823,31.03772755310122,160,12146,12146,True
1403,5ca73d28f17f,5ca73d28f17f.png,5ca73d28f17f_vessel.png,1.233666070430024,33.86807166762141,46,22.641509433962266,30.500102997523662,157,12155,12155,True
1404,9858cc2ae073,9858cc2ae073.png,9858cc2ae073_vessel.png,1.2401730424722266,35.246456022380556,40,18.867924528301888,30.332896574156955,140,12309,12309,True
1405,a62e995f167c,a62e995f167c.png,a62e995f167c_vessel.png,1.250658586087571,37.46762881623859,31,13.20754716981132,30.18960432231041,150,11159,11159,True
1406,22d843b2bbd1,22d843b2bbd1.png,22d843b2bbd1_vessel.png,1.2430026363202664,35.845854308582595,37,16.9811320754717,30.186437638649323,154,12179,12179,True
1407,a12ca80bb8c7,a12ca80bb8c7.png,a12ca80bb8c7_vessel.png,1.243786721133302,36.01194849679839,33,14.465408805031446,29.547986589268305,179,11912,11912,True
1408,4c5ab774a381,4c5ab774a381.png,4c5ab774a381_vessel.png,1.2364185417009563,34.45113293055146,38,17.61006289308176,29.39881191931055,152,10190,10190,True
1409,58eb3809f456,58eb3809f456.png,58eb3809f456_vessel.png,1.2441764058704032,36.09449616127659,31,13.20754716981132,29.228411463837006,218,11794,11794,True
1410,5d9c841eb245,5d9c841eb245.png,5d9c841eb245_vessel.png,1.2441101535996584,36.08046181582839,30,12.578616352201259,29.029908176740253,127,12853,12853,True
1411,d3dfd0a2dee6,d3dfd0a2dee6.png,d3dfd0a2dee6_vessel.png,1.2275680777323643,32.57632219100243,42,20.125786163522015,28.841161382758308,205,11081,11081,True
1412,6cb96a6fb029,6cb96a6fb029.png,6cb96a6fb029_vessel.png,1.2256039623342483,32.16025986306468,43,20.754716981132077,28.738596998484898,223,11506,11506,True
1413,bab776139279,bab776139279.png,bab776139279_vessel.png,1.2373017440782004,34.63822338229823,33,14.465408805031446,28.58637900911819,131,10752,10752,True
1414,af87d48ffe01,af87d48ffe01.png,af87d48ffe01_vessel.png,1.2336627335814443,33.86736481659353,35,15.723270440251572,28.42413650369094,115,13062,13062,True
1415,33b978734eab,33b978734eab.png,33b978734eab_vessel.png,1.2239882543875007,31.818001353082977,42,20.125786163522015,28.310336796214685,175,11536,11536,True
1416,d26bb2ed6e71,d26bb2ed6e71.png,d26bb2ed6e71_vessel.png,1.2381994299524925,34.828381900974414,28,11.320754716981133,27.77609374577643,165,10285,10285,True
1417,d91635f380b4,d91635f380b4.png,d91635f380b4_vessel.png,1.194098464712071,25.486389938673444,57,29.559748427672954,26.708397485373297,317,8123,8123,True
1418,318eb706a134,318eb706a134.png,318eb706a134_vessel.png,1.2139314982033351,29.687659422308556,30,12.578616352201259,24.554946501276365,142,11443,11443,True
1419,962c0fc85e13,962c0fc85e13.png,962c0fc85e13_vessel.png,1.1956268407964494,25.810148772925672,41,19.49685534591195,23.916160744821553,159,11397,11397,True
1420,41345cec5957,41345cec5957.png,41345cec5957_vessel.png,1.1923468391935348,25.115339749047948,40,18.867924528301888,23.241115182824128,180,11252,11252,True
1421,4eabad7948cf,4eabad7948cf.png,4eabad7948cf_vessel.png,1.1905131771868185,24.726911612953106,41,19.49685534591195,23.15789473284076,142,10210,10210,True
1422,1f15ca672675,1f15ca672675.png,1f15ca672675_vessel.png,1.1846558037283725,23.486132970792166,41,19.49685534591195,22.289349683328098,201,8907,8907,True
1423,d9e58e4d8689,d9e58e4d8689.png,d9e58e4d8689_vessel.png,1.148045547893731,15.730912333772537,67,35.84905660377358,21.76635561477285,180,20552,20552,True
1424,e3cd96cb094c,e3cd96cb094c.png,e3cd96cb094c_vessel.png,1.1957304982802202,25.8321067363158,29,11.949685534591195,21.66738037579842,148,10519,10519,True
1425,ad6b07d5c338,ad6b07d5c338.png,ad6b07d5c338_vessel.png,1.1972795712955042,26.16024984109612,26,10.062893081761008,21.331042813295586,141,11319,11319,True
1426,1d74c4713e21,1d74c4713e21.png,1d74c4713e21_vessel.png,1.1773027861080545,21.928529160236394,34,15.09433962264151,19.878272298957928,168,11278,11278,True
1427,9870ce41cac4,9870ce41cac4.png,9870ce41cac4_vessel.png,1.1852139020151238,23.60435600016535,26,10.062893081761008,19.541917124644044,143,10611,10611,True
1428,d516f77d4516,d516f77d4516.png,d516f77d4516_vessel.png,1.1687903687613792,20.12532748428977,38,17.61006289308176,19.370748106927365,128,10427,10427,True
1429,2c8101f14723,2c8101f14723.png,2c8101f14723_vessel.png,1.1722772366590446,20.86395739173086,33,14.465408805031446,18.944392815721034,154,11668,11668,True
1430,d865997a6280,d865997a6280.png,d865997a6280_vessel.png,1.1545276950260055,17.104037980298212,35,15.723270440251572,16.68980771828422,198,10924,10924,True
1431,79ade634c633,79ade634c633.png,79ade634c633_vessel.png,1.1485757686872222,15.843230020336446,36,16.352201257861633,15.995921391593999,184,9945,9945,True
1432,a94da3d3b5c0,a94da3d3b5c0.png,a94da3d3b5c0_vessel.png,1.1542173452054736,17.03829598319895,28,11.320754716981133,15.323033603333604,150,9606,9606,True
1433,735836b1ffa6,735836b1ffa6.png,735836b1ffa6_vessel.png,1.0737842532114619,0.0,87,48.42767295597484,14.528301886792452,183,21000,21000,True
1434,9c14ce27cbfc,9c14ce27cbfc.png,9c14ce27cbfc_vessel.png,1.0956425625128574,4.630287538830601,25,9.433962264150944,6.071389956426703,128,8347,8347,True
