filename,candidate_percentile,seed_percentile,candidate_threshold,seed_threshold,mean,std,vessel_ratio,skeleton_ratio
1b3647865779_green_preprocessed.png,87,95,191.0,255.0,69.45960712432861,79.87759182182806,0.04613304138183594,0.009058952331542969
1b398c0494d1_green_preprocessed.png,87,95,159.0,223.0,119.02422523498535,74.47068931132628,0.06865692138671875,0.017579078674316406
1b862fb6f65d_green_preprocessed.png,87,95,160.0,225.0,116.57031345367432,73.85641844704737,0.06669235229492188,0.018355369567871094
1b8701231c8f_green_preprocessed.png,87,95,163.0,241.0,113.0911340713501,71.95513904009796,0.058516502380371094,0.015364646911621094
1c13a1483f4a_green_preprocessed.png,87,95,154.0,227.0,120.62723731994629,74.09104503423403,0.07480812072753906,0.017255783081054688
1c47815f4a6b_green_preprocessed.png,87,95,146.0,227.0,143.7135248184204,62.473439382160834,0.08100223541259766,0.0193023681640625
1c7a013eeba7_green_preprocessed.png,87,95,156.0,222.0,119.45516967773438,72.4884068303992,0.0662841796875,0.01815509796142578
1c9c583c10bf_green_preprocessed.png,87,95,161.0,219.0,134.64732360839844,70.6815839796095,0.06196022033691406,0.01712322235107422
1ca35d483772_green_preprocessed.png,87,95,156.0,223.0,116.89048099517822,71.14642861241353,0.062163352966308594,0.016892433166503906
1ca62b3e4fd3_green_preprocessed.png,87,95,150.0,216.0,139.59259700775146,57.14709326971892,0.08763408660888672,0.022470474243164062
1ca91751be4d_green_preprocessed.png,87,95,154.0,225.0,119.84080600738525,73.3342838117528,0.06435298919677734,0.016999244689941406
1caba2fb38f6_green_preprocessed.png,87,95,164.0,223.0,116.61380290985107,75.35977803460419,0.060611724853515625,0.02225017547607422
1cb6961d141c_green_preprocessed.png,87,95,191.0,255.0,68.76407527923584,77.21274103144631,0.043572425842285156,0.00896453857421875
1cc58b15f466_green_preprocessed.png,87,95,149.0,226.0,142.95228576660156,62.768668895157205,0.08506584167480469,0.0188751220703125
1d0b93317aa8_green_preprocessed.png,87,95,200.0,250.0,72.93802547454834,82.13660750429146,0.03402996063232422,0.012601852416992188
1d2472849dce_green_preprocessed.png,87,95,164.0,227.0,112.1469669342041,76.8129915419644,0.06276512145996094,0.024171829223632812
1d29cb2f4296_green_preprocessed.png,87,95,151.0,226.0,148.42645168304443,61.718490452321575,0.08399105072021484,0.018599510192871094
1d37f1c8b6d8_green_preprocessed.png,87,95,156.0,220.0,118.37572574615479,69.6212561109131,0.05637931823730469,0.015016555786132812
1d3e9b939732_green_preprocessed.png,87,95,158.0,231.0,117.87367916107178,72.32190492787458,0.0658721923828125,0.015944480895996094
1d46f1326394_green_preprocessed.png,87,95,155.0,229.0,114.38929080963135,71.12992301557998,0.06527996063232422,0.015353202819824219
1d74c4713e21_green_preprocessed.png,87,95,201.0,255.0,73.97467517852783,81.76332449451009,0.030381202697753906,0.011690139770507812
1da4a17c18c9_green_preprocessed.png,87,95,154.0,227.0,118.73812198638916,74.2393599028431,0.07267189025878906,0.015376091003417969
1db0393cdbc1_green_preprocessed.png,87,95,193.0,255.0,70.3476619720459,80.71783016581956,0.04335975646972656,0.010779380798339844
1db6bb46c102_green_preprocessed.png,87,95,157.0,225.0,119.71314239501953,74.17813613998403,0.0640554428100586,0.01672649383544922
1df0431bfa73_green_preprocessed.png,87,95,197.0,255.0,74.89191913604736,81.58220714613202,0.03987312316894531,0.011453628540039062
1df0a4c23c95_green_preprocessed.png,87,95,191.0,255.0,67.5475902557373,76.74260937741361,0.04042243957519531,0.008916854858398438
1df1530b9b8d_green_preprocessed.png,87,95,159.0,223.0,117.87246608734131,73.9770057368754,0.06742000579833984,0.016885757446289062
1dfe599d12a9_green_preprocessed.png,87,95,212.0,255.0,65.53022766113281,76.79565669573476,0.03658294677734375,0.0075893402099609375
1e036f2e7095_green_preprocessed.png,87,95,150.0,226.0,142.32970809936523,63.25808974687501,0.08182430267333984,0.020654678344726562
1e742358e0b9_green_preprocessed.png,87,95,153.0,229.0,140.62851810455322,63.09295001396519,0.07865142822265625,0.016170501708984375
1e7ccd4a1c87_green_preprocessed.png,87,95,151.0,225.0,139.35656452178955,64.47134693644702,0.0870819091796875,0.02303314208984375
1e8c31e29dd3_green_preprocessed.png,87,95,160.0,220.0,115.99779891967773,70.83840078760836,0.059897422790527344,0.015939712524414062
1ec95179cdfe_green_preprocessed.png,87,95,159.0,239.0,112.96682834625244,73.24508358330492,0.06863021850585938,0.01627349853515625
1ee355480567_green_preprocessed.png,87,95,199.0,255.0,74.0907564163208,81.30542449406383,0.03420829772949219,0.013932228088378906
1eee55494271_green_preprocessed.png,87,95,207.0,255.0,75.97842407226562,81.7581469816899,0.02838611602783203,0.011534690856933594
1f15ca672675_green_preprocessed.png,87,95,202.0,255.0,74.49875450134277,81.18084030719575,0.03032684326171875,0.01331329345703125
1f31701dd61b_green_preprocessed.png,87,95,170.0,230.0,116.51914310455322,67.75331167974495,0.04856109619140625,0.01799774169921875
1f3f32efaf20_green_preprocessed.png,87,95,160.0,226.0,118.5321569442749,71.3095166350434,0.061003684997558594,0.01618194580078125
1f4fb37e0854_green_preprocessed.png,87,95,158.0,239.0,112.05815410614014,74.75981859528014,0.06708049774169922,0.013684272766113281
1f5496352859_green_preprocessed.png,87,95,199.0,255.0,72.02652549743652,80.99910143494999,0.03233623504638672,0.011441230773925781
1f9ccda4ddf2_green_preprocessed.png,87,95,194.0,255.0,68.02947616577148,79.41674540133602,0.04259014129638672,0.009600639343261719
1faf8664816c_green_preprocessed.png,87,95,163.0,222.0,116.43482971191406,68.2869626832394,0.05460929870605469,0.0191497802734375
1fb455685328_green_preprocessed.png,87,95,154.0,227.0,118.91515064239502,73.22487079057927,0.06873607635498047,0.016218185424804688
1fddd7c98fd2_green_preprocessed.png,87,95,153.0,209.0,139.02851009368896,54.39927013036234,0.0792694091796875,0.0201873779296875
201f6e10c108_green_preprocessed.png,87,95,154.0,223.0,119.62292003631592,72.30785870449395,0.06675529479980469,0.016057968139648438
201f882365d3_green_preprocessed.png,87,95,153.0,242.0,109.01512622833252,74.72292308941255,0.06780338287353516,0.013278961181640625
207dd0487264_green_preprocessed.png,87,95,157.0,226.0,119.31455135345459,73.41582597208118,0.06733036041259766,0.016832351684570312
20f86e068276_green_preprocessed.png,87,95,157.0,226.0,139.9106044769287,64.02489488111542,0.08452224731445312,0.020079612731933594
21037f5c7790_green_preprocessed.png,87,95,168.0,234.0,117.9771146774292,69.66784851950818,0.05044078826904297,0.01910114288330078
210bfe0127c6_green_preprocessed.png,87,95,152.0,217.0,138.29332733154297,63.59317150970209,0.08327770233154297,0.023301124572753906
215d2b7c3fde_green_preprocessed.png,87,95,153.0,233.0,113.88617134094238,73.05409275654534,0.06679248809814453,0.018035888671875
218c822a3dd9_green_preprocessed.png,87,95,150.0,223.0,140.08276081085205,64.53427831409005,0.08531856536865234,0.021347999572753906
2209daf71aab_green_preprocessed.png,87,95,154.0,207.0,140.73936367034912,56.040064647572315,0.07903766632080078,0.021553993225097656
2221cf5c7935_green_preprocessed.png,87,95,154.0,218.0,132.48419666290283,61.12417339961853,0.0857706069946289,0.02751636505126953
22449af52060_green_preprocessed.png,87,95,158.0,229.0,116.670485496521,72.15100471671569,0.061089515686035156,0.016572952270507812
224c14366e11_green_preprocessed.png,87,95,164.0,228.0,118.84401416778564,71.83028962088561,0.06029319763183594,0.018291473388671875
226c6ceb9185_green_preprocessed.png,87,95,203.0,255.0,73.56918716430664,81.31214142710546,0.03342723846435547,0.014049530029296875
22d843b2bbd1_green_preprocessed.png,87,95,196.0,248.0,74.27288341522217,82.46636541062271,0.02964305877685547,0.012637138366699219
233d948e2544_green_preprocessed.png,87,95,150.0,227.0,145.30740547180176,63.1742931380391,0.08537006378173828,0.02036285400390625
237aa50edc34_green_preprocessed.png,87,95,143.0,217.0,155.6977195739746,51.443154933696604,0.08830547332763672,0.020180702209472656
2399d68d407f_green_preprocessed.png,87,95,196.0,255.0,75.26418781280518,81.8071619973617,0.03556060791015625,0.010740280151367188
2408799a09b2_green_preprocessed.png,87,95,161.0,227.0,118.23045635223389,72.78904610293016,0.0644216537475586,0.019073486328125
240b25a7debe_green_preprocessed.png,87,95,158.0,242.0,115.35508155822754,75.53050909272207,0.06641674041748047,0.01668071746826172
242fc19be06f_green_preprocessed.png,87,95,163.0,223.0,115.10947227478027,76.50834934122284,0.06528472900390625,0.021356582641601562
248dec89b3a2_green_preprocessed.png,87,95,191.0,255.0,67.50452518463135,78.33144761700606,0.04297637939453125,0.008588790893554688
24de56d433cd_green_preprocessed.png,87,95,159.0,227.0,117.75696277618408,75.90180537639112,0.07376289367675781,0.019664764404296875
24f271c87e73_green_preprocessed.png,87,95,150.0,224.0,141.70961952209473,63.13379444168118,0.08107471466064453,0.01967144012451172
24f3e70f0419_green_preprocessed.png,87,95,153.0,215.0,138.5600004196167,57.01847875346045,0.08573341369628906,0.02337646484375
252305189b3a_green_preprocessed.png,87,95,156.0,228.0,115.97414112091064,72.29457233942044,0.06626510620117188,0.01591777801513672
253e96488cfb_green_preprocessed.png,87,95,163.0,220.0,133.37664604187012,70.22416534157949,0.06232261657714844,0.022215843200683594
2585bbc91909_green_preprocessed.png,87,95,203.0,255.0,72.72116088867188,81.96358526892355,0.03466796875,0.012859344482421875
25a0a1e41afd_green_preprocessed.png,87,95,161.0,224.0,117.72083282470703,72.84696752348246,0.062216758728027344,0.01927661895751953
25b4080f598b_green_preprocessed.png,87,95,199.0,255.0,73.74826335906982,80.71619901469667,0.03267860412597656,0.011214256286621094
260a455692b5_green_preprocessed.png,87,95,202.0,255.0,70.9340705871582,81.47833387658245,0.03699207305908203,0.013310432434082031
263d8851e33b_green_preprocessed.png,87,95,197.0,255.0,73.88424015045166,82.01073302832141,0.04274559020996094,0.013261795043945312
266fbefa58fb_green_preprocessed.png,87,95,156.0,225.0,118.48263263702393,73.56668313397904,0.07010936737060547,0.017027854919433594
2682e6da9050_green_preprocessed.png,87,95,148.0,212.0,141.4714593887329,55.377748389875386,0.08759880065917969,0.020147323608398438
26cd40b57ad1_green_preprocessed.png,87,95,155.0,228.0,113.68323993682861,71.78124116554788,0.06627273559570312,0.017642974853515625
26d60db3bbfd_green_preprocessed.png,87,95,156.0,235.0,115.10582447052002,73.01628225272853,0.06794071197509766,0.01706695556640625
26d9576e8043_green_preprocessed.png,87,95,193.0,255.0,69.46563339233398,79.33805694868362,0.04260540008544922,0.009457588195800781
26fc2358a38d_green_preprocessed.png,87,95,157.0,225.0,115.85952281951904,74.38720123848213,0.07044696807861328,0.019227027893066406
274f4de2a59d_green_preprocessed.png,87,95,157.0,222.0,117.49573612213135,72.93410749439043,0.06397533416748047,0.018906593322753906
276b14f72328_green_preprocessed.png,87,95,150.0,215.0,134.75544834136963,58.97411490123143,0.08874034881591797,0.025423049926757812
27933cdbe0cc_green_preprocessed.png,87,95,163.0,224.0,117.47711181640625,71.30937953399528,0.06227588653564453,0.01777362823486328
27f82ada84ac_green_preprocessed.png,87,95,157.0,227.0,115.14134883880615,74.36590637893657,0.06302261352539062,0.014472007751464844
2821998fc002_green_preprocessed.png,87,95,159.0,230.0,117.06492900848389,70.63898575595701,0.06195354461669922,0.015427589416503906
283c3aeba594_green_preprocessed.png,87,95,198.0,255.0,73.27292060852051,81.2154569593136,0.036400794982910156,0.010718345642089844
28503940d10b_green_preprocessed.png,87,95,161.0,220.0,117.28555107116699,69.26328027494081,0.05277824401855469,0.016313552856445312
286e9981dd9b_green_preprocessed.png,87,95,149.0,225.0,154.06732368469238,61.64670593167218,0.08371543884277344,0.020012855529785156
28751f290ba3_green_preprocessed.png,87,95,167.0,226.0,118.36604309082031,72.12301814086325,0.06270217895507812,0.019229888916015625
289a47dcbb82_green_preprocessed.png,87,95,197.0,255.0,74.74812507629395,82.32694150321365,0.03480243682861328,0.011393547058105469
28dc010a0780_green_preprocessed.png,87,95,157.0,227.0,116.08706569671631,71.43853069063987,0.0654134750366211,0.0157012939453125
28f73575e1f2_green_preprocessed.png,87,95,198.0,255.0,67.61648559570312,77.75066289578295,0.0374908447265625,0.008558273315429688
29192375ab1b_green_preprocessed.png,87,95,163.0,224.0,112.36498069763184,74.55921650129287,0.05893516540527344,0.02144622802734375
291f581d365e_green_preprocessed.png,87,95,165.0,229.0,137.7504529953003,67.28738843276702,0.05322837829589844,0.018065452575683594
2923971566fe_green_preprocessed.png,87,95,161.0,223.0,138.82850742340088,69.58433637388217,0.0648660659790039,0.02175426483154297
2927665214e1_green_preprocessed.png,87,95,154.0,225.0,117.95398902893066,73.67249098101583,0.06929588317871094,0.018453598022460938
2974c6ad1d58_green_preprocessed.png,87,95,159.0,223.0,117.50339031219482,74.8429637123644,0.0659627914428711,0.02153301239013672
29a13e666266_green_preprocessed.png,87,95,161.0,226.0,117.8551721572876,72.55206309860897,0.06465530395507812,0.021486282348632812
29d059522fa1_green_preprocessed.png,87,95,154.0,226.0,120.11733818054199,74.75896324172167,0.07091331481933594,0.018095970153808594
29f9e1ac9507_green_preprocessed.png,87,95,191.0,255.0,67.9337158203125,77.35106327497598,0.03021526336669922,0.006518363952636719
2a2274bcb00a_green_preprocessed.png,87,95,151.0,226.0,145.8222894668579,63.47630827688075,0.08598041534423828,0.01961040496826172
2a2a6435f7f3_green_preprocessed.png,87,95,159.0,221.0,117.172438621521,74.37677179044155,0.06787490844726562,0.022797584533691406
2a4520f1f9a3_green_preprocessed.png,87,95,159.0,223.0,118.72701072692871,73.26285741420168,0.0652151107788086,0.017241477966308594
2a7373eeb352_green_preprocessed.png,87,95,159.0,233.0,111.7298641204834,75.14508722311177,0.06222057342529297,0.013566017150878906
2a93334f663a_green_preprocessed.png,87,95,157.0,229.0,116.98484420776367,71.91492867776718,0.061901092529296875,0.01649188995361328
2b10f138e67d_green_preprocessed.png,87,95,191.0,255.0,68.41464614868164,78.83653495897295,0.04253196716308594,0.009637832641601562
2b2f5a0f880d_green_preprocessed.png,87,95,197.0,255.0,71.4927339553833,81.26136200698774,0.04271411895751953,0.010912895202636719
2b3a4a81d748_green_preprocessed.png,87,95,162.0,228.0,117.70248603820801,71.05284766893341,0.05780982971191406,0.017263412475585938
2b4c7b5f1f1e_green_preprocessed.png,87,95,163.0,225.0,118.13639163970947,70.05149741765464,0.058136940002441406,0.017241477966308594
2b5bb6d33959_green_preprocessed.png,87,95,195.0,255.0,74.88889408111572,82.34247984991762,0.03626251220703125,0.011312484741210938
2bb3c492d6d3_green_preprocessed.png,87,95,150.0,221.0,145.85545349121094,61.82346219306935,0.08659076690673828,0.019006729125976562
2c77bf969079_green_preprocessed.png,87,95,150.0,225.0,145.76891803741455,63.13543426257137,0.08340644836425781,0.02068614959716797
2c8101f14723_green_preprocessed.png,87,95,199.0,255.0,73.85815238952637,81.62816304053086,0.034824371337890625,0.014104843139648438
2c827005b8f8_green_preprocessed.png,87,95,157.0,226.0,120.10512733459473,72.77953504254918,0.06507205963134766,0.016816139221191406
2c9dfc270f1b_green_preprocessed.png,87,95,154.0,225.0,117.31203079223633,72.35665295525929,0.063446044921875,0.014708518981933594
2cacdb0dffae_green_preprocessed.png,87,95,155.0,229.0,116.43680763244629,72.60344678738173,0.06685256958007812,0.01580524444580078
2cdcc910778d_green_preprocessed.png,87,95,207.0,255.0,66.18360328674316,77.83922188744378,0.03693389892578125,0.007761955261230469
2cf18033da31_green_preprocessed.png,87,95,195.0,255.0,75.59917831420898,83.03137861622778,0.03711700439453125,0.009946823120117188
2cfe8703f265_green_preprocessed.png,87,95,148.0,222.0,151.2418088912964,61.66287963882227,0.08309650421142578,0.019357681274414062
2d04cead4d3a_green_preprocessed.png,87,95,200.0,255.0,73.7285327911377,82.75803702571477,0.04150581359863281,0.013050079345703125
2d07162a13b1_green_preprocessed.png,87,95,148.0,218.0,157.35280513763428,60.57211510206851,0.0805044174194336,0.019377708435058594
2d3f4094c08a_green_preprocessed.png,87,95,197.0,255.0,73.85552406311035,81.84991808651493,0.040741920471191406,0.010706901550292969
2d558de2cabe_green_preprocessed.png,87,95,202.0,255.0,69.09675884246826,81.23156169867431,0.03790569305419922,0.014966964721679688
2da82d14e1b7_green_preprocessed.png,87,95,167.0,229.0,114.8125581741333,69.34133036267428,0.052374839782714844,0.016648292541503906
2db0cd3e30da_green_preprocessed.png,87,95,148.0,228.0,144.7835578918457,63.26664821744073,0.08249092102050781,0.01756000518798828
2dc647e00ad3_green_preprocessed.png,87,95,150.0,211.0,139.5475616455078,53.91999658431076,0.08089542388916016,0.020529747009277344
2dd28ac497d2_green_preprocessed.png,87,95,157.0,226.0,119.77447605133057,72.99020767717899,0.0645151138305664,0.016056060791015625
2eba4279e503_green_preprocessed.png,87,95,160.0,229.0,117.54647922515869,72.26617798789432,0.06355476379394531,0.01808452606201172
2ef10194e80d_green_preprocessed.png,87,95,200.0,255.0,71.27048397064209,80.91335482337952,0.03867530822753906,0.013775825500488281
2ef4a04aed1b_green_preprocessed.png,87,95,161.0,227.0,115.96610450744629,73.13253332792529,0.06557464599609375,0.016496658325195312
2ef955d6d9ff_green_preprocessed.png,87,95,191.0,255.0,66.58175468444824,75.49114043629392,0.04140758514404297,0.008969306945800781
2f143453bb71_green_preprocessed.png,87,95,144.0,226.0,144.7367639541626,61.44650565624112,0.08481884002685547,0.017760276794433594
2f7fbdcc9a4b_green_preprocessed.png,87,95,191.0,255.0,72.03593635559082,80.54227938840236,0.04168128967285156,0.011331558227539062
2f81ee5f2926_green_preprocessed.png,87,95,192.0,255.0,66.3229284286499,77.69702036451737,0.03814506530761719,0.008485794067382812
2f8d14a7d390_green_preprocessed.png,87,95,150.0,214.0,142.15019607543945,52.752018128969,0.07981491088867188,0.020998001098632812
2fdfb80ea53c_green_preprocessed.png,87,95,157.0,225.0,117.15190505981445,69.87908201597872,0.05879688262939453,0.01853179931640625
2fefb720869a_green_preprocessed.png,87,95,195.0,255.0,73.26581573486328,80.80159830382061,0.03500652313232422,0.010219573974609375
30263a7d5609_green_preprocessed.png,87,95,153.0,213.0,139.22289657592773,54.77889725590033,0.07964706420898438,0.02194690704345703
306c841af3fc_green_preprocessed.png,87,95,146.0,219.0,139.1050729751587,56.59876816132615,0.09091377258300781,0.023920059204101562
3079490a4b9c_green_preprocessed.png,87,95,154.0,224.0,118.96603202819824,71.7867259900243,0.06603622436523438,0.017612457275390625
30db694bee42_green_preprocessed.png,87,95,200.0,255.0,75.0198621749878,82.2627507175119,0.034091949462890625,0.012081146240234375
3132556f5352_green_preprocessed.png,87,95,159.0,227.0,119.46288776397705,73.66396406805633,0.06821060180664062,0.016762733459472656
31360e44ac64_green_preprocessed.png,87,95,146.0,222.0,145.00543212890625,63.56096036697565,0.08762836456298828,0.020056724548339844
315c1a0d87fd_green_preprocessed.png,87,95,153.0,229.0,115.64463329315186,70.94740657152337,0.0661468505859375,0.014845848083496094
3178559fbf57_green_preprocessed.png,87,95,159.0,223.0,116.8864107131958,68.27737714470283,0.05942249298095703,0.016733169555664062
318eb706a134_green_preprocessed.png,87,95,206.0,255.0,73.30177879333496,80.98237653454807,0.030325889587402344,0.010833740234375
3232b34cbe99_green_preprocessed.png,87,95,153.0,231.0,117.78785133361816,73.1899787664232,0.0640106201171875,0.015954017639160156
3254e48c8aa0_green_preprocessed.png,87,95,158.0,223.0,119.75752449035645,73.31876876340297,0.06346893310546875,0.015414237976074219
3286073a976e_green_preprocessed.png,87,95,153.0,251.0,111.5512170791626,72.83144901180526,0.06277084350585938,0.014097213745117188
328d141ed3aa_green_preprocessed.png,87,95,155.0,227.0,116.84421730041504,73.12727295625312,0.0656137466430664,0.017608642578125
32d7d360d891_green_preprocessed.png,87,95,153.0,229.0,114.69502449035645,71.1162455145988,0.06778430938720703,0.014412879943847656
32ed318235b8_green_preprocessed.png,87,95,159.0,223.0,116.93826103210449,71.42454635069275,0.06473636627197266,0.018133163452148438
331121c65e88_green_preprocessed.png,87,95,194.0,248.0,72.6702995300293,81.07500130939695,0.03137683868408203,0.012108802795410156
3323fd59782e_green_preprocessed.png,87,95,160.0,224.0,119.43867111206055,71.8136104438913,0.06048297882080078,0.0162353515625
3325b1fe55d2_green_preprocessed.png,87,95,163.0,224.0,118.28576564788818,70.01663194467103,0.05691337585449219,0.018707275390625
33596a635b53_green_preprocessed.png,87,95,195.0,255.0,72.68183422088623,81.48311113653236,0.04420661926269531,0.012467384338378906
338326891d84_green_preprocessed.png,87,95,200.0,255.0,73.38937091827393,82.44079487642884,0.04066658020019531,0.0129547119140625
33b91def2035_green_preprocessed.png,87,95,199.0,255.0,65.44881057739258,76.45283440796618,0.036278724670410156,0.008081436157226562
33b978734eab_green_preprocessed.png,87,95,201.0,250.0,71.96961975097656,81.8500585303379,0.030920028686523438,0.012998580932617188
33d72035c27a_green_preprocessed.png,87,95,196.0,255.0,73.79359245300293,80.98615624833971,0.03996562957763672,0.012807846069335938
33e7bf536fc5_green_preprocessed.png,87,95,146.0,217.0,141.76343059539795,54.641289552717176,0.0871286392211914,0.020807266235351562
342edf9b889d_green_preprocessed.png,87,95,212.0,255.0,68.39585018157959,79.74892348219119,0.04278087615966797,0.008791923522949219
345b1f0abbba_green_preprocessed.png,87,95,147.0,228.0,143.32385063171387,62.293391184835244,0.08577156066894531,0.016366004943847656
348598d01e18_green_preprocessed.png,87,95,157.0,226.0,114.58574771881104,70.58245775616363,0.061713218688964844,0.01951313018798828
3486f7096276_green_preprocessed.png,87,95,145.0,216.0,143.85788345336914,48.798945908342525,0.08506965637207031,0.019774436950683594
34a7dbd3f05c_green_preprocessed.png,87,95,192.0,252.0,72.0032958984375,81.40336932752615,0.035915374755859375,0.010961532592773438
34acae864963_green_preprocessed.png,87,95,198.0,255.0,72.69097328186035,80.61860504575226,0.038796424865722656,0.010857582092285156
351e842842a2_green_preprocessed.png,87,95,151.0,225.0,142.2010259628296,62.85806837086039,0.0838766098022461,0.023726463317871094
35362d43e753_green_preprocessed.png,87,95,157.0,225.0,118.8967227935791,69.72551293154157,0.05876636505126953,0.012900352478027344
356304d15a5c_green_preprocessed.png,87,95,164.0,225.0,117.56423950195312,72.4983230451279,0.05961322784423828,0.021640777587890625
35777eb7859d_green_preprocessed.png,87,95,154.0,226.0,146.9680404663086,62.08304831996154,0.08011245727539062,0.01621532440185547
357f02a779d7_green_preprocessed.png,87,95,163.0,226.0,119.3194522857666,70.0313134663738,0.059569358825683594,0.017873764038085938
3580a545016d_green_preprocessed.png,87,95,166.0,226.0,113.12639141082764,76.56631150217916,0.061173439025878906,0.0213165283203125
3599029efeb3_green_preprocessed.png,87,95,152.0,224.0,141.11557006835938,63.50172689865739,0.08562469482421875,0.01964569091796875
359bab5d784b_green_preprocessed.png,87,95,154.0,227.0,118.95481967926025,74.92964102253393,0.07254409790039062,0.017325401306152344
35ac70c0d08f_green_preprocessed.png,87,95,155.0,222.0,116.12534618377686,75.32459513383778,0.0701303482055664,0.01873302459716797
35beb47fe159_green_preprocessed.png,87,95,157.0,225.0,115.40183448791504,73.98090871120813,0.07000541687011719,0.01816558837890625
35cd9832fc0a_green_preprocessed.png,87,95,153.0,229.0,116.72805595397949,72.59413051672993,0.0704345703125,0.015794754028320312
35df2bc6ae95_green_preprocessed.png,87,95,154.0,226.0,118.87802505493164,73.08362463486765,0.06876468658447266,0.01618480682373047
3601dac9bed7_green_preprocessed.png,87,95,147.0,218.0,140.64652633666992,57.15436955154997,0.0953531265258789,0.025251388549804688
360832d84ce0_green_preprocessed.png,87,95,191.0,255.0,69.57814693450928,79.1026490352999,0.043910980224609375,0.011234283447265625
369229040a34_green_preprocessed.png,87,95,160.0,229.0,118.58898067474365,71.63495550711204,0.061125755310058594,0.01613903045654297
3694e8c8e09a_green_preprocessed.png,87,95,147.0,216.0,139.30205249786377,53.6143219408777,0.08714962005615234,0.022528648376464844
36e4b704b905_green_preprocessed.png,87,95,156.0,239.0,113.73202228546143,76.0690884685633,0.0636301040649414,0.015626907348632812
370f575adb23_green_preprocessed.png,87,95,157.0,226.0,118.00426197052002,73.10886711081653,0.06902313232421875,0.020133018493652344
3710ff45299c_green_preprocessed.png,87,95,156.0,218.0,116.43260288238525,73.03546522805385,0.06571769714355469,0.018340110778808594
3730c322d35b_green_preprocessed.png,87,95,162.0,226.0,117.77316474914551,70.82305435169089,0.06335926055908203,0.018144607543945312
3732de8b416f_green_preprocessed.png,87,95,146.70999999996275,231.0,143.54870414733887,63.35780738314964,0.08273124694824219,0.019268035888671875
37c523296d42_green_preprocessed.png,87,95,155.0,223.0,117.77170467376709,74.70239790142844,0.0719614028930664,0.017844200134277344
3823acc4e464_green_preprocessed.png,87,95,198.0,255.0,75.54626560211182,82.32695694584375,0.03602123260498047,0.014148712158203125
38373431d996_green_preprocessed.png,87,95,196.0,255.0,74.1564130783081,82.4435285371627,0.036957740783691406,0.010683059692382812
384db24ebbd7_green_preprocessed.png,87,95,158.0,225.0,118.1821517944336,69.89046557571208,0.05426025390625,0.01801300048828125
384e6c915722_green_preprocessed.png,87,95,147.0,216.0,140.79261875152588,55.89958156189046,0.09092998504638672,0.02198028564453125
387138ddf43d_green_preprocessed.png,87,95,163.0,233.0,113.57204246520996,72.04712427456025,0.06247901916503906,0.016510009765625
388279491b5d_green_preprocessed.png,87,95,192.0,255.0,72.67348194122314,81.78321076338648,0.043999671936035156,0.010288238525390625
389552047476_green_preprocessed.png,87,95,157.0,225.0,118.1543378829956,74.4717253066449,0.07102108001708984,0.017271041870117188
38c7153457e2_green_preprocessed.png,87,95,160.0,228.0,117.4221544265747,74.56259184493142,0.06762886047363281,0.02047252655029297
38f1901f214a_green_preprocessed.png,87,95,150.0,211.0,138.7955846786499,55.64002283460191,0.0855398178100586,0.019823074340820312
3908b3cfd620_green_preprocessed.png,87,95,159.0,223.0,117.76956367492676,74.27960398191217,0.06866836547851562,0.018129348754882812
393fa5a023a5_green_preprocessed.png,87,95,161.0,222.0,120.80455875396729,70.56961018509286,0.06141090393066406,0.015119552612304688
39f8935185e6_green_preprocessed.png,87,95,153.0,225.0,118.32956123352051,74.45169016380842,0.07358360290527344,0.017187118530273438
39fd8ef3a45c_green_preprocessed.png,87,95,161.0,226.0,118.38826084136963,72.48514528259047,0.06440258026123047,0.01569080352783203
3a4cfea0a766_green_preprocessed.png,87,95,159.0,223.0,120.38624858856201,72.34076818049957,0.0630483627319336,0.014436721801757812
3a643599f852_green_preprocessed.png,87,95,197.0,251.0,71.7699613571167,82.4847355372493,0.03402137756347656,0.014955520629882812
3abac0961bfd_green_preprocessed.png,87,95,159.0,225.0,118.41798973083496,71.35731825538167,0.06407737731933594,0.015993118286132812
3ac92ac3d65a_green_preprocessed.png,87,95,197.0,255.0,75.37863826751709,82.36638272046902,0.03298377990722656,0.010629653930664062
3af9aaa880e9_green_preprocessed.png,87,95,157.0,229.0,117.98315906524658,72.70918337295245,0.06499576568603516,0.015954971313476562
3b0190bbe615_green_preprocessed.png,87,95,156.0,225.0,116.51900863647461,73.68601538588545,0.067840576171875,0.016078948974609375
3b10191dfd25_green_preprocessed.png,87,95,153.0,242.0,115.34202861785889,76.57878865532022,0.06875133514404297,0.013021469116210938
3b2b91590590_green_preprocessed.png,87,95,158.0,225.0,120.31814193725586,74.4957151084626,0.068572998046875,0.018220901489257812
3b5dffe159b6_green_preprocessed.png,87,95,157.0,226.0,119.6272783279419,72.62241284925942,0.061431884765625,0.015057563781738281
3b9817a39adf_green_preprocessed.png,87,95,155.0,226.0,118.69757461547852,71.33446046248147,0.06410789489746094,0.016040802001953125
3bf2deaa5ef0_green_preprocessed.png,87,95,154.0,227.0,118.00584506988525,74.258699692071,0.07079124450683594,0.018617630004882812
3bf3085ac167_green_preprocessed.png,87,95,159.0,223.0,118.3414831161499,72.50688772565817,0.06466197967529297,0.01726245880126953
3c28fd846b43_green_preprocessed.png,87,95,160.0,221.0,118.446457862854,70.65239089883302,0.057708740234375,0.014676094055175781
3c326543fff6_green_preprocessed.png,87,95,197.0,255.0,75.49767398834229,81.8700108082642,0.04216575622558594,0.011200904846191406
3c42512c81e0_green_preprocessed.png,87,95,153.0,229.0,118.35034084320068,71.02215377047392,0.06430244445800781,0.014438629150390625
3c9529918097_green_preprocessed.png,87,95,157.0,225.0,118.11245155334473,70.39595400326813,0.05911445617675781,0.017561912536621094
3ca12e02dd4e_green_preprocessed.png,87,95,154.0,227.0,117.1556396484375,73.07523626921214,0.06808185577392578,0.016759872436523438
3ca8be3b40d6_green_preprocessed.png,87,95,191.0,255.0,68.00551319122314,78.22855622749135,0.046151161193847656,0.009049415588378906
3cab32dd6ef9_green_preprocessed.png,87,95,153.0,225.0,117.87794589996338,73.17176593786299,0.06981945037841797,0.015871047973632812
3cd9713c0ecb_green_preprocessed.png,87,95,153.0,225.0,118.70427322387695,73.21336945749724,0.06986141204833984,0.01604461669921875
3cdef7c591cc_green_preprocessed.png,87,95,191.0,255.0,68.68153476715088,78.04736940343749,0.042102813720703125,0.007769584655761719
3ce2f8a77a32_green_preprocessed.png,87,95,200.0,255.0,74.49672222137451,82.26592353692317,0.03209400177001953,0.011441230773925781
3d2ecffe0386_green_preprocessed.png,87,95,215.0,255.0,67.78096199035645,77.22434277529922,0.035452842712402344,0.006798744201660156
3dec415b188a_green_preprocessed.png,87,95,155.0,226.0,117.99141120910645,72.72173856717336,0.06565189361572266,0.015943527221679688
3e61703b5ab2_green_preprocessed.png,87,95,200.0,255.0,69.33503246307373,80.6092654569665,0.040183067321777344,0.01730060577392578
3f0d3629d69e_green_preprocessed.png,87,95,198.0,255.0,72.10611915588379,80.20859709545121,0.03575611114501953,0.011308670043945312
3f44d749cd0b_green_preprocessed.png,87,95,161.0,220.0,138.04595184326172,69.14804596540745,0.057430267333984375,0.01897144317626953
3f6bccf21ce8_green_preprocessed.png,87,95,159.0,229.0,118.94246482849121,74.03040256814306,0.07053661346435547,0.01568603515625
3f6c627e2ff2_green_preprocessed.png,87,95,163.0,222.0,115.75908470153809,70.30953932880166,0.059960365295410156,0.015523910522460938
3f82631e9080_green_preprocessed.png,87,95,200.0,255.0,72.92075538635254,79.42238470885057,0.029882431030273438,0.012438774108886719
3f98be586fe3_green_preprocessed.png,87,95,155.0,226.0,119.92360019683838,74.04762721703561,0.07081413269042969,0.013794898986816406
3fd45879afe6_green_preprocessed.png,87,95,160.0,224.0,119.19170665740967,70.98358240052875,0.06257915496826172,0.01746082305908203
3fe282197c1c_green_preprocessed.png,87,95,198.0,255.0,73.57642269134521,80.47207209197242,0.03655242919921875,0.011858940124511719
401fdfd0db07_green_preprocessed.png,87,95,156.0,226.0,112.28818321228027,71.09903213644694,0.06459712982177734,0.015564918518066406
4036471a1bb7_green_preprocessed.png,87,95,202.0,255.0,73.27895832061768,80.59984203908014,0.026882171630859375,0.012221336364746094
404ede327e98_green_preprocessed.png,87,95,207.0,255.0,67.68417835235596,77.97159664824443,0.039974212646484375,0.008996009826660156
405085b53d7b_green_preprocessed.png,87,95,155.0,223.0,118.19441509246826,73.17446536890077,0.06592082977294922,0.016824722290039062
40c24aded50c_green_preprocessed.png,87,95,155.0,220.0,118.67122459411621,71.69810282375904,0.06768798828125,0.0165557861328125
40dd4e6e4444_green_preprocessed.png,87,95,198.0,255.0,74.6531572341919,80.95894851402988,0.0399322509765625,0.012380599975585938
41345cec5957_green_preprocessed.png,87,95,198.0,255.0,70.67902278900146,82.04499520968638,0.03522491455078125,0.015712738037109375
4134b290f5f3_green_preprocessed.png,87,95,148.0,219.0,149.02120876312256,56.405443479215606,0.0892953872680664,0.021711349487304688
4145dcb25053_green_preprocessed.png,87,95,198.0,255.0,74.40528011322021,81.73992896574951,0.03159141540527344,0.01105499267578125
4158c340fa49_green_preprocessed.png,87,95,148.0,228.0,148.76364517211914,63.56668583237011,0.08736324310302734,0.018177032470703125
415d5c5e785f_green_preprocessed.png,87,95,155.0,223.0,119.21420955657959,71.09349633690461,0.06273078918457031,0.015250205993652344
415f2d2bd2a1_green_preprocessed.png,87,95,160.0,227.0,118.09364986419678,73.86730843844529,0.067352294921875,0.017446517944335938
41960d5f58c2_green_preprocessed.png,87,95,151.0,218.0,139.35240840911865,54.9231844409481,0.08804893493652344,0.02197265625
41ab357d103f_green_preprocessed.png,87,95,188.0,255.0,69.34823226928711,79.07935119102336,0.039730072021484375,0.007890701293945312
4205e9deb058_green_preprocessed.png,87,95,145.0,231.0,118.26812267303467,67.72724385362133,0.051238059997558594,0.0164794921875
4210809074c1_green_preprocessed.png,87,95,158.0,223.0,114.43814182281494,73.99478410492681,0.06632041931152344,0.019346237182617188
4276b82e4489_green_preprocessed.png,87,95,198.0,255.0,73.80307674407959,81.35220399972768,0.03735923767089844,0.010507583618164062
42985aa2e32f_green_preprocessed.png,87,95,163.0,227.0,138.8741159439087,67.9168852694329,0.0571746826171875,0.01771068572998047
42af7282349b_green_preprocessed.png,87,95,154.0,207.0,146.17779636383057,47.002945055817854,0.07085514068603516,0.022647857666015625
42b9c1977681_green_preprocessed.png,87,95,159.0,224.0,116.87476539611816,74.00492081159953,0.06537342071533203,0.019428253173828125
42c65af5ab16_green_preprocessed.png,87,95,202.0,255.0,69.99596214294434,81.11633170361158,0.03884315490722656,0.01369476318359375
4318b6adeb97_green_preprocessed.png,87,95,194.0,255.0,74.22716522216797,81.58665271950908,0.039520263671875,0.012088775634765625
4350a1b2f3cb_green_preprocessed.png,87,95,160.0,224.0,119.60787105560303,72.71923246070025,0.06364154815673828,0.019573211669921875
435414ccccf7_green_preprocessed.png,87,95,195.0,255.0,75.13872528076172,83.66754329786471,0.04481029510498047,0.012577056884765625
436e7a7af761_green_preprocessed.png,87,95,197.0,255.0,74.41877746582031,81.01851915913079,0.0417327880859375,0.01358795166015625
436fa3fd145a_green_preprocessed.png,87,95,203.0,253.0,68.1873025894165,81.50246110127988,0.03888225555419922,0.016180038452148438
43823561c3f0_green_preprocessed.png,87,95,194.0,255.0,71.8793363571167,79.85974423158436,0.0368499755859375,0.012203216552734375
43bc7c066dfb_green_preprocessed.png,87,95,159.0,219.0,117.60422611236572,71.37797034629949,0.06356239318847656,0.01784515380859375
43e9c66eb0f3_green_preprocessed.png,87,95,147.0,219.0,138.04494285583496,56.51586725035293,0.08837509155273438,0.02290058135986328
43f22d1be8dd_green_preprocessed.png,87,95,212.0,255.0,70.09386825561523,79.38050834427229,0.04130268096923828,0.008533477783203125
4403538fb50f_green_preprocessed.png,87,95,154.0,228.0,114.7294569015503,69.96141026684762,0.06166839599609375,0.015276908874511719
4409965eb2a4_green_preprocessed.png,87,95,157.0,226.0,118.91299533843994,71.22659068098928,0.05648326873779297,0.018024444580078125
441848e0f308_green_preprocessed.png,87,95,160.0,233.0,114.5621566772461,72.11334887349885,0.060128211975097656,0.015497207641601562
44271f3cb18f_green_preprocessed.png,87,95,204.0,255.0,68.75349140167236,78.22870606285504,0.043338775634765625,0.008675575256347656
445a8a6da55c_green_preprocessed.png,87,95,153.0,223.0,118.3941240310669,74.24435576590412,0.0671224594116211,0.0147552490234375
4464bb62bf20_green_preprocessed.png,87,95,152.0,213.0,136.90737533569336,58.246644573590636,0.08775615692138672,0.02089977264404297
44878f34e31f_green_preprocessed.png,87,95,159.0,225.0,115.61148834228516,72.28698973251707,0.06714820861816406,0.019249916076660156
44976c3b11a6_green_preprocessed.png,87,95,151.0,216.0,139.9562463760376,55.32383502941587,0.08862113952636719,0.023110389709472656
44a4d04162cc_green_preprocessed.png,87,95,157.0,227.0,114.26847076416016,72.90768499394171,0.06743144989013672,0.020147323608398438
44a86263117b_green_preprocessed.png,87,95,153.0,227.0,118.88741207122803,73.12424211162718,0.07050418853759766,0.014409065246582031
44f7f3ef9d50_green_preprocessed.png,87,95,135.0,231.0,155.3065061569214,60.76208984460776,0.08052921295166016,0.01742076873779297
4528fbbd43a3_green_preprocessed.png,87,95,160.0,224.0,116.78034591674805,75.82650122103125,0.06937026977539062,0.02076435089111328
45369821d6a3_green_preprocessed.png,87,95,155.0,227.0,118.78376865386963,72.4173784312979,0.06568622589111328,0.01650238037109375
454792eb6e05_green_preprocessed.png,87,95,196.0,255.0,71.75636291503906,80.44253190875153,0.04309558868408203,0.011768341064453125
454a944eb557_green_preprocessed.png,87,95,191.0,255.0,68.31260204315186,77.4979339700406,0.04645729064941406,0.009623527526855469
4554062fa836_green_preprocessed.png,87,95,147.0,221.0,143.0358657836914,53.716803010335376,0.08590030670166016,0.021612167358398438
45693d027798_green_preprocessed.png,87,95,157.0,227.0,119.89760780334473,74.65477432548633,0.07018756866455078,0.017835617065429688
461fa5292fda_green_preprocessed.png,87,95,160.0,225.0,117.09615707397461,75.53882583721247,0.06776714324951172,0.019046783447265625
462937ece243_green_preprocessed.png,87,95,158.0,226.0,118.03120517730713,70.92191419706086,0.06199169158935547,0.017526626586914062
46acc506fa61_green_preprocessed.png,87,95,155.0,226.0,117.32318878173828,70.66340865626195,0.06478118896484375,0.015990257263183594
4704dbb59536_green_preprocessed.png,87,95,200.0,255.0,71.97034454345703,81.07716897982064,0.034671783447265625,0.011987686157226562
4731e708ede3_green_preprocessed.png,87,95,196.0,255.0,66.09767055511475,76.71717272887989,0.035797119140625,0.008408546447753906
475300735b7f_green_preprocessed.png,87,95,153.0,229.0,118.7684268951416,72.9999631525988,0.07063961029052734,0.015882492065429688
47536db39f00_green_preprocessed.png,87,95,153.0,214.0,140.4948320388794,54.50711791772563,0.08313274383544922,0.018751144409179688
478fc46eaa49_green_preprocessed.png,87,95,154.0,230.0,116.53501796722412,70.0035525386106,0.060977935791015625,0.015001296997070312
482088e6be44_green_preprocessed.png,87,95,197.0,255.0,72.20325183868408,81.247664086153,0.042266845703125,0.013129234313964844
4826d10030b3_green_preprocessed.png,87,95,163.0,223.0,117.4355821609497,70.02633729267355,0.057186126708984375,0.018036842346191406
484dbeb9bf2a_green_preprocessed.png,87,95,196.0,251.0,73.15334224700928,81.2116706404584,0.03249359130859375,0.010872840881347656
4860f7813654_green_preprocessed.png,87,95,146.0,224.0,144.39326763153076,62.37482538625801,0.0835886001586914,0.02088451385498047
486e852a3b4d_green_preprocessed.png,87,95,159.0,239.0,113.59518718719482,71.76173059935556,0.06450939178466797,0.016938209533691406
48a45619d1a3_green_preprocessed.png,87,95,212.0,255.0,68.20835018157959,77.14917250519814,0.040561676025390625,0.009016990661621094
4926dea289f8_green_preprocessed.png,87,95,154.0,223.0,117.43895816802979,72.3395575074076,0.06658649444580078,0.016008377075195312
4927945ecfed_green_preprocessed.png,87,95,161.0,225.0,118.16650581359863,72.35041546418232,0.06271839141845703,0.017480850219726562
493d99f030e2_green_preprocessed.png,87,95,148.0,216.0,146.6685266494751,54.50892836511433,0.08864498138427734,0.01967620849609375
495106ae3b68_green_preprocessed.png,87,95,159.0,227.0,119.40473937988281,71.62019841080635,0.0633535385131836,0.015872955322265625
4958bfcc9f38_green_preprocessed.png,87,95,160.0,224.0,118.98239421844482,73.64944240089443,0.06861305236816406,0.01685047149658203
496155f71d0a_green_preprocessed.png,87,95,159.0,222.0,120.18788719177246,74.28069298851315,0.0637502670288086,0.01973438262939453
4982378d72f9_green_preprocessed.png,87,95,199.0,244.0,76.44904708862305,83.42823578734172,0.033283233642578125,0.011410713195800781
49e4b95ee2dc_green_preprocessed.png,87,95,150.0,216.0,158.47555923461914,58.228513165266996,0.0795907974243164,0.020597457885742188
49eb73968c44_green_preprocessed.png,87,95,142.0,255.0,67.29335021972656,76.08083861221012,0.02849292755126953,0.006726264953613281
4a05f81b3aba_green_preprocessed.png,87,95,155.0,240.0,114.08496189117432,74.38005270475573,0.06861591339111328,0.015442848205566406
4a1afe4044f4_green_preprocessed.png,87,95,191.0,255.0,68.00602149963379,77.14257787762824,0.04391288757324219,0.009830474853515625
4a4cb731f91a_green_preprocessed.png,87,95,201.0,255.0,73.03025341033936,80.57896747053893,0.03543376922607422,0.011438369750976562
4a589edaea60_green_preprocessed.png,87,95,156.0,226.0,117.30422592163086,72.8709899473922,0.07143497467041016,0.020424842834472656
4a5a6efc0bef_green_preprocessed.png,87,95,156.0,229.0,116.07262229919434,72.65235847674855,0.06320381164550781,0.01610279083251953
4a96c28f3f07_green_preprocessed.png,87,95,220.0,255.0,65.5436544418335,76.02758828986535,0.032738685607910156,0.006916046142578125
4aa3d771c5e4_green_preprocessed.png,87,95,159.0,225.0,117.20266723632812,74.50045669198244,0.06850528717041016,0.018381118774414062
4ab8c0cece7f_green_preprocessed.png,87,95,153.0,225.0,115.55426597595215,71.37597695770957,0.06929779052734375,0.019049644470214844
4ad8d3ec8789_green_preprocessed.png,87,95,196.0,246.0,74.3971700668335,81.94973838281723,0.030386924743652344,0.012154579162597656
4b237b958555_green_preprocessed.png,87,95,157.0,226.0,117.35848712921143,73.57962949881967,0.0699300765991211,0.01761150360107422
4b6895d0cf8d_green_preprocessed.png,87,95,163.0,236.0,112.57446575164795,72.21812539379444,0.06289196014404297,0.016222000122070312
4b6cb0bcfd44_green_preprocessed.png,87,95,197.0,251.0,73.89834880828857,82.57236259573259,0.030632972717285156,0.012784957885742188
4bcee3cbe232_green_preprocessed.png,87,95,158.0,225.0,117.1202745437622,75.17360761432785,0.06668281555175781,0.019121170043945312
4bd5d0b30198_green_preprocessed.png,87,95,159.0,228.0,113.61134433746338,72.45572635283756,0.06565284729003906,0.01869678497314453
4beeca5cc859_green_preprocessed.png,87,95,160.0,225.0,118.61709213256836,73.52010404899536,0.0645437240600586,0.020040512084960938
4c17e85686f0_green_preprocessed.png,87,95,162.0,229.0,117.12996101379395,69.83550501342239,0.057811737060546875,0.01538848876953125
4c389d033cb0_green_preprocessed.png,87,95,192.0,255.0,73.13168716430664,81.02185070051803,0.040390968322753906,0.010234832763671875
4c53cc97ea13_green_preprocessed.png,87,95,203.0,255.0,70.65246677398682,81.2600135541323,0.034404754638671875,0.012910842895507812
4c5ab774a381_green_preprocessed.png,87,95,196.0,249.0,76.45374202728271,82.05255560755009,0.0232086181640625,0.009775161743164062
4c60f6fcea75_green_preprocessed.png,87,95,159.0,229.0,115.58629608154297,73.02399398570557,0.06253528594970703,0.015551567077636719
4c635a01593d_green_preprocessed.png,87,95,195.0,255.0,73.4531946182251,81.70923255267914,0.037589073181152344,0.012006759643554688
4c6c5a1bf5ab_green_preprocessed.png,87,95,153.0,245.0,112.64539241790771,75.32285143486875,0.0671701431274414,0.011669158935546875
4ccee4db09b6_green_preprocessed.png,87,95,199.0,255.0,75.19895076751709,82.3127155627606,0.034438133239746094,0.010895729064941406
4cddfc22b0ad_green_preprocessed.png,87,95,163.0,236.0,111.87412357330322,73.77998115353016,0.06141090393066406,0.015354156494140625
4cde86044ad1_green_preprocessed.png,87,95,158.0,223.0,118.49654197692871,74.9225009257131,0.06936359405517578,0.016427993774414062
4cf4d528c08e_green_preprocessed.png,87,95,200.0,255.0,71.55137062072754,80.15845135717433,0.03653430938720703,0.013593673706054688
4cfd22ae43d4_green_preprocessed.png,87,95,163.0,225.0,117.52720069885254,68.95665782697353,0.050678253173828125,0.016921043395996094
4d167ca69ea8_green_preprocessed.png,87,95,150.0,231.0,114.2387056350708,72.48481805112706,0.07158184051513672,0.0150146484375
4d17559ac1e2_green_preprocessed.png,87,95,155.0,221.0,139.75775337219238,63.03930768373727,0.07822036743164062,0.02085590362548828
4d1e7def7624_green_preprocessed.png,87,95,151.0,216.0,136.29937362670898,60.12410354603091,0.08342266082763672,0.024074554443359375
4d3de40ced3a_green_preprocessed.png,87,95,160.0,227.0,118.3543472290039,71.75129947577899,0.05976295471191406,0.01698017120361328
4dd14c380696_green_preprocessed.png,87,95,207.0,255.0,67.64404106140137,77.11694939590541,0.03701496124267578,0.008869171142578125
4dd4a4bf2421_green_preprocessed.png,87,95,159.0,227.0,115.80994319915771,71.88910986866104,0.06513690948486328,0.020127296447753906
4dd7b322f342_green_preprocessed.png,87,95,148.0,252.0,114.72092151641846,75.09101641640281,0.06621646881103516,0.014649391174316406
4e1e252317b5_green_preprocessed.png,87,95,159.0,224.0,117.2102279663086,72.08649233334609,0.06682968139648438,0.016142845153808594
4e231670b48c_green_preprocessed.png,87,95,158.0,225.0,117.14734268188477,75.4379215153207,0.06618022918701172,0.019073486328125
4e4a6224a04e_green_preprocessed.png,87,95,154.0,227.0,117.76665019989014,73.34593779168684,0.06959819793701172,0.016046524047851562
4e54ccfd49b2_green_preprocessed.png,87,95,157.0,218.0,119.4914608001709,70.22515916993042,0.05782508850097656,0.014868736267089844
4e8585a96739_green_preprocessed.png,87,95,159.0,239.0,113.52822399139404,72.48712978377677,0.06532096862792969,0.015717506408691406
4e85aa647534_green_preprocessed.png,87,95,191.0,255.0,66.2744665145874,76.17252451027406,0.035984039306640625,0.007740974426269531
4eabad7948cf_green_preprocessed.png,87,95,200.0,255.0,72.75548553466797,82.27873261739457,0.035742759704589844,0.01583385467529297
4eaf2f81819d_green_preprocessed.png,87,95,158.0,223.0,118.561767578125,72.35354696513313,0.0664968490600586,0.017317771911621094
4ec7796df40e_green_preprocessed.png,87,95,204.0,255.0,73.98296642303467,80.53266431664623,0.03568840026855469,0.013478279113769531
4ef16a53d899_green_preprocessed.png,87,95,205.0,255.0,67.44582843780518,77.70892024498504,0.04021453857421875,0.008985519409179688
4f5dd7660b17_green_preprocessed.png,87,95,151.0,224.0,140.78000164031982,69.85967044637918,0.06928062438964844,0.017923355102539062
4f6abc40c72d_green_preprocessed.png,87,95,159.0,225.0,118.31933879852295,72.46773864964187,0.06641674041748047,0.01735401153564453
4faf4063db8c_green_preprocessed.png,87,95,155.0,223.0,118.36650562286377,73.15551302213522,0.06656646728515625,0.016243934631347656
4fd5ec0dca09_green_preprocessed.png,87,95,214.0,255.0,66.52138710021973,74.75372977742158,0.033423423767089844,0.008936882019042969
4ffa38550c95_green_preprocessed.png,87,95,201.0,255.0,74.14229488372803,81.32001337855824,0.03611183166503906,0.012066841125488281
500aad15b7c8_green_preprocessed.png,87,95,198.0,255.0,72.20147705078125,80.08110522960612,0.0400390625,0.011706352233886719
501c319f7a9f_green_preprocessed.png,87,95,156.0,221.0,119.6806526184082,73.31585353544511,0.06196308135986328,0.015789031982421875
504a69096fcb_green_preprocessed.png,87,95,157.0,226.0,117.78829097747803,74.14897824905574,0.06561756134033203,0.01721954345703125
5056fa7d505f_green_preprocessed.png,87,95,166.0,245.0,114.04321098327637,74.28652867371304,0.06100177764892578,0.0115814208984375
5069feccd866_green_preprocessed.png,87,95,195.0,255.0,70.9926290512085,80.55569103715008,0.03868389129638672,0.016185760498046875
5077cdb88aed_green_preprocessed.png,87,95,161.0,231.0,118.72041702270508,70.89381896447378,0.06057262420654297,0.016524314880371094
5078caaf1f57_green_preprocessed.png,87,95,153.0,235.0,114.91065502166748,72.58218815045848,0.06850242614746094,0.014827728271484375
50915e2329a1_green_preprocessed.png,87,95,191.0,255.0,73.89904594421387,80.5476894641953,0.03963661193847656,0.011125564575195312
50916d67bb51_green_preprocessed.png,87,95,161.0,222.0,119.35639762878418,72.72807025167077,0.05986309051513672,0.014913558959960938
50d8249f7bc9_green_preprocessed.png,87,95,199.0,255.0,73.52152156829834,81.86048382106765,0.03853321075439453,0.009608268737792969
50ddd7d976df_green_preprocessed.png,87,95,152.0,214.0,138.33868980407715,56.20248631636487,0.08939647674560547,0.020244598388671875
50f5201fd18a_green_preprocessed.png,87,95,212.0,255.0,67.23033142089844,77.25940504107211,0.04069232940673828,0.008372306823730469
511fd66b2df8_green_preprocessed.png,87,95,151.0,220.0,144.38962745666504,61.57120955106479,0.08381366729736328,0.02031230926513672
519c6e8f78dc_green_preprocessed.png,87,95,194.0,248.0,74.6333999633789,82.13913127962891,0.031218528747558594,0.011165618896484375
51a078d6d43a_green_preprocessed.png,87,95,159.0,223.0,117.5455904006958,72.23427706742716,0.06281185150146484,0.01769256591796875
51aa3361294c_green_preprocessed.png,87,95,154.0,242.0,114.53354167938232,74.3540609187443,0.06781959533691406,0.015341758728027344
51af8a689511_green_preprocessed.png,87,95,154.0,225.0,118.12072563171387,72.62228057117923,0.06650543212890625,0.017965316772460938
51cd8d2057fa_green_preprocessed.png,87,95,162.0,224.0,118.13131046295166,75.46605120581955,0.06849288940429688,0.02036571502685547
51e656e5a541_green_preprocessed.png,87,95,191.0,255.0,72.07644844055176,81.90683037765895,0.04257774353027344,0.0073719024658203125
521b5377a727_green_preprocessed.png,87,95,159.0,236.0,113.15493583679199,73.55261794677978,0.06463909149169922,0.018660545349121094
5257cb536da2_green_preprocessed.png,87,95,154.0,255.0,115.04688262939453,75.02930461104431,0.06592559814453125,0.01177978515625
525d0dd8dc45_green_preprocessed.png,87,95,153.0,233.0,115.48834037780762,74.61757598350512,0.06365108489990234,0.016175270080566406
5264a54e1830_green_preprocessed.png,87,95,159.0,231.0,117.57669448852539,72.90329847467146,0.06561279296875,0.014946937561035156
5288f7441f64_green_preprocessed.png,87,95,127.0,255.0,64.62706661224365,73.19450429451103,0.07565975189208984,0.012318611145019531
5293576816aa_green_preprocessed.png,87,95,159.0,223.0,118.31929683685303,73.79605774845628,0.06955337524414062,0.018869400024414062
529906ff9dfa_green_preprocessed.png,87,95,158.0,226.0,120.72277069091797,72.63916433321023,0.06445884704589844,0.01558685302734375
5299a532f0e0_green_preprocessed.png,87,95,154.0,225.0,117.82402896881104,70.74752111103285,0.058663368225097656,0.016313552856445312
52ddde91a349_green_preprocessed.png,87,95,157.0,223.0,118.04882717132568,73.73463148623459,0.06633472442626953,0.01584148406982422
52edbe29d655_green_preprocessed.png,87,95,160.0,225.0,117.5873384475708,72.33837770132672,0.06645488739013672,0.019311904907226562
5321ab64f9ea_green_preprocessed.png,87,95,155.0,225.0,116.00995063781738,73.39940761264126,0.0687713623046875,0.016588211059570312
53273d664cd8_green_preprocessed.png,87,95,159.0,225.0,117.4967565536499,72.46776273823319,0.06405353546142578,0.017640113830566406
53327edb9e4d_green_preprocessed.png,87,95,153.0,223.0,120.46465492248535,73.26527762362278,0.06653881072998047,0.01738739013671875
535682537302_green_preprocessed.png,87,95,158.0,225.0,117.20360565185547,69.8412894274768,0.05897331237792969,0.017708778381347656
537e5c578f40_green_preprocessed.png,87,95,155.0,234.0,114.0240249633789,73.8828850087433,0.06994056701660156,0.017266273498535156
53c874dbc594_green_preprocessed.png,87,95,201.0,255.0,71.73911762237549,78.99031177291405,0.037860870361328125,0.013975143432617188
53ddae6a619e_green_preprocessed.png,87,95,198.0,255.0,73.64756774902344,81.95884393980697,0.03771018981933594,0.010225296020507812
54038e56131d_green_preprocessed.png,87,95,156.0,225.0,116.42671394348145,72.39454916738582,0.06590461730957031,0.017047882080078125
540e4973829e_green_preprocessed.png,87,95,248.0,255.0,66.25700759887695,76.10263600256759,0.03676605224609375,0.0065212249755859375
542964865b1e_green_preprocessed.png,87,95,158.0,225.0,116.68688583374023,73.66546296876786,0.0676727294921875,0.020043373107910156
54334705a34d_green_preprocessed.png,87,95,201.0,255.0,73.03370571136475,80.66449443113127,0.04094219207763672,0.011786460876464844
5445255635f0_green_preprocessed.png,87,95,153.0,227.0,144.83113479614258,63.869798686467966,0.08470630645751953,0.01901531219482422
549381330191_green_preprocessed.png,87,95,159.0,230.0,117.13416576385498,73.30408690430268,0.0672445297241211,0.01886463165283203
54b322c66d01_green_preprocessed.png,87,95,200.0,255.0,75.42869281768799,81.3484044147175,0.03001117706298828,0.011938095092773438
54bdcdecd8f3_green_preprocessed.png,87,95,197.0,255.0,72.43482398986816,80.83853323533255,0.040485382080078125,0.011507034301757812
54f57cf26126_green_preprocessed.png,87,95,199.0,255.0,73.62940406799316,80.90504926266883,0.03546333312988281,0.011746406555175781
5511f114e7ee_green_preprocessed.png,87,95,198.0,255.0,76.07646369934082,83.5319461432071,0.03521156311035156,0.0108489990234375
555d0bef3c5b_green_preprocessed.png,87,95,155.0,226.0,119.46560287475586,71.89237802720373,0.06791877746582031,0.015435218811035156
55968f0e63c4_green_preprocessed.png,87,95,159.0,223.0,117.12867259979248,71.07544195248308,0.061699867248535156,0.015143394470214844
55f7f018c61c_green_preprocessed.png,87,95,141.0,226.0,150.4181842803955,60.807709829905356,0.08173942565917969,0.015043258666992188
565f3404f9b2_green_preprocessed.png,87,95,157.0,231.0,119.0459098815918,73.10944854411922,0.06716346740722656,0.016531944274902344
568455854a11_green_preprocessed.png,87,95,206.0,255.0,69.25539302825928,78.6112658357386,0.04130077362060547,0.009115219116210938
571bbdbf585e_green_preprocessed.png,87,95,153.0,223.0,117.62948417663574,71.97025255043783,0.06538200378417969,0.016167640686035156
5728b8aa98ef_green_preprocessed.png,87,95,156.0,224.0,118.37677001953125,73.29215339095194,0.0678396224975586,0.017002105712890625
573ea80a53be_green_preprocessed.png,87,95,200.0,255.0,73.88368606567383,81.6522395897723,0.039757728576660156,0.011945724487304688
57a5e4274275_green_preprocessed.png,87,95,203.0,255.0,73.43843841552734,80.84209272679766,0.03255462646484375,0.01059722900390625
57a710de68a4_green_preprocessed.png,87,95,157.0,226.0,118.94475746154785,73.16568648000123,0.06283950805664062,0.015460968017578125
57db4781e7ec_green_preprocessed.png,87,95,159.0,225.0,117.77770042419434,70.58379927411329,0.06368350982666016,0.014612197875976562
57f5ad4b5b29_green_preprocessed.png,87,95,148.0,238.0,113.24693202972412,74.77276524699427,0.06855201721191406,0.014145851135253906
58059e73d2d4_green_preprocessed.png,87,95,198.0,255.0,69.67465686798096,81.09434148123096,0.04343414306640625,0.0101470947265625
5814cbd2e9bf_green_preprocessed.png,87,95,159.0,225.0,118.35818862915039,72.77238438956081,0.06478023529052734,0.018652915954589844
586f5c56081e_green_preprocessed.png,87,95,155.0,225.0,117.66099452972412,71.77357330730258,0.060760498046875,0.015659332275390625
5889a0c75cac_green_preprocessed.png,87,95,159.78000000002794,228.0,115.73530578613281,72.60382486776406,0.0651254653930664,0.017406463623046875
58a9e0d7f7af_green_preprocessed.png,87,95,156.0,227.0,117.49476718902588,74.13391747500951,0.06794929504394531,0.0186920166015625
58af2c054ced_green_preprocessed.png,87,95,156.0,227.0,117.83825969696045,72.44757231448334,0.06415462493896484,0.01614093780517578
58c12863f33d_green_preprocessed.png,87,95,153.0,228.0,117.10131359100342,71.9506219315483,0.0706033706665039,0.015072822570800781
58eb3809f456_green_preprocessed.png,87,95,203.0,253.0,69.99324798583984,81.3631799331348,0.03142070770263672,0.014291763305664062
58f07741ee3b_green_preprocessed.png,87,95,200.0,255.0,72.99896335601807,81.15446099374749,0.036685943603515625,0.010884284973144531
596f4fdb0004_green_preprocessed.png,87,95,154.0,227.0,114.87841892242432,72.47806045445247,0.06816482543945312,0.0174560546875
598b8f5b3822_green_preprocessed.png,87,95,191.0,255.0,67.2257661819458,76.56278003061857,0.040721893310546875,0.008958816528320312
59928f999ae7_green_preprocessed.png,87,95,198.0,250.0,76.14109325408936,83.01396187399257,0.027449607849121094,0.011857032775878906
599498e9e4bc_green_preprocessed.png,87,95,200.0,255.0,73.63728046417236,81.47586120200914,0.03701591491699219,0.010451316833496094
5995321563b7_green_preprocessed.png,87,95,159.0,226.0,117.17570400238037,71.9709599493637,0.06374645233154297,0.01720142364501953
59bd19c1c5bb_green_preprocessed.png,87,95,159.0,228.0,118.72224998474121,73.15128964684287,0.06357574462890625,0.01875782012939453
5a0fe0ee4301_green_preprocessed.png,87,95,163.0,224.0,116.96240711212158,71.43275106887677,0.059149742126464844,0.01758289337158203
5a179c123fd8_green_preprocessed.png,87,95,156.0,237.0,112.36403751373291,75.99079252130363,0.06601428985595703,0.01534271240234375
5a27b9b2a9c1_green_preprocessed.png,87,95,159.0,238.0,112.74313926696777,74.95398476528901,0.06467533111572266,0.015383720397949219
5a444c32cd9a_green_preprocessed.png,87,95,162.0,229.0,117.9106969833374,71.52082799163533,0.06368160247802734,0.017467498779296875
5a93c0f783c4_green_preprocessed.png,87,95,152.0,240.0,111.07252979278564,73.70903434874702,0.06409358978271484,0.014626502990722656
5ac7a414560e_green_preprocessed.png,87,95,156.0,222.0,119.48302268981934,73.51763085490629,0.06437110900878906,0.01659870147705078
5ad3dabeb2cd_green_preprocessed.png,87,95,157.0,225.0,117.16278839111328,71.94893149531407,0.060791969299316406,0.017864227294921875
5b1c4cefeb24_green_preprocessed.png,87,95,197.0,255.0,72.70046806335449,80.43720924313196,0.04149627685546875,0.011201858520507812
5b2648ad455e_green_preprocessed.png,87,95,198.0,255.0,72.42002010345459,80.50346464488301,0.03149986267089844,0.012650489807128906
5b32ece9c627_green_preprocessed.png,87,95,162.0,226.0,117.19027805328369,71.73846303272167,0.05826854705810547,0.016803741455078125
5b3d41626ec5_green_preprocessed.png,87,95,156.0,220.0,117.19766521453857,74.64882893856773,0.06779766082763672,0.01746082305908203
5b47043942f4_green_preprocessed.png,87,95,204.0,255.0,68.5268325805664,79.00590994638364,0.04025840759277344,0.008596420288085938
5b994ff78547_green_preprocessed.png,87,95,156.0,225.0,118.16407108306885,73.22609342737958,0.06581783294677734,0.01680469512939453
5ba156a35ff2_green_preprocessed.png,87,95,156.0,224.0,116.23050689697266,73.60019765781318,0.06683158874511719,0.01835155487060547
5baed382f062_green_preprocessed.png,87,95,218.0,255.0,68.20404148101807,77.28010329141517,0.03711700439453125,0.00807952880859375
5bea250d8bf5_green_preprocessed.png,87,95,160.0,219.0,119.71894645690918,72.6472800861763,0.06179046630859375,0.014444351196289062
5bf3357a2823_green_preprocessed.png,87,95,201.0,255.0,73.03203964233398,81.08821048578888,0.034699440002441406,0.012664794921875
5bf6f2958e53_green_preprocessed.png,87,95,158.0,233.0,118.1539659500122,70.14738453856393,0.06095600128173828,0.0145721435546875
5c817060c0ed_green_preprocessed.png,87,95,161.0,227.0,118.0820484161377,74.73340040299405,0.06942367553710938,0.020151138305664062
5c85d22bd0de_green_preprocessed.png,87,95,157.0,224.0,118.18362426757812,73.72747932325022,0.06951618194580078,0.018271446228027344
5ca73d28f17f_green_preprocessed.png,87,95,191.0,255.0,73.06434059143066,80.64801247707032,0.03595161437988281,0.011368751525878906
5ca779ace6e7_green_preprocessed.png,87,95,156.0,225.0,118.57824993133545,73.57847005400613,0.06812381744384766,0.01727294921875
5cbe88914a72_green_preprocessed.png,87,95,156.0,225.0,117.47210502624512,72.12587798373927,0.06666755676269531,0.017648696899414062
5ce5eeaf757a_green_preprocessed.png,87,95,196.0,255.0,72.48022747039795,80.34335418482681,0.03869056701660156,0.011418342590332031
5d3c8c1f57da_green_preprocessed.png,87,95,155.0,238.0,111.6598949432373,72.93121341978704,0.06599044799804688,0.01585865020751953
5d4e5fd34d91_green_preprocessed.png,87,95,194.0,255.0,73.07888603210449,80.73417871571444,0.04051971435546875,0.011160850524902344
5d5b5da5f939_green_preprocessed.png,87,95,155.0,224.0,117.4533576965332,74.70314280128999,0.07080745697021484,0.01788043975830078
5d6239c0fd39_green_preprocessed.png,87,95,159.0,228.0,118.25033187866211,71.40215903074231,0.06296443939208984,0.016147613525390625
5d9c841eb245_green_preprocessed.png,87,95,191.0,245.0,73.27831935882568,81.42347763177742,0.035353660583496094,0.012165069580078125
5db2e3a4594a_green_preprocessed.png,87,95,159.0,225.0,118.25484848022461,74.72998362788667,0.07258033752441406,0.01913738250732422
5db895d3f1fc_green_preprocessed.png,87,95,197.0,255.0,72.38971424102783,81.11431796936705,0.039272308349609375,0.011300086975097656
5de4615a5161_green_preprocessed.png,87,95,159.0,229.0,118.76752281188965,73.25540104138626,0.06607341766357422,0.016094207763671875
5e505e25cd3e_green_preprocessed.png,87,95,191.0,255.0,73.04288482666016,80.94391148659908,0.03948020935058594,0.010494232177734375
5e5275ddee29_green_preprocessed.png,87,95,161.0,228.0,119.09890556335449,74.24830388212018,0.06807327270507812,0.01779937744140625
5e97cb2b0888_green_preprocessed.png,87,95,154.0,234.0,114.10616397857666,74.01465297119331,0.062331199645996094,0.015016555786132812
5ea9e447bb62_green_preprocessed.png,87,95,155.0,227.0,117.39184856414795,71.88139350044534,0.06222724914550781,0.017881393432617188
5ead17e894ae_green_preprocessed.png,87,95,158.0,237.0,113.8647575378418,74.76418387397736,0.06408309936523438,0.014064788818359375
5eb8fb1aad41_green_preprocessed.png,87,95,156.0,224.0,118.79547595977783,73.42890272733221,0.0668325424194336,0.01864337921142578
5f4a8c074bd5_green_preprocessed.png,87,95,157.0,223.0,117.92528629302979,74.45485201041102,0.0704660415649414,0.01838397979736328
5f51192841f7_green_preprocessed.png,87,95,163.0,229.0,118.89996433258057,69.97575061772112,0.05966949462890625,0.014462471008300781
5f6db235c04d_green_preprocessed.png,87,95,155.0,225.0,118.75269412994385,71.08485366921789,0.060774803161621094,0.01590728759765625
5fcff7280019_green_preprocessed.png,87,95,159.0,242.0,114.57379722595215,73.59547487362323,0.06436920166015625,0.013339042663574219
606daaf0bfc7_green_preprocessed.png,87,95,159.0,250.0,108.44976615905762,77.440710904716,0.06317520141601562,0.011616706848144531
609be3ca5ddf_green_preprocessed.png,87,95,153.0,229.0,115.7972059249878,73.15557458104728,0.0650033950805664,0.01412200927734375
60aa4e649abf_green_preprocessed.png,87,95,149.0,221.0,139.22375583648682,63.21829271956787,0.08723926544189453,0.021327972412109375
60edda7b4871_green_preprocessed.png,87,95,203.0,255.0,74.63262271881104,81.79659524527116,0.02799701690673828,0.011829376220703125
6107a2e9f60e_green_preprocessed.png,87,95,151.0,223.29999999993015,140.69540405273438,63.394945354196004,0.08184623718261719,0.01912975311279297
6110ecb3bb1c_green_preprocessed.png,87,95,157.0,225.0,119.03624725341797,74.25844614762127,0.07001304626464844,0.019929885864257812
6155cf375354_green_preprocessed.png,87,95,157.0,228.0,116.22537422180176,71.67797373947276,0.0627126693725586,0.014438629150390625
6180920bc224_green_preprocessed.png,87,95,165.0,230.0,115.31457614898682,68.53959663975381,0.050018310546875,0.016836166381835938
61a62b1dcc36_green_preprocessed.png,87,95,199.0,255.0,70.744797706604,81.75094102977879,0.03435325622558594,0.015096664428710938
61c667663f2f_green_preprocessed.png,87,95,163.0,226.0,117.53768157958984,68.94479177392091,0.057190895080566406,0.0209197998046875
61d9c88a3a4b_green_preprocessed.png,87,95,197.0,255.0,74.41367530822754,81.61476057045401,0.03694725036621094,0.010142326354980469
61da799bf0aa_green_preprocessed.png,87,95,151.0,211.0,143.97277164459229,52.52382435055535,0.07918262481689453,0.018781661987304688
628b581aa905_green_preprocessed.png,87,95,197.0,255.0,73.87535095214844,81.62500776884296,0.03787708282470703,0.010496139526367188
6294b378d09f_green_preprocessed.png,87,95,207.0,255.0,67.86963081359863,77.39670097131264,0.03988933563232422,0.0081939697265625
62b4be2799ca_green_preprocessed.png,87,95,157.0,229.0,118.83997344970703,73.27220849287262,0.06702613830566406,0.014925956726074219
62b826899151_green_preprocessed.png,87,95,159.0,223.0,117.95423126220703,70.75933244888131,0.06087970733642578,0.01629161834716797
6324d77cf926_green_preprocessed.png,87,95,155.0,223.0,117.95631790161133,74.29393100098817,0.0670785903930664,0.01729869842529297
633fe9dbaf39_green_preprocessed.png,87,95,152.0,217.0,138.80490493774414,55.519728951618006,0.0864410400390625,0.02456378936767578
639915f58a2f_green_preprocessed.png,87,95,156.0,225.0,120.66992378234863,73.71846382321858,0.06683540344238281,0.016501426696777344
63b71347e95d_green_preprocessed.png,87,95,151.0,227.0,120.1133222579956,73.62862379068459,0.06730842590332031,0.016572952270507812
63c0eafd6aa9_green_preprocessed.png,87,95,159.0,225.0,115.51381587982178,72.70360813664466,0.06551170349121094,0.017754554748535156
63c7b0265775_green_preprocessed.png,87,95,150.0,225.0,134.8120241165161,66.67053295427097,0.08201217651367188,0.019479751586914062
63e041a757eb_green_preprocessed.png,87,95,153.0,218.0,141.36921501159668,57.777278917664326,0.08828067779541016,0.019811630249023438
64ac539f58cb_green_preprocessed.png,87,95,201.0,255.0,75.34927463531494,81.48646293917817,0.03355121612548828,0.014370918273925781
64b9206afb3f_green_preprocessed.png,87,95,163.0,221.0,118.95107936859131,70.99076983078345,0.058269500732421875,0.014954566955566406
64c6c6ee0d98_green_preprocessed.png,87,95,146.0,216.0,138.59583568572998,51.66936758260957,0.0847005844116211,0.020079612731933594
650104ede84c_green_preprocessed.png,87,95,158.0,225.0,117.96835327148438,73.42918386462551,0.06524944305419922,0.016927719116210938
6504b703c429_green_preprocessed.png,87,95,160.0,228.0,119.46461582183838,72.57052305843901,0.06482601165771484,0.017165184020996094
658ad9f09f5d_green_preprocessed.png,87,95,191.0,255.0,68.3230972290039,79.33797279196342,0.044220924377441406,0.00839996337890625
65a3b13ad9a0_green_preprocessed.png,87,95,166.0,223.0,131.53281497955322,70.10800646927432,0.05765724182128906,0.019704818725585938
65a7fe9482fe_green_preprocessed.png,87,95,157.0,223.0,116.9329605102539,73.4045445126227,0.06615829467773438,0.017839431762695312
65cf00be6fb4_green_preprocessed.png,87,95,191.0,255.0,68.5460557937622,78.04157225061054,0.04146003723144531,0.008556365966796875
65dda202653d_green_preprocessed.png,87,95,149.0,211.0,139.24837684631348,56.03319567234417,0.08589363098144531,0.0208587646484375
65e6f1bd9875_green_preprocessed.png,87,95,154.0,227.0,145.61241722106934,62.96139142969439,0.08593559265136719,0.018192291259765625
65f5d2a6eb7e_green_preprocessed.png,87,95,155.0,223.0,119.65964317321777,71.74047049299325,0.0639047622680664,0.014713287353515625
65f69234c8a7_green_preprocessed.png,87,95,159.0,227.0,118.11850929260254,73.46833870162465,0.06530570983886719,0.0179595947265625
66366a90d1ef_green_preprocessed.png,87,95,143.0,226.0,151.1460418701172,62.31417476911231,0.08379554748535156,0.016516685485839844
66393d8c60ba_green_preprocessed.png,87,95,159.0,226.0,118.6371603012085,75.02773380703643,0.06739616394042969,0.019277572631835938
66460ecab347_green_preprocessed.png,87,95,203.0,255.0,70.08662223815918,82.03741381989352,0.0363922119140625,0.01645183563232422
6653ad026901_green_preprocessed.png,87,95,157.0,224.0,115.65076446533203,74.25342804895801,0.07140541076660156,0.020030975341796875
668a319c2d23_green_preprocessed.png,87,95,161.0,227.0,119.25313568115234,75.43462484352972,0.07183265686035156,0.018166542053222656
66b88a4bc474_green_preprocessed.png,87,95,195.0,248.0,74.15199279785156,82.21730857403834,0.031780242919921875,0.012096405029296875
66bfec8d6bcd_green_preprocessed.png,87,95,151.0,227.0,118.49792861938477,73.06206104091845,0.06642913818359375,0.015416145324707031
675de69373f8_green_preprocessed.png,87,95,204.0,255.0,68.44350814819336,78.32105246572598,0.04239082336425781,0.010099411010742188
67d8f94f04e0_green_preprocessed.png,87,95,193.0,255.0,74.11339950561523,81.90123763943427,0.03528022766113281,0.010529518127441406
67ed8cc78b97_green_preprocessed.png,87,95,208.0,255.0,69.29752349853516,79.85818878713332,0.040058135986328125,0.007648468017578125
682312e82ee3_green_preprocessed.png,87,95,151.0,213.0,138.36497974395752,57.74009236453543,0.08774089813232422,0.019010543823242188
683023cda6a5_green_preprocessed.png,87,95,231.0,255.0,65.5296630859375,75.67356910272333,0.03277587890625,0.006827354431152344
684dd88a0d49_green_preprocessed.png,87,95,150.0,233.0,112.99205875396729,72.62209207141788,0.05934429168701172,0.015648841857910156
6852f4531591_green_preprocessed.png,87,95,161.0,226.0,119.00490665435791,74.39545981025593,0.06676387786865234,0.01827239990234375
68987fb159ab_green_preprocessed.png,87,95,155.0,223.0,118.8662919998169,73.20934458127005,0.06676006317138672,0.017412185668945312
68ddb15a74de_green_preprocessed.png,87,95,155.0,229.0,119.27094745635986,74.74962639086388,0.07223033905029297,0.016976356506347656
691eeb59b4cb_green_preprocessed.png,87,95,154.0,224.0,120.29962539672852,73.45948533635809,0.07116031646728516,0.017325401306152344
692e946b1f85_green_preprocessed.png,87,95,167.0,238.0,112.51115608215332,67.71071587657053,0.055072784423828125,0.017791748046875
6966abf40b8c_green_preprocessed.png,87,95,165.0,225.0,117.50925540924072,70.51186944710545,0.055884361267089844,0.018945693969726562
69b3a00927fc_green_preprocessed.png,87,95,160.0,226.0,119.3070878982544,71.16109361383762,0.06017780303955078,0.01583099365234375
69c4cbb630de_green_preprocessed.png,87,95,191.0,255.0,67.4072675704956,77.17522345132572,0.03863239288330078,0.00861358642578125
69f43381317b_green_preprocessed.png,87,95,196.0,255.0,75.32690906524658,83.19302950604852,0.04372978210449219,0.011960983276367188
6a2642131e4a_green_preprocessed.png,87,95,158.0,228.0,113.83898735046387,71.25603221046849,0.061102867126464844,0.01674938201904297
6a2c3f4ef329_green_preprocessed.png,87,95,151.0,215.0,145.819185256958,54.46103599920384,0.08381175994873047,0.022467613220214844
6a57a3db3eff_green_preprocessed.png,87,95,159.0,228.0,115.3050651550293,73.6370758136241,0.0671529769897461,0.019092559814453125
6a905a7202d2_green_preprocessed.png,87,95,156.0,226.0,119.37936210632324,72.00294451221102,0.061756134033203125,0.015941619873046875
6af071b0ac6e_green_preprocessed.png,87,95,151.0,221.0,143.3842887878418,62.47984599771576,0.08457469940185547,0.02101421356201172
6b30767595d8_green_preprocessed.png,87,95,194.0,255.0,71.80687046051025,81.13899698073229,0.03824424743652344,0.011378288269042969
6b3860e8f64f_green_preprocessed.png,87,95,163.0,224.0,118.7842378616333,70.374535325832,0.058251380920410156,0.01595783233642578
6b664ed2a938_green_preprocessed.png,87,95,191.0,255.0,72.27992248535156,81.26470690420543,0.0399322509765625,0.010509490966796875
6b66b0e86f7e_green_preprocessed.png,87,95,156.0,229.0,118.55932331085205,71.50419937682018,0.061489105224609375,0.016137123107910156
6b91e99c9408_green_preprocessed.png,87,95,199.0,255.0,73.0347261428833,79.79580273953412,0.02965545654296875,0.0115966796875
6bb30ec3231a_green_preprocessed.png,87,95,158.0,223.0,118.67572212219238,73.07546778735828,0.06510066986083984,0.01635265350341797
6bcce181be65_green_preprocessed.png,87,95,148.0,219.0,136.32415390014648,58.58038612321601,0.09187030792236328,0.02347087860107422
6bf26b777e3a_green_preprocessed.png,87,95,146.0,229.0,140.04250144958496,63.179662321241366,0.08627128601074219,0.02219390869140625
6bf2a81a5d91_green_preprocessed.png,87,95,191.0,255.0,67.34982490539551,78.28803418350668,0.04250049591064453,0.008759498596191406
6c00dd8bf708_green_preprocessed.png,87,95,159.0,225.0,118.2918930053711,74.19429699532677,0.068023681640625,0.021294593811035156
6c30dd481717_green_preprocessed.png,87,95,200.0,255.0,66.45610809326172,77.83770657387667,0.04098796844482422,0.008805274963378906
6c3589d7ed8d_green_preprocessed.png,87,95,154.0,227.0,113.52709102630615,72.54585898314704,0.06949329376220703,0.016813278198242188
6c4ec95dd8ba_green_preprocessed.png,87,95,147.0,222.0,147.5611686706543,61.288558661400344,0.0854043960571289,0.018866539001464844
6c6505a0c637_green_preprocessed.png,87,95,196.0,246.0,70.21898746490479,82.10224441361787,0.03290367126464844,0.014258384704589844
6c9c902a97de_green_preprocessed.png,87,95,159.0,223.0,115.96178722381592,73.73286546609178,0.07036495208740234,0.01935863494873047
6cb96a6fb029_green_preprocessed.png,87,95,206.0,255.0,68.48729705810547,81.09018112177438,0.03644847869873047,0.016567230224609375
6ccfdb031184_green_preprocessed.png,87,95,155.0,236.0,119.4861707687378,74.24764527631208,0.06707382202148438,0.015777587890625
6cee2e148520_green_preprocessed.png,87,95,153.0,217.0,141.24413681030273,54.08545314823186,0.08296680450439453,0.02104949951171875
6cffc6c6851a_green_preprocessed.png,87,95,222.0,255.0,66.93803691864014,76.59191614099676,0.03450489044189453,0.006918907165527344
6d10709053ae_green_preprocessed.png,87,95,166.0,225.0,113.35885524749756,74.90555084523194,0.05977058410644531,0.022085189819335938
6d4f6c9a8406_green_preprocessed.png,87,95,160.0,220.0,119.96633434295654,73.48412240102707,0.06352519989013672,0.017192840576171875
6d5a8362dd1e_green_preprocessed.png,87,95,151.0,224.0,149.29580307006836,63.27450988418549,0.08647918701171875,0.01982593536376953
6d6be4cfc73f_green_preprocessed.png,87,95,157.0,223.0,117.04596138000488,74.69680676393352,0.07010746002197266,0.020578384399414062
6d6fcf49e515_green_preprocessed.png,87,95,158.0,227.0,119.15299320220947,73.1012394902126,0.06508350372314453,0.01646709442138672
6d9effbcde78_green_preprocessed.png,87,95,149.0,225.0,148.9185266494751,62.034787022141984,0.0792694091796875,0.01932239532470703
6dc0281f11e3_green_preprocessed.png,87,95,156.0,225.0,119.02420425415039,73.58540975166427,0.07063770294189453,0.017301559448242188
6dc07f968794_green_preprocessed.png,87,95,161.0,224.0,117.89458560943604,73.48026887278317,0.06548690795898438,0.020685195922851562
6de39b94f634_green_preprocessed.png,87,95,195.0,255.0,74.71244812011719,82.73749763197824,0.04352283477783203,0.012152671813964844
6df8b7b6e837_green_preprocessed.png,87,95,150.0,222.0,149.16700649261475,62.4500300040836,0.08211326599121094,0.019458770751953125
6e018411ba4a_green_preprocessed.png,87,95,154.0,223.0,142.7054843902588,64.05171013826691,0.08547115325927734,0.020462989807128906
6e092caa065f_green_preprocessed.png,87,95,156.0,225.0,117.96593761444092,71.64172453220621,0.06431388854980469,0.0171356201171875
6e0f78e188ff_green_preprocessed.png,87,95,149.0,218.0,137.5883913040161,56.252089393398414,0.08632373809814453,0.021512985229492188
6e1db8711879_green_preprocessed.png,87,95,195.0,255.0,72.44728088378906,81.73232248296306,0.041626930236816406,0.012387275695800781
6e3526053de0_green_preprocessed.png,87,95,163.0,238.0,111.79875469207764,74.77654168969522,0.0651540756225586,0.01387786865234375
6e44f6d04fc9_green_preprocessed.png,87,95,156.0,225.0,118.07818126678467,72.9919029721255,0.06491756439208984,0.01683807373046875
6e861bc3bd7b_green_preprocessed.png,87,95,135.0,255.0,66.17013740539551,76.0717761709385,0.030282020568847656,0.006979942321777344
6f0e5848d9ce_green_preprocessed.png,87,95,160.0,226.0,118.11012172698975,73.3543632193439,0.06509113311767578,0.01710224151611328
6f3b62e5b7f5_green_preprocessed.png,87,95,153.0,231.0,111.1558895111084,71.9535057363553,0.06776905059814453,0.01714324951171875
6f460f9968c7_green_preprocessed.png,87,95,159.0,225.0,119.83596992492676,75.40538049793447,0.0723876953125,0.018073081970214844
6f689fced922_green_preprocessed.png,87,95,156.0,225.0,117.69464302062988,74.42734504921634,0.06882190704345703,0.01551055908203125
6fbaaf8eb67a_green_preprocessed.png,87,95,146.0,255.0,116.3388500213623,72.11007704767397,0.05457782745361328,0.014513969421386719
6fe4751a3b42_green_preprocessed.png,87,95,156.0,225.0,119.14892959594727,74.41938360495752,0.0713815689086914,0.017690658569335938
6fe67fd7f5d1_green_preprocessed.png,87,95,158.0,229.0,111.26171016693115,72.67489336076737,0.06726264953613281,0.01982879638671875
705f508d1e42_green_preprocessed.png,87,95,159.0,228.0,116.59487342834473,74.94240815393442,0.07103157043457031,0.018474578857421875
70d0392397de_green_preprocessed.png,87,95,148.0,226.0,152.1909761428833,62.56212329621102,0.08180046081542969,0.01906299591064453
7131bf4c9e6f_green_preprocessed.png,87,95,153.0,239.0,115.51168727874756,71.44352808053387,0.06610298156738281,0.01616191864013672
7179f85bfd6f_green_preprocessed.png,87,95,151.0,233.0,112.64898490905762,74.72043053651755,0.0638895034790039,0.014142990112304688
71c22da3d6c6_green_preprocessed.png,87,95,199.0,255.0,75.142653465271,83.11992231917678,0.040561676025390625,0.012450218200683594
71e43b4f8ba6_green_preprocessed.png,87,95,158.0,221.0,119.35976696014404,73.78815048523417,0.06665992736816406,0.017661094665527344
720b5f62ce80_green_preprocessed.png,87,95,203.0,252.0,69.31240558624268,81.27554608015004,0.03647422790527344,0.01590442657470703
721214151233_green_preprocessed.png,87,95,159.0,223.0,118.60044288635254,74.07033230957398,0.06717300415039062,0.021326065063476562
7214fc7cbe03_green_preprocessed.png,87,95,202.0,255.0,69.37652778625488,81.52722290230417,0.043204307556152344,0.016416549682617188
72606afaf3da_green_preprocessed.png,87,95,204.0,255.0,70.36471557617188,82.25166691939043,0.03846931457519531,0.014174461364746094
7269a1d84a57_green_preprocessed.png,87,95,202.0,255.0,67.6298189163208,80.68265715942647,0.042125701904296875,0.016551971435546875
726dff37edc0_green_preprocessed.png,87,95,159.0,239.0,111.83095455169678,72.30811173526344,0.06751251220703125,0.016327857971191406
72a867980067_green_preprocessed.png,87,95,157.0,235.0,113.55696201324463,72.58548492606461,0.06559276580810547,0.01790618896484375
72c31aa48e2c_green_preprocessed.png,87,95,159.0,222.0,118.56656551361084,74.90578071147232,0.06738471984863281,0.01794719696044922
7347bd23ba80_green_preprocessed.png,87,95,153.0,226.0,119.25822734832764,72.42807598885217,0.06581592559814453,0.014700889587402344
735836b1ffa6_green_preprocessed.png,87,95,162.0,220.0,130.12291812896729,69.62227104910471,0.06172466278076172,0.018650054931640625
737ef6226677_green_preprocessed.png,87,95,153.0,225.0,119.1844425201416,72.10963876957605,0.06398487091064453,0.015152931213378906
73a07e2ea23e_green_preprocessed.png,87,95,199.0,255.0,69.21798992156982,78.18502427461584,0.04047870635986328,0.008941650390625
73ba798fee25_green_preprocessed.png,87,95,156.0,224.0,119.50385093688965,71.57341384256011,0.06111907958984375,0.015195846557617188
73d40ce06a67_green_preprocessed.png,87,95,159.0,224.0,118.33117866516113,73.75279268640884,0.06918811798095703,0.01983356475830078
73ef3c3dcbe4_green_preprocessed.png,87,95,151.0,217.0,138.76919078826904,54.26439412787953,0.08883094787597656,0.02294445037841797
74211a2b6dcf_green_preprocessed.png,87,95,149.0,224.0,140.6377468109131,62.29097765719911,0.0859518051147461,0.02107524871826172
7435e9a3e36e_green_preprocessed.png,87,95,141.0,221.0,156.3845920562744,51.97165314459735,0.09148406982421875,0.02062511444091797
74898f372d2b_green_preprocessed.png,87,95,147.0,217.0,140.15334129333496,57.00701064993847,0.09178447723388672,0.024095535278320312
750e0168399d_green_preprocessed.png,87,95,196.0,255.0,72.96932411193848,81.31862236319245,0.04328155517578125,0.011616706848144531
75238d945315_green_preprocessed.png,87,95,155.0,223.0,117.28064441680908,71.91885344968162,0.06660652160644531,0.017885208129882812
7526c59c36d3_green_preprocessed.png,87,95,161.0,221.0,114.8138256072998,76.12007623422741,0.06830215454101562,0.02158641815185547
7526cf435753_green_preprocessed.png,87,95,156.0,236.0,112.11405563354492,73.16794664036853,0.06492328643798828,0.01691436767578125
75369248dba0_green_preprocessed.png,87,95,159.0,223.0,118.25529098510742,72.79145032388746,0.06516075134277344,0.01683807373046875
7569ac24762e_green_preprocessed.png,87,95,202.0,255.0,74.62730693817139,83.28243785057984,0.035404205322265625,0.013306617736816406
757e39293591_green_preprocessed.png,87,95,162.0,224.0,118.9401388168335,74.13610057840395,0.06320762634277344,0.023545265197753906
75a071608ea6_green_preprocessed.png,87,95,159.0,227.0,118.70233249664307,74.05485955555008,0.06889629364013672,0.01623249053955078
75a4343b12f9_green_preprocessed.png,87,95,172.0,230.0,139.04228591918945,67.8746001584293,0.04537487030029297,0.018860816955566406
75c180e04f65_green_preprocessed.png,87,95,158.0,228.0,116.08290958404541,72.08304633949312,0.06311225891113281,0.015404701232910156
75ed83dbccce_green_preprocessed.png,87,95,156.0,228.0,116.21848964691162,73.50871309786774,0.06645965576171875,0.016472816467285156
76095c338728_green_preprocessed.png,87,95,152.0,227.0,117.9753828048706,73.8889368375834,0.07065963745117188,0.01772308349609375
7635921c5efb_green_preprocessed.png,87,95,198.0,255.0,72.30661964416504,80.28318196569803,0.036075592041015625,0.013288497924804688
763ad1236efe_green_preprocessed.png,87,95,157.0,227.0,118.80369758605957,73.79743594173476,0.06919670104980469,0.016051292419433594
76516f828d88_green_preprocessed.png,87,95,156.0,225.0,116.00052070617676,72.75356178947722,0.06696319580078125,0.020372390747070312
767d777ee889_green_preprocessed.png,87,95,191.0,246.0,74.81050109863281,81.5713223991229,0.032372474670410156,0.011374473571777344
76b950c6ed5e_green_preprocessed.png,87,95,198.0,255.0,74.14686584472656,82.49545442404292,0.03726768493652344,0.012398719787597656
76bc31e0d3be_green_preprocessed.png,87,95,187.0,255.0,73.20615768432617,81.24561382767905,0.03533172607421875,0.010997772216796875
76cab26493f1_green_preprocessed.png,87,95,156.0,233.0,113.77421569824219,73.12935519243494,0.06081867218017578,0.0185546875
76cb010f7aa0_green_preprocessed.png,87,95,195.0,255.0,73.54010009765625,81.59041506459539,0.04253673553466797,0.010619163513183594
76df141d966b_green_preprocessed.png,87,95,192.0,247.0,74.45813846588135,82.09111723575553,0.03072834014892578,0.010947227478027344
76e5b50f95a7_green_preprocessed.png,87,95,156.0,225.0,115.89789009094238,70.62702861398921,0.06943893432617188,0.022653579711914062
76f3473df8a6_green_preprocessed.png,87,95,197.0,255.0,75.0206823348999,82.62430504385269,0.04221820831298828,0.012312889099121094
77a1f1398fdb_green_preprocessed.png,87,95,147.0,215.0,139.43389129638672,56.5546167209669,0.08974838256835938,0.02089405059814453
77ab222bf85c_green_preprocessed.png,87,95,217.0,255.0,65.59494018554688,75.01185815854495,0.03326225280761719,0.0075016021728515625
77acc2cafee1_green_preprocessed.png,87,95,156.0,225.0,115.49034595489502,70.9826353240545,0.06362342834472656,0.017127037048339844
77b7b71ebcc3_green_preprocessed.png,87,95,155.0,226.0,118.6453857421875,74.23875998654017,0.06928825378417969,0.016937255859375
77e15f213b04_green_preprocessed.png,87,95,192.0,255.0,74.62141704559326,81.35983623662607,0.03828907012939453,0.010889053344726562
780be525036d_green_preprocessed.png,87,95,154.0,222.0,119.16036796569824,73.39123036465988,0.06567192077636719,0.017973899841308594
780f9c237c56_green_preprocessed.png,87,95,156.0,229.0,116.1952486038208,67.88291195981965,0.054141998291015625,0.015997886657714844
780f9daaa24b_green_preprocessed.png,87,95,156.0,229.0,118.70087242126465,73.28076546672335,0.07133865356445312,0.015526771545410156
7828dd083cdc_green_preprocessed.png,87,95,159.0,229.0,117.28186893463135,73.78592515218868,0.0668344497680664,0.017205238342285156
7831ce1d895e_green_preprocessed.png,87,95,155.0,236.0,113.55991458892822,70.30564666487771,0.06190299987792969,0.013507843017578125
784d6d302f98_green_preprocessed.png,87,95,159.0,227.0,119.17631435394287,73.56958290154617,0.06467628479003906,0.018279075622558594
78937523f7a8_green_preprocessed.png,87,95,200.0,255.0,70.30820369720459,80.40901912465121,0.04529285430908203,0.010587692260742188
789c60cba801_green_preprocessed.png,87,95,191.0,255.0,67.61070346832275,77.43491891514653,0.042511940002441406,0.007718086242675781
789f0ec1eab8_green_preprocessed.png,87,95,162.0,222.0,118.5115613937378,72.10777153532727,0.062038421630859375,0.01656341552734375
799214e8b07c_green_preprocessed.png,87,95,155.0,225.0,117.84809875488281,71.7543359514293,0.06439876556396484,0.014971733093261719
79ade634c633_green_preprocessed.png,87,95,205.0,255.0,72.27795600891113,82.66244557168508,0.03145313262939453,0.014399528503417969
79cbae28d8b2_green_preprocessed.png,87,95,156.0,223.0,119.18280696868896,72.2932572097492,0.06215953826904297,0.014950752258300781
7a06ea127e02_green_preprocessed.png,87,95,159.0,225.0,118.37283706665039,73.62258074332884,0.06699085235595703,0.018520355224609375
7a12f49e29df_green_preprocessed.png,87,95,153.0,223.0,147.26939296722412,63.47512418100019,0.08130741119384766,0.0207977294921875
7a39c91416e2_green_preprocessed.png,87,95,159.0,224.0,114.42290115356445,72.07370244862375,0.06348705291748047,0.01583576202392578
7a42443ed106_green_preprocessed.png,87,95,162.0,227.0,116.71259880065918,76.18833854157361,0.06876945495605469,0.020842552185058594
7a46cfa69bae_green_preprocessed.png,87,95,159.0,231.0,116.0781135559082,71.55537765491533,0.06347370147705078,0.018157005310058594
7a6495a39d87_green_preprocessed.png,87,95,144.0,221.0,145.7667236328125,57.03702965896617,0.08145427703857422,0.01910877227783203
7a77c3eb468c_green_preprocessed.png,87,95,156.0,226.0,117.28084754943848,71.12550924487691,0.06618785858154297,0.016233444213867188
7a9f45fdf29b_green_preprocessed.png,87,95,156.0,224.0,119.03938961029053,73.29861193829053,0.06872081756591797,0.018118858337402344
7aabd768abff_green_preprocessed.png,87,95,147.0,229.0,151.82291889190674,62.220615499234746,0.08407306671142578,0.01651287078857422
7ad0c4975890_green_preprocessed.png,87,95,160.0,217.0,133.89356231689453,68.90996957512168,0.0593414306640625,0.018280982971191406
7adfb8fc0621_green_preprocessed.png,87,95,155.0,227.0,116.05951976776123,73.26329815757515,0.06599140167236328,0.017751693725585938
7af4d8704032_green_preprocessed.png,87,95,160.0,229.0,118.80982303619385,71.70302672961203,0.06128120422363281,0.0171356201171875
7b691d9ced34_green_preprocessed.png,87,95,156.0,217.0,127.31706619262695,69.55192852758778,0.06781196594238281,0.018341064453125
7b87b0015282_green_preprocessed.png,87,95,156.0,225.0,119.47578430175781,72.87101834914759,0.06658554077148438,0.014911651611328125
7b9d519cbd66_green_preprocessed.png,87,95,151.0,217.0,155.9533338546753,60.794607209772025,0.07416439056396484,0.016948699951171875
7ba6b23c4b46_green_preprocessed.png,87,95,150.0,233.0,112.50761604309082,74.20927814751397,0.0627431869506836,0.012923240661621094
7bc00e58d419_green_preprocessed.png,87,95,157.0,221.0,116.4340648651123,73.20513813830306,0.06717300415039062,0.021048545837402344
7be1b9aa78aa_green_preprocessed.png,87,95,165.0,229.0,118.65849876403809,71.46576975572921,0.06209850311279297,0.017980575561523438
7c2e852171c0_green_preprocessed.png,87,95,157.0,229.0,116.91127109527588,74.17464270530697,0.06561565399169922,0.017757415771484375
7c3747c0b2c3_green_preprocessed.png,87,95,193.0,247.0,74.5621690750122,81.83683546212309,0.028037071228027344,0.010354042053222656
7c6594b50690_green_preprocessed.png,87,95,153.0,224.0,120.00321769714355,72.03419814388079,0.06692123413085938,0.0154571533203125
7ccf9d25dc48_green_preprocessed.png,87,95,156.0,224.0,120.34577178955078,73.61091530998289,0.06719207763671875,0.01820850372314453
7ce671f952be_green_preprocessed.png,87,95,155.0,226.0,117.87517261505127,71.17326989905885,0.0652008056640625,0.014972686767578125
7d0a871c45db_green_preprocessed.png,87,95,161.0,226.0,118.6791582107544,71.21296739496422,0.06137371063232422,0.01645374298095703
7d11dbc1e738_green_preprocessed.png,87,95,191.0,255.0,73.52456760406494,81.40578305695287,0.042441368103027344,0.011477470397949219
7d48f8cdfb69_green_preprocessed.png,87,95,200.0,255.0,73.62925434112549,80.48874020327553,0.03419208526611328,0.012110710144042969
7d94a000c2d0_green_preprocessed.png,87,95,155.0,226.0,120.09631729125977,70.73647541908362,0.06334114074707031,0.015534400939941406
7da558d92100_green_preprocessed.png,87,95,228.0,255.0,67.46235942840576,77.30778575616982,0.03520488739013672,0.00733184814453125
7ddcfcea7369_green_preprocessed.png,87,95,207.0,255.0,74.09804058074951,81.13523727347382,0.03211784362792969,0.011020660400390625
7e5a76c4e103_green_preprocessed.png,87,95,196.0,255.0,74.99691200256348,82.63846714999123,0.040546417236328125,0.010349273681640625
7e70344b0c25_green_preprocessed.png,87,95,200.0,255.0,73.29255676269531,80.30714116573678,0.035956382751464844,0.014043807983398438
7e77b61e1639_green_preprocessed.png,87,95,156.0,225.0,117.41834163665771,72.63482407851839,0.06952953338623047,0.018647193908691406
7e9081e95bf6_green_preprocessed.png,87,95,162.0,228.0,118.17567443847656,72.75930138974398,0.062325477600097656,0.016965866088867188
7e980424868e_green_preprocessed.png,87,95,156.0,230.0,119.2514877319336,73.20842228000022,0.06581687927246094,0.015997886657714844
7ec0e61a7e29_green_preprocessed.png,87,95,169.0,227.0,118.50887298583984,70.29386706132273,0.05543994903564453,0.015585899353027344
7ed4128b2a4e_green_preprocessed.png,87,95,152.0,222.0,117.98978328704834,74.85979238164617,0.06914520263671875,0.017908096313476562
7ee6de71c140_green_preprocessed.png,87,95,162.0,229.0,119.50222682952881,71.92691588437556,0.06228923797607422,0.016937255859375
7eeb191ad06b_green_preprocessed.png,87,95,157.0,224.0,115.44116401672363,72.1369884726847,0.06881427764892578,0.01967906951904297
7eee3d1f1268_green_preprocessed.png,87,95,151.0,221.0,160.61509037017822,57.85072945502541,0.07401180267333984,0.0233001708984375
7f0ffeb0a333_green_preprocessed.png,87,95,151.0,217.0,137.16374015808105,58.185544160756194,0.0899810791015625,0.02230358123779297
7f1f3269f546_green_preprocessed.png,87,95,155.0,222.0,119.81470108032227,71.39779708159278,0.06114387512207031,0.015515327453613281
7f2123bc89a3_green_preprocessed.png,87,95,205.0,255.0,68.06684017181396,77.65889874781035,0.03777885437011719,0.009405136108398438
7f2cce721e19_green_preprocessed.png,87,95,157.0,229.0,116.66696453094482,74.04435971822636,0.06688117980957031,0.017180442810058594
7f39c36469b5_green_preprocessed.png,87,95,161.0,224.0,119.41751194000244,73.69136655332701,0.0646982192993164,0.019540786743164062
7f43becd3e83_green_preprocessed.png,87,95,155.0,234.0,112.74266529083252,75.28310135853474,0.06475448608398438,0.013401031494140625
7f6690fa390a_green_preprocessed.png,87,95,204.0,255.0,70.94804096221924,80.77155093209186,0.0423736572265625,0.01861858367919922
7fc3a8bb40de_green_preprocessed.png,87,95,154.0,227.0,118.7706880569458,74.3748638293773,0.0715627670288086,0.017386436462402344
7fdb177b8f7d_green_preprocessed.png,87,95,159.0,222.0,116.46680164337158,73.9344494841363,0.07109546661376953,0.022020339965820312
7fe7309d0b4f_green_preprocessed.png,87,95,157.0,224.0,117.95216369628906,75.65162747638186,0.0684194564819336,0.019563674926757812
8010c931321f_green_preprocessed.png,87,95,159.0,227.0,117.26227569580078,74.56622780924177,0.06549263000488281,0.018075942993164062
80b5697f2a5e_green_preprocessed.png,87,95,155.0,222.0,118.35339260101318,71.37046575217614,0.06138801574707031,0.0159149169921875
80c67efc8101_green_preprocessed.png,87,95,162.0,226.0,119.0570421218872,72.48995218787927,0.057799339294433594,0.0169830322265625
80dbeb0fdc75_green_preprocessed.png,87,95,157.0,227.0,118.94691848754883,72.41019048975643,0.061896324157714844,0.016910552978515625
80e6e425f966_green_preprocessed.png,87,95,154.0,223.0,117.80606365203857,74.03446164899083,0.07140064239501953,0.018693923950195312
80ed04a84a16_green_preprocessed.png,87,95,201.0,255.0,72.40639591217041,82.26055815314434,0.032634735107421875,0.014369010925292969
80f6b30ece8c_green_preprocessed.png,87,95,196.0,255.0,71.63262748718262,81.14322435020492,0.03583812713623047,0.014246940612792969
810ed108f5b7_green_preprocessed.png,87,95,194.0,251.0,73.73057746887207,81.67976267706806,0.03289031982421875,0.011150360107421875
81371b0c01ad_green_preprocessed.png,87,95,183.0,255.0,70.17469501495361,79.377629010929,0.042685508728027344,0.009477615356445312
81704925f759_green_preprocessed.png,87,95,196.0,255.0,72.77423572540283,80.97327205582977,0.04033946990966797,0.010959625244140625
8185ce1cdcef_green_preprocessed.png,87,95,155.0,231.0,118.65342998504639,73.90280094106308,0.06484127044677734,0.01641845703125
81914ceb4e74_green_preprocessed.png,87,95,159.0,227.0,119.05076885223389,74.03620820175313,0.0693044662475586,0.016748428344726562
8191ae701985_green_preprocessed.png,87,95,145.0,219.0,164.09183883666992,60.36946323762143,0.07439613342285156,0.017043113708496094
81d79d53ed7b_green_preprocessed.png,87,95,152.0,216.0,139.64774227142334,55.606509428608405,0.08533954620361328,0.021974563598632812
82088c6734e6_green_preprocessed.png,87,95,159.0,223.0,116.96502208709717,72.13421603788842,0.06785964965820312,0.01756763458251953
8241e43408a8_green_preprocessed.png,87,95,159.0,227.0,119.72547340393066,72.96670519052815,0.0665740966796875,0.015691757202148438
82d364726a58_green_preprocessed.png,87,95,145.0,213.0,138.45724487304688,54.75688103064934,0.08949756622314453,0.020433425903320312
82e5bc01f8a4_green_preprocessed.png,87,95,154.0,232.0,118.27258205413818,74.83591925622409,0.0731973648071289,0.018303871154785156
83038ca49b6d_green_preprocessed.png,87,95,163.0,224.0,117.3569917678833,73.055326367092,0.05912208557128906,0.018903732299804688
830e297965a1_green_preprocessed.png,87,95,195.0,255.0,72.3880262374878,81.0348494455903,0.04413890838623047,0.013466835021972656
8329e80c10ac_green_preprocessed.png,87,95,155.0,221.0,116.97667694091797,73.9105929148259,0.0668649673461914,0.020025253295898438
8344c783da65_green_preprocessed.png,87,95,154.0,225.0,116.47995281219482,71.85223722557271,0.06379032135009766,0.017609596252441406
83517eaeccb9_green_preprocessed.png,87,95,163.0,221.0,111.60562801361084,76.7416031481142,0.06077861785888672,0.020994186401367188
835b9f6e12ba_green_preprocessed.png,87,95,153.0,225.0,119.11359119415283,69.92177211488072,0.06255340576171875,0.014443397521972656
837acf120946_green_preprocessed.png,87,95,158.0,237.0,112.15118217468262,74.32241287844931,0.06481361389160156,0.014492988586425781
838b3e4d0bb4_green_preprocessed.png,87,95,153.0,223.0,138.10935497283936,64.67669562142221,0.0867929458618164,0.02219676971435547
83a63c4a3e4a_green_preprocessed.png,87,95,159.0,223.0,118.47916030883789,72.65697849760694,0.06601238250732422,0.018439292907714844
83d81ba5959c_green_preprocessed.png,87,95,198.0,255.0,74.76553344726562,82.39458618822677,0.03829383850097656,0.012608528137207031
83df53d58f28_green_preprocessed.png,87,95,163.0,223.0,118.32753944396973,70.52649667347808,0.05766773223876953,0.016721725463867188
83fda7c0500b_green_preprocessed.png,87,95,147.0,217.0,147.25377368927002,54.171227653493325,0.08871746063232422,0.02120494842529297
840a06a9c690_green_preprocessed.png,87,95,154.0,227.0,117.58460712432861,74.1228938449029,0.07205867767333984,0.018850326538085938
8433a032b96c_green_preprocessed.png,87,95,198.0,255.0,73.71762561798096,80.92982921696192,0.039012908935546875,0.011191368103027344
8448af27ba07_green_preprocessed.png,87,95,162.0,224.0,114.93578243255615,76.0119123959748,0.06803417205810547,0.022103309631347656
847b04287c9c_green_preprocessed.png,87,95,161.0,226.0,119.06459903717041,72.30397207114562,0.061043739318847656,0.01801300048828125
848e66b9e199_green_preprocessed.png,87,95,154.0,223.0,144.05017852783203,63.69430051818964,0.0832672119140625,0.019506454467773438
84b472c49cfa_green_preprocessed.png,87,95,159.0,233.0,113.25184917449951,74.20142343699685,0.06266307830810547,0.016468048095703125
84b4da14bc23_green_preprocessed.png,87,95,160.0,224.0,120.208740234375,72.2958941499267,0.06365299224853516,0.017981529235839844
84b79243e430_green_preprocessed.png,87,95,162.0,221.0,118.27612590789795,71.92516511998762,0.06077384948730469,0.0177001953125
84b88e8d3bca_green_preprocessed.png,87,95,164.0,239.0,112.69461727142334,74.16881235449914,0.06260967254638672,0.01571178436279297
851e40a21f81_green_preprocessed.png,87,95,159.0,223.0,118.23627281188965,70.91022256327842,0.062188148498535156,0.01806163787841797
8564b7aa3c1a_green_preprocessed.png,87,95,162.0,228.0,118.94837093353271,71.95184723957574,0.06089496612548828,0.01609325408935547
85f99e7e4052_green_preprocessed.png,87,95,144.0,223.0,148.22664833068848,61.13033172516038,0.08504772186279297,0.018393516540527344
86410aa13b3e_green_preprocessed.png,87,95,165.0,226.0,118.0177869796753,70.14883703989625,0.057105064392089844,0.017371177673339844
8650d32f4a9e_green_preprocessed.png,87,95,207.0,255.0,67.25368309020996,78.36677216519317,0.038298606872558594,0.008250236511230469
8660e1864665_green_preprocessed.png,87,95,154.0,227.0,121.48861885070801,75.17743247103542,0.06883525848388672,0.016345977783203125
8693ab1fd2be_green_preprocessed.png,87,95,155.0,231.0,113.19352722167969,72.64694548004114,0.06754302978515625,0.01598834991455078
86d58f850a0c_green_preprocessed.png,87,95,155.0,240.0,111.42912673950195,74.97040600226701,0.06536197662353516,0.0133514404296875
870f433e8f37_green_preprocessed.png,87,95,157.0,225.0,118.03831100463867,73.89629878640261,0.07348251342773438,0.020559310913085938
870fbe6eaa68_green_preprocessed.png,87,95,158.0,218.0,118.6501874923706,70.63080081594767,0.05723094940185547,0.015614509582519531
87295c5fa1cc_green_preprocessed.png,87,95,157.0,223.0,118.82863330841064,74.93843814843453,0.06960391998291016,0.019802093505859375
874f8c1929f6_green_preprocessed.png,87,95,159.0,223.0,119.22055625915527,71.85943472095757,0.06328201293945312,0.0170440673828125
875d2ffcbf47_green_preprocessed.png,87,95,156.0,229.0,117.95270824432373,73.36346460449636,0.06751346588134766,0.01720428466796875
876deb29f000_green_preprocessed.png,87,95,199.0,255.0,72.68340301513672,81.03732389671501,0.033863067626953125,0.013007164001464844
878e356c8fc9_green_preprocessed.png,87,95,159.0,223.0,117.75531387329102,73.00377376411389,0.0635366439819336,0.017747879028320312
87a9f4d20f07_green_preprocessed.png,87,95,155.0,227.0,118.45632266998291,72.60987009378839,0.06588363647460938,0.015248298645019531
87b671c6d4c5_green_preprocessed.png,87,95,153.0,226.0,118.32549667358398,71.27383866891901,0.06068897247314453,0.01882171630859375
87d46b1cc4e9_green_preprocessed.png,87,95,203.0,255.0,67.37316131591797,80.88581232527727,0.03598499298095703,0.01616382598876953
880edb2cdb69_green_preprocessed.png,87,95,158.0,224.0,117.40585517883301,71.12967095489971,0.061148643493652344,0.017490386962890625
881ec6186e68_green_preprocessed.png,87,95,154.0,221.0,117.89335060119629,73.80680021133902,0.07065773010253906,0.01672077178955078
883c6a184f16_green_preprocessed.png,87,95,158.0,226.0,118.13681697845459,72.82082751431912,0.06557559967041016,0.01808929443359375
883ddb650967_green_preprocessed.png,87,95,154.0,227.0,118.89342403411865,73.37533278652076,0.06902408599853516,0.0151214599609375
8846b09384a4_green_preprocessed.png,87,95,147.0,225.0,142.95746231079102,62.40398921815252,0.08624839782714844,0.021515846252441406
885fa5fc5da8_green_preprocessed.png,87,95,159.0,224.0,118.87464046478271,72.95737038608505,0.0651712417602539,0.01752471923828125
88e4399d207c_green_preprocessed.png,87,95,154.0,224.0,118.8554220199585,74.39682514196001,0.07014274597167969,0.016282081604003906
88e5051f65bd_green_preprocessed.png,87,95,199.0,255.0,73.59137535095215,81.42624896893324,0.03723621368408203,0.011775970458984375
8906c9ed54a2_green_preprocessed.png,87,95,196.0,252.0,75.39483547210693,82.75964083329526,0.03342437744140625,0.011104583740234375
891329021e12_green_preprocessed.png,87,95,158.0,220.0,116.9014663696289,71.9385518909728,0.06010723114013672,0.01656341552734375
894a37fc3738_green_preprocessed.png,87,95,197.0,251.0,71.06790256500244,81.98947283154534,0.0362548828125,0.015378952026367188
895fe2bfc5b6_green_preprocessed.png,87,95,198.0,255.0,72.83242225646973,80.52627608259621,0.03870391845703125,0.010274887084960938
896ad584a841_green_preprocessed.png,87,95,159.0,223.0,113.3431921005249,68.61621339660006,0.05889892578125,0.01578998565673828
898f0bc8acfa_green_preprocessed.png,87,95,197.0,252.0,73.02524280548096,80.91099047543014,0.031232833862304688,0.012287139892578125
8a3eb86ae4bd_green_preprocessed.png,87,95,191.0,255.0,74.1599531173706,81.49956262613478,0.04333019256591797,0.011322975158691406
8a482c024fc2_green_preprocessed.png,87,95,154.0,227.0,117.55918598175049,72.8850629533458,0.0675973892211914,0.017269134521484375
8a7765e785fb_green_preprocessed.png,87,95,196.0,255.0,72.66620445251465,80.19726768355845,0.032024383544921875,0.010357856750488281
8a81f62320d6_green_preprocessed.png,87,95,154.0,227.0,117.03680610656738,72.55541418410631,0.06846809387207031,0.015923500061035156
8a87dd2a784e_green_preprocessed.png,87,95,227.0,255.0,67.11478233337402,76.83188826473696,0.036057472229003906,0.008386611938476562
8a8a251770cd_green_preprocessed.png,87,95,159.0,223.0,118.416259765625,71.0500449246735,0.06110382080078125,0.016941070556640625
8aa3c4681542_green_preprocessed.png,87,95,157.0,230.0,117.21131896972656,72.71673229123107,0.06922721862792969,0.016226768493652344
8ab3faa3701f_green_preprocessed.png,87,95,200.0,255.0,75.80818271636963,83.68746131075953,0.03966808319091797,0.011823654174804688
8acdf12f412a_green_preprocessed.png,87,95,158.0,226.0,117.18603801727295,73.19646782426534,0.06624889373779297,0.016519546508789062
8af50c9d0a86_green_preprocessed.png,87,95,155.0,223.0,140.73883152008057,62.29538356817181,0.08056831359863281,0.017801284790039062
8b079e79035f_green_preprocessed.png,87,95,169.0,233.0,117.50312995910645,68.5476881924789,0.05031108856201172,0.017426490783691406
8b568d47a1fd_green_preprocessed.png,87,95,156.0,227.0,119.57441806793213,72.45098545343386,0.06990242004394531,0.01714324951171875
8b58f9a338e8_green_preprocessed.png,87,95,235.0,255.0,66.70753192901611,76.32290192586623,0.03782176971435547,0.007672309875488281
8b8fe3fc8950_green_preprocessed.png,87,95,153.0,239.0,115.34323787689209,74.72975339905565,0.06578254699707031,0.013484001159667969
8be6629a6039_green_preprocessed.png,87,95,146.0,219.0,142.87134456634521,56.38356630272545,0.09119224548339844,0.023032188415527344
8bf05909e1e1_green_preprocessed.png,87,95,159.0,226.0,118.36555671691895,73.49865210842958,0.06788063049316406,0.019847869873046875
8bf2d925dc0c_green_preprocessed.png,87,95,158.0,223.0,118.51195621490479,70.35318606457875,0.05882835388183594,0.015263557434082031
8c29a76fa08c_green_preprocessed.png,87,95,156.0,226.0,115.84901809692383,71.78561234759106,0.06345367431640625,0.01793193817138672
8c4ceddeb1c6_green_preprocessed.png,87,95,201.0,255.0,75.24169063568115,82.37728720689631,0.029996871948242188,0.012820243835449219
8c84e96d9b01_green_preprocessed.png,87,95,153.0,246.0,115.04469394683838,76.14123478810679,0.06577491760253906,0.013277053833007812
8ceff4c4c860_green_preprocessed.png,87,95,153.0,223.0,119.04502773284912,73.46653488509978,0.06649398803710938,0.01735973358154297
8d13c46e7d75_green_preprocessed.png,87,95,159.0,223.0,118.44113731384277,73.15506220917644,0.06554794311523438,0.015860557556152344
8d4d14a4ab07_green_preprocessed.png,87,95,159.0,225.0,115.15397262573242,72.43713755882514,0.06656932830810547,0.016633033752441406
8d4ff745a409_green_preprocessed.png,87,95,158.0,230.0,120.22680950164795,73.63341014072162,0.06414318084716797,0.015878677368164062
8d9516ea3587_green_preprocessed.png,87,95,154.0,227.0,115.52495384216309,71.69711975538578,0.0668649673461914,0.015007972717285156
8dafa62f9322_green_preprocessed.png,87,95,159.0,225.0,119.70475578308105,73.07597009263428,0.0625457763671875,0.01779651641845703
8e2a3978c244_green_preprocessed.png,87,95,161.0,222.0,116.3867301940918,73.77425645577394,0.06300735473632812,0.016465187072753906
8e4a354e3da2_green_preprocessed.png,87,95,202.0,255.0,72.7640380859375,80.45405417374539,0.036704063415527344,0.01145172119140625
8e67f2d7e0ee_green_preprocessed.png,87,95,160.0,225.0,116.84890365600586,72.64655478421389,0.06426429748535156,0.02019214630126953
8e6df9eedcd8_green_preprocessed.png,87,95,151.0,226.0,140.27549934387207,64.49033378796359,0.08661079406738281,0.02192401885986328
8e76054f0831_green_preprocessed.png,87,95,156.0,227.0,119.105637550354,72.84317257027044,0.06777286529541016,0.015539169311523438
8e7981855125_green_preprocessed.png,87,95,154.0,225.0,144.7288293838501,64.06468284448552,0.08292579650878906,0.017235755920410156
8ead17dfb6a6_green_preprocessed.png,87,95,201.0,255.0,72.59289169311523,80.72260951284359,0.037390708923339844,0.011473655700683594
8ead8f37423c_green_preprocessed.png,87,95,158.0,233.0,117.12553024291992,69.08717734325643,0.058193206787109375,0.01727581024169922
8ed586c43023_green_preprocessed.png,87,95,157.0,223.0,118.69010734558105,73.55693865229493,0.06477165222167969,0.01686573028564453
8ee50c26fc13_green_preprocessed.png,87,95,199.0,255.0,68.94134044647217,79.4012830752465,0.040863037109375,0.008780479431152344
8f06ca4642bd_green_preprocessed.png,87,95,244.0,255.0,66.90530109405518,77.18225752903749,0.037293434143066406,0.0061435699462890625
8f10e41a2f02_green_preprocessed.png,87,95,157.0,226.0,117.57650661468506,69.73684228107173,0.058948516845703125,0.01573944091796875
8f14bca04b47_green_preprocessed.png,87,95,201.0,255.0,72.49329566955566,80.05788376083059,0.036065101623535156,0.011898994445800781
8f9819752ca0_green_preprocessed.png,87,95,157.0,224.0,118.50102996826172,74.91657434442155,0.07241439819335938,0.018401145935058594
8fbb2ca39911_green_preprocessed.png,87,95,164.0,227.0,111.25229263305664,76.95658970185859,0.06245231628417969,0.023268699645996094
8ffa608170d3_green_preprocessed.png,87,95,159.0,236.0,112.40591430664062,73.13594007171136,0.060314178466796875,0.01497650146484375
901a3552fe26_green_preprocessed.png,87,95,157.0,226.0,116.89270782470703,72.9224092433371,0.06671142578125,0.018413543701171875
902dc5a91a3f_green_preprocessed.png,87,95,154.0,228.0,117.4414758682251,73.78109013831897,0.06810665130615234,0.016559600830078125
9039cbfcbb2f_green_preprocessed.png,87,95,156.0,236.0,114.784010887146,72.84093077824915,0.0628652572631836,0.015087127685546875
904b03ad5594_green_preprocessed.png,87,95,143.0,218.0,162.24859619140625,53.87659784707743,0.08316326141357422,0.02014636993408203
906d02fb822d_green_preprocessed.png,87,95,151.0,223.0,125.91478061676025,69.07212618808957,0.07520580291748047,0.018357276916503906
9095d43fb132_green_preprocessed.png,87,95,146.0,217.0,140.70434474945068,54.95216979971324,0.09076499938964844,0.021798133850097656
90960ddf4d14_green_preprocessed.png,87,95,199.0,255.0,72.71813678741455,81.71729592026745,0.039277076721191406,0.012990951538085938
90a786abe58e_green_preprocessed.png,87,95,158.0,227.0,117.74337768554688,74.50514341696697,0.06831550598144531,0.017751693725585938
90a9a41eec6d_green_preprocessed.png,87,95,155.0,239.0,113.59119129180908,73.70288136488657,0.06439208984375,0.013864517211914062
90bde2ff8953_green_preprocessed.png,87,95,152.0,222.0,119.44443702697754,72.75119725969336,0.06404876708984375,0.01554107666015625
9122b31414d3_green_preprocessed.png,87,95,152.0,229.0,115.36211395263672,70.78593215704046,0.06373405456542969,0.017729759216308594
912fbe06407e_green_preprocessed.png,87,95,152.0,227.0,118.60937118530273,73.92366670313058,0.07028579711914062,0.015644073486328125
916915f01e17_green_preprocessed.png,87,95,153.0,229.0,118.21953868865967,73.78836375908377,0.0713958740234375,0.015512466430664062
91b7a4179ecf_green_preprocessed.png,87,95,159.0,234.0,115.4556303024292,74.97308222412494,0.0674428939819336,0.015282630920410156
91e82fe4e434_green_preprocessed.png,87,95,158.0,236.0,116.55893516540527,71.45391347380216,0.06521224975585938,0.013904571533203125
91f3c4c1e72b_green_preprocessed.png,87,95,153.0,223.0,143.11932849884033,62.238308448402584,0.08441448211669922,0.02431011199951172
922586d86cd8_green_preprocessed.png,87,95,160.0,225.0,118.59659194946289,74.88915156385814,0.07053375244140625,0.017927169799804688
9232dc06cfdc_green_preprocessed.png,87,95,154.0,225.0,117.55829620361328,73.27066052327737,0.06634140014648438,0.015834808349609375
92587e494d51_green_preprocessed.png,87,95,201.0,255.0,74.13097858428955,81.08718028287188,0.03499126434326172,0.011403083801269531
9274e75dc4d5_green_preprocessed.png,87,95,159.0,224.0,119.43450260162354,72.53540612067025,0.06620502471923828,0.015044212341308594
9287e57326d0_green_preprocessed.png,87,95,194.0,255.0,75.26201248168945,82.20817421165576,0.02662372589111328,0.010152816772460938
92889b863ae6_green_preprocessed.png,87,95,144.0,215.0,147.93245697021484,46.97750024087606,0.0873861312866211,0.019556045532226562
92e3d608fd3c_green_preprocessed.png,87,95,157.0,228.0,118.61329460144043,75.05787990576934,0.07098579406738281,0.018057823181152344
92fcf50b3562_green_preprocessed.png,87,95,205.0,255.0,72.44525909423828,79.58763643574505,0.037940025329589844,0.012609481811523438
930fee99213a_green_preprocessed.png,87,95,153.0,229.0,111.2803840637207,72.12037749634733,0.06772422790527344,0.0157012939453125
934104859e68_green_preprocessed.png,87,95,161.0,224.0,117.66441917419434,72.48788176676541,0.06256389617919922,0.016999244689941406
93421787f520_green_preprocessed.png,87,95,157.0,224.0,117.31954574584961,73.08779613190234,0.06912040710449219,0.019977569580078125
936299166bea_green_preprocessed.png,87,95,201.0,255.0,66.3301420211792,76.97118837388788,0.03550529479980469,0.007476806640625
937bc1b924b1_green_preprocessed.png,87,95,161.0,220.0,118.1969575881958,71.52287058971555,0.060547828674316406,0.016864776611328125
93802d1e3c41_green_preprocessed.png,87,95,158.0,224.0,117.77325439453125,70.74986651893158,0.061153411865234375,0.01648426055908203
93a1b984de84_green_preprocessed.png,87,95,152.0,223.0,118.46272945404053,72.82076523283787,0.06630325317382812,0.014851570129394531
93d6d20a5ee3_green_preprocessed.png,87,95,153.0,223.0,118.65178680419922,74.77749928929013,0.06963825225830078,0.017838478088378906
94076a9fb9b5_green_preprocessed.png,87,95,156.0,228.0,118.80767345428467,72.67023455633426,0.06911373138427734,0.016427040100097656
94145d1f42cf_green_preprocessed.png,87,95,201.0,255.0,72.75299263000488,80.1381810432567,0.0363311767578125,0.012770652770996094
941d874c8afb_green_preprocessed.png,87,95,162.0,225.0,117.69900131225586,70.79246339066918,0.05758380889892578,0.01771259307861328
942f544c4e15_green_preprocessed.png,87,95,156.0,223.0,118.88717365264893,72.518072591117,0.06422233581542969,0.016683578491210938
946545473380_green_preprocessed.png,87,95,156.0,225.0,117.77903366088867,73.02619818083004,0.06802845001220703,0.018732070922851562
949710bead24_green_preprocessed.png,87,95,154.0,227.0,117.66033267974854,72.9334868065572,0.06897449493408203,0.015387535095214844
94b9ccc73bb9_green_preprocessed.png,87,95,185.0,255.0,65.76226329803467,75.24617822774333,0.037616729736328125,0.008861541748046875
94f9ecf4b8d2_green_preprocessed.png,87,95,155.0,236.0,112.48198223114014,75.31960880137363,0.06292724609375,0.015773773193359375
9519a590985d_green_preprocessed.png,87,95,152.0,223.0,117.21858596801758,72.73188179387336,0.06375598907470703,0.015066146850585938
956765d5f46d_green_preprocessed.png,87,95,162.0,236.0,109.39621543884277,72.61316798267096,0.059775352478027344,0.016756057739257812
958c1fa044ba_green_preprocessed.png,87,95,155.0,227.0,117.10804176330566,72.1686855218328,0.06476783752441406,0.015777587890625
959bb2d01091_green_preprocessed.png,87,95,212.0,255.0,67.89353561401367,77.46786290925708,0.03980827331542969,0.008509635925292969
962c0fc85e13_green_preprocessed.png,87,95,191.0,251.0,74.35727310180664,82.0818219385771,0.03554534912109375,0.011587142944335938
966c07831334_green_preprocessed.png,87,95,156.0,225.0,117.56943035125732,73.92335093211267,0.0687856674194336,0.019195556640625
96793edb1003_green_preprocessed.png,87,95,157.0,236.0,109.10213470458984,76.61726795770974,0.0678253173828125,0.016202926635742188
9688c6ef5dc5_green_preprocessed.png,87,95,158.0,224.0,117.34507274627686,70.79165951208869,0.056072235107421875,0.01695537567138672
969f92a390db_green_preprocessed.png,87,95,155.0,223.0,114.20711612701416,70.4395682743979,0.061705589294433594,0.014812469482421875
96b5474ae604_green_preprocessed.png,87,95,170.0,228.0,117.60457515716553,69.74260467928337,0.05185127258300781,0.015748977661132812
96c699221180_green_preprocessed.png,87,95,161.0,225.0,117.50637531280518,74.93543201345824,0.06871891021728516,0.02050018310546875
96ce10a1dbd7_green_preprocessed.png,87,95,164.0,224.0,114.46478366851807,75.33663517972556,0.05893516540527344,0.02036571502685547
96ea316ed0ab_green_preprocessed.png,87,95,197.0,255.0,69.15886783599854,79.68428371746326,0.04306793212890625,0.008803367614746094
971bb98ab935_green_preprocessed.png,87,95,202.0,255.0,67.51146984100342,79.49181356237514,0.041869163513183594,0.010033607482910156
973b0facfa9b_green_preprocessed.png,87,95,157.0,224.0,119.28848838806152,75.5154346938709,0.07000446319580078,0.01762676239013672
974c7d7b9c64_green_preprocessed.png,87,95,163.0,222.0,119.98724174499512,71.08441926744626,0.060997962951660156,0.016080856323242188
976082127e2a_green_preprocessed.png,87,95,155.0,221.0,117.24116230010986,70.9990702729471,0.06435203552246094,0.01668071746826172
97a235367f9d_green_preprocessed.png,87,95,154.0,239.0,114.61144733428955,73.98261772189618,0.06656169891357422,0.014266014099121094
97c6cb55866d_green_preprocessed.png,87,95,141.0,229.0,152.80849933624268,61.348568938120756,0.08025169372558594,0.01715087890625
97d02a9b94f7_green_preprocessed.png,87,95,153.0,224.19999999995343,119.42080307006836,73.70330919971873,0.06937599182128906,0.015933990478515625
97f290d31813_green_preprocessed.png,87,95,141.0,227.0,152.51441860198975,60.69833395182295,0.08770084381103516,0.020259857177734375
97fdee242fea_green_preprocessed.png,87,95,153.0,233.0,112.95624732971191,73.18973600205105,0.06330204010009766,0.015337944030761719
98277aeb96a7_green_preprocessed.png,87,95,202.0,255.0,75.05731010437012,82.15095740360344,0.03623771667480469,0.012288093566894531
983c98354e9c_green_preprocessed.png,87,95,159.0,225.0,115.76201820373535,71.36923536244763,0.06752967834472656,0.019290924072265625
98441214557f_green_preprocessed.png,87,95,158.0,224.0,119.58401107788086,73.47192073063769,0.0664520263671875,0.01749897003173828
9858cc2ae073_green_preprocessed.png,87,95,191.0,248.0,74.44655418395996,82.42138389861742,0.033242225646972656,0.0112152099609375
9870ce41cac4_green_preprocessed.png,87,95,201.0,251.0,74.81734657287598,82.45469819951106,0.028578758239746094,0.011582374572753906
98d41bce73a8_green_preprocessed.png,87,95,199.0,255.0,73.08194160461426,80.70213342026629,0.039305686950683594,0.01172637939453125
98e44127872f_green_preprocessed.png,87,95,159.0,223.0,119.11783695220947,73.57597338497793,0.06715202331542969,0.01731395721435547
9910c827e2fe_green_preprocessed.png,87,95,163.0,227.0,120.38045024871826,70.0509420289477,0.059334754943847656,0.016393661499023438
991a0b7a8c87_green_preprocessed.png,87,95,198.0,255.0,68.5066499710083,79.24360891877481,0.04234790802001953,0.008753776550292969
99240ee00485_green_preprocessed.png,87,95,154.0,229.0,117.1854887008667,72.52594485972946,0.06591796875,0.016287803649902344
992599744a23_green_preprocessed.png,87,95,150.0,224.0,144.70628356933594,63.81544713521018,0.08812427520751953,0.02093505859375
992b9a07b25f_green_preprocessed.png,87,95,147.0,214.0,141.1610746383667,50.519478465673,0.08286190032958984,0.02176952362060547
996f9bba4ef0_green_preprocessed.png,87,95,159.0,226.0,119.6184492111206,73.4298464565227,0.0664834976196289,0.016376495361328125
9985375d709f_green_preprocessed.png,87,95,159.0,223.0,118.30339527130127,74.68814521384546,0.06876850128173828,0.01703357696533203
999ad827ed35_green_preprocessed.png,87,95,158.0,225.0,118.25460243225098,71.93917324257018,0.06342506408691406,0.01721477508544922
99c626e58464_green_preprocessed.png,87,95,199.0,255.0,72.29550457000732,80.6143965749537,0.03436088562011719,0.010829925537109375
99c6a123ed6a_green_preprocessed.png,87,95,156.0,230.0,117.30047512054443,69.5884931315185,0.057888031005859375,0.017229080200195312
9a1029536d78_green_preprocessed.png,87,95,157.0,221.0,116.04165554046631,73.93757203439705,0.06690692901611328,0.01819896697998047
9a159d4674cd_green_preprocessed.png,87,95,204.0,255.0,67.05298233032227,77.83581888791073,0.04419231414794922,0.009459495544433594
9a326446c431_green_preprocessed.png,87,95,141.0,226.0,154.17466735839844,60.26072125252956,0.08126354217529297,0.01818370819091797
9a56cfb980ec_green_preprocessed.png,87,95,196.0,255.0,72.91525173187256,81.03893303831748,0.03746604919433594,0.010035514831542969
9ab18a4a957f_green_preprocessed.png,87,95,202.0,255.0,74.58881187438965,81.96066896642996,0.03835868835449219,0.013929367065429688
9ac2e3e9fca5_green_preprocessed.png,87,95,155.0,223.0,119.62256813049316,71.87650940544974,0.06350231170654297,0.014533042907714844
9ac41b9a809e_green_preprocessed.png,87,95,155.0,226.0,117.83908653259277,71.72712818198596,0.06391048431396484,0.01490020751953125
9ae54843c69a_green_preprocessed.png,87,95,142.0,225.0,150.05052947998047,61.41295437500903,0.08615684509277344,0.02067852020263672
9b4fc15df3c8_green_preprocessed.png,87,95,181.0,255.0,67.19186210632324,78.46080008294608,0.03560638427734375,0.008826255798339844
9b57e43b44e7_green_preprocessed.png,87,95,151.0,223.0,148.22955322265625,61.95950460499649,0.08215618133544922,0.020616531372070312
9b70f84400af_green_preprocessed.png,87,95,159.0,255.0,112.62794876098633,75.00481672639567,0.0652923583984375,0.011995315551757812
9ba469af2980_green_preprocessed.png,87,95,150.0,215.0,139.02233219146729,55.29166526039708,0.08484745025634766,0.019855499267578125
9bbb6c455913_green_preprocessed.png,87,95,155.0,224.0,118.80188274383545,72.08270632763873,0.0660238265991211,0.016965866088867188
9bd008aab548_green_preprocessed.png,87,95,156.0,225.0,118.96730041503906,73.3914515545386,0.06711769104003906,0.015320777893066406
9be0683649ff_green_preprocessed.png,87,95,197.0,246.0,74.26266765594482,82.24952285556049,0.033660888671875,0.012228012084960938
9be71d6d7e59_green_preprocessed.png,87,95,161.0,226.0,115.90184116363525,74.36771430100883,0.06586456298828125,0.01923370361328125
9c14ce27cbfc_green_preprocessed.png,87,95,207.0,255.0,75.05555629730225,81.28719693548099,0.02968311309814453,0.012670516967773438
9c514d2d5b3f_green_preprocessed.png,87,95,156.0,225.0,120.01976299285889,72.82452234026749,0.06577014923095703,0.01568317413330078
9c6512166557_green_preprocessed.png,87,95,203.0,255.0,68.31186199188232,80.44863106004586,0.04320335388183594,0.010213851928710938
9c893e16c055_green_preprocessed.png,87,95,158.0,226.0,116.60665988922119,70.7881834364034,0.057822227478027344,0.016638755798339844
9ce46d400cd6_green_preprocessed.png,87,95,157.0,223.0,118.47606754302979,70.06834397739786,0.057811737060546875,0.015398025512695312
9cf7c1349673_green_preprocessed.png,87,95,162.0,225.0,115.64655017852783,75.19010214155104,0.06724739074707031,0.021196365356445312
9d1feed37610_green_preprocessed.png,87,95,159.0,226.0,117.41705417633057,70.04318497694096,0.06052684783935547,0.01645660400390625
9d62478042b6_green_preprocessed.png,87,95,151.0,224.0,141.59073638916016,63.92478590469544,0.08661651611328125,0.020051002502441406
9d75de31f1b8_green_preprocessed.png,87,95,154.0,225.0,118.18847846984863,71.78080261281094,0.06153392791748047,0.016675949096679688
9de9421f17e3_green_preprocessed.png,87,95,162.0,221.0,119.2269172668457,69.36190979848278,0.053012847900390625,0.01612567901611328
9e2058917304_green_preprocessed.png,87,95,156.0,223.0,119.04687595367432,73.48726984255825,0.0697469711303711,0.016715049743652344
9e2a8135f471_green_preprocessed.png,87,95,160.0,222.0,117.88436126708984,72.55827962024681,0.06038188934326172,0.015786170959472656
9e2ba2b979f1_green_preprocessed.png,87,95,204.0,255.0,73.20121765136719,80.54264409693084,0.02698516845703125,0.011878013610839844
9e5737f771c3_green_preprocessed.png,87,95,195.0,255.0,71.80051898956299,81.07908804975315,0.04106330871582031,0.012227058410644531
9e7a63b2fc6a_green_preprocessed.png,87,95,153.0,223.0,142.63802909851074,65.11643385605753,0.09028244018554688,0.019890785217285156
9e99ae6ee7af_green_preprocessed.png,87,95,199.0,255.0,74.89107990264893,82.74861844068772,0.04016304016113281,0.012028694152832031
9ed6c2b25767_green_preprocessed.png,87,95,154.0,234.0,111.69829368591309,75.17138822425817,0.06714248657226562,0.016561508178710938
9f1b14dfa14c_green_preprocessed.png,87,95,210.0,255.0,68.3942060470581,78.12676450619313,0.04061126708984375,0.008830070495605469
9f285b3e57ed_green_preprocessed.png,87,95,152.0,226.0,118.11226177215576,72.61820222031275,0.06760406494140625,0.01446533203125
9f8112c710be_green_preprocessed.png,87,95,166.0,230.0,112.36603164672852,75.61173002394665,0.06196403503417969,0.023920059204101562
9f935fb38440_green_preprocessed.png,87,95,183.0,255.0,66.32611083984375,75.1976384567346,0.02794170379638672,0.007836341857910156
9fa02dfb5553_green_preprocessed.png,87,95,161.0,228.0,118.02354526519775,74.04594215496743,0.06923866271972656,0.020194053649902344
a02dfd67a925_green_preprocessed.png,87,95,157.0,239.0,114.78699684143066,72.8580614020687,0.06535530090332031,0.013974189758300781
a0445785e2f7_green_preprocessed.png,87,95,195.0,255.0,73.10934352874756,80.40261581289731,0.03906822204589844,0.011333465576171875
a06a63d866b2_green_preprocessed.png,87,95,162.0,228.0,114.22840309143066,67.76145066848584,0.05024242401123047,0.016287803649902344
a06b353e7bed_green_preprocessed.png,87,95,198.0,255.0,73.93208503723145,81.66743780637135,0.03805828094482422,0.012052536010742188
a06e5ac695ce_green_preprocessed.png,87,95,200.0,253.0,72.01702213287354,81.80605979832586,0.035076141357421875,0.013538360595703125
a07d571bf7ba_green_preprocessed.png,87,95,152.0,237.0,109.56516647338867,75.51558981002614,0.06540870666503906,0.014163017272949219
a07d9a5045cb_green_preprocessed.png,87,95,151.0,225.0,117.30502796173096,72.21289636538204,0.06530094146728516,0.014466285705566406
a07efb1ecfc0_green_preprocessed.png,87,95,198.0,255.0,71.4685173034668,79.34154608517301,0.035468101501464844,0.013095855712890625
a08a0133754a_green_preprocessed.png,87,95,166.0,230.0,117.11066818237305,69.43178803101391,0.05490303039550781,0.017999649047851562
a0adbe677508_green_preprocessed.png,87,95,158.0,227.0,119.89937400817871,73.61492708887438,0.06359481811523438,0.018415451049804688
a0b7ad98df57_green_preprocessed.png,87,95,157.0,226.0,117.57850551605225,71.75106124561252,0.06521892547607422,0.01797008514404297
a0e635689259_green_preprocessed.png,87,95,208.0,255.0,69.51837825775146,79.04968423118345,0.040650367736816406,0.007884979248046875
a0fd94e2ad76_green_preprocessed.png,87,95,158.0,229.0,118.77785205841064,71.77955745736399,0.0642862319946289,0.017847061157226562
a11c62cb3f86_green_preprocessed.png,87,95,149.0,227.0,141.94613647460938,62.76625976384415,0.08698463439941406,0.020058631896972656
a12ca80bb8c7_green_preprocessed.png,87,95,198.0,255.0,72.40241432189941,81.04436994555358,0.03388786315917969,0.013401031494140625
a1822dd8d05d_green_preprocessed.png,87,95,166.0,227.0,116.28036308288574,68.61923459194142,0.04869842529296875,0.01650714874267578
a1872f9c0cba_green_preprocessed.png,87,95,197.0,255.0,74.26032829284668,82.94488313806282,0.04214191436767578,0.010301589965820312
a188c60b93fb_green_preprocessed.png,87,95,147.0,221.0,141.85590267181396,57.252330385495604,0.09053325653076172,0.022462844848632812
a1b28bcbce00_green_preprocessed.png,87,95,153.0,242.0,114.82764148712158,74.53755317104961,0.06928062438964844,0.0147552490234375
a1e236fbc863_green_preprocessed.png,87,95,158.0,237.0,113.34608936309814,72.69627825160978,0.0679788589477539,0.018782615661621094
a1eb88562239_green_preprocessed.png,87,95,159.0,224.0,114.72363662719727,69.93867457061219,0.06349563598632812,0.01891040802001953
a1edf0e66592_green_preprocessed.png,87,95,158.0,226.0,119.43036937713623,75.34010986533873,0.07038402557373047,0.01839923858642578
a1faeb4d5f10_green_preprocessed.png,87,95,159.0,227.0,118.73094940185547,75.08167075681901,0.0729970932006836,0.019166946411132812
a2163f0c2af5_green_preprocessed.png,87,95,159.0,223.0,117.45196628570557,70.43481853621441,0.06206321716308594,0.01630878448486328
a247961a5cd9_green_preprocessed.png,87,95,158.0,221.0,118.45311450958252,74.69246201232563,0.06534767150878906,0.020053863525390625
a26f50218b84_green_preprocessed.png,87,95,153.0,229.0,113.68830013275146,75.1317682546732,0.07072257995605469,0.014975547790527344
a2811f512c1c_green_preprocessed.png,87,95,160.0,227.0,118.33973121643066,75.72438686540659,0.06875991821289062,0.01813793182373047
a2b97d98f130_green_preprocessed.png,87,95,152.0,225.0,145.8472661972046,63.37947601089188,0.08252239227294922,0.018797874450683594
a2b995b81692_green_preprocessed.png,87,95,155.0,226.0,119.1112003326416,73.53170696992858,0.06978607177734375,0.014263153076171875
a2dff8dbc9f8_green_preprocessed.png,87,95,195.0,255.0,74.05960655212402,81.47950026049004,0.03752326965332031,0.010867118835449219
a30a143a53a3_green_preprocessed.png,87,95,159.0,225.0,116.26110553741455,72.90638437386116,0.06823444366455078,0.020471572875976562
a3132c8828e4_green_preprocessed.png,87,95,197.0,255.0,74.25071716308594,81.43300388165586,0.03726482391357422,0.011753082275390625
a34fc5376669_green_preprocessed.png,87,95,164.0,229.0,119.01229476928711,70.75347371214603,0.05219078063964844,0.016684532165527344
a384e688e228_green_preprocessed.png,87,95,157.0,223.0,118.60586452484131,74.00336713023057,0.06719589233398438,0.019910812377929688
a3bd2e034614_green_preprocessed.png,87,95,151.0,217.0,158.3794822692871,52.960333518916066,0.08034801483154297,0.01922321319580078
a4012932e18d_green_preprocessed.png,87,95,151.0,223.0,125.91478061676025,69.07212618808957,0.07520580291748047,0.018357276916503906
a419fcb2dfb5_green_preprocessed.png,87,95,191.0,255.0,67.41950130462646,76.97267496591104,0.039475440979003906,0.010175704956054688
a44345b27804_green_preprocessed.png,87,95,157.0,225.0,118.66899013519287,74.63246915564069,0.07268619537353516,0.02086162567138672
a45c30da0c72_green_preprocessed.png,87,95,159.0,239.0,111.8825044631958,74.41885968428655,0.06658744812011719,0.014090538024902344
a484bdf85b4c_green_preprocessed.png,87,95,159.0,227.0,119.00036716461182,74.03741128552397,0.06531620025634766,0.016808509826660156
a4ee03ecff60_green_preprocessed.png,87,95,159.0,223.0,119.74782943725586,70.48811911892511,0.06051349639892578,0.017317771911621094
a528be013a04_green_preprocessed.png,87,95,161.0,226.0,111.72789573669434,74.68128493665141,0.06818580627441406,0.022472381591796875
a53d6d2472a6_green_preprocessed.png,87,95,158.0,227.0,117.37128353118896,74.59475447329233,0.0683145523071289,0.019684791564941406
a5bb85afc6e8_green_preprocessed.png,87,95,159.0,227.0,117.09890079498291,72.75565876201092,0.06574344635009766,0.015438079833984375
a61723fc38c2_green_preprocessed.png,87,95,158.0,227.0,118.6698579788208,74.341928022877,0.06770515441894531,0.018291473388671875
a627eb8c08c5_green_preprocessed.png,87,95,197.0,255.0,69.7706127166748,79.75662765632791,0.04110145568847656,0.009052276611328125
a62e995f167c_green_preprocessed.png,87,95,203.0,255.0,74.62202167510986,80.75771863823572,0.027750015258789062,0.012050628662109375
a6356a3c5d11_green_preprocessed.png,87,95,151.0,218.0,138.49297714233398,54.71530759503463,0.0915536880493164,0.025791168212890625
a646c084928c_green_preprocessed.png,87,95,159.0,226.0,119.06037425994873,73.47704506154884,0.06799983978271484,0.01777362823486328
a654b25124c3_green_preprocessed.png,87,95,155.0,222.0,117.22791862487793,73.81548874819556,0.06731319427490234,0.01884174346923828
a673193cd5a9_green_preprocessed.png,87,95,159.0,227.0,112.95043182373047,70.12130264928216,0.06255626678466797,0.016035079956054688
a6731dd737af_green_preprocessed.png,87,95,168.0,227.0,109.00114727020264,76.55748203334699,0.05778217315673828,0.021665573120117188
a6b6d27c1b32_green_preprocessed.png,87,95,191.0,255.0,74.40151786804199,82.14541317784334,0.03684711456298828,0.010922431945800781
a70d0f12a641_green_preprocessed.png,87,95,156.0,226.0,114.89823150634766,74.91151078142806,0.07002925872802734,0.017156600952148438
a73c3d516c59_green_preprocessed.png,87,95,148.0,252.0,113.05485534667969,73.94102235351204,0.06536388397216797,0.010957717895507812
a73d012c4c38_green_preprocessed.png,87,95,161.0,225.0,119.74966430664062,71.5286303058034,0.06151866912841797,0.019964218139648438
a76132e79688_green_preprocessed.png,87,95,155.0,231.0,120.10862922668457,73.21635338970295,0.06703662872314453,0.01568889617919922
a7673ac44509_green_preprocessed.png,87,95,148.0,224.0,145.27656936645508,61.443555933362404,0.082275390625,0.018510818481445312
a77eb914b383_green_preprocessed.png,87,95,152.0,242.0,110.49485969543457,75.55179826408839,0.06666183471679688,0.014188766479492188
a7b03e58a6e1_green_preprocessed.png,87,95,161.0,230.0,116.39190673828125,74.00394532458617,0.0671234130859375,0.02120208740234375
a7c10ca6c117_green_preprocessed.png,87,95,162.0,227.0,117.85647869110107,72.82170668944708,0.06292915344238281,0.020911216735839844
a821b6ecef33_green_preprocessed.png,87,95,205.0,255.0,68.4835901260376,80.44040428458443,0.042705535888671875,0.008969306945800781
a8263d248523_green_preprocessed.png,87,95,144.0,223.0,135.4892339706421,61.80905132846227,0.08460235595703125,0.021729469299316406
a82a12ad3fb1_green_preprocessed.png,87,95,159.0,242.0,113.28541946411133,73.54829595344242,0.06837272644042969,0.014237403869628906
a85cda5f725d_green_preprocessed.png,87,95,154.0,222.0,118.18511199951172,70.68828330054028,0.05832099914550781,0.01612091064453125
a86128b601a7_green_preprocessed.png,87,95,155.0,228.0,118.65463829040527,72.66971100444621,0.06691837310791016,0.015384674072265625
a88365134c3c_green_preprocessed.png,87,95,156.0,226.0,118.39487552642822,75.18149581378172,0.0713949203491211,0.016663551330566406
a8854768549f_green_preprocessed.png,87,95,196.0,251.0,72.67353630065918,81.60438522807046,0.032303810119628906,0.011615753173828125
a8a6588c8eb7_green_preprocessed.png,87,95,196.0,255.0,74.94311428070068,81.89653073220758,0.03993511199951172,0.012131690979003906
a8aed92940fb_green_preprocessed.png,87,95,211.0,255.0,67.01892757415771,76.60613935474217,0.033817291259765625,0.007932662963867188
a8b3c0961d42_green_preprocessed.png,87,95,159.0,237.0,112.02836322784424,73.37905768233416,0.06813812255859375,0.01799774169921875
a8b637abd96b_green_preprocessed.png,87,95,153.0,221.0,134.6165714263916,69.62072015485938,0.0697622299194336,0.01863574981689453
a8c9fcdbc0be_green_preprocessed.png,87,95,156.0,227.0,144.9985809326172,64.61843394444449,0.0853281021118164,0.019407272338867188
a8dea22ef903_green_preprocessed.png,87,95,154.0,227.0,117.74951362609863,74.46175187879234,0.06890201568603516,0.017992019653320312
a94da3d3b5c0_green_preprocessed.png,87,95,203.0,255.0,72.65746879577637,80.84492064834193,0.029298782348632812,0.012444496154785156
a95d9d61ddd4_green_preprocessed.png,87,95,163.0,228.0,112.4903736114502,73.0484996844673,0.06371593475341797,0.019797325134277344
a963ac561580_green_preprocessed.png,87,95,162.0,226.0,117.70957660675049,73.20861264351784,0.06407642364501953,0.021121978759765625
a96ff96bbae5_green_preprocessed.png,87,95,165.0,225.0,117.76058197021484,70.16593575058556,0.05407428741455078,0.01702880859375
a987aa7aac37_green_preprocessed.png,87,95,154.0,223.0,120.10278129577637,73.40598755906824,0.0671844482421875,0.01673412322998047
a9a3225cf4b5_green_preprocessed.png,87,95,155.0,223.0,117.86898899078369,73.45783187474605,0.06377696990966797,0.015194892883300781
a9b3177f01c0_green_preprocessed.png,87,95,231.0,255.0,67.91817665100098,79.14884032570632,0.03672981262207031,0.006954193115234375
a9bc2f892cb3_green_preprocessed.png,87,95,151.0,242.0,114.23515892028809,74.90030653934836,0.06914901733398438,0.015287399291992188
a9dc80cba9a4_green_preprocessed.png,87,95,141.0,215.0,160.01744079589844,53.14028663195724,0.09136199951171875,0.021419525146484375
a9e3d186cd1b_green_preprocessed.png,87,95,204.0,255.0,70.11958408355713,79.85533740618267,0.043712615966796875,0.010103225708007812
aa10a4b2e709_green_preprocessed.png,87,95,160.0,221.0,117.1777982711792,73.70315423773164,0.06244468688964844,0.017981529235839844
aa4407aab872_green_preprocessed.png,87,95,154.0,222.0,117.69572448730469,74.24556503840296,0.07080936431884766,0.0172882080078125
aa60813e1a8d_green_preprocessed.png,87,95,150.0,224.0,143.19248962402344,62.95470834849377,0.0869741439819336,0.020493507385253906
aa6242f9e08c_green_preprocessed.png,87,95,195.0,255.0,74.9228630065918,81.38154923092097,0.04094886779785156,0.010855674743652344
aa8a1e814811_green_preprocessed.png,87,95,158.0,220.0,118.31318283081055,72.2925736678038,0.061888694763183594,0.017229080200195312
aa94cc4bfd84_green_preprocessed.png,87,95,154.0,222.0,118.447922706604,74.3885566615561,0.07091617584228516,0.018297195434570312
aaaadb174012_green_preprocessed.png,87,95,165.0,227.0,118.9862117767334,69.4782563689689,0.054393768310546875,0.015770912170410156
aabd867043cf_green_preprocessed.png,87,95,156.0,223.0,118.98212432861328,70.73795498425704,0.061293601989746094,0.015485763549804688
aafb0c944f14_green_preprocessed.png,87,95,155.0,226.0,117.69010162353516,74.59111653009175,0.06940650939941406,0.01753520965576172
aafe980edd0c_green_preprocessed.png,87,95,159.0,227.0,119.28289127349854,73.44384414938773,0.06879043579101562,0.017976760864257812
ab03d50bba2f_green_preprocessed.png,87,95,202.0,255.0,72.56689929962158,81.12019714269097,0.033003807067871094,0.013640403747558594
ab32db41c409_green_preprocessed.png,87,95,151.0,223.0,147.76057147979736,61.00557846072682,0.08287334442138672,0.020049095153808594
ab3c505b624f_green_preprocessed.png,87,95,191.0,255.0,69.73149967193604,79.67010154096705,0.04572582244873047,0.007625579833984375
ab653b8554c0_green_preprocessed.png,87,95,163.0,227.0,117.92113208770752,70.5934574325634,0.05825614929199219,0.01578998565673828
ab686895533e_green_preprocessed.png,87,95,160.0,232.0,114.72303867340088,74.09215756817207,0.06729507446289062,0.01833629608154297
ab724603ee93_green_preprocessed.png,87,95,199.0,255.0,73.80637836456299,82.54517256359601,0.04209327697753906,0.014542579650878906
ab78a66dee6a_green_preprocessed.png,87,95,168.0,229.0,117.58184146881104,69.82402539452767,0.057994842529296875,0.016265869140625
ab7991df166b_green_preprocessed.png,87,95,159.0,241.0,111.74109554290771,70.4889211225528,0.06560993194580078,0.01933765411376953
ab88081e5654_green_preprocessed.png,87,95,199.0,255.0,71.48504257202148,81.99521723852921,0.0382080078125,0.013689041137695312
abbb8791785e_green_preprocessed.png,87,95,156.0,226.0,118.31790351867676,73.67643464547946,0.06720733642578125,0.017790794372558594
abe940882578_green_preprocessed.png,87,95,155.0,220.0,120.47593975067139,72.18658564915067,0.06525135040283203,0.016892433166503906
ac0a48ccbf70_green_preprocessed.png,87,95,155.0,235.0,113.35046195983887,72.67983961952771,0.0647268295288086,0.015508651733398438
ac1667fac512_green_preprocessed.png,87,95,156.0,225.0,117.91710090637207,74.38200259486011,0.06937885284423828,0.01792621612548828
ac17cc18a994_green_preprocessed.png,87,95,158.0,227.0,117.62017440795898,72.17261357963707,0.06271934509277344,0.014967918395996094
ac81fc200162_green_preprocessed.png,87,95,148.0,227.0,146.84493446350098,62.03566847011988,0.08130550384521484,0.01951313018798828
ace2281f00c4_green_preprocessed.png,87,95,200.0,255.0,74.32233905792236,81.95143870966982,0.033935546875,0.010220527648925781
ace287a5c991_green_preprocessed.png,87,95,158.0,241.0,110.26055908203125,76.34388483117459,0.06532764434814453,0.014146804809570312
acf976efd7ce_green_preprocessed.png,87,95,159.0,227.0,120.10241508483887,73.6978745838823,0.06425285339355469,0.018199920654296875
ad029ba7fa8b_green_preprocessed.png,87,95,136.0,255.0,64.03360271453857,73.68817242554746,0.029412269592285156,0.007887840270996094
ad12cde115ab_green_preprocessed.png,87,95,197.0,255.0,72.68350315093994,80.98438202365998,0.03359508514404297,0.012227058410644531
ad1aa75d5630_green_preprocessed.png,87,95,200.0,255.0,73.97620296478271,81.0872713309082,0.02922344207763672,0.010497093200683594
ad20080452de_green_preprocessed.png,87,95,156.0,224.0,119.62508773803711,74.89418081507712,0.06938552856445312,0.01726531982421875
ad312ca98202_green_preprocessed.png,87,95,156.0,227.0,118.5016450881958,73.72937092494341,0.0671234130859375,0.018014907836914062
ad6b07d5c338_green_preprocessed.png,87,95,201.0,251.0,75.7719316482544,82.55854113954334,0.029638290405273438,0.011467933654785156
ad93d88c87ea_green_preprocessed.png,87,95,162.0,223.0,117.52541923522949,71.25810217366605,0.05883598327636719,0.019140243530273438
ad944bd56bb6_green_preprocessed.png,87,95,202.0,255.0,71.20104217529297,79.74638543084919,0.0376739501953125,0.011278152465820312
addf66a50f42_green_preprocessed.png,87,95,159.0,223.0,120.37533855438232,73.19669519889271,0.06789588928222656,0.014050483703613281
ae20112e7a1e_green_preprocessed.png,87,95,155.0,234.0,113.0341911315918,73.41795496913747,0.06648826599121094,0.015391349792480469
ae2c3f6312ef_green_preprocessed.png,87,95,156.0,228.0,118.8945894241333,72.74337679326091,0.06665229797363281,0.015356063842773438
ae2e888905ba_green_preprocessed.png,87,95,198.0,255.0,74.94134902954102,81.49632525769108,0.038918495178222656,0.012169837951660156
ae49cc60f251_green_preprocessed.png,87,95,156.0,223.0,118.07617092132568,72.30000151765026,0.06500434875488281,0.01786041259765625
ae57c8630249_green_preprocessed.png,87,95,159.0,226.0,117.4672498703003,71.91894695896346,0.06246376037597656,0.019026756286621094
ae58ccb5905e_green_preprocessed.png,87,95,155.0,224.0,117.63114738464355,72.4415271082234,0.06483936309814453,0.018846511840820312
ae5d31979f19_green_preprocessed.png,87,95,157.0,224.0,132.77338218688965,71.2406350370225,0.0682525634765625,0.017938613891601562
ae61e19fb766_green_preprocessed.png,87,95,197.0,255.0,72.09734058380127,80.21410341581232,0.04002094268798828,0.011641502380371094
ae94ce412de9_green_preprocessed.png,87,95,148.0,218.0,139.90151691436768,55.091982002881785,0.0878744125366211,0.02153491973876953
ae975c43bd8b_green_preprocessed.png,87,95,162.0,226.0,118.7273473739624,72.14205461527499,0.05891704559326172,0.017104148864746094
aeab0a63bcaf_green_preprocessed.png,87,95,199.0,255.0,73.27149486541748,80.40779691099759,0.032271385192871094,0.012507438659667969
aeb6f4fd2eed_green_preprocessed.png,87,95,199.0,255.0,71.45253562927246,79.9671472786,0.0368194580078125,0.011163711547851562
aebe87a423c8_green_preprocessed.png,87,95,135.0,255.0,66.75953578948975,76.8308105691505,0.025918960571289062,0.005663871765136719
aec51513cf45_green_preprocessed.png,87,95,195.0,255.0,68.86894035339355,79.11734742555076,0.04092597961425781,0.008833885192871094
aeccef0bdc26_green_preprocessed.png,87,95,159.0,225.0,116.07340049743652,75.37059305860217,0.06833648681640625,0.018952369689941406
af345c68e836_green_preprocessed.png,87,95,159.0,229.0,119.18156337738037,72.31812359082727,0.06412696838378906,0.015228271484375
af5a0bc4e1fa_green_preprocessed.png,87,95,153.0,238.0,111.56711196899414,74.05700577711713,0.07078361511230469,0.015996932983398438
af6166d57f13_green_preprocessed.png,87,95,198.0,255.0,73.40928268432617,81.76030740068714,0.0385589599609375,0.009557723999023438
af6a1508cd95_green_preprocessed.png,87,95,160.0,220.0,138.69470500946045,54.487234514286264,0.07612133026123047,0.021881103515625
af7a36454670_green_preprocessed.png,87,95,159.0,223.0,117.93503189086914,70.52332872327646,0.06423282623291016,0.017935752868652344
af87d48ffe01_green_preprocessed.png,87,95,195.0,255.0,74.11272430419922,82.29409060478181,0.03334617614746094,0.008938789367675781
afc345cc9145_green_preprocessed.png,87,95,148.0,228.0,146.38474082946777,62.239952992523094,0.0814657211303711,0.017518043518066406
afc744fad65e_green_preprocessed.png,87,95,154.0,224.0,119.57460403442383,72.39157653799488,0.06482315063476562,0.016752243041992188
b05922e7abd3_green_preprocessed.png,87,95,163.0,225.0,118.37650394439697,70.58431276312514,0.054978370666503906,0.016694068908691406
b0619ca93a5f_green_preprocessed.png,87,95,157.0,226.0,118.10321712493896,72.16652233747054,0.06041145324707031,0.015422821044921875
b085caa513a8_green_preprocessed.png,87,95,153.0,235.0,117.735182762146,73.01289661539818,0.06409168243408203,0.014241218566894531
b086c7cd3868_green_preprocessed.png,87,95,155.0,222.0,118.24753189086914,74.16113567124499,0.06742095947265625,0.01828765869140625
b09101adb478_green_preprocessed.png,87,95,161.0,225.0,117.47447872161865,74.75312872003582,0.0708913803100586,0.020096778869628906
b0acd3593310_green_preprocessed.png,87,95,154.0,223.0,136.09704780578613,64.58971597448996,0.08128929138183594,0.022917747497558594
b0b3b16fc305_green_preprocessed.png,87,95,163.0,224.0,116.66431713104248,75.19952446301899,0.06189918518066406,0.021409034729003906
b0c9a492e068_green_preprocessed.png,87,95,148.0,223.0,148.78222465515137,62.312002642062524,0.0828866958618164,0.020445823669433594
b0f0fa677d5f_green_preprocessed.png,87,95,154.0,222.0,119.36041831970215,74.86557966874055,0.06963920593261719,0.018009185791015625
b0f8613305a3_green_preprocessed.png,87,95,159.0,220.0,137.03636264801025,69.45471200940963,0.06292247772216797,0.01927471160888672
b10fca20c885_green_preprocessed.png,87,95,158.0,228.0,118.45038986206055,71.59459325313355,0.06108570098876953,0.014928817749023438
b11dcdcbc8c8_green_preprocessed.png,87,95,150.0,215.0,138.96604824066162,56.40749191044217,0.09113693237304688,0.0211639404296875
b16dd4483ca5_green_preprocessed.png,87,95,195.0,255.0,72.67966175079346,81.20843326263122,0.04286003112792969,0.011020660400390625
b1c6f0997e27_green_preprocessed.png,87,95,155.0,222.0,118.07523727416992,71.26079823085794,0.06366157531738281,0.017194747924804688
b200c23b299b_green_preprocessed.png,87,95,157.0,225.0,117.21801376342773,71.62989341158615,0.06339263916015625,0.01949024200439453
b21abe5d9722_green_preprocessed.png,87,95,191.0,255.0,65.94698429107666,75.2609202410885,0.039298057556152344,0.008617401123046875
b22cc1bf0b8a_green_preprocessed.png,87,95,159.0,220.0,117.02803134918213,73.64337100682502,0.06272506713867188,0.018716812133789062
b294927b14b0_green_preprocessed.png,87,95,159.0,220.0,116.01396465301514,72.49941553679761,0.06204414367675781,0.01571369171142578
b2b79b37d314_green_preprocessed.png,87,95,154.0,225.0,117.2123155593872,71.35405154817592,0.06030750274658203,0.01654052734375
b2b7ccd34cbd_green_preprocessed.png,87,95,155.0,224.0,117.7252025604248,71.63492259996752,0.06763076782226562,0.01703166961669922
b351ae99413a_green_preprocessed.png,87,95,159.0,229.0,117.42794513702393,73.04691882711198,0.06822967529296875,0.01935577392578125
b35cad8fe2d7_green_preprocessed.png,87,95,149.0,219.0,142.58519077301025,49.65691425696333,0.08382511138916016,0.022237777709960938
b3a994760537_green_preprocessed.png,87,95,156.0,231.0,118.79345226287842,74.05477941444879,0.06797027587890625,0.016674041748046875
b3f31c371e59_green_preprocessed.png,87,95,159.0,223.0,118.52662944793701,74.15716018745725,0.06387519836425781,0.017418861389160156
b43440c6ebe4_green_preprocessed.png,87,95,154.0,223.0,146.31534004211426,62.41082499561906,0.08258914947509766,0.01734447479248047
b460ca9fa26f_green_preprocessed.png,87,95,159.0,223.0,117.19812870025635,69.3760349723536,0.05900001525878906,0.016239166259765625
b46b09a45f39_green_preprocessed.png,87,95,156.0,227.0,118.1911096572876,73.6024193840486,0.06869697570800781,0.018255233764648438
b4b04d81acbb_green_preprocessed.png,87,95,166.0,224.0,113.22353553771973,77.1362158820432,0.06080436706542969,0.020623207092285156
b4e15102cd7a_green_preprocessed.png,87,95,143.0,216.0,145.21368980407715,48.623941743662364,0.08787059783935547,0.020981788635253906
b5204c0decc7_green_preprocessed.png,87,95,158.0,226.0,117.81741905212402,72.00526188376993,0.06372451782226562,0.016490936279296875
b532dedd928c_green_preprocessed.png,87,95,205.0,255.0,73.81161975860596,81.12134640207475,0.029062271118164062,0.010254859924316406
b549af91bd30_green_preprocessed.png,87,95,153.0,222.0,118.55354404449463,72.1977296377792,0.06417560577392578,0.015443801879882812
b553e7909535_green_preprocessed.png,87,95,163.0,231.0,111.9973497390747,69.49962072224292,0.057662010192871094,0.014979362487792969
b598bc9753c2_green_preprocessed.png,87,95,158.0,226.0,117.6544942855835,71.52290890946122,0.06231975555419922,0.01464080810546875
b5a3ca5c0a80_green_preprocessed.png,87,95,156.0,227.0,118.92430686950684,75.04261224256247,0.07019996643066406,0.01799488067626953
b5b913358b32_green_preprocessed.png,87,95,156.0,228.0,118.63849830627441,74.3039685923845,0.06701850891113281,0.017591476440429688
b5bf7b84fc66_green_preprocessed.png,87,95,163.0,230.0,117.23716640472412,69.94631037165836,0.060576438903808594,0.016633987426757812
b5e6ae31493c_green_preprocessed.png,87,95,157.0,226.0,117.91808223724365,70.41556788126292,0.05590629577636719,0.01709747314453125
b64e1eef3d63_green_preprocessed.png,87,95,196.0,255.0,73.72115325927734,82.09493824531228,0.03587150573730469,0.010198593139648438
b66f23ffa730_green_preprocessed.png,87,95,159.0,226.0,117.00387573242188,75.65474987314802,0.07078742980957031,0.018705368041992188
b67ae80f7eba_green_preprocessed.png,87,95,163.0,239.0,115.71890830993652,73.1290568300648,0.06421947479248047,0.01562976837158203
b69c224edd6e_green_preprocessed.png,87,95,149.0,224.0,146.58942794799805,63.16297611894686,0.08856582641601562,0.021562576293945312
b6bf847fbcb2_green_preprocessed.png,87,95,163.0,228.0,116.7663221359253,70.31503826491212,0.060845375061035156,0.015291213989257812
b6d9974443ce_green_preprocessed.png,87,95,198.0,255.0,73.48056507110596,81.45394902275137,0.04055595397949219,0.011761665344238281
b6fd109b1bc9_green_preprocessed.png,87,95,144.0,221.0,150.61196613311768,61.038911264305256,0.08051109313964844,0.018941879272460938
b70e7c26f51e_green_preprocessed.png,87,95,156.0,225.0,116.43135261535645,73.62274657801183,0.06697463989257812,0.01786327362060547
b72a86d61959_green_preprocessed.png,87,95,154.0,226.0,116.37290573120117,74.02111047732325,0.06847476959228516,0.016800880432128906
b72f59b85f7c_green_preprocessed.png,87,95,199.0,255.0,74.65365028381348,82.55328648543812,0.03918743133544922,0.010911941528320312
b73d0bcd3d33_green_preprocessed.png,87,95,191.0,255.0,65.94161224365234,75.25964354044672,0.039618492126464844,0.011637687683105469
b74de20d73de_green_preprocessed.png,87,95,193.0,255.0,73.85743618011475,81.61827734608512,0.036385536193847656,0.010023117065429688
b759cbef90c5_green_preprocessed.png,87,95,155.0,224.0,117.39292526245117,71.38845949536277,0.0626821517944336,0.015600204467773438
b77b88926843_green_preprocessed.png,87,95,154.0,223.0,117.3412275314331,73.43025622912118,0.06941699981689453,0.017322540283203125
b7983cb3f270_green_preprocessed.png,87,95,155.0,225.0,117.96168231964111,72.88782427271227,0.06816387176513672,0.016091346740722656
b7a1bb106051_green_preprocessed.png,87,95,159.0,223.0,117.00147914886475,74.54591554001247,0.06757736206054688,0.01827239990234375
b7aca95b97b9_green_preprocessed.png,87,95,154.0,238.0,109.76586437225342,73.17951771035976,0.06573104858398438,0.015427589416503906
b7bd4a6627b6_green_preprocessed.png,87,95,154.0,223.0,116.34597206115723,72.4558682851616,0.07079696655273438,0.01709461212158203
b7ce561a7328_green_preprocessed.png,87,95,158.0,229.0,119.6458330154419,73.63556881324646,0.06781959533691406,0.016832351684570312
b7f0bc7d399e_green_preprocessed.png,87,95,148.0,219.0,144.45999240875244,55.98707451529061,0.08913898468017578,0.021277427673339844
b8297a2291f5_green_preprocessed.png,87,95,158.0,223.0,118.23178386688232,72.18425683041899,0.06075096130371094,0.017522811889648438
b82dfa63a75f_green_preprocessed.png,87,95,197.0,255.0,73.97797584533691,81.19607214056609,0.04041767120361328,0.011278152465820312
b835b6e31a59_green_preprocessed.png,87,95,153.0,225.0,117.65046215057373,73.18101934989771,0.0674123764038086,0.016336441040039062
b842b43cb7fb_green_preprocessed.png,87,95,198.0,255.0,74.1565752029419,82.59063690777006,0.04195880889892578,0.012484550476074219
b86fb2d5be1a_green_preprocessed.png,87,95,148.0,217.0,138.3519344329834,57.13125772768227,0.08861637115478516,0.023534774780273438
b8dab47a260e_green_preprocessed.png,87,95,159.0,225.0,118.64226627349854,72.92505794691624,0.06422233581542969,0.017492294311523438
b8e20c076b03_green_preprocessed.png,87,95,150.0,219.0,138.16418647766113,58.82047754622123,0.08952045440673828,0.021738052368164062
b8e9a8f4617d_green_preprocessed.png,87,95,154.0,220.0,118.97541618347168,73.97651818055033,0.06642723083496094,0.015452384948730469
b92eacd1392a_green_preprocessed.png,87,95,159.0,227.0,119.06649971008301,70.45758503417589,0.061443328857421875,0.01623058319091797
b9519abce0c1_green_preprocessed.png,87,95,127.0,128.0,63.73231315612793,73.92970684303889,0.0500335693359375,0.006333351135253906
b963a11638f2_green_preprocessed.png,87,95,161.0,233.0,113.68192768096924,73.44006251350892,0.06201934814453125,0.015972137451171875
b9bc81fcb075_green_preprocessed.png,87,95,154.0,225.0,119.11560344696045,73.69452943455691,0.06985855102539062,0.01710796356201172
b9c7c5182075_green_preprocessed.png,87,95,157.0,225.0,118.99133205413818,73.11383229730833,0.06623649597167969,0.019756317138671875
b9d0b83d70c3_green_preprocessed.png,87,95,191.0,255.0,68.54950714111328,76.77206018114924,0.04259490966796875,0.008967399597167969
b9fe7da14a32_green_preprocessed.png,87,95,162.0,238.0,114.56788539886475,75.7856315539368,0.06709575653076172,0.015226364135742188
ba0107fb1bfd_green_preprocessed.png,87,95,155.0,226.0,117.35633277893066,71.00030893008646,0.06128501892089844,0.01761341094970703
ba2ea9182090_green_preprocessed.png,87,95,155.0,227.0,114.84347438812256,73.11346707556622,0.06969261169433594,0.01802825927734375
ba4e62c11cc0_green_preprocessed.png,87,95,159.0,223.0,120.55669784545898,74.37201211008365,0.06749153137207031,0.017522811889648438
baaca2f7e1f0_green_preprocessed.png,87,95,166.0,229.0,116.54327011108398,67.77448875116579,0.05052661895751953,0.018224716186523438
bab776139279_green_preprocessed.png,87,95,201.0,255.0,74.08151435852051,81.16107280117181,0.028961181640625,0.01105499267578125
bac1744955c2_green_preprocessed.png,87,95,157.0,222.0,115.89222717285156,75.80732777844419,0.06668281555175781,0.019339561462402344
bacfa2b8e706_green_preprocessed.png,87,95,157.0,224.0,116.74884510040283,74.49274748570097,0.06977558135986328,0.019354820251464844
badb5ff8d3c7_green_preprocessed.png,87,95,161.0,223.0,138.82850742340088,69.58433637388217,0.0648660659790039,0.02175426483154297
bb08949dd70a_green_preprocessed.png,87,95,159.0,234.0,113.47537326812744,74.66051701256012,0.06946277618408203,0.014660835266113281
bb2f89488ecd_green_preprocessed.png,87,95,155.0,217.0,119.88480949401855,73.47172214299921,0.06343841552734375,0.017395973205566406
bb752b179751_green_preprocessed.png,87,95,156.0,229.0,117.24996376037598,75.66862827717938,0.0717458724975586,0.017324447631835938
bb85097857fa_green_preprocessed.png,87,95,191.0,255.0,74.49517250061035,82.13170856244875,0.042891502380371094,0.011271476745605469
bc34f52c37c7_green_preprocessed.png,87,95,200.0,255.0,74.261061668396,81.75459086039564,0.03861713409423828,0.010675430297851562
bc7bf19b84e3_green_preprocessed.png,87,95,158.0,226.0,120.27630043029785,72.51610446623795,0.06583690643310547,0.01666259765625
bc8c6a778cde_green_preprocessed.png,87,95,209.0,255.0,69.67682266235352,80.2176081741114,0.042969703674316406,0.009367942810058594
bc92a61a1f9c_green_preprocessed.png,87,95,161.0,228.0,119.6873369216919,71.65405401896494,0.06277751922607422,0.014239311218261719
bcb0498ed2c1_green_preprocessed.png,87,95,149.0,225.0,146.0792760848999,61.71039150389612,0.0824728012084961,0.02154827117919922
bd06028eb7dd_green_preprocessed.png,87,95,156.0,223.0,116.70065593719482,72.3254261738012,0.061038970947265625,0.017238616943359375
bd34a0639575_green_preprocessed.png,87,95,156.0,225.0,117.70588874816895,72.43534579741716,0.06601238250732422,0.016526222229003906
bd375ba756b1_green_preprocessed.png,87,95,196.0,245.0,73.74920749664307,81.38909638154938,0.02953338623046875,0.011461257934570312
bd500a73beae_green_preprocessed.png,87,95,159.0,228.0,119.57372856140137,72.44684270059852,0.06612682342529297,0.015631675720214844
bda91b76095b_green_preprocessed.png,87,95,151.0,222.0,139.85559558868408,62.9568104477563,0.0789794921875,0.019239425659179688
bdc6c60e9133_green_preprocessed.png,87,95,195.0,255.0,72.15349006652832,80.95166099349744,0.04303550720214844,0.010606765747070312
bde1063a5dd7_green_preprocessed.png,87,95,151.0,216.0,138.39670753479004,56.18747265971519,0.0833292007446289,0.02237224578857422
bdf47b9f10c4_green_preprocessed.png,87,95,150.0,225.0,118.68843841552734,73.52532342437273,0.06844139099121094,0.015279769897460938
be197b663520_green_preprocessed.png,87,95,160.0,226.0,117.5890245437622,74.13903452927542,0.0673208236694336,0.020656585693359375
be3a7d9e981e_green_preprocessed.png,87,95,197.0,255.0,72.3806505203247,81.47672898886319,0.034338951110839844,0.013201713562011719
be521870a0ea_green_preprocessed.png,87,95,149.0,239.0,115.0510835647583,72.7876559507159,0.06731224060058594,0.0173187255859375
be6cbf6e5b10_green_preprocessed.png,87,95,197.0,251.0,74.42726707458496,81.78690725809172,0.03314971923828125,0.010933876037597656
be7f791a7877_green_preprocessed.png,87,95,198.0,255.0,75.18283748626709,81.89497908396484,0.035396575927734375,0.01178741455078125
be8697eb2078_green_preprocessed.png,87,95,162.0,227.0,117.58091640472412,72.0125706645391,0.06171989440917969,0.0167999267578125
beb00fa6e7c9_green_preprocessed.png,87,95,145.0,210.0,145.94018840789795,48.67143089908771,0.07979202270507812,0.02025890350341797
beb2ad14fd2d_green_preprocessed.png,87,95,149.0,211.0,140.19051933288574,54.83348691885666,0.08230209350585938,0.021393775939941406
bebfbd907cac_green_preprocessed.png,87,95,153.0,223.0,119.22398853302002,73.09563522247888,0.06839466094970703,0.014739990234375
bed8296c8dfe_green_preprocessed.png,87,95,194.0,251.0,71.95696926116943,80.53240340348724,0.031281471252441406,0.011460304260253906
beeca5f14618_green_preprocessed.png,87,95,157.0,241.0,114.80843448638916,73.6262626801568,0.06487083435058594,0.013756752014160156
bf6cbccacf39_green_preprocessed.png,87,95,205.0,255.0,66.28532981872559,78.33916912629871,0.04103660583496094,0.011007308959960938
bf7221a016b5_green_preprocessed.png,87,95,150.0,216.0,140.23692893981934,56.38232594062149,0.08837318420410156,0.020151138305664062
bf7b4eae7ad0_green_preprocessed.png,87,95,157.0,223.0,119.51094913482666,72.98747411344928,0.0675506591796875,0.016326904296875
bf811911acf9_green_preprocessed.png,87,95,155.0,225.0,118.71805667877197,74.45711642288319,0.07035350799560547,0.017665863037109375
bf87aedf2489_green_preprocessed.png,87,95,156.0,223.0,117.60683059692383,73.6784344198961,0.06547355651855469,0.016773223876953125
bfa30ebf63a8_green_preprocessed.png,87,95,155.0,226.0,115.30605792999268,70.11968139877727,0.06548881530761719,0.017157554626464844
bfb578c0e8d8_green_preprocessed.png,87,95,150.0,214.0,135.1350269317627,57.40570476837339,0.08887767791748047,0.021851539611816406
bff51afc76d4_green_preprocessed.png,87,95,147.0,223.0,143.11404514312744,54.89889762785746,0.08565044403076172,0.020090103149414062
bffca6eeb2bf_green_preprocessed.png,87,95,157.0,230.0,116.2711763381958,71.62546287692898,0.05990028381347656,0.015417098999023438
c013e869acce_green_preprocessed.png,87,95,195.0,255.0,73.82615089416504,82.23296696006975,0.045757293701171875,0.011835098266601562
c06024f05a16_green_preprocessed.png,87,95,161.0,224.0,117.85350227355957,73.02194238063339,0.059967041015625,0.017581939697265625
c096131ad065_green_preprocessed.png,87,95,159.0,225.0,119.31685066223145,74.45515416330709,0.06887054443359375,0.02000713348388672
c0a117de7d0a_green_preprocessed.png,87,95,202.0,255.0,73.10905361175537,81.06285007263229,0.039422035217285156,0.01165008544921875
c12e9ca420a5_green_preprocessed.png,87,95,197.0,255.0,72.11781215667725,80.0955003722038,0.03973102569580078,0.012228012084960938
c1437a7a52c9_green_preprocessed.png,87,95,147.0,214.0,143.7399196624756,51.80562085223609,0.08443737030029297,0.01865386962890625
c1819db0aece_green_preprocessed.png,87,95,163.0,227.0,117.60771751403809,70.43903995178925,0.05796623229980469,0.01904582977294922
c18a006f7f1d_green_preprocessed.png,87,95,158.0,225.0,119.01744556427002,73.42374680234012,0.06586742401123047,0.017354965209960938
c21eb81de9fc_green_preprocessed.png,87,95,200.0,255.0,67.14790058135986,78.68959109192414,0.041869163513183594,0.008812904357910156
c23ff6dcf15e_green_preprocessed.png,87,95,193.0,255.0,74.12731838226318,82.19299030960293,0.03571319580078125,0.010413169860839844
c24bcf7a1bc4_green_preprocessed.png,87,95,160.0,226.0,119.96615886688232,72.7821493139752,0.0630035400390625,0.017286300659179688
c25e02b39c01_green_preprocessed.png,87,95,154.0,227.0,112.39260292053223,71.99401198484647,0.07112312316894531,0.018659591674804688
c26f98f58350_green_preprocessed.png,87,95,199.0,255.0,73.42559432983398,81.10658648181959,0.03674125671386719,0.011445999145507812
c2a58b2cfd0b_green_preprocessed.png,87,95,158.0,221.0,117.63285160064697,70.09510426470457,0.05861663818359375,0.016618728637695312
c2f3281cf528_green_preprocessed.png,87,95,162.0,226.0,118.17957210540771,71.5847885702105,0.060334205627441406,0.017536163330078125
c334f8688b77_green_preprocessed.png,87,95,160.0,225.0,118.04498863220215,74.7174826974024,0.0678243637084961,0.01724529266357422
c365c598ad4e_green_preprocessed.png,87,95,163.0,224.0,117.10171127319336,70.29549956078529,0.059329986572265625,0.015392303466796875
c373b73a80c8_green_preprocessed.png,87,95,201.0,255.0,74.26121139526367,82.39355486805731,0.037606239318847656,0.011426925659179688
c3789c1dab96_green_preprocessed.png,87,95,191.0,255.0,69.45750141143799,79.20849729706524,0.041431427001953125,0.008037567138671875
c38dec54a9f7_green_preprocessed.png,87,95,162.0,225.0,116.39929676055908,71.91108885770124,0.06006813049316406,0.018853187561035156
c3aa424eff9a_green_preprocessed.png,87,95,202.0,255.0,73.05035972595215,79.29455171358126,0.027739524841308594,0.01236724853515625
c3b15bf9b4bc_green_preprocessed.png,87,95,200.0,255.0,73.5401554107666,79.38094516156059,0.032985687255859375,0.011075019836425781
c3c8fdda50c0_green_preprocessed.png,87,95,155.0,224.0,119.86328506469727,71.59473262393087,0.06324481964111328,0.01572132110595703
c446985355f1_green_preprocessed.png,87,95,166.0,225.0,114.25714492797852,74.62408895572341,0.058829307556152344,0.020554542541503906
c4aef0d88d1b_green_preprocessed.png,87,95,148.0,229.0,113.6694393157959,71.92862794334089,0.06757164001464844,0.013933181762695312
c546670d9684_green_preprocessed.png,87,95,167.0,225.0,134.232928276062,69.87328178121463,0.051601409912109375,0.019415855407714844
c56293f53191_green_preprocessed.png,87,95,159.0,223.0,119.13627529144287,72.11149448205022,0.06477165222167969,0.01576995849609375
c57c164bca05_green_preprocessed.png,87,95,141.0,229.0,149.96471691131592,61.3128804702041,0.08290386199951172,0.017838478088378906
c58971bcebb2_green_preprocessed.png,87,95,148.0,221.0,153.23749542236328,60.840999845117636,0.08393001556396484,0.022167205810546875
c58e5c0c5b33_green_preprocessed.png,87,95,156.0,227.0,117.96611595153809,72.88654088197245,0.06724834442138672,0.01717853546142578
c597ef460944_green_preprocessed.png,87,95,153.0,216.0,139.86440086364746,57.755570739156596,0.0900278091430664,0.021246910095214844
c5a0e84e955d_green_preprocessed.png,87,95,202.0,251.0,73.00193119049072,81.95497419361273,0.03171539306640625,0.012269973754882812
c5a6f432a1ec_green_preprocessed.png,87,95,238.0,255.0,68.81309700012207,78.8955934266788,0.03779411315917969,0.007447242736816406
c5b58cc992af_green_preprocessed.png,87,95,191.0,255.0,67.25577640533447,75.9980852708567,0.03835105895996094,0.008035659790039062
c5bec7f1e5f3_green_preprocessed.png,87,95,157.0,227.0,118.952956199646,72.85705415047703,0.06721687316894531,0.01810741424560547
c6229222bf22_green_preprocessed.png,87,95,156.0,229.0,120.12365245819092,74.61035310494945,0.0670003890991211,0.01658153533935547
c62cef02efa2_green_preprocessed.png,87,95,157.0,225.0,118.86381149291992,73.88892915916223,0.06727981567382812,0.018310546875
c639d837f5e4_green_preprocessed.png,87,95,191.0,255.0,75.58521842956543,83.39638472121655,0.04393768310546875,0.010458946228027344
c64c0966b4cf_green_preprocessed.png,87,95,159.0,226.0,115.31038188934326,69.69510917977331,0.05922698974609375,0.01564311981201172
c6916bc42016_green_preprocessed.png,87,95,159.0,223.0,117.59624004364014,74.0661518850329,0.0689229965209961,0.019464492797851562
c6a8f8f998a2_green_preprocessed.png,87,95,153.0,224.0,120.29689025878906,72.59757108973125,0.0671396255493164,0.014710426330566406
c6d4e4a3bd4c_green_preprocessed.png,87,95,152.0,223.0,117.90646076202393,72.39099380785161,0.062193870544433594,0.016084671020507812
c6f5b5b5be41_green_preprocessed.png,87,95,159.0,220.0,117.01152801513672,73.87188863027141,0.0664834976196289,0.0190887451171875
c704bd669f36_green_preprocessed.png,87,95,159.0,222.0,119.27082061767578,75.56675280044462,0.0682220458984375,0.020094871520996094
c755a0c4edcc_green_preprocessed.png,87,95,192.0,255.0,72.2520399093628,81.13508955329557,0.040279388427734375,0.010274887084960938
c7c3d363bc86_green_preprocessed.png,87,95,149.0,219.0,139.43707752227783,57.49050924871713,0.09088516235351562,0.021961212158203125
c7d0deb71576_green_preprocessed.png,87,95,164.0,226.0,116.97926712036133,72.63873223738187,0.061165809631347656,0.022602081298828125
c80b0f27541a_green_preprocessed.png,87,95,151.0,222.0,144.8308391571045,61.56634692716096,0.08103179931640625,0.021848678588867188
c81c6911f5e0_green_preprocessed.png,87,95,161.0,230.0,117.60925102233887,70.70336156257216,0.059937477111816406,0.017198562622070312
c85b79d70079_green_preprocessed.png,87,95,145.0,216.0,146.43570518493652,50.532148622128624,0.08283710479736328,0.020708084106445312
c90c6b94cf40_green_preprocessed.png,87,95,191.0,255.0,68.24951267242432,79.02574810246587,0.041355133056640625,0.007269859313964844
c947bb6cf9f6_green_preprocessed.png,87,95,192.0,247.0,74.76403427124023,81.64851674738499,0.033476829528808594,0.011751174926757812
c94f37085d0f_green_preprocessed.png,87,95,164.0,221.0,114.7314224243164,69.57287517616575,0.055233001708984375,0.0160064697265625
c97472ef2c66_green_preprocessed.png,87,95,200.0,255.0,68.80816078186035,79.48516715731093,0.046478271484375,0.01009368896484375
c98f623d08d1_green_preprocessed.png,87,95,158.0,226.0,119.45573902130127,72.18374907952435,0.06215667724609375,0.016414642333984375
c9c563864ab1_green_preprocessed.png,87,95,200.0,255.0,74.00108623504639,81.04957566807823,0.037735939025878906,0.011587142944335938
c9e697117f3f_green_preprocessed.png,87,95,156.0,225.0,116.9453592300415,72.67150024735474,0.0660552978515625,0.016559600830078125
ca05f7e7801b_green_preprocessed.png,87,95,160.0,228.0,115.2323522567749,70.99163588384013,0.059037208557128906,0.01610851287841797
ca2b54b95ade_green_preprocessed.png,87,95,170.0,233.0,118.11857032775879,70.36645263580331,0.058852195739746094,0.017067909240722656
cad5b1a82e60_green_preprocessed.png,87,95,197.0,251.0,75.69411087036133,82.57427052937864,0.03430938720703125,0.013369560241699219
cadde4030858_green_preprocessed.png,87,95,159.0,227.0,118.69042491912842,72.62978940068601,0.06404685974121094,0.015952110290527344
cae33655ca00_green_preprocessed.png,87,95,162.0,228.0,115.92736721038818,72.46292904954393,0.06582164764404297,0.016066551208496094
cb02bb47fdc5_green_preprocessed.png,87,95,151.0,228.0,132.38553619384766,69.7115669985339,0.0749502182006836,0.018144607543945312
cb0cc98d7e35_green_preprocessed.png,87,95,169.0,228.0,137.383394241333,67.37706660435643,0.048397064208984375,0.0174560546875
cb2201c226d6_green_preprocessed.png,87,95,157.0,225.0,120.41096878051758,73.25714068972712,0.065521240234375,0.01800251007080078
cb28adab4e8a_green_preprocessed.png,87,95,236.0,255.0,67.41907978057861,77.41006046283476,0.03560829162597656,0.006526947021484375
cb39761f0712_green_preprocessed.png,87,95,159.0,222.0,119.23671627044678,75.02510783796252,0.06949424743652344,0.01859569549560547
cb68fce07789_green_preprocessed.png,87,95,159.0,223.0,119.95240116119385,73.51202154974777,0.06539249420166016,0.01685047149658203
cbc23af521f3_green_preprocessed.png,87,95,200.0,255.0,73.57174396514893,81.22086058644041,0.035569190979003906,0.010794639587402344
cbe633765ea7_green_preprocessed.png,87,95,169.0,229.0,118.07640266418457,68.18558510751159,0.047738075256347656,0.017228126525878906
cc671a73e1cb_green_preprocessed.png,87,95,154.0,227.0,116.81604099273682,73.75395408134499,0.06969451904296875,0.01651763916015625
cc964bf04dbc_green_preprocessed.png,87,95,159.0,223.0,118.12204456329346,74.1564102948597,0.06945323944091797,0.019380569458007812
ccd6dcb2f568_green_preprocessed.png,87,95,201.0,255.0,67.8865613937378,81.10937620865855,0.041596412658691406,0.01620006561279297
ccea49708830_green_preprocessed.png,87,95,192.0,255.0,73.29494380950928,81.70143381861973,0.0402374267578125,0.011122703552246094
cd01672507c9_green_preprocessed.png,87,95,150.0,215.0,136.20242977142334,57.998422162606246,0.0869131088256836,0.024423599243164062
cd01f4f83336_green_preprocessed.png,87,95,199.0,255.0,74.79554748535156,82.64240747883036,0.03668212890625,0.011317253112792969
cd1c98ec48b1_green_preprocessed.png,87,95,154.0,220.0,118.13057231903076,72.01694645191931,0.06417083740234375,0.016396522521972656
cd314653a4d8_green_preprocessed.png,87,95,198.0,255.0,73.57963371276855,81.55806825034935,0.03493213653564453,0.01123046875
cd48cfab4e44_green_preprocessed.png,87,95,155.0,226.0,142.7754831314087,63.98108104804048,0.08393573760986328,0.02121257781982422
cd563556cb57_green_preprocessed.png,87,95,153.0,242.0,113.05346488952637,74.77875092600135,0.06774616241455078,0.012969017028808594
cd66754e1b3b_green_preprocessed.png,87,95,212.0,255.0,66.26774215698242,76.42653652817147,0.03973388671875,0.008810997009277344
cd8da43e3069_green_preprocessed.png,87,95,157.0,223.0,117.37659645080566,75.50574734157956,0.07139968872070312,0.021399497985839844
cd941e5bc659_green_preprocessed.png,87,95,159.0,224.0,118.3839750289917,72.33878142453727,0.06387615203857422,0.019362449645996094
ce6f33a81ad5_green_preprocessed.png,87,95,155.0,225.0,118.47040557861328,73.33664186602657,0.06609725952148438,0.017595291137695312
ce754234d760_green_preprocessed.png,87,95,165.0,227.0,110.54555416107178,77.26896688959191,0.05966472625732422,0.022212982177734375
ce8d2efd9d4f_green_preprocessed.png,87,95,156.0,222.0,117.8766040802002,73.53067769786871,0.06617259979248047,0.018463134765625
ceb32a193eff_green_preprocessed.png,87,95,150.0,211.0,140.75908279418945,56.476737909274064,0.08732414245605469,0.021984100341796875
cec299c2a2d5_green_preprocessed.png,87,95,145.0,214.0,143.82187271118164,53.82331995793811,0.08579158782958984,0.022447586059570312
cf6551521a35_green_preprocessed.png,87,95,198.0,251.0,72.45466136932373,79.74011930140176,0.0327301025390625,0.011757850646972656
cf8ae5501bd6_green_preprocessed.png,87,95,154.0,227.0,117.00834465026855,74.29199395888305,0.07132720947265625,0.0170745849609375
cf8f1bc7a215_green_preprocessed.png,87,95,193.0,255.0,66.28530597686768,76.68152079282908,0.039546966552734375,0.009569168090820312
cfb17a7cc8d4_green_preprocessed.png,87,95,159.0,221.0,116.6363639831543,73.96113073102266,0.06536197662353516,0.019838333129882812
cfdbaef73a8b_green_preprocessed.png,87,95,160.0,242.0,112.79343795776367,75.04333032460906,0.06471920013427734,0.013476371765136719
cfed7c1172ec_green_preprocessed.png,87,95,158.0,223.0,117.49250316619873,70.85047976256287,0.059882164001464844,0.01582813262939453
cff262ed8f4c_green_preprocessed.png,87,95,150.0,216.0,141.0029411315918,57.77180989708594,0.08504486083984375,0.02204608917236328
cffc50047828_green_preprocessed.png,87,95,206.0,255.0,65.69675922393799,75.22498205524613,0.03597545623779297,0.009139060974121094
d02b79fc3200_green_preprocessed.png,87,95,156.0,220.0,118.58465003967285,75.13008937190354,0.06906986236572266,0.01771068572998047
d0926ed2c8e5_green_preprocessed.png,87,95,157.0,222.0,119.94429969787598,73.06522070478505,0.0631113052368164,0.01711750030517578
d160ebef4117_green_preprocessed.png,87,95,159.0,244.0,113.15068531036377,72.61588315463558,0.06253623962402344,0.016033172607421875
d16e39b9d6f0_green_preprocessed.png,87,95,196.0,255.0,73.99984550476074,82.39811388036993,0.03583335876464844,0.013333320617675781
d16e59a2b33a_green_preprocessed.png,87,95,158.0,230.0,118.25946044921875,73.12225698006584,0.06662559509277344,0.01816082000732422
d18f6431ebce_green_preprocessed.png,87,95,154.0,229.0,116.27696228027344,72.35931599266308,0.06454753875732422,0.01604938507080078
d1a60c3b9fe5_green_preprocessed.png,87,95,159.0,223.0,118.62403011322021,69.12724734623812,0.05838775634765625,0.016099929809570312
d1afdb8cf70d_green_preprocessed.png,87,95,156.0,231.0,112.46354007720947,70.70434526164394,0.062048912048339844,0.015407562255859375
d1b279cc02ae_green_preprocessed.png,87,95,156.0,225.0,118.61380767822266,72.99015162053115,0.06977653503417969,0.016524314880371094
d1ca85af57c9_green_preprocessed.png,87,95,153.0,229.0,118.03307342529297,72.40145881230063,0.0689687728881836,0.014145851135253906
d1cf31577a59_green_preprocessed.png,87,95,148.0,229.0,145.49941539764404,62.95736213974695,0.08566665649414062,0.018434524536132812
d1f7ea924a01_green_preprocessed.png,87,95,197.0,255.0,72.59643268585205,81.31108438616313,0.04043006896972656,0.009645462036132812
d1fa0f744620_green_preprocessed.png,87,95,203.0,255.0,73.82707977294922,81.21012592567791,0.038748741149902344,0.011798858642578125
d26bb2ed6e71_green_preprocessed.png,87,95,200.0,255.0,74.68130874633789,80.49573235605891,0.029684066772460938,0.012282371520996094
d26bc6e1230d_green_preprocessed.png,87,95,158.0,228.0,120.90915870666504,72.05943193217755,0.06049156188964844,0.015600204467773438
d27ac9e54901_green_preprocessed.png,87,95,154.0,223.0,117.86361408233643,73.95400762727098,0.07119941711425781,0.01866436004638672
d29b37d110f3_green_preprocessed.png,87,95,127.0,128.0,66.41589164733887,76.66655265504644,0.04631805419921875,0.005362510681152344
d2afca74cbc3_green_preprocessed.png,87,95,196.0,255.0,67.81281661987305,77.07756520421918,0.03705310821533203,0.00875091552734375
d2c5fb82fe5f_green_preprocessed.png,87,95,198.0,255.0,74.45478057861328,81.88626710592725,0.0390472412109375,0.010491371154785156
d2cd47ed2c1d_green_preprocessed.png,87,95,191.0,255.0,68.63398933410645,78.62915393649331,0.04180908203125,0.009000778198242188
d2d523e9f669_green_preprocessed.png,87,95,197.0,255.0,73.2490062713623,81.49703617185797,0.04221534729003906,0.011431694030761719
d2dc86021c67_green_preprocessed.png,87,95,154.0,224.0,114.42013549804688,71.70974454054102,0.06581497192382812,0.016370773315429688
d2fb715b0c41_green_preprocessed.png,87,95,160.0,225.0,118.36059188842773,75.0449989195366,0.06810665130615234,0.020163536071777344
d30d079e6f9a_green_preprocessed.png,87,95,158.0,233.0,115.84906673431396,73.57157793675216,0.07172393798828125,0.01751995086669922
d332d7b8a26e_green_preprocessed.png,87,95,155.0,229.0,119.74830150604248,73.35331198551837,0.06741714477539062,0.015778541564941406
d38cf0f4a9af_green_preprocessed.png,87,95,158.0,223.0,119.13213062286377,72.41607527197549,0.06228828430175781,0.01665973663330078
d39752cb6e57_green_preprocessed.png,87,95,156.0,226.0,118.82056427001953,72.8791260822812,0.06581497192382812,0.016656875610351562
d3dfd0a2dee6_green_preprocessed.png,87,95,200.0,255.0,74.11126327514648,81.85747517067664,0.03272056579589844,0.012348175048828125
d3e56584a481_green_preprocessed.png,87,95,203.0,255.0,69.56607437133789,78.41544982347713,0.04041290283203125,0.009326934814453125
d436c06f0490_green_preprocessed.png,87,95,163.0,227.0,117.64622783660889,71.74078259918049,0.06902694702148438,0.02402496337890625
d4583e9525dc_green_preprocessed.png,87,95,203.0,255.0,67.74343585968018,81.02908920378235,0.03683662414550781,0.016321182250976562
d4bc001f7224_green_preprocessed.png,87,95,197.0,252.0,70.51944065093994,82.29319385983126,0.03298187255859375,0.014810562133789062
d516f77d4516_green_preprocessed.png,87,95,201.0,251.0,75.37525749206543,82.57896333948773,0.029206275939941406,0.01203155517578125
d51c2153d151_green_preprocessed.png,87,95,156.0,217.0,127.31706619262695,69.55192852758778,0.06781196594238281,0.018341064453125
d51e5d7484ea_green_preprocessed.png,87,95,157.0,224.0,120.15465354919434,73.65136783138045,0.0665283203125,0.01857757568359375
d56d32a1d62d_green_preprocessed.png,87,95,200.0,255.0,75.48936557769775,81.738063742381,0.03531932830810547,0.012728691101074219
d57d1be1bbd1_green_preprocessed.png,87,95,144.0,213.0,141.11844158172607,52.990274285041515,0.08120536804199219,0.01912212371826172
d5ad3362424c_green_preprocessed.png,87,95,147.0,224.0,144.4033546447754,60.141479517511925,0.08179378509521484,0.019651412963867188
d5c63a8d9e94_green_preprocessed.png,87,95,156.0,221.0,119.98727035522461,72.73867464616464,0.06383991241455078,0.016811370849609375
d6130f2ec903_green_preprocessed.png,87,95,155.0,238.0,111.6550817489624,72.51763916756998,0.0642995834350586,0.01630687713623047
d667af5742f6_green_preprocessed.png,87,95,163.0,225.0,117.72564506530762,71.9682510035591,0.060100555419921875,0.015490531921386719
d6803e467592_green_preprocessed.png,87,95,156.0,220.0,118.4496374130249,71.88574760954457,0.06424903869628906,0.017188072204589844
d69698f838db_green_preprocessed.png,87,95,152.0,225.0,117.19035148620605,72.96161625054911,0.06722640991210938,0.016008377075195312
d6b109c82067_green_preprocessed.png,87,95,159.0,223.0,120.41294479370117,73.62395264929822,0.06832313537597656,0.016701698303222656
d6dbb0820ea5_green_preprocessed.png,87,95,157.0,227.0,116.731858253479,71.67314141434454,0.06412124633789062,0.016618728637695312
d6df4fe492ec_green_preprocessed.png,87,95,159.0,226.0,116.42739963531494,73.36516274499107,0.06472015380859375,0.019954681396484375
d6f36ec5564a_green_preprocessed.png,87,95,200.0,255.0,74.11588859558105,81.2808316901605,0.03336143493652344,0.013364791870117188
d6f6bdfd8011_green_preprocessed.png,87,95,155.0,223.0,119.4939022064209,70.85483131526652,0.06176567077636719,0.01565837860107422
d7078e8b0349_green_preprocessed.png,87,95,194.0,255.0,74.10202121734619,82.62958638004865,0.04284858703613281,0.011491775512695312
d74ccc796517_green_preprocessed.png,87,95,157.0,219.0,118.29806232452393,71.77471708299124,0.06343555450439453,0.01745319366455078
d774692d9919_green_preprocessed.png,87,95,162.0,224.0,118.68482303619385,74.31984270239552,0.06703662872314453,0.01884174346923828
d78b7401096f_green_preprocessed.png,87,95,151.0,226.0,140.51981353759766,63.771224197728095,0.08430671691894531,0.02143383026123047
d7a01fca9838_green_preprocessed.png,87,95,229.0,255.0,67.9199161529541,77.38329011349907,0.034895896911621094,0.007378578186035156
d7ab5c040294_green_preprocessed.png,87,95,191.0,255.0,67.4254322052002,76.87099035424899,0.04414844512939453,0.00946044921875
d7ac4a0c9760_green_preprocessed.png,87,95,159.0,226.0,118.61761951446533,72.12790361792412,0.061995506286621094,0.01605510711669922
d7bc00091cfc_green_preprocessed.png,87,95,156.0,225.0,120.23369979858398,74.43158961354463,0.0700225830078125,0.017795562744140625
d7bc62d60e8c_green_preprocessed.png,87,95,149.0,220.0,140.1947202682495,55.435507352214664,0.08874225616455078,0.02054119110107422
d7e5fe5245e0_green_preprocessed.png,87,95,159.0,220.0,138.8262071609497,69.20416659907877,0.058536529541015625,0.016976356506347656
d807c53c1399_green_preprocessed.png,87,95,153.0,224.0,119.17528057098389,74.71619824341086,0.0722341537475586,0.01649761199951172
d838d5b9f571_green_preprocessed.png,87,95,165.0,226.0,116.74961471557617,69.62696849186855,0.054617881774902344,0.018978118896484375
d844a7252f4e_green_preprocessed.png,87,95,148.0,242.0,129.63165664672852,80.11160902304665,0.06723880767822266,0.013691902160644531
d865997a6280_green_preprocessed.png,87,95,204.0,255.0,73.94717311859131,80.93970541735585,0.029996871948242188,0.012576103210449219
d866c26d76f0_green_preprocessed.png,87,95,200.0,255.0,72.424973487854,79.40344087743952,0.03888225555419922,0.012074470520019531
d871895742b1_green_preprocessed.png,87,95,153.0,221.0,149.73103523254395,63.13089774400775,0.08350467681884766,0.01902008056640625
d881c04f01fe_green_preprocessed.png,87,95,165.0,225.0,114.32085704803467,74.88434870373436,0.06334877014160156,0.0194854736328125
d88c4843aec3_green_preprocessed.png,87,95,157.0,223.0,117.65972232818604,73.84113841849447,0.06770801544189453,0.017600059509277344
d8da9de62743_green_preprocessed.png,87,95,157.0,223.0,116.67444610595703,70.50964546720346,0.05929279327392578,0.016124725341796875
d911dd40c63b_green_preprocessed.png,87,95,158.0,225.0,117.3782901763916,72.41681842059363,0.06484317779541016,0.01929187774658203
d91635f380b4_green_preprocessed.png,87,95,212.0,255.0,73.72677516937256,81.12896735804793,0.028283119201660156,0.013081550598144531
d93b61dc8f64_green_preprocessed.png,87,95,150.0,224.0,134.55468845367432,64.4257682080268,0.08448219299316406,0.02172374725341797
d97911a32918_green_preprocessed.png,87,95,164.0,228.0,117.90866661071777,69.39082924964646,0.051957130432128906,0.017243385314941406
d99b0f7dd9b9_green_preprocessed.png,87,95,155.0,225.0,120.01642990112305,73.11376956187434,0.06762981414794922,0.014858245849609375
d99dd99be001_green_preprocessed.png,87,95,157.0,225.0,116.57359504699707,72.80343300793322,0.06746101379394531,0.01649188995361328
d9ad2a0ec026_green_preprocessed.png,87,95,155.0,223.0,117.64404392242432,69.26774852731859,0.050559043884277344,0.017126083374023438
d9c9b9786da3_green_preprocessed.png,87,95,159.0,223.0,117.7632007598877,73.30876301219347,0.06655693054199219,0.01776599884033203
d9d2631f043c_green_preprocessed.png,87,95,146.0,226.0,144.74158191680908,62.06595262520853,0.08654499053955078,0.018538475036621094
d9e58e4d8689_green_preprocessed.png,87,95,158.0,223.0,129.98576259613037,68.74430997328783,0.0629281997680664,0.018828392028808594
da0a83f074f3_green_preprocessed.png,87,95,211.0,255.0,65.94161033630371,77.55888847060737,0.037197113037109375,0.00746917724609375
da2bdf4236ac_green_preprocessed.png,87,95,191.0,255.0,65.13335514068604,76.19552090383112,0.03876495361328125,0.009377479553222656
da3a2275c850_green_preprocessed.png,87,95,162.0,223.0,115.83661556243896,71.70702564963953,0.06268501281738281,0.0171661376953125
da6389d129aa_green_preprocessed.png,87,95,171.0,228.0,135.06865406036377,68.42219225010263,0.050067901611328125,0.0194854736328125
da6bbb76d562_green_preprocessed.png,87,95,155.0,222.0,145.59852123260498,62.09798049581623,0.08007526397705078,0.018677711486816406
da9262d9f5d9_green_preprocessed.png,87,95,162.0,229.0,117.5156478881836,71.05202190983549,0.06190299987792969,0.01584148406982422
da949aa67a4f_green_preprocessed.png,87,95,190.0,255.0,75.2162446975708,82.73470763073767,0.03991127014160156,0.009646415710449219
da9574d35b82_green_preprocessed.png,87,95,152.0,218.0,139.42775535583496,54.76052340030998,0.08729362487792969,0.020616531372070312
da9fe02dead3_green_preprocessed.png,87,95,165.0,222.0,112.0104169845581,76.49224608035775,0.059220314025878906,0.021144866943359375
daad7b617f21_green_preprocessed.png,87,95,155.0,242.0,112.40307521820068,71.23637555173312,0.06025409698486328,0.015228271484375
daff5427c9b2_green_preprocessed.png,87,95,201.0,255.0,73.79184246063232,80.2078547264177,0.03557872772216797,0.011488914489746094
db3cd58aa315_green_preprocessed.png,87,95,201.0,255.0,73.72905731201172,81.57904522223791,0.038262367248535156,0.011739730834960938
db52626d450c_green_preprocessed.png,87,95,162.0,224.0,117.46318244934082,71.60397472738393,0.061992645263671875,0.016826629638671875
db6207e62c7b_green_preprocessed.png,87,95,194.0,255.0,73.49970626831055,81.44341798131398,0.04305553436279297,0.012172698974609375
dc0eea0b68a7_green_preprocessed.png,87,95,146.0,218.0,139.77410316467285,55.20417999992753,0.08559608459472656,0.02415752410888672
dc0f6e5b489b_green_preprocessed.png,87,95,201.0,255.0,73.67651176452637,81.33397913458312,0.03366565704345703,0.011086463928222656
dcc6c0ad5cad_green_preprocessed.png,87,95,150.0,225.0,153.02739715576172,62.95626745902214,0.08244609832763672,0.019216537475585938
dccdf750c962_green_preprocessed.png,87,95,155.0,225.0,118.08669853210449,72.32453047027005,0.0658559799194336,0.015431404113769531
dce73d90c00c_green_preprocessed.png,87,95,156.0,225.0,119.31080150604248,72.66794530512061,0.06593990325927734,0.015972137451171875
dcf109df1a2b_green_preprocessed.png,87,95,195.0,255.0,74.00166416168213,82.35648780526145,0.04278373718261719,0.011926651000976562
dd02d60bef14_green_preprocessed.png,87,95,192.0,255.0,71.73139572143555,80.9653452754341,0.035239219665527344,0.010454177856445312
dd285d9e97fe_green_preprocessed.png,87,95,155.0,231.0,113.95083236694336,72.74165398033273,0.06911849975585938,0.015209197998046875
dd3176bacfe2_green_preprocessed.png,87,95,155.0,223.0,111.41784572601318,72.431195060044,0.058136940002441406,0.013411521911621094
dd90c321d7bc_green_preprocessed.png,87,95,195.0,255.0,74.53146839141846,82.61757785648986,0.04358100891113281,0.013425827026367188
ddb222ff7c1d_green_preprocessed.png,87,95,198.0,252.0,74.95875358581543,82.93420177126754,0.035538673400878906,0.010728836059570312
de18071c36e6_green_preprocessed.png,87,95,181.0,255.0,71.09237384796143,80.2898307991545,0.03911876678466797,0.008329391479492188
de2eb5c8aa83_green_preprocessed.png,87,95,197.0,255.0,68.7438793182373,81.4363724093566,0.04068756103515625,0.017200469970703125
de38adaae009_green_preprocessed.png,87,95,149.0,213.0,138.90806579589844,56.117132876293304,0.08881473541259766,0.020142555236816406
de4cdabbce6d_green_preprocessed.png,87,95,198.0,255.0,74.24546146392822,81.62293372175671,0.03153419494628906,0.009903907775878906
de55ed25e0e8_green_preprocessed.png,87,95,161.0,224.0,118.56756591796875,74.02120596365457,0.06692790985107422,0.01853179931640625
de57c9e9fa93_green_preprocessed.png,87,95,150.0,217.0,143.12225437164307,63.14636806126797,0.07274246215820312,0.01910400390625
de6210f88536_green_preprocessed.png,87,95,157.0,223.0,118.1966962814331,72.80131456762372,0.06413555145263672,0.015956878662109375
de730033c683_green_preprocessed.png,87,95,153.0,211.0,138.91623401641846,49.96423771236198,0.07863426208496094,0.0196075439453125
dea7538bb91a_green_preprocessed.png,87,95,157.0,230.0,113.7151460647583,71.52037318079259,0.06277751922607422,0.01662158966064453
dec5595e6154_green_preprocessed.png,87,95,156.0,225.0,117.72533702850342,73.17052211771531,0.06969356536865234,0.01648998260498047
dee1031a76ae_green_preprocessed.png,87,95,145.0,244.0,114.92898845672607,73.61565022068426,0.06860637664794922,0.013868331909179688
dee31065f8fe_green_preprocessed.png,87,95,160.0,226.0,116.2813196182251,74.40042111890584,0.06749439239501953,0.01864910125732422
df0886f1e76b_green_preprocessed.png,87,95,198.0,255.0,71.98696422576904,80.65298501900298,0.03855705261230469,0.010529518127441406
df6d13d04da1_green_preprocessed.png,87,95,157.0,223.0,116.84176731109619,72.79926196860316,0.06513214111328125,0.015909194946289062
df9cb3729eb1_green_preprocessed.png,87,95,200.0,255.0,74.76919746398926,82.37021915156929,0.038338661193847656,0.010540962219238281
dfc7ec7db0e0_green_preprocessed.png,87,95,158.0,229.0,117.60329532623291,74.90600631587236,0.07081127166748047,0.01743316650390625
dfea19863428_green_preprocessed.png,87,95,163.0,233.0,114.31164073944092,72.87894932399105,0.06045055389404297,0.015777587890625
e01b7bac822b_green_preprocessed.png,87,95,165.0,224.0,113.3128776550293,75.1787750708895,0.06072521209716797,0.022169113159179688
e0313be77035_green_preprocessed.png,87,95,195.0,255.0,73.73086738586426,81.46393629315753,0.04326438903808594,0.012356758117675781
e03a74e7d74f_green_preprocessed.png,87,95,207.0,255.0,69.60234546661377,80.83723586013535,0.03431224822998047,0.01562786102294922
e04f3c6619a3_green_preprocessed.png,87,95,158.0,223.0,118.82993984222412,72.02102643990133,0.06524085998535156,0.01735210418701172
e067b06fd655_green_preprocessed.png,87,95,159.0,226.0,119.16217136383057,73.63847608514628,0.06616687774658203,0.02056884765625
e06cccc08c59_green_preprocessed.png,87,95,154.0,224.0,118.05421543121338,73.44620616784694,0.06367778778076172,0.017168045043945312
e087bd4b88f2_green_preprocessed.png,87,95,196.0,255.0,73.35479927062988,81.44894617175322,0.03220367431640625,0.010764122009277344
e0d229db881a_green_preprocessed.png,87,95,154.0,227.0,116.84270000457764,72.8641328497566,0.06885147094726562,0.015915870666503906
e12df54e0d1e_green_preprocessed.png,87,95,153.0,229.0,117.1515941619873,73.30363514107252,0.06740474700927734,0.01587963104248047
e12f9f19d1be_green_preprocessed.png,87,95,228.0,255.0,65.68429374694824,74.64547302952325,0.03622722625732422,0.008330345153808594
e135d7ba9a0e_green_preprocessed.png,87,95,154.0,229.0,119.4285078048706,72.90802354670745,0.06519603729248047,0.01636028289794922
e160a3b19911_green_preprocessed.png,87,95,204.0,255.0,65.99645709991455,76.93859210405569,0.037940025329589844,0.008561134338378906
e16af45285e5_green_preprocessed.png,87,95,156.0,225.0,118.843092918396,71.68242921486933,0.06256675720214844,0.016930580139160156
e1ab92228e60_green_preprocessed.png,87,95,160.0,220.0,137.09460830688477,68.08392727046713,0.05731773376464844,0.01664447784423828
e1b8acb1cea1_green_preprocessed.png,87,95,156.0,226.0,115.87976264953613,73.57246455060387,0.06774139404296875,0.018912315368652344
e1c02f6c3362_green_preprocessed.png,87,95,199.0,255.0,74.89618301391602,82.44329250529401,0.03824615478515625,0.012796401977539062
e1dc02a3dc2a_green_preprocessed.png,87,95,158.0,230.0,118.17371654510498,73.13588742879634,0.06726264953613281,0.016759872436523438
e2265c383348_green_preprocessed.png,87,95,209.0,255.0,70.07791042327881,80.26989474597022,0.04160308837890625,0.007841110229492188
e246cd89e1cc_green_preprocessed.png,87,95,156.0,223.0,117.54272937774658,71.93347226630605,0.06318855285644531,0.018030166625976562
e251bdf05b85_green_preprocessed.png,87,95,155.0,240.0,114.98710441589355,74.00015830735671,0.06701278686523438,0.019390106201171875
e26bcae6c67b_green_preprocessed.png,87,95,149.0,225.0,148.25844478607178,63.156137689787194,0.08400440216064453,0.02051067352294922
e29e54ff921e_green_preprocessed.png,87,95,158.0,223.0,118.90140628814697,72.83165073326282,0.06498146057128906,0.017564773559570312
e2c39ed0c941_green_preprocessed.png,87,95,157.0,229.0,118.04436492919922,72.72821683711736,0.06596183776855469,0.01592540740966797
e2c3b037413b_green_preprocessed.png,87,95,153.0,221.0,134.6165714263916,69.62072015485938,0.0697622299194336,0.01863574981689453
e2ec22b3d07e_green_preprocessed.png,87,95,159.0,235.0,110.23974990844727,74.99862425389219,0.066741943359375,0.01684284210205078
e30a890600e1_green_preprocessed.png,87,95,157.0,236.0,114.80502414703369,73.43306609560256,0.0644989013671875,0.014741897583007812
e322acd46152_green_preprocessed.png,87,95,202.0,255.0,71.07193756103516,81.40513251948703,0.037543296813964844,0.013545989990234375
e33766353db2_green_preprocessed.png,87,95,202.0,255.0,66.57738494873047,76.92447167585307,0.039795875549316406,0.009509086608886719
e3b47ed5b511_green_preprocessed.png,87,95,157.0,224.0,118.76482963562012,73.02548064661153,0.06315422058105469,0.01577472686767578
e3cd96cb094c_green_preprocessed.png,87,95,192.0,250.0,72.08300685882568,80.7028136679067,0.02782917022705078,0.01152801513671875
e42d9a94a66d_green_preprocessed.png,87,95,147.0,215.0,139.61898803710938,58.60445258781773,0.09297657012939453,0.022986412048339844
e47452069ea1_green_preprocessed.png,87,95,200.0,255.0,73.37140846252441,81.48406361462376,0.03538799285888672,0.010107994079589844
e47770a2e5d1_green_preprocessed.png,87,95,148.0,227.0,145.17005443572998,62.37576291753568,0.08646488189697266,0.020498275756835938
e4a44f9158dc_green_preprocessed.png,87,95,154.0,228.0,118.33185958862305,73.73655660594748,0.07513713836669922,0.016936302185058594
e4ae1ee6aada_green_preprocessed.png,87,95,163.0,226.0,117.45952796936035,70.26113791393703,0.059314727783203125,0.014493942260742188
e4b0df29b96f_green_preprocessed.png,87,95,164.0,226.0,117.77768993377686,69.42110889344556,0.05362415313720703,0.016832351684570312
e4c799738a19_green_preprocessed.png,87,95,170.0,229.0,117.15021419525146,69.77092671419487,0.05592060089111328,0.015522003173828125
e4d3d437b0a8_green_preprocessed.png,87,95,156.0,225.0,120.39480972290039,73.46478620039967,0.06776618957519531,0.017271041870117188
