image,color_outlier,color_outlier_feature_count,outlier_features,before_mean,before_std,before_min,before_max,before_dark_ratio,after_mean,after_std,after_min,after_max,after_dark_ratio,noise_std,pre_denoise_h,brightness_scale,clahe_clip_limit,is_dark,is_noisy,touches_border,fundus_pixels,vessel_pixels,skeleton_pixels,vessel_ratio,skeleton_ratio,green_preprocessed,vessel_mask,skeleton,overlay
1b3647865779.png,False,0,,68.90549410869575,17.70965006782945,0.0,255.0,0.0005889154927761133,119.79382799368958,29.92563121870583,15.0,230.0,2.5791919391654596e-05,14.378113312345592,11.626312515276393,0.838976379644767,1.0,True,True,False,232631,56735,7336,0.2438840911142539,0.031534920109529685,preprocessed_green_images/1b3647865779_green_preprocessed.png,vessel_masks/1b3647865779_vessel_mask.png,vessel_skeletons/1b3647865779_skeleton.png,vessel_overlays/1b3647865779_overlay.png
1b398c0494d1.png,False,0,,71.52025430560815,14.246203058912672,0.0,221.0,0.0008677429622212361,122.59503818301361,23.44099266711335,3.0,241.0,0.0005331914587142536,19.034219785924297,12.0,0.9038126126638152,1.0,True,True,False,860854,186807,20567,0.21700195387371146,0.023891391571625387,preprocessed_green_images/1b398c0494d1_green_preprocessed.png,vessel_masks/1b398c0494d1_vessel_mask.png,vessel_skeletons/1b398c0494d1_skeleton.png,vessel_overlays/1b398c0494d1_overlay.png
1b862fb6f65d.png,False,0,,73.77918006739203,20.64766589880068,0.0,253.0,0.0005439716204891328,121.1969711939131,23.37289917778762,4.0,240.0,0.0003347517664548509,21.429914749893637,12.0,0.9046788641647654,1.0,True,True,False,860339,187810,21577,0.21829767103432485,0.02507964883609833,preprocessed_green_images/1b862fb6f65d_green_preprocessed.png,vessel_masks/1b862fb6f65d_vessel_mask.png,vessel_skeletons/1b862fb6f65d_skeleton.png,vessel_overlays/1b862fb6f65d_overlay.png
1b8701231c8f.png,False,0,,35.16542769857434,13.62115643092202,0.0,174.0,0.30744399185336047,116.95454938900204,25.525549855852066,6.0,239.0,6.364562118126272e-05,6.784749874088607,11.588084154206612,0.9104521025531116,1.0,True,True,False,392800,113299,22169,0.28843940936863544,0.056438391038696537,preprocessed_green_images/1b8701231c8f_green_preprocessed.png,vessel_masks/1b8701231c8f_vessel_mask.png,vessel_skeletons/1b8701231c8f_skeleton.png,vessel_overlays/1b8701231c8f_overlay.png
1c13a1483f4a.png,False,0,,80.96828640647277,12.366747626887141,0.0,170.0,0.0008067787965549618,120.82820016460143,20.69563792882367,3.0,237.0,0.0005111917374723249,18.98850195027648,12.0,0.9030788152931354,1.0,True,True,False,862690,189414,22011,0.21956206748658266,0.02551437944105067,preprocessed_green_images/1c13a1483f4a_green_preprocessed.png,vessel_masks/1c13a1483f4a_vessel_mask.png,vessel_skeletons/1c13a1483f4a_skeleton.png,vessel_overlays/1c13a1483f4a_overlay.png
1c47815f4a6b.png,False,1,mean_S,60.74334025170222,25.845881248804265,7.0,255.0,0.11751724231333101,121.08928894291161,18.063981151538037,10.0,244.0,1.2188969659623023e-05,9.508644500150119,10.404049777686517,0.9349764444072419,1.0,True,True,False,1476745,361900,55112,0.24506600665653178,0.037319916437841334,preprocessed_green_images/1c47815f4a6b_green_preprocessed.png,vessel_masks/1c47815f4a6b_vessel_mask.png,vessel_skeletons/1c47815f4a6b_skeleton.png,vessel_overlays/1c47815f4a6b_overlay.png
1c7a013eeba7.png,False,0,,81.2429624914035,12.321485350176374,0.0,184.0,0.0006598390364491366,119.91172561848293,20.806806323886086,2.0,237.0,0.0004635136893366294,21.019789155609523,12.0,0.9015430022808624,1.0,True,True,False,860816,199291,27636,0.2315140517834241,0.03210442185089497,preprocessed_green_images/1c7a013eeba7_green_preprocessed.png,vessel_masks/1c7a013eeba7_vessel_mask.png,vessel_skeletons/1c7a013eeba7_skeleton.png,vessel_overlays/1c7a013eeba7_overlay.png
1c9c583c10bf.png,False,0,,65.83837775050408,13.39438590966495,0.0,187.0,2.8548951936253364e-05,122.22202577595475,18.221833958489913,6.0,243.0,1.384191609030466e-05,12.21404021153456,11.033315840124573,0.9328165365872546,1.0,True,True,False,3467728,904428,149701,0.26081284345254296,0.04316976417988954,preprocessed_green_images/1c9c583c10bf_green_preprocessed.png,vessel_masks/1c9c583c10bf_vessel_mask.png,vessel_skeletons/1c9c583c10bf_skeleton.png,vessel_overlays/1c9c583c10bf_overlay.png
1ca35d483772.png,False,0,,86.89135930458822,12.640323193229156,0.0,210.0,0.001074984518831363,119.44475252163305,21.79770101006908,2.0,239.0,0.0008395779845025964,22.562868527840806,12.0,0.8999762752996179,1.0,True,True,False,862338,212369,29577,0.24627118368899434,0.03429861608789129,preprocessed_green_images/1ca35d483772_green_preprocessed.png,vessel_masks/1ca35d483772_vessel_mask.png,vessel_skeletons/1ca35d483772_skeleton.png,vessel_overlays/1ca35d483772_overlay.png
1ca91751be4d.png,False,0,,92.78531335099387,13.989951272927897,0.0,185.0,0.0011439210092439932,120.87653294677757,21.36546913990451,2.0,238.0,0.0008718345343732053,19.70864474390557,11.883457897562227,0.900781238660767,1.0,False,True,False,863696,181457,20608,0.21009359774735556,0.02386024712398807,preprocessed_green_images/1ca91751be4d_green_preprocessed.png,vessel_masks/1ca91751be4d_vessel_mask.png,vessel_skeletons/1ca91751be4d_skeleton.png,vessel_overlays/1ca91751be4d_overlay.png
1caba2fb38f6.png,False,0,,53.0207835323048,15.779171612320258,0.0,177.0,0.04179156910027208,121.63991922491279,22.08245729935119,5.0,240.0,0.00015703681989970582,21.173074122228957,12.0,0.9133628364451468,1.0,True,True,False,859671,212001,27910,0.24660713226338912,0.03246590846963548,preprocessed_green_images/1caba2fb38f6_green_preprocessed.png,vessel_masks/1caba2fb38f6_vessel_mask.png,vessel_skeletons/1caba2fb38f6_skeleton.png,vessel_overlays/1caba2fb38f6_overlay.png
1cb6961d141c.png,False,0,,99.03268546682477,14.39387337723894,0.0,220.0,5.585056108332904e-05,116.32558299393376,30.715075366412986,2.0,226.0,4.2961970064099256e-05,15.399320552445273,10.15972822097811,0.8248626832418361,1.0,False,True,False,232764,59416,8172,0.25526284133285215,0.03510852193638191,preprocessed_green_images/1cb6961d141c_green_preprocessed.png,vessel_masks/1cb6961d141c_vessel_mask.png,vessel_skeletons/1cb6961d141c_skeleton.png,vessel_overlays/1cb6961d141c_overlay.png
1cc58b15f466.png,False,1,mean_S,63.900454356616784,16.797094138310158,13.0,221.0,0.011572775433831098,123.11944920358793,17.745393968658746,24.0,244.0,2.1923117818123622e-07,9.801170950541161,10.240427992961639,0.9431066963967315,1.0,True,True,False,4561395,1217792,176616,0.266977974939684,0.03871973376565722,preprocessed_green_images/1cc58b15f466_green_preprocessed.png,vessel_masks/1cc58b15f466_vessel_mask.png,vessel_skeletons/1cc58b15f466_skeleton.png,vessel_overlays/1cc58b15f466_overlay.png
1d0b93317aa8.png,False,0,,37.55487971244467,14.576060426649095,0.0,239.0,0.20654329551115594,122.66034087469272,25.170100000473795,9.0,241.0,1.0859340322223775e-05,25.917147440617274,12.0,0.918916553161401,1.0,True,True,False,1473386,382205,58122,0.25940588549097116,0.03944791113801814,preprocessed_green_images/1d0b93317aa8_green_preprocessed.png,vessel_masks/1d0b93317aa8_vessel_mask.png,vessel_skeletons/1d0b93317aa8_skeleton.png,vessel_overlays/1d0b93317aa8_overlay.png
1d2472849dce.png,False,0,,37.40369031234692,16.814327949551767,0.0,164.0,0.3810235834752385,122.69602976509832,25.184355181008293,8.0,240.0,0.00013296321351092863,21.040745639674544,12.0,0.9254100716049238,1.0,True,True,False,857380,211899,29660,0.24714712262940586,0.03459376239240477,preprocessed_green_images/1d2472849dce_green_preprocessed.png,vessel_masks/1d2472849dce_vessel_mask.png,vessel_skeletons/1d2472849dce_skeleton.png,vessel_overlays/1d2472849dce_overlay.png
1d37f1c8b6d8.png,False,0,,97.61516948075212,9.273887876329105,0.0,171.0,0.0011152330432571739,117.42133504374256,20.6138150660956,3.0,237.0,0.0008228455199990755,19.320920093761448,11.728368037504579,0.8995075832962434,1.0,False,True,False,865290,207594,34339,0.23991263044759562,0.03968496111130373,preprocessed_green_images/1d37f1c8b6d8_green_preprocessed.png,vessel_masks/1d37f1c8b6d8_vessel_mask.png,vessel_skeletons/1d37f1c8b6d8_skeleton.png,vessel_overlays/1d37f1c8b6d8_overlay.png
1d3e9b939732.png,False,0,,91.84047748173694,13.096708679669824,0.0,178.0,0.0008807060481329031,121.14905138688026,23.0410509118072,2.0,240.0,0.0007694589683687469,20.8761613493345,12.0,0.8988683055290185,1.0,False,True,False,862944,190854,20796,0.22116614751362776,0.024098898653910336,preprocessed_green_images/1d3e9b939732_green_preprocessed.png,vessel_masks/1d3e9b939732_vessel_mask.png,vessel_skeletons/1d3e9b939732_skeleton.png,vessel_overlays/1d3e9b939732_overlay.png
1d46f1326394.png,False,0,,81.19717972318219,17.968208909576695,0.0,250.0,0.0015849585236383423,120.59407116683744,25.34545398569181,2.0,239.0,0.001253842279839536,21.053857872661368,12.0,0.8999361966288186,1.0,True,True,False,863745,206808,25029,0.23943177673966276,0.028977302328812325,preprocessed_green_images/1d46f1326394_green_preprocessed.png,vessel_masks/1d46f1326394_vessel_mask.png,vessel_skeletons/1d46f1326394_skeleton.png,vessel_overlays/1d46f1326394_overlay.png
1d74c4713e21.png,False,0,,80.2832794658658,27.319057534920855,0.0,255.0,3.249650324084919e-05,120.06580948112563,25.0806863896017,3.0,237.0,2.0310314525530743e-05,21.01121576909534,12.0,0.9005976523844487,1.0,True,True,False,1477082,359965,60078,0.24370007893942244,0.040673435868827865,preprocessed_green_images/1d74c4713e21_green_preprocessed.png,vessel_masks/1d74c4713e21_vessel_mask.png,vessel_skeletons/1d74c4713e21_skeleton.png,vessel_overlays/1d74c4713e21_overlay.png
1da4a17c18c9.png,False,0,,88.03854840788665,17.458251478489583,0.0,253.0,0.0006398413286403895,122.66788867457623,21.95577490144858,2.0,239.0,0.0004250125703854492,20.838251331143226,12.0,0.9025532301455923,1.0,True,True,False,861151,181295,19015,0.21052637690718584,0.02208091263901453,preprocessed_green_images/1da4a17c18c9_green_preprocessed.png,vessel_masks/1da4a17c18c9_vessel_mask.png,vessel_skeletons/1da4a17c18c9_skeleton.png,vessel_overlays/1da4a17c18c9_overlay.png
1db0393cdbc1.png,False,0,,83.3204305144071,26.48754392016368,0.0,255.0,6.449976135088301e-05,120.30023778912017,27.76151308989665,7.0,226.0,4.7299824990647536e-05,22.375180745544867,12.0,0.8379145724116809,1.0,True,True,False,232559,53890,6975,0.23172614261327232,0.029992389028160597,preprocessed_green_images/1db0393cdbc1_green_preprocessed.png,vessel_masks/1db0393cdbc1_vessel_mask.png,vessel_skeletons/1db0393cdbc1_skeleton.png,vessel_overlays/1db0393cdbc1_overlay.png
1db6bb46c102.png,False,0,,92.17938930854896,14.416180771066962,0.0,193.0,0.0008631681286770208,121.29291448022545,21.855091271125126,2.0,238.0,0.0006972635017942063,20.641322640057783,12.0,0.9008685589226527,1.0,False,True,False,861941,184061,20184,0.2135424582425015,0.02341691600701208,preprocessed_green_images/1db6bb46c102_green_preprocessed.png,vessel_masks/1db6bb46c102_vessel_mask.png,vessel_skeletons/1db6bb46c102_skeleton.png,vessel_overlays/1db6bb46c102_overlay.png
1df0431bfa73.png,False,0,,98.3386220363376,10.915951792877367,0.0,244.0,1.7567448868588725e-05,118.08881629178181,23.531234863203494,2.0,236.0,1.7567448868588725e-05,19.416996199894566,11.766798479957826,0.896194552026732,1.0,False,True,False,1480010,331915,50714,0.22426537658529333,0.03426598468929264,preprocessed_green_images/1df0431bfa73_green_preprocessed.png,vessel_masks/1df0431bfa73_vessel_mask.png,vessel_skeletons/1df0431bfa73_skeleton.png,vessel_overlays/1df0431bfa73_overlay.png
1df0a4c23c95.png,False,0,,70.3074892973196,11.882578390218974,0.0,189.0,4.2982652201571446e-05,116.18694015095508,31.472657757163038,15.0,227.0,2.1491326100785723e-05,14.350381533308285,11.490598009117127,0.8297481071292546,1.0,True,True,False,232652,62439,10673,0.26837938208139195,0.045875384694737203,preprocessed_green_images/1df0a4c23c95_green_preprocessed.png,vessel_masks/1df0a4c23c95_vessel_mask.png,vessel_skeletons/1df0a4c23c95_skeleton.png,vessel_overlays/1df0a4c23c95_overlay.png
1df1530b9b8d.png,False,0,,78.60537677611747,16.06930473784296,0.0,228.0,0.0008662854700934102,122.16961312108953,22.960966865454765,2.0,241.0,0.0005016559290621356,22.571619909274343,12.0,0.9029664927246139,1.0,True,True,False,861148,186579,20929,0.21666310552889864,0.024303604026253325,preprocessed_green_images/1df1530b9b8d_green_preprocessed.png,vessel_masks/1df1530b9b8d_vessel_mask.png,vessel_skeletons/1df1530b9b8d_skeleton.png,vessel_overlays/1df1530b9b8d_overlay.png
1dfe599d12a9.png,False,0,,87.58491068361388,29.35609906157981,0.0,255.0,4.723462727585022e-05,118.08293112332532,38.88318256777822,2.0,225.0,4.294057025077293e-05,14.190900235222493,9.891034699989984,0.82163780284215,1.0,True,True,False,232880,58796,7740,0.2524733768464445,0.03323600137409825,preprocessed_green_images/1dfe599d12a9_green_preprocessed.png,vessel_masks/1dfe599d12a9_vessel_mask.png,vessel_skeletons/1dfe599d12a9_skeleton.png,vessel_overlays/1dfe599d12a9_overlay.png
1e8c31e29dd3.png,False,0,,90.97871077478479,15.357640139032966,0.0,226.0,0.000775247616402851,118.94820304545034,21.888721422420776,2.0,239.0,0.0005762288253262982,20.782531450633968,12.0,0.9000160036516895,1.0,False,True,False,864240,217020,29620,0.25111080255484586,0.034272887160973806,preprocessed_green_images/1e8c31e29dd3_green_preprocessed.png,vessel_masks/1e8c31e29dd3_vessel_mask.png,vessel_skeletons/1e8c31e29dd3_skeleton.png,vessel_overlays/1e8c31e29dd3_overlay.png
1ec95179cdfe.png,False,0,,44.54931739832265,22.227144659080246,0.0,250.0,0.06184916056033934,118.83085430871623,27.951941991358225,5.0,245.0,0.0006365177893991782,10.53013630917663,12.0,0.9098318018910564,1.0,True,True,False,392762,107429,17997,0.27352187838945724,0.04582164262326804,preprocessed_green_images/1ec95179cdfe_green_preprocessed.png,vessel_masks/1ec95179cdfe_vessel_mask.png,vessel_skeletons/1ec95179cdfe_skeleton.png,vessel_overlays/1ec95179cdfe_overlay.png
1ee355480567.png,False,0,,71.57416841494639,21.538872159418755,0.0,240.0,0.0006544639784513679,119.37813752262397,25.162337781817463,5.0,237.0,1.5550280479732913e-05,21.260611733370233,12.0,0.9002039707351985,1.0,True,True,False,1479073,383288,69506,0.25914069150068997,0.046992947609752866,preprocessed_green_images/1ee355480567_green_preprocessed.png,vessel_masks/1ee355480567_vessel_mask.png,vessel_skeletons/1ee355480567_skeleton.png,vessel_overlays/1ee355480567_overlay.png
1eee55494271.png,False,0,,81.97347077857542,9.55487226015184,0.0,246.0,1.8254516640682152e-05,117.18161350996493,22.086148250703623,4.0,237.0,1.5550143805025537e-05,20.452466205766324,12.0,0.9001218182273777,1.0,True,True,False,1479086,682504,143046,0.46143631945674557,0.09671242916233404,preprocessed_green_images/1eee55494271_green_preprocessed.png,vessel_masks/1eee55494271_vessel_mask.png,vessel_skeletons/1eee55494271_skeleton.png,vessel_overlays/1eee55494271_overlay.png
1f15ca672675.png,False,0,,56.89429442207698,13.413590574492723,0.0,248.0,0.031448232684262806,118.42173480574637,23.138302822498655,19.0,239.0,3.3878689897510186e-06,23.868575399649867,12.0,0.9067374461500984,1.0,True,True,False,1475854,409764,78966,0.27764534974326727,0.05350529252893579,preprocessed_green_images/1f15ca672675_green_preprocessed.png,vessel_masks/1f15ca672675_vessel_mask.png,vessel_skeletons/1f15ca672675_skeleton.png,vessel_overlays/1f15ca672675_overlay.png
1f31701dd61b.png,False,0,,88.12196612232854,10.10106009663553,0.0,164.0,0.0007840977996473302,115.78526174926992,19.835829657344043,2.0,236.0,0.0006388945034163431,16.62357195305909,10.816365125905543,0.9000751542083221,1.0,True,True,False,860862,424083,92166,0.4926259958042056,0.10706245600340124,preprocessed_green_images/1f31701dd61b_green_preprocessed.png,vessel_masks/1f31701dd61b_vessel_mask.png,vessel_skeletons/1f31701dd61b_skeleton.png,vessel_overlays/1f31701dd61b_overlay.png
1f3f32efaf20.png,False,0,,97.78963565016593,15.277728407092972,0.0,235.0,0.0014243154795253205,118.84878344051317,21.239047175227064,2.0,238.0,0.0011031802781400497,20.898496451095873,12.0,0.9007963817984075,1.0,False,True,False,865679,210924,29298,0.24365151516901762,0.033843953705703846,preprocessed_green_images/1f3f32efaf20_green_preprocessed.png,vessel_masks/1f3f32efaf20_vessel_mask.png,vessel_skeletons/1f3f32efaf20_skeleton.png,vessel_overlays/1f3f32efaf20_overlay.png
1f4fb37e0854.png,False,0,,38.9263544377282,25.812306361709457,0.0,245.0,0.36018699108329555,121.02313454497309,31.469457821415396,3.0,247.0,0.0033380352696144584,11.36470119853165,12.0,0.9207473090236246,1.0,True,True,False,392746,98692,14501,0.25128709140258587,0.03692208195627709,preprocessed_green_images/1f4fb37e0854_green_preprocessed.png,vessel_masks/1f4fb37e0854_vessel_mask.png,vessel_skeletons/1f4fb37e0854_skeleton.png,vessel_overlays/1f4fb37e0854_overlay.png
1f5496352859.png,False,0,,84.53141271943007,21.009828500562982,0.0,255.0,0.0004569344370161572,119.11521991069809,25.007679675300384,5.0,237.0,1.2184918320430858e-05,20.622758729871666,12.0,0.9003157839163742,1.0,True,True,False,1477236,348239,52627,0.23573687616602898,0.03562531646940638,preprocessed_green_images/1f5496352859_green_preprocessed.png,vessel_masks/1f5496352859_vessel_mask.png,vessel_skeletons/1f5496352859_skeleton.png,vessel_overlays/1f5496352859_overlay.png
1f9ccda4ddf2.png,False,0,,74.56025977377317,19.467241794267323,0.0,255.0,4.730979312717733e-05,118.77403122446347,30.277237021832097,22.0,231.0,1.7203561137155392e-05,20.431279731221423,12.0,0.8371441757703931,1.0,True,True,False,232510,52029,7046,0.22377102060126447,0.03030407294309922,preprocessed_green_images/1f9ccda4ddf2_green_preprocessed.png,vessel_masks/1f9ccda4ddf2_vessel_mask.png,vessel_skeletons/1f9ccda4ddf2_skeleton.png,vessel_overlays/1f9ccda4ddf2_overlay.png
1faf8664816c.png,False,0,,92.09355385674851,9.836702762215335,0.0,177.0,0.0008564765250201099,116.36987170213135,20.713117812038966,2.0,237.0,0.000643514794474569,19.701121243954518,11.880448497581806,0.8995088465463013,1.0,False,True,False,864005,394885,80653,0.45704017916562983,0.09334783942222556,preprocessed_green_images/1faf8664816c_green_preprocessed.png,vessel_masks/1faf8664816c_vessel_mask.png,vessel_skeletons/1faf8664816c_skeleton.png,vessel_overlays/1faf8664816c_overlay.png
1fb455685328.png,False,0,,90.45010916536901,16.20033034929891,0.0,249.0,0.000851060869403898,119.87186084343146,21.035181167873844,2.0,238.0,0.0006411943607361792,20.501799913333887,12.0,0.9018560372147516,1.0,False,True,False,862453,191138,21723,0.22162135212005757,0.02518745949054615,preprocessed_green_images/1fb455685328_green_preprocessed.png,vessel_masks/1fb455685328_vessel_mask.png,vessel_skeletons/1fb455685328_skeleton.png,vessel_overlays/1fb455685328_overlay.png
201f6e10c108.png,False,0,,94.64603425239888,14.532374990414716,0.0,244.0,0.0009728560439115523,119.68951201031852,20.88057415917264,2.0,239.0,0.0007947111797470111,21.853973977273984,12.0,0.901438412970366,1.0,False,True,False,864465,189950,22973,0.21973127888347127,0.026574817950987026,preprocessed_green_images/201f6e10c108_green_preprocessed.png,vessel_masks/201f6e10c108_vessel_mask.png,vessel_skeletons/201f6e10c108_skeleton.png,vessel_overlays/201f6e10c108_overlay.png
201f882365d3.png,False,0,,49.97754070317989,29.243960664109892,0.0,252.0,0.06681787172516317,119.66574518129333,32.67373428142485,9.0,243.0,0.003815764018287157,13.494413564335346,12.0,0.9082151202267694,1.0,True,True,False,392844,97483,13288,0.24814684709452098,0.033825131604402765,preprocessed_green_images/201f882365d3_green_preprocessed.png,vessel_masks/201f882365d3_vessel_mask.png,vessel_skeletons/201f882365d3_skeleton.png,vessel_overlays/201f882365d3_overlay.png
207dd0487264.png,False,0,,85.75731051373056,15.516021490585063,0.0,207.0,0.0008846841943757707,120.8019778018377,22.448569249353575,4.0,240.0,0.0004956084230272643,21.55710211945214,12.0,0.9022283421214018,1.0,True,True,False,863585,200457,24858,0.23212191040835586,0.02878465929815826,preprocessed_green_images/207dd0487264_green_preprocessed.png,vessel_masks/207dd0487264_vessel_mask.png,vessel_skeletons/207dd0487264_skeleton.png,vessel_overlays/207dd0487264_overlay.png
21037f5c7790.png,False,0,,86.41730023021796,12.947844444129595,0.0,202.0,0.0006625728714121273,116.72622860272548,20.235995102187236,3.0,237.0,0.0004397812929337938,17.991758584041918,11.515165635375169,0.9011320301733898,1.0,True,True,False,861792,213686,40906,0.24795542311833946,0.04746620994393078,preprocessed_green_images/21037f5c7790_green_preprocessed.png,vessel_masks/21037f5c7790_vessel_mask.png,vessel_skeletons/21037f5c7790_skeleton.png,vessel_overlays/21037f5c7790_overlay.png
215d2b7c3fde.png,False,0,,40.51474378565607,22.089888386518687,0.0,146.0,0.3041004482477588,118.7619218622657,25.66873763001103,2.0,242.0,0.00012224938875305622,9.145297584489594,12.0,0.9182312184504668,1.0,True,True,False,392640,111002,19248,0.2827068052159739,0.04902200488997555,preprocessed_green_images/215d2b7c3fde_green_preprocessed.png,vessel_masks/215d2b7c3fde_vessel_mask.png,vessel_skeletons/215d2b7c3fde_skeleton.png,vessel_overlays/215d2b7c3fde_overlay.png
218c822a3dd9.png,False,1,mean_S,77.56170218170145,24.010869275109137,6.0,255.0,0.00230874366595387,124.85868710786501,19.486260262722542,21.0,244.0,3.5034046524337932e-06,10.574062708492516,9.335251556134654,0.9417956006823286,1.0,True,True,False,4566986,1086353,126130,0.23787088464908804,0.027617776800717145,preprocessed_green_images/218c822a3dd9_green_preprocessed.png,vessel_masks/218c822a3dd9_vessel_mask.png,vessel_skeletons/218c822a3dd9_skeleton.png,vessel_overlays/218c822a3dd9_overlay.png
2221cf5c7935.png,False,1,mean_S,69.80927520298623,33.255229470264815,5.0,255.0,0.09496570343918152,124.70103539595586,19.4751227938984,15.0,229.0,0.00026393418711743186,10.123470151663147,9.84411915373315,0.9649544347152568,1.0,True,True,False,5039135,1272967,168807,0.2526161732122676,0.03349920174791904,preprocessed_green_images/2221cf5c7935_green_preprocessed.png,vessel_masks/2221cf5c7935_vessel_mask.png,vessel_skeletons/2221cf5c7935_skeleton.png,vessel_overlays/2221cf5c7935_overlay.png
22449af52060.png,False,0,,87.648694917901,14.849956302270032,0.0,194.0,0.0007079195609047953,120.34676953863772,24.174439177978616,3.0,240.0,0.0005864627734946588,21.344708750845317,12.0,0.8995292430158361,1.0,True,True,False,864505,193618,25076,0.22396400252167425,0.029006194296157917,preprocessed_green_images/22449af52060_green_preprocessed.png,vessel_masks/22449af52060_vessel_mask.png,vessel_skeletons/22449af52060_skeleton.png,vessel_overlays/22449af52060_overlay.png
224c14366e11.png,False,0,,93.72814407955596,12.147365807857188,0.0,176.0,0.0010626734505087881,119.48361008325624,21.30846323790604,3.0,238.0,0.0008360314523589269,20.859850840545548,12.0,0.9004392739063022,1.0,False,True,False,864800,205739,27724,0.23790356151711378,0.03205827937095282,preprocessed_green_images/224c14366e11_green_preprocessed.png,vessel_masks/224c14366e11_vessel_mask.png,vessel_skeletons/224c14366e11_skeleton.png,vessel_overlays/224c14366e11_overlay.png
226c6ceb9185.png,False,0,,39.47520912841199,9.493256476969789,0.0,244.0,0.06567719529785428,118.89617461163802,23.920263444703437,8.0,239.0,9.485049867649679e-06,24.990677433154794,12.0,0.9129299037632022,1.0,True,True,False,1476007,400500,65534,0.2713401765709783,0.044399518430468146,preprocessed_green_images/226c6ceb9185_green_preprocessed.png,vessel_masks/226c6ceb9185_vessel_mask.png,vessel_skeletons/226c6ceb9185_skeleton.png,vessel_overlays/226c6ceb9185_overlay.png
22d843b2bbd1.png,False,0,,69.09294052665643,20.32728686521592,0.0,255.0,5.896166475210686e-05,120.25344366619565,23.88226639335451,4.0,238.0,2.100932881971624e-05,21.54221327513472,12.0,0.9043768025528257,1.0,True,True,False,1475535,365259,58420,0.24754343339873333,0.0395924190208975,preprocessed_green_images/22d843b2bbd1_green_preprocessed.png,vessel_masks/22d843b2bbd1_vessel_mask.png,vessel_skeletons/22d843b2bbd1_skeleton.png,vessel_overlays/22d843b2bbd1_overlay.png
233d948e2544.png,False,1,mean_S,51.989850799293414,15.41503995530598,12.0,203.0,0.04729575775252661,123.08127715892556,16.368040217249867,15.0,245.0,3.5087988613947696e-06,9.48177874415373,11.171391426613187,0.9466776240829246,1.0,True,True,False,4559965,1180015,186901,0.2587772055267968,0.04098737599959649,preprocessed_green_images/233d948e2544_green_preprocessed.png,vessel_masks/233d948e2544_vessel_mask.png,vessel_skeletons/233d948e2544_skeleton.png,vessel_overlays/233d948e2544_overlay.png
2399d68d407f.png,False,0,,89.21062713766206,17.52378251608736,0.0,255.0,2.9065444566113747e-05,118.37224520420165,23.0245500338226,2.0,237.0,2.365791999567398e-05,19.85847431288341,12.0,0.899164729864057,1.0,True,True,False,1479420,354519,53995,0.23963377539846697,0.0364974111476119,preprocessed_green_images/2399d68d407f_green_preprocessed.png,vessel_masks/2399d68d407f_vessel_mask.png,vessel_skeletons/2399d68d407f_skeleton.png,vessel_overlays/2399d68d407f_overlay.png
2408799a09b2.png,False,0,,77.96502331083433,16.253961516374943,0.0,203.0,0.0008268967596780553,120.57379096792151,21.614451584932247,4.0,240.0,0.0005578363834574258,21.36680452945968,12.0,0.902805625062096,1.0,True,True,False,862260,201031,27614,0.23314429522417832,0.03202514322826062,preprocessed_green_images/2408799a09b2_green_preprocessed.png,vessel_masks/2408799a09b2_vessel_mask.png,vessel_skeletons/2408799a09b2_skeleton.png,vessel_overlays/2408799a09b2_overlay.png
240b25a7debe.png,False,0,,53.414479557221924,35.10763586969657,0.0,196.0,0.20550411916239447,122.23191521922105,26.552322808360888,3.0,246.0,0.001456372586527916,9.519719258304066,11.0599339649019,0.9277646838987381,1.0,True,True,False,392070,98494,15032,0.25121534419874003,0.03834009233045119,preprocessed_green_images/240b25a7debe_green_preprocessed.png,vessel_masks/240b25a7debe_vessel_mask.png,vessel_skeletons/240b25a7debe_skeleton.png,vessel_overlays/240b25a7debe_overlay.png
242fc19be06f.png,False,0,,61.15903108676191,21.809903630429098,0.0,252.0,0.017291378292701953,123.51992414285266,24.068128912979027,3.0,239.0,0.0002689226678525652,22.95183392787462,12.0,0.9128817362305675,1.0,True,True,False,858983,194790,21949,0.2267681665411306,0.025552310115566898,preprocessed_green_images/242fc19be06f_green_preprocessed.png,vessel_masks/242fc19be06f_vessel_mask.png,vessel_skeletons/242fc19be06f_skeleton.png,vessel_overlays/242fc19be06f_overlay.png
248dec89b3a2.png,False,0,,89.52757894736843,24.305953748606004,0.0,255.0,5.585392051557465e-05,119.96967561761547,34.93596252937594,4.0,227.0,3.437164339419979e-05,15.82103706400121,10.370407808056624,0.8291086295573515,1.0,True,True,False,232750,48966,5836,0.21038023630504835,0.025074113856068742,preprocessed_green_images/248dec89b3a2_green_preprocessed.png,vessel_masks/248dec89b3a2_vessel_mask.png,vessel_skeletons/248dec89b3a2_skeleton.png,vessel_overlays/248dec89b3a2_overlay.png
24de56d433cd.png,False,0,,70.98039940226775,16.370150729579134,0.0,177.0,0.0022995958567766615,123.42043793415185,22.72584945695348,3.0,237.0,0.0004613135700557527,20.003206739329727,12.0,0.9061778224953986,1.0,True,True,False,860586,181388,18179,0.21077265955988128,0.02112397831245221,preprocessed_green_images/24de56d433cd_green_preprocessed.png,vessel_masks/24de56d433cd_vessel_mask.png,vessel_skeletons/24de56d433cd_skeleton.png,vessel_overlays/24de56d433cd_overlay.png
24f271c87e73.png,False,1,mean_S,69.65085401723402,24.387588042689814,11.0,255.0,0.0007186139650939515,123.65260517292444,17.449037333305334,23.0,244.0,4.3844659249173363e-07,9.919767502428071,9.776719977217093,0.9426350953168473,1.0,True,True,False,4561559,1230314,180222,0.26971349049743737,0.03950886089602261,preprocessed_green_images/24f271c87e73_green_preprocessed.png,vessel_masks/24f271c87e73_vessel_mask.png,vessel_skeletons/24f271c87e73_skeleton.png,vessel_overlays/24f271c87e73_overlay.png
252305189b3a.png,False,0,,87.02460655414995,19.397944181623338,0.0,251.0,0.005187234292384574,121.71028271923433,25.98179908366897,2.0,240.0,0.004672655124897689,25.78449521300535,12.0,0.904016485140559,1.0,True,True,False,868671,178432,18314,0.2054080313490378,0.021082780477303834,preprocessed_green_images/252305189b3a_green_preprocessed.png,vessel_masks/252305189b3a_vessel_mask.png,vessel_skeletons/252305189b3a_skeleton.png,vessel_overlays/252305189b3a_overlay.png
253e96488cfb.png,False,0,,49.40735136051275,12.44118993585914,0.0,129.0,0.08320427334832764,121.6117379876212,18.277195407200047,6.0,245.0,1.0376682211513101e-05,11.219485023333808,12.0,0.9389081891977198,1.0,True,True,False,3469317,1000419,179717,0.28836194559332573,0.05180183880573611,preprocessed_green_images/253e96488cfb_green_preprocessed.png,vessel_masks/253e96488cfb_vessel_mask.png,vessel_skeletons/253e96488cfb_skeleton.png,vessel_overlays/253e96488cfb_overlay.png
2585bbc91909.png,False,0,,39.41499282615553,11.287804249501598,0.0,240.0,0.16083318352491852,121.95415726830856,25.245382203409658,10.0,242.0,7.122966138775731e-05,25.258600614514755,12.0,0.9159808665599486,1.0,True,True,False,1474105,375390,56367,0.2546562151271449,0.038238117366130635,preprocessed_green_images/2585bbc91909_green_preprocessed.png,vessel_masks/2585bbc91909_vessel_mask.png,vessel_skeletons/2585bbc91909_skeleton.png,vessel_overlays/2585bbc91909_overlay.png
25a0a1e41afd.png,False,0,,81.14924879326317,16.699788828283456,0.0,198.0,0.001047115556515218,119.66936107376941,21.153810461774775,3.0,239.0,0.0006303589214941945,20.950208273733175,12.0,0.9033509144299967,1.0,True,True,False,861414,228861,32331,0.265680613502915,0.03753247567371786,preprocessed_green_images/25a0a1e41afd_green_preprocessed.png,vessel_masks/25a0a1e41afd_vessel_mask.png,vessel_skeletons/25a0a1e41afd_skeleton.png,vessel_overlays/25a0a1e41afd_overlay.png
25b4080f598b.png,False,0,,94.77188191827075,16.1665321699104,0.0,255.0,2.0942705486786168e-05,118.57977583198276,24.77653299403609,2.0,237.0,1.8240420907846017e-05,19.621406659367274,11.84856266374691,0.8962369622993882,1.0,False,True,False,1480229,556027,105517,0.3756357968935888,0.07128424047900696,preprocessed_green_images/25b4080f598b_green_preprocessed.png,vessel_masks/25b4080f598b_vessel_mask.png,vessel_skeletons/25b4080f598b_skeleton.png,vessel_overlays/25b4080f598b_overlay.png
260a455692b5.png,False,0,,45.184568316718824,13.878979855449645,0.0,250.0,0.058974278944668654,121.5070158201996,24.749088380385608,11.0,240.0,1.0177688877550189e-05,25.591861211623204,12.0,0.914585435397243,1.0,True,True,False,1473812,367514,49819,0.24936287667626536,0.03380281881271153,preprocessed_green_images/260a455692b5_green_preprocessed.png,vessel_masks/260a455692b5_vessel_mask.png,vessel_skeletons/260a455692b5_skeleton.png,vessel_overlays/260a455692b5_overlay.png
263d8851e33b.png,False,0,,109.10841540322963,24.49923657257941,0.0,249.0,1.9602144068999548e-05,120.39540093143981,24.661134085440807,3.0,237.0,1.8926208066620253e-05,19.013580533145994,11.605432213258398,0.8962340909028723,1.0,False,True,False,1479430,306007,35095,0.20684114828008085,0.02372197400350135,preprocessed_green_images/263d8851e33b_green_preprocessed.png,vessel_masks/263d8851e33b_vessel_mask.png,vessel_skeletons/263d8851e33b_skeleton.png,vessel_overlays/263d8851e33b_overlay.png
266fbefa58fb.png,False,0,,79.50523481625117,16.619393742344716,0.0,252.0,0.0008878266906665771,120.77715086447198,22.489885505427655,2.0,239.0,0.0006826761368180338,21.167247351884612,12.0,0.902864992994349,1.0,True,True,False,862781,192963,22341,0.2236523521032568,0.025894172449323755,preprocessed_green_images/266fbefa58fb_green_preprocessed.png,vessel_masks/266fbefa58fb_vessel_mask.png,vessel_skeletons/266fbefa58fb_skeleton.png,vessel_overlays/266fbefa58fb_overlay.png
26cd40b57ad1.png,False,0,,76.21462081245284,15.389101262236467,0.0,179.0,0.0009517218514641562,121.40296784200258,25.792674304324045,3.0,239.0,0.000730310312329377,22.103059767346036,12.0,0.8995758635999167,1.0,True,True,False,862647,204718,24301,0.23731375638007204,0.028170271269708235,preprocessed_green_images/26cd40b57ad1_green_preprocessed.png,vessel_masks/26cd40b57ad1_vessel_mask.png,vessel_skeletons/26cd40b57ad1_skeleton.png,vessel_overlays/26cd40b57ad1_overlay.png
26d60db3bbfd.png,False,0,,36.15560536403347,13.103252637484207,0.0,222.0,0.19617436929307336,118.50761432955949,23.713535108728674,6.0,246.0,5.0940488773989785e-05,9.475614421266426,12.0,0.9165386060795905,1.0,True,True,False,392615,114551,20971,0.2917641964774652,0.053413649503966994,preprocessed_green_images/26d60db3bbfd_green_preprocessed.png,vessel_masks/26d60db3bbfd_vessel_mask.png,vessel_skeletons/26d60db3bbfd_skeleton.png,vessel_overlays/26d60db3bbfd_overlay.png
26d9576e8043.png,False,0,,70.03398064513355,14.66805420320215,0.0,255.0,4.299170689973904e-05,119.02294467397239,31.83798285186653,35.0,226.0,0.0,17.07284765400353,12.0,0.832767635257731,1.0,True,True,False,232603,55904,7236,0.24034083825230113,0.03110879911265117,preprocessed_green_images/26d9576e8043_green_preprocessed.png,vessel_masks/26d9576e8043_vessel_mask.png,vessel_skeletons/26d9576e8043_skeleton.png,vessel_overlays/26d9576e8043_overlay.png
26fc2358a38d.png,False,0,,72.37894560537084,23.856475154553266,0.0,255.0,0.002604233303945082,121.99719454634698,23.42381116255256,4.0,240.0,0.00031520644277316536,20.763934531716945,12.0,0.9060698042519812,1.0,True,True,False,859754,193402,22131,0.2249503927867739,0.02574108407753846,preprocessed_green_images/26fc2358a38d_green_preprocessed.png,vessel_masks/26fc2358a38d_vessel_mask.png,vessel_skeletons/26fc2358a38d_skeleton.png,vessel_overlays/26fc2358a38d_overlay.png
274f4de2a59d.png,False,0,,82.63213666990843,17.703934879630292,0.0,244.0,0.0005402937106326317,120.94537688681602,22.133305961466547,2.0,239.0,0.00034857658750492363,23.37697398715323,12.0,0.9014297830605235,1.0,True,True,False,860643,198329,25012,0.23044282007754668,0.029061992022243834,preprocessed_green_images/274f4de2a59d_green_preprocessed.png,vessel_masks/274f4de2a59d_vessel_mask.png,vessel_skeletons/274f4de2a59d_skeleton.png,vessel_overlays/274f4de2a59d_overlay.png
27933cdbe0cc.png,False,0,,91.6362698981304,13.379038113894122,0.0,207.0,0.0005933587939605132,118.34890890491047,21.153532197623086,2.0,238.0,0.00046911341048932944,19.20956727416715,11.683826909666859,0.8989102084087778,1.0,False,True,False,861199,210736,30923,0.2447007021605924,0.03590691582317211,preprocessed_green_images/27933cdbe0cc_green_preprocessed.png,vessel_masks/27933cdbe0cc_vessel_mask.png,vessel_skeletons/27933cdbe0cc_skeleton.png,vessel_overlays/27933cdbe0cc_overlay.png
27f82ada84ac.png,False,1,mean_G,31.567475352399576,11.504380901259912,0.0,133.0,0.5237284078872322,119.83530157663164,26.070759288245974,13.0,240.0,2.8008636845107147e-05,6.699486591844564,11.87379682763564,0.9175259247304052,1.0,True,True,False,392736,111484,19367,0.28386498818544775,0.049313024525380916,preprocessed_green_images/27f82ada84ac_green_preprocessed.png,vessel_masks/27f82ada84ac_vessel_mask.png,vessel_skeletons/27f82ada84ac_skeleton.png,vessel_overlays/27f82ada84ac_overlay.png
2821998fc002.png,False,0,,92.73380163798724,16.775474745507925,0.0,250.0,0.0022336189714254003,118.246148972674,22.106217080589527,2.0,239.0,0.0019075938420558543,21.586729528673448,12.0,0.9018128469837845,1.0,False,True,False,864964,216658,33872,0.2504821009891741,0.03916001128370661,preprocessed_green_images/2821998fc002_green_preprocessed.png,vessel_masks/2821998fc002_vessel_mask.png,vessel_skeletons/2821998fc002_skeleton.png,vessel_overlays/2821998fc002_overlay.png
283c3aeba594.png,False,0,,76.78902503959692,17.588851643270505,0.0,255.0,2.6386670266079124e-05,119.38764521971639,24.41778637120492,4.0,237.0,1.5561369644097946e-05,20.79820521759307,12.0,0.9012090344251633,1.0,True,True,False,1478019,377807,57289,0.2556171470055527,0.03876066545829249,preprocessed_green_images/283c3aeba594_green_preprocessed.png,vessel_masks/283c3aeba594_vessel_mask.png,vessel_skeletons/283c3aeba594_skeleton.png,vessel_overlays/283c3aeba594_overlay.png
28503940d10b.png,False,0,,91.30827570050857,9.765776843684494,0.0,191.0,0.0025584242783731792,117.50011713128744,22.251777065533975,2.0,238.0,0.0021579852956959155,20.78480103852502,12.0,0.9007092229297311,1.0,False,True,False,866549,211170,32655,0.24369077801716926,0.03768396247644392,preprocessed_green_images/28503940d10b_green_preprocessed.png,vessel_masks/28503940d10b_vessel_mask.png,vessel_skeletons/28503940d10b_skeleton.png,vessel_overlays/28503940d10b_overlay.png
28751f290ba3.png,False,1,mean_a,84.43016546632356,15.974207767845305,0.0,202.0,0.005206197024310098,120.21090139160363,22.079248855289816,1.0,240.0,0.0038370496994750264,28.12173582777932,12.0,0.9079200815291648,1.0,True,True,False,872806,212484,26899,0.24344928884540207,0.03081899070354695,preprocessed_green_images/28751f290ba3_green_preprocessed.png,vessel_masks/28751f290ba3_vessel_mask.png,vessel_skeletons/28751f290ba3_skeleton.png,vessel_overlays/28751f290ba3_overlay.png
289a47dcbb82.png,False,0,,77.43014637711563,18.578016099848767,0.0,255.0,3.3159864382921995e-05,119.46781124593114,22.44810433531455,4.0,237.0,1.9625225859280364e-05,21.039915367897503,12.0,0.9030047461693333,1.0,True,True,False,1477690,362060,58108,0.24501756119348442,0.03932353876658839,preprocessed_green_images/289a47dcbb82_green_preprocessed.png,vessel_masks/289a47dcbb82_vessel_mask.png,vessel_skeletons/289a47dcbb82_skeleton.png,vessel_overlays/289a47dcbb82_overlay.png
28dc010a0780.png,False,0,,84.88946266880589,16.954500478087635,0.0,244.0,0.001361328545531578,121.58548240343944,25.194977215691715,2.0,240.0,0.0011390708238121366,21.86142321812086,12.0,0.8991560166416928,1.0,True,True,False,863862,201618,23956,0.23339144446682455,0.02773128115370279,preprocessed_green_images/28dc010a0780_green_preprocessed.png,vessel_masks/28dc010a0780_vessel_mask.png,vessel_skeletons/28dc010a0780_skeleton.png,vessel_overlays/28dc010a0780_overlay.png
28f73575e1f2.png,False,0,,83.9948652283577,16.731559687770535,0.0,227.0,4.296880035406292e-05,120.01197110777863,34.980634598324436,3.0,227.0,3.437504028325033e-05,14.7468952946336,10.432547875332755,0.8251642225790375,1.0,True,True,False,232727,55620,6217,0.23899246756929793,0.026713703180120913,preprocessed_green_images/28f73575e1f2_green_preprocessed.png,vessel_masks/28f73575e1f2_vessel_mask.png,vessel_skeletons/28f73575e1f2_skeleton.png,vessel_overlays/28f73575e1f2_overlay.png
29192375ab1b.png,False,0,,45.26413724075324,14.21991185502417,0.0,143.0,0.070612881450618,121.02327459789112,26.294891518726615,4.0,242.0,0.0002327692558366891,21.384672794055223,12.0,0.9105635765791056,1.0,True,True,False,859220,213060,30320,0.24796908824282488,0.03528781918484206,preprocessed_green_images/29192375ab1b_green_preprocessed.png,vessel_masks/29192375ab1b_vessel_mask.png,vessel_skeletons/29192375ab1b_skeleton.png,vessel_overlays/29192375ab1b_overlay.png
291f581d365e.png,False,0,,75.12075229269482,8.110418804720208,0.0,141.0,2.27691493589908e-05,119.04260713100936,16.602848438266914,5.0,242.0,1.4699071105171277e-05,11.124067582103649,9.772226829046364,0.9296504528985635,1.0,True,True,False,3469607,1670420,334656,0.48144357559804324,0.09645357528965096,preprocessed_green_images/291f581d365e_green_preprocessed.png,vessel_masks/291f581d365e_vessel_mask.png,vessel_skeletons/291f581d365e_skeleton.png,vessel_overlays/291f581d365e_overlay.png
2923971566fe.png,False,0,,68.87452562825867,15.334653223042148,0.0,126.0,0.00010670570365057516,119.69284705525423,16.12672709826928,8.0,242.0,1.0670570365057516e-05,11.390009800345386,10.43382386429294,0.9325756190738035,1.0,True,True,False,3467481,912207,176675,0.26307483732427084,0.05095197349314964,preprocessed_green_images/2923971566fe_green_preprocessed.png,vessel_masks/2923971566fe_vessel_mask.png,vessel_skeletons/2923971566fe_skeleton.png,vessel_overlays/2923971566fe_overlay.png
2927665214e1.png,False,0,,74.66643308855892,15.464957537068024,0.0,212.0,0.0011223331557367556,120.64199193865969,22.742977051063505,3.0,240.0,0.0006984178461395909,19.547439125752224,12.0,0.9038906068813154,1.0,True,True,False,863380,198585,24543,0.23000880261298617,0.02842664875257708,preprocessed_green_images/2927665214e1_green_preprocessed.png,vessel_masks/2927665214e1_vessel_mask.png,vessel_skeletons/2927665214e1_skeleton.png,vessel_overlays/2927665214e1_overlay.png
2974c6ad1d58.png,False,0,,60.75255959051187,15.802003373527063,0.0,203.0,0.004367672502204696,122.78677437709388,22.465370067413467,2.0,239.0,0.0006118681563184079,20.762290113873846,12.0,0.9098023650391892,1.0,True,True,False,862931,199156,25778,0.2307901790525546,0.029872608586318024,preprocessed_green_images/2974c6ad1d58_green_preprocessed.png,vessel_masks/2974c6ad1d58_vessel_mask.png,vessel_skeletons/2974c6ad1d58_skeleton.png,vessel_overlays/2974c6ad1d58_overlay.png
29a13e666266.png,False,0,,71.03952728105254,14.39175575867222,0.0,183.0,0.0006008351259603774,120.00352598408543,21.75840413681258,3.0,240.0,0.00040675492086292476,21.64409126557897,12.0,0.9028789471412135,1.0,True,True,False,860469,209770,29422,0.2437856564269021,0.03419298080465421,preprocessed_green_images/29a13e666266_green_preprocessed.png,vessel_masks/29a13e666266_vessel_mask.png,vessel_skeletons/29a13e666266_skeleton.png,vessel_overlays/29a13e666266_overlay.png
29d059522fa1.png,False,0,,82.25728647290121,14.717707647047112,0.0,182.0,0.001119971276848329,122.80897945947198,22.30516061709719,3.0,237.0,0.0007180787917745233,21.673142559025468,12.0,0.9040415814906932,1.0,True,True,False,863415,177703,18610,0.20581412183017436,0.02155394566923206,preprocessed_green_images/29d059522fa1_green_preprocessed.png,vessel_masks/29d059522fa1_vessel_mask.png,vessel_skeletons/29d059522fa1_skeleton.png,vessel_overlays/29d059522fa1_overlay.png
29f9e1ac9507.png,False,0,,89.79852009001426,13.726363797618074,0.0,255.0,3.435658701664577e-05,116.74627660488207,31.52352077863183,5.0,227.0,3.435658701664577e-05,12.02700183723192,8.828710060224832,0.8278807897456251,1.0,True,True,False,232852,62630,8208,0.2689691306065655,0.035249858279078554,preprocessed_green_images/29f9e1ac9507_green_preprocessed.png,vessel_masks/29f9e1ac9507_vessel_mask.png,vessel_skeletons/29f9e1ac9507_skeleton.png,vessel_overlays/29f9e1ac9507_overlay.png
2a2274bcb00a.png,False,1,mean_S,70.85159300648716,11.253548353294573,12.0,184.0,0.0003654001142203954,125.13508128071426,17.695110454665343,14.0,244.0,7.229138950403506e-06,10.225259064952859,9.792184247626729,0.940479718876126,1.0,True,True,False,4564859,1072340,131055,0.23491196551744534,0.028709539549852472,preprocessed_green_images/2a2274bcb00a_green_preprocessed.png,vessel_masks/2a2274bcb00a_vessel_mask.png,vessel_skeletons/2a2274bcb00a_skeleton.png,vessel_overlays/2a2274bcb00a_overlay.png
2a2a6435f7f3.png,False,0,,80.05388563559734,21.313631059383468,0.0,206.0,0.0026775903078185637,122.42350205629663,23.24325504601589,2.0,240.0,0.0007812536222812606,26.310190191216666,12.0,0.903690249736302,1.0,True,True,False,862716,182218,19765,0.2112143509567459,0.0229102045168978,preprocessed_green_images/2a2a6435f7f3_green_preprocessed.png,vessel_masks/2a2a6435f7f3_vessel_mask.png,vessel_skeletons/2a2a6435f7f3_skeleton.png,vessel_overlays/2a2a6435f7f3_overlay.png
2a4520f1f9a3.png,False,0,,81.64610681991199,17.378903071118046,0.0,237.0,0.0006127337207791002,119.86193182873164,21.26910420841093,3.0,239.0,0.0004003657834636166,20.210977168056246,12.0,0.9036156864953386,1.0,True,True,False,861712,192578,24069,0.22348301984885902,0.027931605919379095,preprocessed_green_images/2a4520f1f9a3_green_preprocessed.png,vessel_masks/2a4520f1f9a3_vessel_mask.png,vessel_skeletons/2a4520f1f9a3_skeleton.png,vessel_overlays/2a4520f1f9a3_overlay.png
2a7373eeb352.png,False,0,,38.03405190413624,22.81307837206117,0.0,250.0,0.3490721218973121,120.1534410934906,31.2652565151618,4.0,246.0,0.0014106599036473452,8.654067798107425,12.0,0.9219016069263044,1.0,True,True,False,392724,102272,14632,0.2604169849563561,0.03725771788838981,preprocessed_green_images/2a7373eeb352_green_preprocessed.png,vessel_masks/2a7373eeb352_vessel_mask.png,vessel_skeletons/2a7373eeb352_skeleton.png,vessel_overlays/2a7373eeb352_overlay.png
2a93334f663a.png,False,0,,82.24996725127488,17.2509292205416,0.0,251.0,0.001075781129547001,119.29362796752717,22.28319672678263,3.0,238.0,0.0007639437116071915,20.221362773588105,12.0,0.9021403176521421,1.0,True,True,False,862629,220809,30871,0.25597215025231007,0.03578711126104038,preprocessed_green_images/2a93334f663a_green_preprocessed.png,vessel_masks/2a93334f663a_vessel_mask.png,vessel_skeletons/2a93334f663a_skeleton.png,vessel_overlays/2a93334f663a_overlay.png
2b10f138e67d.png,False,0,,68.50590371607085,21.837809320529747,0.0,255.0,0.0008950240107402881,117.47409593968915,30.591981482818326,30.0,233.0,0.0,15.27567626908274,12.0,0.8432281353255687,1.0,True,True,False,232396,59039,9208,0.25404482004853784,0.03962202447546429,preprocessed_green_images/2b10f138e67d_green_preprocessed.png,vessel_masks/2b10f138e67d_vessel_mask.png,vessel_skeletons/2b10f138e67d_skeleton.png,vessel_overlays/2b10f138e67d_overlay.png
2b2f5a0f880d.png,False,0,,87.71162105231818,23.01965678006083,0.0,250.0,5.007236810498416e-05,121.54536387386906,26.421487687743934,6.0,238.0,1.0826457968645224e-05,20.090708166340562,12.0,0.8990371853961052,1.0,True,True,False,1477861,326465,34222,0.2209037250458602,0.023156440287686056,preprocessed_green_images/2b2f5a0f880d_green_preprocessed.png,vessel_masks/2b2f5a0f880d_vessel_mask.png,vessel_skeletons/2b2f5a0f880d_skeleton.png,vessel_overlays/2b2f5a0f880d_overlay.png
2b3a4a81d748.png,False,0,,96.7631952812322,16.411747747560543,0.0,251.0,0.0009451916419544476,117.81918193953325,21.16513275300333,2.0,238.0,0.0008048625760937259,21.43678267565908,12.0,0.8997356281363899,1.0,False,True,False,862259,207803,32707,0.24099835432277308,0.03793175832319524,preprocessed_green_images/2b3a4a81d748_green_preprocessed.png,vessel_masks/2b3a4a81d748_vessel_mask.png,vessel_skeletons/2b3a4a81d748_skeleton.png,vessel_overlays/2b3a4a81d748_overlay.png
2b4c7b5f1f1e.png,False,0,,89.34103430241929,12.220212569359829,0.0,211.0,0.0007282349926190832,117.40619046128121,20.91400378405374,3.0,237.0,0.0005821241501509232,17.98761037769267,11.25361887975091,0.9000340973004963,1.0,True,True,False,862359,213024,34575,0.24702473099950253,0.04009351093917962,preprocessed_green_images/2b4c7b5f1f1e_green_preprocessed.png,vessel_masks/2b4c7b5f1f1e_vessel_mask.png,vessel_skeletons/2b4c7b5f1f1e_skeleton.png,vessel_overlays/2b4c7b5f1f1e_overlay.png
2b5bb6d33959.png,False,0,,104.50284089947716,20.888975947542338,0.0,255.0,2.3688262465948122e-05,119.76881812490483,23.846832135794116,3.0,237.0,2.2334647467893946e-05,19.506493814247232,11.802597525698893,0.8980198602063526,1.0,False,True,False,1477525,320382,42940,0.2168369401532969,0.02906211400822321,preprocessed_green_images/2b5bb6d33959_green_preprocessed.png,vessel_masks/2b5bb6d33959_vessel_mask.png,vessel_skeletons/2b5bb6d33959_skeleton.png,vessel_overlays/2b5bb6d33959_overlay.png
2c8101f14723.png,False,0,,73.67460133979388,24.846506998794982,0.0,255.0,4.338974225815134e-05,118.10428182179969,23.17138965054152,6.0,237.0,1.016947084175422e-05,21.560415485983096,12.0,0.9031448557363989,1.0,True,True,False,1475003,374799,64712,0.254100500134576,0.043872453140773274,preprocessed_green_images/2c8101f14723_green_preprocessed.png,vessel_masks/2c8101f14723_vessel_mask.png,vessel_skeletons/2c8101f14723_skeleton.png,vessel_overlays/2c8101f14723_overlay.png
2c827005b8f8.png,False,0,,90.78000307887119,12.850091048129547,0.0,204.0,0.0008646303676241647,121.56628890691971,21.786906940062604,2.0,239.0,0.0006817500489031232,22.57762003812873,12.0,0.9006044567804008,1.0,False,True,False,863953,185418,21539,0.2146158413710005,0.02493075433501591,preprocessed_green_images/2c827005b8f8_green_preprocessed.png,vessel_masks/2c827005b8f8_vessel_mask.png,vessel_skeletons/2c827005b8f8_skeleton.png,vessel_overlays/2c827005b8f8_overlay.png
2c9dfc270f1b.png,False,0,,86.76783974678283,17.76789955579024,0.0,255.0,0.0006688054507644237,119.40474921537277,21.83610964193301,2.0,237.0,0.0004888317617566361,20.20290206945701,12.0,0.9012388388474563,1.0,True,True,False,861237,197032,26024,0.22877790898440267,0.03021700182412042,preprocessed_green_images/2c9dfc270f1b_green_preprocessed.png,vessel_masks/2c9dfc270f1b_vessel_mask.png,vessel_skeletons/2c9dfc270f1b_skeleton.png,vessel_overlays/2c9dfc270f1b_overlay.png
2cacdb0dffae.png,False,0,,86.25151341760153,13.985415058982506,0.0,250.0,0.0009293776984030655,119.74458065299187,23.166621500382856,3.0,239.0,0.0006034019385154232,21.48728872297853,12.0,0.9004521621008188,1.0,True,True,False,865095,201742,24306,0.2332021338696906,0.028096336240528496,preprocessed_green_images/2cacdb0dffae_green_preprocessed.png,vessel_masks/2cacdb0dffae_vessel_mask.png,vessel_skeletons/2cacdb0dffae_skeleton.png,vessel_overlays/2cacdb0dffae_overlay.png
2cdcc910778d.png,False,0,,82.48219917333357,28.896692313233828,1.0,255.0,0.00018475393354014315,119.11619733438744,35.90403203022706,11.0,227.0,3.007622173909307e-05,13.522719562391314,10.077336787326875,0.8282635171365547,1.0,True,True,False,232742,56041,6854,0.24078593464007356,0.029448917685677704,preprocessed_green_images/2cdcc910778d_green_preprocessed.png,vessel_masks/2cdcc910778d_vessel_mask.png,vessel_skeletons/2cdcc910778d_skeleton.png,vessel_overlays/2cdcc910778d_overlay.png
2cf18033da31.png,False,0,,104.75416597016704,21.46236624638583,0.0,255.0,2.9777474288166094e-05,119.9487157449072,23.133434084743605,2.0,237.0,2.5040148833230578e-05,19.470322201010234,11.788128880404093,0.8982529766928099,1.0,False,True,False,1477627,323380,41782,0.21885090080243524,0.02827641887973081,preprocessed_green_images/2cf18033da31_green_preprocessed.png,vessel_masks/2cf18033da31_vessel_mask.png,vessel_skeletons/2cf18033da31_skeleton.png,vessel_overlays/2cf18033da31_overlay.png
2cfe8703f265.png,False,1,mean_S,61.14540551448251,13.194777181694873,6.0,193.0,0.003595020344686379,123.07206955338971,15.175068495150809,19.0,244.0,5.2584402896436555e-06,9.742845037608653,10.461990858200572,0.9429792790839879,1.0,True,True,False,4564091,1247551,201084,0.273340518407718,0.044057841966779365,preprocessed_green_images/2cfe8703f265_green_preprocessed.png,vessel_masks/2cfe8703f265_vessel_mask.png,vessel_skeletons/2cfe8703f265_skeleton.png,vessel_overlays/2cfe8703f265_overlay.png
2d04cead4d3a.png,False,0,,67.97393655924964,21.91729463790767,0.0,251.0,0.005113635979212576,122.6807982901322,25.902562223709516,5.0,238.0,1.0825373864435196e-05,22.476311862320934,12.0,0.9027803419006238,1.0,True,True,False,1478009,329609,38668,0.2230087908801638,0.02616222228687376,preprocessed_green_images/2d04cead4d3a_green_preprocessed.png,vessel_masks/2d04cead4d3a_vessel_mask.png,vessel_skeletons/2d04cead4d3a_skeleton.png,vessel_overlays/2d04cead4d3a_overlay.png
2d07162a13b1.png,False,1,mean_S,54.13305331986988,14.309430836961546,13.0,114.0,0.09635883824014718,120.84895455427535,13.336691023707429,14.0,245.0,5.7011355127020205e-06,9.254611192030866,10.890017515046136,0.9459771471334911,1.0,True,True,False,4560495,1250726,232324,0.2742522467407595,0.0509427156481917,preprocessed_green_images/2d07162a13b1_green_preprocessed.png,vessel_masks/2d07162a13b1_vessel_mask.png,vessel_skeletons/2d07162a13b1_skeleton.png,vessel_overlays/2d07162a13b1_overlay.png
2d3f4094c08a.png,False,0,,82.92766233406164,21.815720461864167,0.0,255.0,2.2991816941858427e-05,120.18042963591105,24.341796161626927,4.0,239.0,1.6229517841311834e-05,20.21106634410135,12.0,0.9009564674007632,1.0,True,True,False,1478787,329345,42338,0.2227129397269519,0.02863022193189418,preprocessed_green_images/2d3f4094c08a_green_preprocessed.png,vessel_masks/2d3f4094c08a_vessel_mask.png,vessel_skeletons/2d3f4094c08a_skeleton.png,vessel_overlays/2d3f4094c08a_overlay.png
2d558de2cabe.png,False,0,,35.949377982571704,17.003017810287783,0.0,242.0,0.3888218082452857,122.50562900490107,29.465818377626082,4.0,242.0,0.0008253294700312417,27.205109010305865,12.0,0.9225891400234892,1.0,True,True,False,1473351,377015,51812,0.25588946557880643,0.03516609416221932,preprocessed_green_images/2d558de2cabe_green_preprocessed.png,vessel_masks/2d558de2cabe_vessel_mask.png,vessel_skeletons/2d558de2cabe_skeleton.png,vessel_overlays/2d558de2cabe_overlay.png
2da82d14e1b7.png,False,0,,94.48035628209644,13.827469855416156,0.0,201.0,0.0011112089582676727,117.84498924711248,23.482318115752786,2.0,238.0,0.000986067594875693,19.942511636057574,11.97700465442303,0.8974917207911226,1.0,False,True,False,863024,205808,30396,0.23847308997200542,0.0352203414968761,preprocessed_green_images/2da82d14e1b7_green_preprocessed.png,vessel_masks/2da82d14e1b7_vessel_mask.png,vessel_skeletons/2da82d14e1b7_skeleton.png,vessel_overlays/2da82d14e1b7_overlay.png
2dd28ac497d2.png,False,0,,94.27830817501525,15.975977350614713,0.0,255.0,0.0009381525806724353,120.24973274233581,21.77238529740806,2.0,237.0,0.0007713698996640024,21.078110680613626,12.0,0.9007378725087211,1.0,False,True,False,863399,184710,21258,0.213933534785192,0.024621293283869913,preprocessed_green_images/2dd28ac497d2_green_preprocessed.png,vessel_masks/2dd28ac497d2_vessel_mask.png,vessel_skeletons/2dd28ac497d2_skeleton.png,vessel_overlays/2dd28ac497d2_overlay.png
2eba4279e503.png,False,0,,75.29689720085784,14.194348093593327,0.0,205.0,0.0008119170870270728,119.10724612802541,22.128838101732423,2.0,239.0,0.0005787808948950133,18.91142157919215,12.0,0.902202805256059,1.0,True,True,False,862157,222771,32373,0.25838797342015435,0.03754884551189633,preprocessed_green_images/2eba4279e503_green_preprocessed.png,vessel_masks/2eba4279e503_vessel_mask.png,vessel_skeletons/2eba4279e503_skeleton.png,vessel_overlays/2eba4279e503_overlay.png
2ef10194e80d.png,False,0,,48.12397562655588,13.939957131022302,0.0,249.0,0.0493855115223369,120.05745033381965,24.95160342774989,10.0,239.0,8.135328477446158e-06,24.891310250025466,12.0,0.9110486172685314,1.0,True,True,False,1475048,376481,53403,0.25523305004311725,0.03620424555675476,preprocessed_green_images/2ef10194e80d_green_preprocessed.png,vessel_masks/2ef10194e80d_vessel_mask.png,vessel_skeletons/2ef10194e80d_skeleton.png,vessel_overlays/2ef10194e80d_overlay.png
2ef4a04aed1b.png,False,0,,90.7038689665169,18.36399539054081,0.0,255.0,0.0008209885490650818,121.02275460211625,22.713996481540534,2.0,239.0,0.000630816060298594,21.462501511351444,12.0,0.9018280612971187,1.0,False,True,False,862375,183920,21288,0.21327148862153936,0.02468531671256704,preprocessed_green_images/2ef4a04aed1b_green_preprocessed.png,vessel_masks/2ef4a04aed1b_vessel_mask.png,vessel_skeletons/2ef4a04aed1b_skeleton.png,vessel_overlays/2ef4a04aed1b_overlay.png
2ef955d6d9ff.png,False,0,,65.15287845565157,13.086410102092001,0.0,240.0,4.2994109806956444e-05,116.30840964787824,34.05001820624733,31.0,227.0,0.0,13.586805783843998,11.643355339701904,0.8290867249167313,1.0,True,True,False,232590,61775,10497,0.26559611333247346,0.04513091706436218,preprocessed_green_images/2ef955d6d9ff_green_preprocessed.png,vessel_masks/2ef955d6d9ff_vessel_mask.png,vessel_skeletons/2ef955d6d9ff_skeleton.png,vessel_overlays/2ef955d6d9ff_overlay.png
2f143453bb71.png,False,1,mean_S,60.429489652584266,29.479493757275986,15.0,255.0,0.054266719743826713,123.30273030255735,17.61760533615398,17.0,245.0,4.603332988448703e-06,9.599837090001303,10.468424644659697,0.9453530742441808,1.0,True,True,False,4561912,1218111,173142,0.26701764523296373,0.037953822870761204,preprocessed_green_images/2f143453bb71_green_preprocessed.png,vessel_masks/2f143453bb71_vessel_mask.png,vessel_skeletons/2f143453bb71_skeleton.png,vessel_overlays/2f143453bb71_overlay.png
2f7fbdcc9a4b.png,False,0,,92.48688495198016,18.21472779819147,0.0,255.0,2.5709810660775962e-05,119.60207505234992,25.264703806392472,2.0,238.0,2.232694083698965e-05,19.72592310542104,11.890369242168415,0.8974270304641889,1.0,False,True,False,1478035,338834,41943,0.22924626277456217,0.028377541803813848,preprocessed_green_images/2f7fbdcc9a4b_green_preprocessed.png,vessel_masks/2f7fbdcc9a4b_vessel_mask.png,vessel_skeletons/2f7fbdcc9a4b_skeleton.png,vessel_overlays/2f7fbdcc9a4b_overlay.png
2f81ee5f2926.png,False,0,,96.76723301596023,25.673517224815505,0.0,255.0,4.721962275814109e-05,118.88889652034307,36.63775072745519,3.0,226.0,4.2926929780128264e-05,18.12282550423204,11.249130201692816,0.8263203917319246,1.0,False,True,False,232954,54837,7086,0.23539840483528937,0.030418022442198888,preprocessed_green_images/2f81ee5f2926_green_preprocessed.png,vessel_masks/2f81ee5f2926_vessel_mask.png,vessel_skeletons/2f81ee5f2926_skeleton.png,vessel_overlays/2f81ee5f2926_overlay.png
2fdfb80ea53c.png,False,0,,99.13805026971936,15.468927190259146,0.0,211.0,0.0012343579545520276,117.52043168979786,21.75325372926826,1.0,239.0,0.0011152025006449433,18.3624583489713,11.34498333958852,0.898330145805517,1.0,False,True,False,864417,203641,33402,0.23558190086497605,0.03864107253790705,preprocessed_green_images/2fdfb80ea53c_green_preprocessed.png,vessel_masks/2fdfb80ea53c_vessel_mask.png,vessel_skeletons/2fdfb80ea53c_skeleton.png,vessel_overlays/2fdfb80ea53c_overlay.png
2fefb720869a.png,False,0,,95.42563847936586,18.727883360553918,0.0,255.0,1.555864323219313e-05,118.25593765178132,24.62432206392314,3.0,236.0,1.7588031479870497e-05,19.77019598963426,11.908078395853703,0.8975513084374449,1.0,False,True,False,1478278,325930,50087,0.2204795038551612,0.033881989720472065,preprocessed_green_images/2fefb720869a_green_preprocessed.png,vessel_masks/2fefb720869a_vessel_mask.png,vessel_skeletons/2fefb720869a_skeleton.png,vessel_overlays/2fefb720869a_overlay.png
3079490a4b9c.png,False,0,,69.05609353213978,9.126823701052357,0.0,129.0,0.0011101083660643237,119.13349488097364,21.071421460349143,2.0,238.0,0.0007586320495361208,17.503371882400725,12.0,0.9030100378239158,1.0,True,True,False,862078,207123,30229,0.24026016207350148,0.03506527251594403,preprocessed_green_images/3079490a4b9c_green_preprocessed.png,vessel_masks/3079490a4b9c_vessel_mask.png,vessel_skeletons/3079490a4b9c_skeleton.png,vessel_overlays/3079490a4b9c_overlay.png
30db694bee42.png,False,0,,91.73671618591653,21.570982721406846,0.0,255.0,2.7756415116820658e-05,118.90195486400711,23.449097805691085,3.0,237.0,2.234052924036785e-05,20.104870031441827,12.0,0.8994304136921338,1.0,False,True,False,1477136,352881,57108,0.23889540299606807,0.038661301329058394,preprocessed_green_images/30db694bee42_green_preprocessed.png,vessel_masks/30db694bee42_vessel_mask.png,vessel_skeletons/30db694bee42_skeleton.png,vessel_overlays/30db694bee42_overlay.png
3132556f5352.png,False,0,,70.92855451667116,11.925582963483345,0.0,207.0,0.0010364342020965452,122.76261594599865,23.969462424659294,2.0,241.0,0.0007892220127946816,21.059698825923125,12.0,0.9023592742313686,1.0,True,True,False,861608,190242,21940,0.2207987855265968,0.02546401611869899,preprocessed_green_images/3132556f5352_green_preprocessed.png,vessel_masks/3132556f5352_vessel_mask.png,vessel_skeletons/3132556f5352_skeleton.png,vessel_overlays/3132556f5352_overlay.png
31360e44ac64.png,False,0,,42.22141168951674,13.340781781256794,12.0,195.0,0.14645433698732377,124.74591404045718,18.170840773196826,42.0,246.0,0.0,8.956819008953367,11.82971323117986,0.951890950361994,1.0,True,True,False,4550094,1189598,181234,0.26144470861481106,0.039830825473056164,preprocessed_green_images/31360e44ac64_green_preprocessed.png,vessel_masks/31360e44ac64_vessel_mask.png,vessel_skeletons/31360e44ac64_skeleton.png,vessel_overlays/31360e44ac64_overlay.png
315c1a0d87fd.png,False,0,,92.17204612788952,16.303578456068173,0.0,248.0,0.0009427343935713168,119.0212468908898,23.719102121746744,2.0,239.0,0.0008059045553899941,19.92512482818692,11.970049931274769,0.8987494123153686,1.0,False,True,False,862385,200412,24713,0.2323927248270784,0.028656574499788378,preprocessed_green_images/315c1a0d87fd_green_preprocessed.png,vessel_masks/315c1a0d87fd_vessel_mask.png,vessel_skeletons/315c1a0d87fd_skeleton.png,vessel_overlays/315c1a0d87fd_overlay.png
3178559fbf57.png,False,0,,101.11078680948219,12.056763501200772,0.0,254.0,0.002545671839757384,117.5868919200537,22.326841671119446,2.0,239.0,0.0021484503179499226,22.556964864441884,12.0,0.9007069970167094,1.0,False,True,False,868533,208229,33894,0.23974794279549538,0.03902442394244088,preprocessed_green_images/3178559fbf57_green_preprocessed.png,vessel_masks/3178559fbf57_vessel_mask.png,vessel_skeletons/3178559fbf57_skeleton.png,vessel_overlays/3178559fbf57_overlay.png
318eb706a134.png,False,0,,88.06955571666896,21.122836088167936,0.0,255.0,2.297329894545801e-05,118.94926346927896,25.10179746645702,2.0,236.0,2.2297613682356305e-05,20.09316922205201,12.0,0.8978130298865572,1.0,True,True,False,1479979,330985,53591,0.2236416868077182,0.03621064893488354,preprocessed_green_images/318eb706a134_green_preprocessed.png,vessel_masks/318eb706a134_vessel_mask.png,vessel_skeletons/318eb706a134_skeleton.png,vessel_overlays/318eb706a134_overlay.png
3232b34cbe99.png,False,0,,86.75908564071034,17.834306460422933,0.0,246.0,0.0011439912093307073,120.63533890739576,22.853946136086645,2.0,240.0,0.0008927299821801369,20.90994594692218,12.0,0.9020020424761477,1.0,True,True,False,863643,199387,23185,0.2308673838611556,0.026845583186571303,preprocessed_green_images/3232b34cbe99_green_preprocessed.png,vessel_masks/3232b34cbe99_vessel_mask.png,vessel_skeletons/3232b34cbe99_skeleton.png,vessel_overlays/3232b34cbe99_overlay.png
3254e48c8aa0.png,False,0,,87.39583135074912,14.516303820679108,0.0,224.0,0.0009435166595100213,120.68608399967505,20.58502658824825,2.0,235.0,0.0007218540740654775,20.1865734772417,12.0,0.9029434786901667,1.0,True,True,False,861670,188701,23798,0.21899451065953324,0.027618461824132207,preprocessed_green_images/3254e48c8aa0_green_preprocessed.png,vessel_masks/3254e48c8aa0_vessel_mask.png,vessel_skeletons/3254e48c8aa0_skeleton.png,vessel_overlays/3254e48c8aa0_overlay.png
3286073a976e.png,False,0,,44.45783739882936,20.00993217967842,0.0,223.0,0.07380014613890325,118.17322551982423,28.568028643351237,4.0,243.0,0.00026732726203418226,8.419381173385775,11.415944700569478,0.9094722110698025,1.0,True,True,False,392777,106985,16535,0.27238102027359035,0.04209767883557337,preprocessed_green_images/3286073a976e_green_preprocessed.png,vessel_masks/3286073a976e_vessel_mask.png,vessel_skeletons/3286073a976e_skeleton.png,vessel_overlays/3286073a976e_overlay.png
328d141ed3aa.png,False,0,,84.32370248561274,20.34202239708746,0.0,250.0,0.002124672938077819,121.11100258872187,24.099064109646815,3.0,242.0,0.0019291011915989783,22.140234030352715,12.0,0.9035132184385113,1.0,True,True,False,864133,178879,18944,0.20700401442833452,0.02192255127393584,preprocessed_green_images/328d141ed3aa_green_preprocessed.png,vessel_masks/328d141ed3aa_vessel_mask.png,vessel_skeletons/328d141ed3aa_skeleton.png,vessel_overlays/328d141ed3aa_overlay.png
32d7d360d891.png,False,0,,89.94361524743337,14.599481413715804,0.0,217.0,0.0011003995760736722,119.51149331991364,24.43643384779408,2.0,239.0,0.0009624148030992076,19.59534328914503,11.843149293663934,0.8975788193987599,1.0,True,True,False,862414,194235,22482,0.22522245696382479,0.026068686269007692,preprocessed_green_images/32d7d360d891_green_preprocessed.png,vessel_masks/32d7d360d891_vessel_mask.png,vessel_skeletons/32d7d360d891_skeleton.png,vessel_overlays/32d7d360d891_overlay.png
32ed318235b8.png,False,0,,88.10857617935675,19.481720428612974,0.0,253.0,0.0005643216354644797,119.26061325273365,21.65497671575919,3.0,238.0,0.00040292100309912435,19.16074957051252,11.832426390039965,0.9010802728421986,1.0,True,True,False,861211,214666,29994,0.24926063415353497,0.03482770192206091,preprocessed_green_images/32ed318235b8_green_preprocessed.png,vessel_masks/32ed318235b8_vessel_mask.png,vessel_skeletons/32ed318235b8_skeleton.png,vessel_overlays/32ed318235b8_overlay.png
331121c65e88.png,False,0,,76.23135168757673,26.97126844529769,0.0,255.0,0.00021275961415976214,119.78337886660108,24.323283013115923,4.0,238.0,1.5584302948008055e-05,21.09488003554498,12.0,0.9041737081684709,1.0,True,True,False,1475844,359363,50206,0.24349660262195733,0.034018500600334456,preprocessed_green_images/331121c65e88_green_preprocessed.png,vessel_masks/331121c65e88_vessel_mask.png,vessel_skeletons/331121c65e88_skeleton.png,vessel_overlays/331121c65e88_overlay.png
3323fd59782e.png,False,0,,88.98822090352354,12.201927887571122,0.0,165.0,0.000783033653072075,119.09878502367056,20.858343130352626,3.0,238.0,0.0005652668974839831,19.53423146613921,11.903628506142482,0.9002309053079683,1.0,True,True,False,863309,196616,25448,0.22774695966334185,0.029477278703222136,preprocessed_green_images/3323fd59782e_green_preprocessed.png,vessel_masks/3323fd59782e_vessel_mask.png,vessel_skeletons/3323fd59782e_skeleton.png,vessel_overlays/3323fd59782e_overlay.png
3325b1fe55d2.png,False,0,,94.59098886205278,14.10406014316665,0.0,240.0,0.000763380885359652,117.35062118816354,20.975102585549475,3.0,238.0,0.0005930971370320816,19.238136008768812,11.695254403507525,0.899592751824301,1.0,False,True,False,863265,208168,35929,0.24114032191737184,0.04161989655551887,preprocessed_green_images/3325b1fe55d2_green_preprocessed.png,vessel_masks/3325b1fe55d2_vessel_mask.png,vessel_skeletons/3325b1fe55d2_skeleton.png,vessel_overlays/3325b1fe55d2_overlay.png
33596a635b53.png,False,0,,92.22296570960425,27.051966504670105,0.0,255.0,3.7208194732807957e-05,120.31367184672389,25.373933175753187,3.0,238.0,2.300142947119037e-05,19.905356015723694,11.962142406289477,0.8984870991350391,1.0,False,True,False,1478169,314126,36330,0.21251020688432784,0.02457770390259842,preprocessed_green_images/33596a635b53_green_preprocessed.png,vessel_masks/33596a635b53_vessel_mask.png,vessel_skeletons/33596a635b53_skeleton.png,vessel_overlays/33596a635b53_overlay.png
338326891d84.png,False,0,,72.8401191799574,27.943443329900948,0.0,255.0,0.003197494539954803,122.03845997614235,24.72602715600145,5.0,238.0,1.827913457098871e-05,20.97880055153853,12.0,0.9035388115110125,1.0,True,True,False,1477094,333342,41322,0.22567419541342662,0.027975199953422056,preprocessed_green_images/338326891d84_green_preprocessed.png,vessel_masks/338326891d84_vessel_mask.png,vessel_skeletons/338326891d84_skeleton.png,vessel_overlays/338326891d84_overlay.png
33b91def2035.png,False,0,,93.19925286616,21.856289553835442,0.0,255.0,6.0114217012323416e-05,117.96783460002577,37.48533794113015,3.0,225.0,4.2938726437373865e-05,15.741410360105638,10.296564144042256,0.8208758623377772,1.0,False,True,False,232890,57911,7523,0.2486624586714758,0.03230280389883636,preprocessed_green_images/33b91def2035_green_preprocessed.png,vessel_masks/33b91def2035_vessel_mask.png,vessel_skeletons/33b91def2035_skeleton.png,vessel_overlays/33b91def2035_overlay.png
33b978734eab.png,False,0,,43.74626815093445,14.76952575270664,0.0,243.0,0.09152306884223725,122.8296860333113,27.29018219130591,14.0,240.0,8.200748911367525e-05,24.888622072835542,12.0,0.9138268463155649,1.0,True,True,False,1475475,380806,58519,0.2580904454497704,0.03966112607804267,preprocessed_green_images/33b978734eab_green_preprocessed.png,vessel_masks/33b978734eab_vessel_mask.png,vessel_skeletons/33b978734eab_skeleton.png,vessel_overlays/33b978734eab_overlay.png
33d72035c27a.png,False,0,,109.00034389730915,31.342673451500044,0.0,255.0,1.4863930847588632e-05,118.90509515280459,24.675933360164528,2.0,237.0,1.824209694931332e-05,19.658763808442682,11.863505523377073,0.8959795610039574,1.0,False,True,False,1480093,326053,46758,0.220292238393128,0.0315912581168886,preprocessed_green_images/33d72035c27a_green_preprocessed.png,vessel_masks/33d72035c27a_vessel_mask.png,vessel_skeletons/33d72035c27a_skeleton.png,vessel_overlays/33d72035c27a_overlay.png
342edf9b889d.png,False,0,,70.56348152065036,18.449737096293376,0.0,255.0,0.001018868411210132,120.8636135006513,33.49463293870662,26.0,227.0,1.2897068496330785e-05,17.79285621396551,12.0,0.8346060483652143,1.0,True,True,False,232611,52672,6228,0.22643813061291168,0.026774314198382707,preprocessed_green_images/342edf9b889d_green_preprocessed.png,vessel_masks/342edf9b889d_vessel_mask.png,vessel_skeletons/342edf9b889d_skeleton.png,vessel_overlays/342edf9b889d_overlay.png
345b1f0abbba.png,False,1,mean_S,70.03970409996158,29.794847076141313,12.0,255.0,0.0006387734847865631,122.77519205387698,17.66958531991721,35.0,244.0,0.0,9.776315270008935,9.684774632451433,0.9428662365015487,1.0,True,True,False,4563433,1164403,177598,0.255159438080936,0.03891763065218663,preprocessed_green_images/345b1f0abbba_green_preprocessed.png,vessel_masks/345b1f0abbba_vessel_mask.png,vessel_skeletons/345b1f0abbba_skeleton.png,vessel_overlays/345b1f0abbba_overlay.png
348598d01e18.png,False,0,,81.51164380853592,20.48775681777687,0.0,251.0,0.0006512067092896963,118.55161278318771,23.675854798842654,2.0,238.0,0.0005244539748029518,22.351685734729195,12.0,0.9001965308674263,1.0,True,True,False,859942,226152,33837,0.26298517807014893,0.03934800253970617,preprocessed_green_images/348598d01e18_green_preprocessed.png,vessel_masks/348598d01e18_vessel_mask.png,vessel_skeletons/348598d01e18_skeleton.png,vessel_overlays/348598d01e18_overlay.png
34a7dbd3f05c.png,False,0,,95.21974710074338,21.8689753547494,0.0,255.0,2.6401496355578062e-05,119.51619054839969,24.5230559189277,4.0,237.0,1.7600997570385375e-05,19.688852626473402,11.87554105058936,0.89987539051481,1.0,False,True,False,1477189,350629,43797,0.23736231450410206,0.02964888040731416,preprocessed_green_images/34a7dbd3f05c_green_preprocessed.png,vessel_masks/34a7dbd3f05c_vessel_mask.png,vessel_skeletons/34a7dbd3f05c_skeleton.png,vessel_overlays/34a7dbd3f05c_overlay.png
34acae864963.png,False,0,,94.12071680419724,21.49848604254035,0.0,255.0,2.0959187053983428e-05,118.23727625222692,25.220929059468535,3.0,237.0,2.0283084245790417e-05,19.725932946469,11.8903731785876,0.8965845841531164,1.0,False,True,False,1479065,337357,48138,0.22808801506357057,0.0325462369807953,preprocessed_green_images/34acae864963_green_preprocessed.png,vessel_masks/34acae864963_vessel_mask.png,vessel_skeletons/34acae864963_skeleton.png,vessel_overlays/34acae864963_overlay.png
35362d43e753.png,False,0,,113.65396740619484,11.998344070191367,0.0,251.0,0.001162990990866012,116.98971804982827,20.89884777563739,2.0,238.0,0.001040449196599812,17.360784058221423,10.944313623288568,0.8982796320530724,1.0,False,True,False,865011,346419,64774,0.40047930026323364,0.07488228473395137,preprocessed_green_images/35362d43e753_green_preprocessed.png,vessel_masks/35362d43e753_vessel_mask.png,vessel_skeletons/35362d43e753_skeleton.png,vessel_overlays/35362d43e753_overlay.png
356304d15a5c.png,False,0,,62.001786752853505,11.385581569142245,0.0,159.0,0.0005769358528918473,118.33467058128326,20.71381259184342,3.0,237.0,0.00032285097222432667,20.09024697558984,12.0,0.9049170648786904,1.0,True,True,False,857981,232544,36935,0.27103630499976106,0.043048738841536115,preprocessed_green_images/356304d15a5c_green_preprocessed.png,vessel_masks/356304d15a5c_vessel_mask.png,vessel_skeletons/356304d15a5c_skeleton.png,vessel_overlays/356304d15a5c_overlay.png
357f02a779d7.png,False,0,,88.05607740300344,13.53422738706411,0.0,217.0,0.0017204778488476961,117.09426206762588,20.443332126158325,1.0,237.0,0.0012695461545932595,20.04049408354748,12.0,0.9022983111526811,1.0,True,True,False,864876,217834,37082,0.25186731970825876,0.0428755104778026,preprocessed_green_images/357f02a779d7_green_preprocessed.png,vessel_masks/357f02a779d7_vessel_mask.png,vessel_skeletons/357f02a779d7_skeleton.png,vessel_overlays/357f02a779d7_overlay.png
3580a545016d.png,False,0,,50.70791926818644,16.594277941981304,0.0,168.0,0.061761579788006386,123.45956613910266,26.428092100061136,4.0,241.0,0.00028691738057209237,22.601727311639706,12.0,0.9106488261595148,1.0,True,True,False,860875,197285,23095,0.22916799767678234,0.026827355887904747,preprocessed_green_images/3580a545016d_green_preprocessed.png,vessel_masks/3580a545016d_vessel_mask.png,vessel_skeletons/3580a545016d_skeleton.png,vessel_overlays/3580a545016d_overlay.png
359bab5d784b.png,False,0,,74.83009979372247,15.119920929914795,0.0,238.0,0.0006864302837709761,121.65386375462266,21.869151142851685,3.0,238.0,0.0004262604300236011,19.588581414527308,12.0,0.904583751345794,1.0,True,True,False,860976,189954,20949,0.2206263589228968,0.02433168868818643,preprocessed_green_images/359bab5d784b_green_preprocessed.png,vessel_masks/359bab5d784b_vessel_mask.png,vessel_skeletons/359bab5d784b_skeleton.png,vessel_overlays/359bab5d784b_overlay.png
35ac70c0d08f.png,False,0,,73.02768800190455,16.36697744207096,0.0,247.0,0.0014400269424395683,123.33829368420442,24.258218364444026,3.0,240.0,0.00029032801258862265,23.51828154018608,12.0,0.9046318000164851,1.0,True,True,False,861095,179613,18399,0.2085867413003211,0.02136698041447227,preprocessed_green_images/35ac70c0d08f_green_preprocessed.png,vessel_masks/35ac70c0d08f_vessel_mask.png,vessel_skeletons/35ac70c0d08f_skeleton.png,vessel_overlays/35ac70c0d08f_overlay.png
35beb47fe159.png,False,0,,72.88446236390813,16.90339807481064,0.0,195.0,0.0035622471378527025,121.91393091420574,23.962979544433388,4.0,239.0,0.0005786332427696935,21.751231508010793,12.0,0.9046200658295438,1.0,True,True,False,862377,192646,22839,0.223389538450121,0.026483776816867796,preprocessed_green_images/35beb47fe159_green_preprocessed.png,vessel_masks/35beb47fe159_vessel_mask.png,vessel_skeletons/35beb47fe159_skeleton.png,vessel_overlays/35beb47fe159_overlay.png
35cd9832fc0a.png,False,0,,85.46102916507596,17.76765559676522,0.0,230.0,0.0012239845440136976,121.09531577181596,23.226968606169,2.0,241.0,0.0009058411133863187,21.861723199044068,12.0,0.9020885041088342,1.0,True,True,False,864390,198201,22717,0.22929580397737132,0.026280961140226055,preprocessed_green_images/35cd9832fc0a_green_preprocessed.png,vessel_masks/35cd9832fc0a_vessel_mask.png,vessel_skeletons/35cd9832fc0a_skeleton.png,vessel_overlays/35cd9832fc0a_overlay.png
35df2bc6ae95.png,False,0,,82.66065468519669,11.475609489824677,0.0,173.0,0.000839042842176505,120.90226078007807,22.175982947282982,3.0,239.0,0.0005806083755945152,20.47383565167346,12.0,0.9005240676291952,1.0,True,True,False,862888,191369,21892,0.22177733379071213,0.025370615885259733,preprocessed_green_images/35df2bc6ae95_green_preprocessed.png,vessel_masks/35df2bc6ae95_vessel_mask.png,vessel_skeletons/35df2bc6ae95_skeleton.png,vessel_overlays/35df2bc6ae95_overlay.png
360832d84ce0.png,False,0,,53.86541280656879,11.689720652734009,0.0,177.0,0.001216602540678804,117.72493605313501,30.505675392420127,10.0,228.0,4.728843797691464e-05,13.90441201973053,12.0,0.840511157538857,1.0,True,True,False,232615,66942,10673,0.28778023773187456,0.04588268168432818,preprocessed_green_images/360832d84ce0_green_preprocessed.png,vessel_masks/360832d84ce0_vessel_mask.png,vessel_skeletons/360832d84ce0_skeleton.png,vessel_overlays/360832d84ce0_overlay.png
369229040a34.png,False,0,,90.58904703249947,12.478697603870131,0.0,209.0,0.0009698736614990284,118.27628073728938,20.38263210633677,2.0,236.0,0.0007415999323290062,19.653348540585082,11.861339416234033,0.9012144740642514,1.0,False,True,False,862999,212069,29296,0.24573493132668753,0.03394673690236026,preprocessed_green_images/369229040a34_green_preprocessed.png,vessel_masks/369229040a34_vessel_mask.png,vessel_skeletons/369229040a34_skeleton.png,vessel_overlays/369229040a34_overlay.png
36e4b704b905.png,False,0,,35.57916037358613,19.387062231134635,0.0,221.0,0.5034192758012057,120.16163177774325,26.789684649033102,4.0,245.0,8.404923757153736e-05,7.778225953100999,11.948698348032744,0.9253141264905331,1.0,True,True,False,392627,109062,17642,0.27777508933415174,0.04493323179506249,preprocessed_green_images/36e4b704b905_green_preprocessed.png,vessel_masks/36e4b704b905_vessel_mask.png,vessel_skeletons/36e4b704b905_skeleton.png,vessel_overlays/36e4b704b905_overlay.png
370f575adb23.png,False,0,,82.73150238755794,24.39475329012702,0.0,254.0,0.00047925645454915575,119.57537761802563,21.560186600390136,2.0,237.0,0.00031058610039957424,22.824075456356972,12.0,0.9045451376878025,1.0,True,True,False,859665,201757,26543,0.2346925837390146,0.03087598075994719,preprocessed_green_images/370f575adb23_green_preprocessed.png,vessel_masks/370f575adb23_vessel_mask.png,vessel_skeletons/370f575adb23_skeleton.png,vessel_overlays/370f575adb23_overlay.png
3710ff45299c.png,False,0,,86.69460950764007,16.064645969940536,0.0,193.0,0.0009103602475252117,121.63748643157338,23.464514594741708,2.0,239.0,0.0007155315576089881,24.401345866745864,12.0,0.9003675621703396,1.0,True,True,False,862296,191639,21350,0.2222427101598523,0.024759479343520092,preprocessed_green_images/3710ff45299c_green_preprocessed.png,vessel_masks/3710ff45299c_vessel_mask.png,vessel_skeletons/3710ff45299c_skeleton.png,vessel_overlays/3710ff45299c_overlay.png
3730c322d35b.png,False,0,,89.62906415156267,17.950517748466613,0.0,197.0,0.0009765636286099629,118.05698046526034,22.15706433964078,2.0,239.0,0.0007870293858974966,22.982968818408725,12.0,0.8995840453429919,1.0,True,True,False,865279,219756,32132,0.25397126244829704,0.037134843212420506,preprocessed_green_images/3730c322d35b_green_preprocessed.png,vessel_masks/3730c322d35b_vessel_mask.png,vessel_skeletons/3730c322d35b_skeleton.png,vessel_overlays/3730c322d35b_overlay.png
3732de8b416f.png,False,1,mean_S,71.73436132760497,23.26355865814393,14.0,255.0,0.0006453726561412851,123.98273052897548,17.365740453136507,18.0,244.0,1.753134549789569e-06,10.070508394673574,9.651815684304543,0.9419865022198587,1.0,True,True,False,4563255,1099123,150319,0.24086381322104505,0.03294117904872728,preprocessed_green_images/3732de8b416f_green_preprocessed.png,vessel_masks/3732de8b416f_vessel_mask.png,vessel_skeletons/3732de8b416f_skeleton.png,vessel_overlays/3732de8b416f_overlay.png
37c523296d42.png,False,0,,73.3720955325703,16.481929322700513,0.0,244.0,0.0015152482002076795,122.86202887789257,22.97763782450416,2.0,238.0,0.0006972926250572858,21.835665617132623,12.0,0.904612154424274,1.0,True,True,False,861905,183122,19560,0.2124619302591353,0.022693916382896025,preprocessed_green_images/37c523296d42_green_preprocessed.png,vessel_masks/37c523296d42_vessel_mask.png,vessel_skeletons/37c523296d42_skeleton.png,vessel_overlays/37c523296d42_overlay.png
3823acc4e464.png,False,0,,81.33978343836101,13.178582541577168,0.0,237.0,2.4364707180211528e-05,119.21407170127245,22.326738989468495,4.0,237.0,1.6243138120141016e-05,21.01443471447675,12.0,0.9005017036691261,1.0,True,True,False,1477547,353048,65656,0.23894197612664775,0.044435811517332446,preprocessed_green_images/3823acc4e464_green_preprocessed.png,vessel_masks/3823acc4e464_vessel_mask.png,vessel_skeletons/3823acc4e464_skeleton.png,vessel_overlays/3823acc4e464_overlay.png
38373431d996.png,False,0,,74.06486328847893,17.599238177613433,0.0,239.0,8.052003764819239e-05,120.70372077004221,23.08909800060372,4.0,238.0,1.9622530183172938e-05,21.09433782065643,12.0,0.9036380101149463,1.0,True,True,False,1477893,366351,49804,0.2478873639701927,0.0336993273531981,preprocessed_green_images/38373431d996_green_preprocessed.png,vessel_masks/38373431d996_vessel_mask.png,vessel_skeletons/38373431d996_skeleton.png,vessel_overlays/38373431d996_overlay.png
384db24ebbd7.png,False,0,,90.11028336003768,9.858410593790307,0.0,166.0,0.0009049700257684414,117.11675853659385,20.27652960710105,2.0,237.0,0.0007495008162133501,19.691415254837604,11.876566101935042,0.8997625445817201,1.0,False,True,False,861907,209285,35575,0.24281622031147213,0.041274754700913206,preprocessed_green_images/384db24ebbd7_green_preprocessed.png,vessel_masks/384db24ebbd7_vessel_mask.png,vessel_skeletons/384db24ebbd7_skeleton.png,vessel_overlays/384db24ebbd7_overlay.png
387138ddf43d.png,False,1,mean_G,30.82808286329085,9.657191734661364,0.0,135.0,0.5940335374781955,117.7614459058557,25.145254868450927,7.0,240.0,5.602312227046436e-05,8.253293670482254,12.0,0.9148942581247698,1.0,True,True,False,392695,111595,19867,0.28417728771693046,0.05059142591578706,preprocessed_green_images/387138ddf43d_green_preprocessed.png,vessel_masks/387138ddf43d_vessel_mask.png,vessel_skeletons/387138ddf43d_skeleton.png,vessel_overlays/387138ddf43d_overlay.png
388279491b5d.png,False,0,,95.86901570875395,22.187077521653592,0.0,255.0,2.6378531933242022e-05,121.30792404335548,25.69876197625034,3.0,237.0,2.0967551023859043e-05,19.8109689077055,11.9243875630822,0.8987037157417427,1.0,False,True,False,1478475,307965,31983,0.20829909196976615,0.021632425303099476,preprocessed_green_images/388279491b5d_green_preprocessed.png,vessel_masks/388279491b5d_vessel_mask.png,vessel_skeletons/388279491b5d_skeleton.png,vessel_overlays/388279491b5d_overlay.png
389552047476.png,False,0,,69.8444478003787,14.243747177365563,0.0,229.0,0.0007481151911527247,122.53115946237934,23.287351544769056,3.0,239.0,0.0002927407269728053,20.415605573668227,12.0,0.9042413935056345,1.0,True,True,False,860830,184185,20255,0.21396210633923074,0.023529616765214968,preprocessed_green_images/389552047476_green_preprocessed.png,vessel_masks/389552047476_vessel_mask.png,vessel_skeletons/389552047476_skeleton.png,vessel_overlays/389552047476_overlay.png
38c7153457e2.png,False,0,,71.46770331179331,19.813776883328142,0.0,253.0,0.002139299382354204,122.16664480549555,22.071657512002815,4.0,239.0,0.0002449225011810836,23.18984361214706,12.0,0.9076341383757768,1.0,True,True,False,861497,192995,21879,0.2240228346703471,0.02539649006322715,preprocessed_green_images/38c7153457e2_green_preprocessed.png,vessel_masks/38c7153457e2_vessel_mask.png,vessel_skeletons/38c7153457e2_skeleton.png,vessel_overlays/38c7153457e2_overlay.png
3908b3cfd620.png,False,0,,80.16825036725737,15.717013302275072,0.0,204.0,0.0006659445487847965,122.0178305781282,22.254347311448917,2.0,238.0,0.00047301820480874724,22.244402373137152,12.0,0.9026889694099327,1.0,True,True,False,860432,191179,22022,0.22218955129516335,0.025594120162894918,preprocessed_green_images/3908b3cfd620_green_preprocessed.png,vessel_masks/3908b3cfd620_vessel_mask.png,vessel_skeletons/3908b3cfd620_skeleton.png,vessel_overlays/3908b3cfd620_overlay.png
393fa5a023a5.png,False,0,,83.649885546524,7.94948237650549,0.0,157.0,0.0018640556029076495,118.469062913609,20.05380797117984,2.0,237.0,0.0013732107260577418,19.296973081138773,12.0,0.9025526324165123,1.0,True,True,False,865854,217233,35584,0.25088871795937884,0.04109699787724028,preprocessed_green_images/393fa5a023a5_green_preprocessed.png,vessel_masks/393fa5a023a5_vessel_mask.png,vessel_skeletons/393fa5a023a5_skeleton.png,vessel_overlays/393fa5a023a5_overlay.png
39f8935185e6.png,False,0,,89.30567649106521,17.948083539775517,0.0,197.0,0.0006973775818055234,122.66259456950569,21.936777831474185,2.0,238.0,0.0004246925040612671,22.69876644393795,12.0,0.9029734918133188,1.0,True,True,False,861800,176681,19239,0.20501392434439544,0.022324205152007427,preprocessed_green_images/39f8935185e6_green_preprocessed.png,vessel_masks/39f8935185e6_vessel_mask.png,vessel_skeletons/39f8935185e6_skeleton.png,vessel_overlays/39f8935185e6_overlay.png
39fd8ef3a45c.png,False,0,,86.30639303485475,15.073079265474435,0.0,198.0,0.0008206168671006922,120.96731228824429,22.035603748745192,3.0,240.0,0.0006209759885415421,19.44817934973848,12.0,0.9008200125531108,1.0,True,True,False,861547,196022,23881,0.2275232807960564,0.02771874314459919,preprocessed_green_images/39fd8ef3a45c_green_preprocessed.png,vessel_masks/39fd8ef3a45c_vessel_mask.png,vessel_skeletons/39fd8ef3a45c_skeleton.png,vessel_overlays/39fd8ef3a45c_overlay.png
3a4cfea0a766.png,False,0,,92.51048093340593,12.590618679869097,0.0,222.0,0.0009398333269752973,119.89214343266897,21.386425089200884,2.0,239.0,0.0006878238985858571,19.856768982572344,11.942707593028938,0.9008777769849482,1.0,False,True,False,865047,196521,24377,0.2271795636537668,0.028179971724079732,preprocessed_green_images/3a4cfea0a766_green_preprocessed.png,vessel_masks/3a4cfea0a766_vessel_mask.png,vessel_skeletons/3a4cfea0a766_skeleton.png,vessel_overlays/3a4cfea0a766_overlay.png
3a643599f852.png,False,0,,37.11890497026815,13.646762877130037,0.0,239.0,0.3208646546243315,123.88213674952146,26.345952957169878,11.0,241.0,0.0002706295536992272,26.225096958870445,12.0,0.920560474977394,1.0,True,True,False,1470645,402948,64128,0.2739940638291362,0.043605356833226236,preprocessed_green_images/3a643599f852_green_preprocessed.png,vessel_masks/3a643599f852_vessel_mask.png,vessel_skeletons/3a643599f852_skeleton.png,vessel_overlays/3a643599f852_overlay.png
3abac0961bfd.png,False,0,,89.61379778639447,15.777621011549984,0.0,255.0,0.0016842650774114142,118.19981329643991,21.564597874376688,2.0,238.0,0.0012527878288712648,19.78859278960042,11.949766201493993,0.902379661112842,1.0,True,True,False,864472,212982,30730,0.24637235214096004,0.03554771004728898,preprocessed_green_images/3abac0961bfd_green_preprocessed.png,vessel_masks/3abac0961bfd_vessel_mask.png,vessel_skeletons/3abac0961bfd_skeleton.png,vessel_overlays/3abac0961bfd_overlay.png
3ac92ac3d65a.png,False,0,,99.11874502499012,16.67524303971329,0.0,255.0,2.6398011620540088e-05,119.88110267878899,24.31578582071146,2.0,237.0,2.3013651156368285e-05,19.973319545557807,11.989327818223122,0.8969658423615042,1.0,False,True,False,1477384,317090,45056,0.2146293719168476,0.03049714901474498,preprocessed_green_images/3ac92ac3d65a_green_preprocessed.png,vessel_masks/3ac92ac3d65a_vessel_mask.png,vessel_skeletons/3ac92ac3d65a_skeleton.png,vessel_overlays/3ac92ac3d65a_overlay.png
3af9aaa880e9.png,False,0,,95.04420000417758,17.302662712932733,0.0,252.0,0.0006034288685012451,120.05549572841987,21.48642227460123,2.0,239.0,0.00047462001387886397,20.46929833922865,12.0,0.9006025889364199,1.0,False,True,False,861742,192959,24102,0.22391736737909954,0.02796892805503271,preprocessed_green_images/3af9aaa880e9_green_preprocessed.png,vessel_masks/3af9aaa880e9_vessel_mask.png,vessel_skeletons/3af9aaa880e9_skeleton.png,vessel_overlays/3af9aaa880e9_overlay.png
3b0190bbe615.png,False,0,,84.62150709819753,18.68914274920087,0.0,254.0,0.0013869641590849048,121.7801146186254,23.824432375877034,2.0,241.0,0.0009837364837619752,20.946918754947884,12.0,0.9026368132371727,1.0,True,True,False,863036,178245,18768,0.20653252008027476,0.021746485662243523,preprocessed_green_images/3b0190bbe615_green_preprocessed.png,vessel_masks/3b0190bbe615_vessel_mask.png,vessel_skeletons/3b0190bbe615_skeleton.png,vessel_overlays/3b0190bbe615_overlay.png
3b10191dfd25.png,False,0,,46.99598904946839,23.583399848456548,0.0,254.0,0.1430903418857834,122.83182020755078,27.612346823374253,8.0,245.0,0.0015330744254154198,10.538474851072728,12.0,0.9176406735986145,1.0,True,True,False,392675,95539,11191,0.2433029859298402,0.028499395174126186,preprocessed_green_images/3b10191dfd25_green_preprocessed.png,vessel_masks/3b10191dfd25_vessel_mask.png,vessel_skeletons/3b10191dfd25_skeleton.png,vessel_overlays/3b10191dfd25_overlay.png
3b2b91590590.png,False,0,,77.39010554611218,12.873208647795918,0.0,169.0,0.0008522284669886455,122.00941404351597,20.751148216467893,3.0,239.0,0.0003185683491881158,21.015349849331464,12.0,0.9066101690359495,1.0,True,True,False,860098,192188,21682,0.22344895581666274,0.025208755281374912,preprocessed_green_images/3b2b91590590_green_preprocessed.png,vessel_masks/3b2b91590590_vessel_mask.png,vessel_skeletons/3b2b91590590_skeleton.png,vessel_overlays/3b2b91590590_overlay.png
3b5dffe159b6.png,False,0,,87.14820987312827,16.659965751325885,0.0,245.0,0.0032029117798923067,120.10705032455559,21.752325702364942,2.0,237.0,0.0026243361363133435,22.398387832298685,12.0,0.9047866415580365,1.0,True,True,False,867648,192470,24684,0.22182958987976692,0.028449325071918566,preprocessed_green_images/3b5dffe159b6_green_preprocessed.png,vessel_masks/3b5dffe159b6_vessel_mask.png,vessel_skeletons/3b5dffe159b6_skeleton.png,vessel_overlays/3b5dffe159b6_overlay.png
3b9817a39adf.png,False,0,,85.879655698995,11.435592514842325,0.0,224.0,0.0007160385687570821,119.06737714377081,21.500248307838724,2.0,238.0,0.0005352909688766537,19.71686469287244,12.0,0.9003656775170477,1.0,True,True,False,863082,217493,31794,0.25199575474867975,0.03683775122178426,preprocessed_green_images/3b9817a39adf_green_preprocessed.png,vessel_masks/3b9817a39adf_vessel_mask.png,vessel_skeletons/3b9817a39adf_skeleton.png,vessel_overlays/3b9817a39adf_overlay.png
3bf2deaa5ef0.png,False,0,,82.75820593029916,16.52989964193313,0.0,252.0,0.000710736174268336,121.40301523734878,21.789190078311595,3.0,239.0,0.000448702935467938,20.74331884904381,12.0,0.9036828686974628,1.0,True,True,False,862486,182519,20233,0.21161966686995498,0.023458931507294032,preprocessed_green_images/3bf2deaa5ef0_green_preprocessed.png,vessel_masks/3bf2deaa5ef0_vessel_mask.png,vessel_skeletons/3bf2deaa5ef0_skeleton.png,vessel_overlays/3bf2deaa5ef0_overlay.png
3bf3085ac167.png,False,0,,93.87267710634315,13.131974244020164,0.0,199.0,0.0008872836956408423,119.96009192537088,21.57339081324027,2.0,239.0,0.0007436503036572073,22.388895966535156,12.0,0.9002743863396926,1.0,False,True,False,863309,187841,23453,0.21758258051288704,0.02716640275961446,preprocessed_green_images/3bf3085ac167_green_preprocessed.png,vessel_masks/3bf3085ac167_vessel_mask.png,vessel_skeletons/3bf3085ac167_skeleton.png,vessel_overlays/3bf3085ac167_overlay.png
3c28fd846b43.png,False,0,,98.65557473679823,14.365840117485691,0.0,234.0,0.0008984694757731643,118.02726206478937,21.128828114333018,2.0,238.0,0.0007224806093846063,19.59958263022992,11.839833052091969,0.8990454841742267,1.0,False,True,False,863691,203118,30316,0.23517438528362575,0.03510051627260212,preprocessed_green_images/3c28fd846b43_green_preprocessed.png,vessel_masks/3c28fd846b43_vessel_mask.png,vessel_skeletons/3c28fd846b43_skeleton.png,vessel_overlays/3c28fd846b43_overlay.png
3c326543fff6.png,False,1,mean_G,138.11386853917784,29.803391519080993,0.0,255.0,2.0940781496455266e-05,118.016046718208,22.899387434276278,3.0,236.0,1.8914254254862822e-05,18.49845009280433,11.399380037121732,0.8949423934468403,1.0,False,True,False,1480365,311572,44451,0.2104697152391471,0.03002705413867526,preprocessed_green_images/3c326543fff6_green_preprocessed.png,vessel_masks/3c326543fff6_vessel_mask.png,vessel_skeletons/3c326543fff6_skeleton.png,vessel_overlays/3c326543fff6_overlay.png
3c42512c81e0.png,False,0,,103.49313132527058,19.742535619580508,0.0,249.0,0.0014444554865041634,118.13211914331079,21.18446426080957,1.0,237.0,0.0013057877597997638,20.63332161571356,12.0,0.9006201521639934,1.0,False,True,False,865378,206689,29813,0.23884244804004723,0.0344508411353189,preprocessed_green_images/3c42512c81e0_green_preprocessed.png,vessel_masks/3c42512c81e0_vessel_mask.png,vessel_skeletons/3c42512c81e0_skeleton.png,vessel_overlays/3c42512c81e0_overlay.png
3c9529918097.png,False,0,,91.74190066670758,12.601100965724306,0.0,220.0,0.000740014151757331,117.81921651146443,21.171048647001708,4.0,238.0,0.0005547210934143372,19.968575792713136,11.987430317085254,0.899177268164316,1.0,False,True,False,863497,212447,34181,0.24603096478621234,0.03958438767013667,preprocessed_green_images/3c9529918097_green_preprocessed.png,vessel_masks/3c9529918097_vessel_mask.png,vessel_skeletons/3c9529918097_skeleton.png,vessel_overlays/3c9529918097_overlay.png
3ca12e02dd4e.png,False,0,,88.59882997535875,14.254160450603624,0.0,239.0,0.0007143064212204668,120.21532743875925,22.61495264520146,2.0,238.0,0.0005855921147992463,22.427487274287053,12.0,0.9003197329127149,1.0,True,True,False,862375,195896,23186,0.22715871865487752,0.026886215393535296,preprocessed_green_images/3ca12e02dd4e_green_preprocessed.png,vessel_masks/3ca12e02dd4e_vessel_mask.png,vessel_skeletons/3ca12e02dd4e_skeleton.png,vessel_overlays/3ca12e02dd4e_overlay.png
3ca8be3b40d6.png,False,0,,78.50874501512651,20.303652046454605,0.0,255.0,6.016226622662266e-05,117.84066023789879,32.083498673612866,4.0,227.0,6.016226622662266e-05,13.745342518462706,10.519581894929393,0.8311405794584892,1.0,True,True,False,232704,59788,7613,0.25692725522552257,0.032715380913091306,preprocessed_green_images/3ca8be3b40d6_green_preprocessed.png,vessel_masks/3ca8be3b40d6_vessel_mask.png,vessel_skeletons/3ca8be3b40d6_skeleton.png,vessel_overlays/3ca8be3b40d6_overlay.png
3cab32dd6ef9.png,False,0,,84.85509867219118,15.033876686835631,0.0,230.0,0.0006124600827981075,120.51599993968196,21.60524135269319,3.0,238.0,0.00043846574109409963,20.653270201890486,12.0,0.9019023395001958,1.0,True,True,False,862097,192048,22640,0.22276843557047524,0.02626154597452491,preprocessed_green_images/3cab32dd6ef9_green_preprocessed.png,vessel_masks/3cab32dd6ef9_vessel_mask.png,vessel_skeletons/3cab32dd6ef9_skeleton.png,vessel_overlays/3cab32dd6ef9_overlay.png
3cd9713c0ecb.png,False,0,,93.33083059052205,15.518825609871454,0.0,236.0,0.0006656971147712855,121.65354524304904,22.11397805105666,2.0,239.0,0.0005265269862476718,20.63087614757656,12.0,0.9009270127645276,1.0,False,True,False,862254,181550,19938,0.2105528069455172,0.023123116854198416,preprocessed_green_images/3cd9713c0ecb_green_preprocessed.png,vessel_masks/3cd9713c0ecb_vessel_mask.png,vessel_skeletons/3cd9713c0ecb_skeleton.png,vessel_overlays/3cd9713c0ecb_overlay.png
3cdef7c591cc.png,False,0,,86.11743484561173,11.823159185199158,0.0,176.0,5.589883171441717e-05,117.20592269621565,30.49848721265599,2.0,226.0,4.299910131878244e-05,12.500206151485942,9.345199363206667,0.8277827835017574,1.0,True,True,False,232563,57153,6575,0.24575276376723726,0.028271909117099453,preprocessed_green_images/3cdef7c591cc_green_preprocessed.png,vessel_masks/3cdef7c591cc_vessel_mask.png,vessel_skeletons/3cdef7c591cc_skeleton.png,vessel_overlays/3cdef7c591cc_overlay.png
3ce2f8a77a32.png,False,0,,65.6385637367685,16.616328842123615,0.0,238.0,0.0004519018777605421,119.98919156242368,23.21125485437893,5.0,238.0,1.8941994876190386e-05,21.396842927396758,12.0,0.9046333776132885,1.0,True,True,False,1478197,369494,62267,0.24996262338511038,0.04212361410556238,preprocessed_green_images/3ce2f8a77a32_green_preprocessed.png,vessel_masks/3ce2f8a77a32_vessel_mask.png,vessel_skeletons/3ce2f8a77a32_skeleton.png,vessel_overlays/3ce2f8a77a32_overlay.png
3d2ecffe0386.png,False,0,,95.3281144015043,17.298927034411264,0.0,255.0,6.010286175483184e-05,118.3913211467626,34.085606629747346,3.0,226.0,6.010286175483184e-05,12.938829173711724,9.17553166948469,0.8246743073915118,1.0,False,True,False,232934,55314,6395,0.2374664067933406,0.0274541286372964,preprocessed_green_images/3d2ecffe0386_green_preprocessed.png,vessel_masks/3d2ecffe0386_vessel_mask.png,vessel_skeletons/3d2ecffe0386_skeleton.png,vessel_overlays/3d2ecffe0386_overlay.png
3dec415b188a.png,False,0,,94.46099221552502,12.661308931992458,0.0,236.0,0.0007285961799249093,120.0932916859855,21.094545132436256,2.0,237.0,0.0005821797227151189,21.343310444500748,12.0,0.9003367635445491,1.0,False,True,False,860559,192639,24257,0.2238533325431493,0.02818749208363401,preprocessed_green_images/3dec415b188a_green_preprocessed.png,vessel_masks/3dec415b188a_vessel_mask.png,vessel_skeletons/3dec415b188a_skeleton.png,vessel_overlays/3dec415b188a_overlay.png
3e61703b5ab2.png,False,0,,39.88723125873704,18.268273757520333,0.0,229.0,0.29036638411966953,122.4653519877205,30.243903284693776,8.0,241.0,0.0020314353599981553,26.424398049932098,12.0,0.9182717360335483,1.0,True,True,False,1474327,390371,64901,0.2647791161662236,0.04402076337203348,preprocessed_green_images/3e61703b5ab2_green_preprocessed.png,vessel_masks/3e61703b5ab2_vessel_mask.png,vessel_skeletons/3e61703b5ab2_skeleton.png,vessel_overlays/3e61703b5ab2_overlay.png
3f0d3629d69e.png,False,0,,79.39880092014228,17.936417103181196,0.0,250.0,8.319428164443305e-05,118.88801711502522,25.301345882776644,4.0,237.0,1.8262159385363352e-05,20.961637903750784,12.0,0.9007336330007292,1.0,True,True,False,1478467,361735,55138,0.24466897130608936,0.03729403497000609,preprocessed_green_images/3f0d3629d69e_green_preprocessed.png,vessel_masks/3f0d3629d69e_vessel_mask.png,vessel_skeletons/3f0d3629d69e_skeleton.png,vessel_overlays/3f0d3629d69e_overlay.png
3f44d749cd0b.png,False,0,,73.37962181684513,11.897857399769482,0.0,158.0,2.1317778652895e-05,120.61491910335118,16.85501018459984,5.0,242.0,1.4115826405295335e-05,8.880831981184649,9.029699742087626,0.9303848307999009,1.0,True,True,False,3471281,877059,173905,0.25266148145310047,0.050098220224752764,preprocessed_green_images/3f44d749cd0b_green_preprocessed.png,vessel_masks/3f44d749cd0b_vessel_mask.png,vessel_skeletons/3f44d749cd0b_skeleton.png,vessel_overlays/3f44d749cd0b_overlay.png
3f6bccf21ce8.png,False,0,,84.48714874788611,17.714508953921943,0.0,255.0,0.001047096161419603,121.8802766001807,22.470381303879712,2.0,239.0,0.0007841638288507424,21.917313503904076,12.0,0.9034648069993005,1.0,True,True,False,863340,176905,18553,0.2049076841105474,0.021489795445595015,preprocessed_green_images/3f6bccf21ce8_green_preprocessed.png,vessel_masks/3f6bccf21ce8_vessel_mask.png,vessel_skeletons/3f6bccf21ce8_skeleton.png,vessel_overlays/3f6bccf21ce8_overlay.png
3f6c627e2ff2.png,False,0,,94.73305039037082,11.550471287136256,0.0,255.0,0.0009546135207144174,118.36102369830965,22.4597343758562,2.0,238.0,0.0008374616791686627,20.2554724517332,12.0,0.8984098675035912,1.0,False,True,False,862129,206773,28194,0.23983997754396383,0.03270276257961396,preprocessed_green_images/3f6c627e2ff2_green_preprocessed.png,vessel_masks/3f6c627e2ff2_vessel_mask.png,vessel_skeletons/3f6c627e2ff2_skeleton.png,vessel_overlays/3f6c627e2ff2_overlay.png
3f82631e9080.png,False,0,,93.9738941276499,17.91385234224279,0.0,248.0,1.7586544399598756e-05,117.1989457543038,24.851006001691367,4.0,236.0,1.6233733291937312e-05,20.450848356118033,12.0,0.8959634863298348,1.0,False,True,False,1478403,576405,122614,0.38988354325579694,0.08293679057740007,preprocessed_green_images/3f82631e9080_green_preprocessed.png,vessel_masks/3f82631e9080_vessel_mask.png,vessel_skeletons/3f82631e9080_skeleton.png,vessel_overlays/3f82631e9080_overlay.png
3f98be586fe3.png,False,0,,86.03967775448491,14.40743439666965,0.0,213.0,0.000907880822959761,121.86045419549933,22.229766203811863,2.0,237.0,0.0006852587054523867,17.97679000364549,11.542744645503982,0.9012332252423948,1.0,True,True,False,862448,186309,19285,0.21602345880563234,0.022360768417342265,preprocessed_green_images/3f98be586fe3_green_preprocessed.png,vessel_masks/3f98be586fe3_vessel_mask.png,vessel_skeletons/3f98be586fe3_skeleton.png,vessel_overlays/3f98be586fe3_overlay.png
3fd45879afe6.png,False,0,,96.044926645752,15.161838418176059,0.0,202.0,0.0010058550987909994,117.94880011707875,19.80261752393186,2.0,237.0,0.0008455687204617177,17.610465405613198,11.044186162245278,0.9008596190012444,1.0,False,True,False,860959,209907,31468,0.24380603489829364,0.036549940241056775,preprocessed_green_images/3fd45879afe6_green_preprocessed.png,vessel_masks/3fd45879afe6_vessel_mask.png,vessel_skeletons/3fd45879afe6_skeleton.png,vessel_overlays/3fd45879afe6_overlay.png
3fe282197c1c.png,False,0,,89.61081889048664,18.0946788178454,0.0,255.0,1.8920759857715887e-05,118.75688783232964,24.963824096543316,5.0,237.0,1.4866311316776767e-05,20.0398949165687,12.0,0.8975253062072098,1.0,True,True,False,1479856,330101,53444,0.223062919635424,0.036114324636991706,preprocessed_green_images/3fe282197c1c_green_preprocessed.png,vessel_masks/3fe282197c1c_vessel_mask.png,vessel_skeletons/3fe282197c1c_skeleton.png,vessel_overlays/3fe282197c1c_overlay.png
401fdfd0db07.png,False,0,,91.64985567019886,14.56457147749933,0.0,217.0,0.0007257129985067729,119.37956067076782,24.638128073780038,2.0,239.0,0.000632821734697906,21.47473300347537,12.0,0.8973058304452561,1.0,False,True,False,861222,208722,25071,0.24235562955892906,0.029110960936901287,preprocessed_green_images/401fdfd0db07_green_preprocessed.png,vessel_masks/401fdfd0db07_vessel_mask.png,vessel_skeletons/401fdfd0db07_skeleton.png,vessel_overlays/401fdfd0db07_overlay.png
4036471a1bb7.png,False,0,,51.171678217882175,9.414997523893279,0.0,247.0,0.001577137404114519,118.25426545520104,24.39007190699769,9.0,238.0,8.81082348667329e-06,24.207598414017816,12.0,0.9062194249082272,1.0,True,True,False,1475458,402089,75269,0.27251809268715205,0.05101399023218553,preprocessed_green_images/4036471a1bb7_green_preprocessed.png,vessel_masks/4036471a1bb7_vessel_mask.png,vessel_skeletons/4036471a1bb7_skeleton.png,vessel_overlays/4036471a1bb7_overlay.png
404ede327e98.png,False,0,,81.90672335673946,24.468796195653457,0.0,187.0,5.583113229831004e-05,117.96274775064957,35.9374401174992,3.0,225.0,3.865232236036848e-05,14.649391265669948,10.579158874557805,0.822748413255774,1.0,True,True,False,232845,57270,7123,0.24595761128647814,0.030591165796989412,preprocessed_green_images/404ede327e98_green_preprocessed.png,vessel_masks/404ede327e98_vessel_mask.png,vessel_skeletons/404ede327e98_skeleton.png,vessel_overlays/404ede327e98_overlay.png
405085b53d7b.png,False,0,,89.91805523853002,14.759081941217259,0.0,252.0,0.0008330851844084458,121.05610174067299,21.953169157992797,3.0,238.0,0.0006430629726657683,22.174921963301664,12.0,0.901329195221015,1.0,True,True,False,863057,186269,21367,0.2158246790188829,0.024757345111620668,preprocessed_green_images/405085b53d7b_green_preprocessed.png,vessel_masks/405085b53d7b_vessel_mask.png,vessel_skeletons/405085b53d7b_skeleton.png,vessel_overlays/405085b53d7b_overlay.png
40c24aded50c.png,False,0,,94.38664277097253,9.681482666202747,0.0,166.0,0.0007841499628804752,119.84047884187082,21.00031000789574,1.0,238.0,0.0006658314773570898,21.145910717753228,12.0,0.8990521641816216,1.0,False,True,False,862080,202519,26872,0.23491903303637712,0.031171121009651078,preprocessed_green_images/40c24aded50c_green_preprocessed.png,vessel_masks/40c24aded50c_vessel_mask.png,vessel_skeletons/40c24aded50c_skeleton.png,vessel_overlays/40c24aded50c_overlay.png
40dd4e6e4444.png,False,0,,89.89783610419063,9.296477870735595,0.0,239.0,2.0260564364773904e-05,118.03566129469058,23.44889081325383,6.0,236.0,1.4857747200834195e-05,19.922998869554274,11.978280783004765,0.8969463816562707,1.0,True,True,False,1480709,337728,51101,0.22808532939287868,0.03451116998681037,preprocessed_green_images/40dd4e6e4444_green_preprocessed.png,vessel_masks/40dd4e6e4444_vessel_mask.png,vessel_skeletons/40dd4e6e4444_skeleton.png,vessel_overlays/40dd4e6e4444_overlay.png
41345cec5957.png,False,1,mean_G,33.93810843009735,14.372127590704032,0.0,232.0,0.4486205517792883,124.78831460613034,28.708734850073505,8.0,242.0,0.002061080329772853,26.92067831174963,12.0,0.9261436307708664,1.0,True,True,False,1470588,388057,60929,0.26387880222060833,0.04143172662907626,preprocessed_green_images/41345cec5957_green_preprocessed.png,vessel_masks/41345cec5957_vessel_mask.png,vessel_skeletons/41345cec5957_skeleton.png,vessel_overlays/41345cec5957_overlay.png
4145dcb25053.png,False,0,,93.35396401568491,18.589675430720025,0.0,255.0,2.572629389718148e-05,118.78997459866982,24.11284305783747,2.0,237.0,2.2341255226499706e-05,20.16140892263197,12.0,0.8982684292565017,1.0,False,True,False,1477088,339528,51621,0.22986308195584826,0.03494781624385277,preprocessed_green_images/4145dcb25053_green_preprocessed.png,vessel_masks/4145dcb25053_vessel_mask.png,vessel_skeletons/4145dcb25053_skeleton.png,vessel_overlays/4145dcb25053_overlay.png
415d5c5e785f.png,False,0,,107.02284708193818,14.50203649840158,0.0,239.0,0.0017664259161893165,118.62507264023023,21.08522132156899,2.0,237.0,0.0014689468780843273,21.443739358329314,12.0,0.9004987620479912,1.0,False,True,False,867288,206977,27777,0.23864852275138132,0.032027423416442984,preprocessed_green_images/415d5c5e785f_green_preprocessed.png,vessel_masks/415d5c5e785f_vessel_mask.png,vessel_skeletons/415d5c5e785f_skeleton.png,vessel_overlays/415d5c5e785f_overlay.png
415f2d2bd2a1.png,False,0,,80.70892704300688,16.334441254221762,0.0,219.0,0.0007132634528445875,121.31245694324278,21.930033038465595,4.0,239.0,0.00042911784967885746,20.678417077855336,12.0,0.9029652814795383,1.0,True,True,False,862234,189832,22408,0.2201629720006402,0.025988304798929295,preprocessed_green_images/415f2d2bd2a1_green_preprocessed.png,vessel_masks/415f2d2bd2a1_vessel_mask.png,vessel_skeletons/415f2d2bd2a1_skeleton.png,vessel_overlays/415f2d2bd2a1_overlay.png
41ab357d103f.png,False,0,,81.07710098574051,24.932485146495242,0.0,255.0,3.439129556309298e-05,119.10846584729406,30.034609513011105,11.0,228.0,2.5793471672319737e-05,14.53120065592512,10.605626841415337,0.8382437014847709,1.0,True,True,False,232617,56960,7532,0.24486602440922203,0.03237940477265204,preprocessed_green_images/41ab357d103f_green_preprocessed.png,vessel_masks/41ab357d103f_vessel_mask.png,vessel_skeletons/41ab357d103f_skeleton.png,vessel_overlays/41ab357d103f_overlay.png
4210809074c1.png,False,0,,64.34665506338294,13.2128414333424,0.0,173.0,0.005293418037304557,122.50737562730252,26.135572612697942,3.0,240.0,0.0005557972906332493,22.80944262925506,12.0,0.9035478031340237,1.0,True,True,False,861825,190740,20664,0.22132103385258028,0.023977025498215995,preprocessed_green_images/4210809074c1_green_preprocessed.png,vessel_masks/4210809074c1_vessel_mask.png,vessel_skeletons/4210809074c1_skeleton.png,vessel_overlays/4210809074c1_overlay.png
4276b82e4489.png,False,0,,73.80906737923368,16.233675684326776,0.0,245.0,5.950078838544611e-05,119.83599216212342,24.552510710925063,1.0,238.0,4.530173661164647e-05,21.392371268809953,12.0,0.9009232521348105,1.0,True,True,False,1478972,378064,54343,0.25562620522903745,0.036743765263980654,preprocessed_green_images/4276b82e4489_green_preprocessed.png,vessel_masks/4276b82e4489_vessel_mask.png,vessel_skeletons/4276b82e4489_skeleton.png,vessel_overlays/4276b82e4489_overlay.png
42985aa2e32f.png,False,0,,66.71911396460192,6.993994139126516,0.0,157.0,2.7368467146892037e-05,119.21255964885393,16.22580028650725,5.0,242.0,1.6709169415997245e-05,10.91462336270742,10.435261437118353,0.9314937871295629,1.0,True,True,False,3471148,920877,185962,0.2652946517981947,0.05357363039547723,preprocessed_green_images/42985aa2e32f_green_preprocessed.png,vessel_masks/42985aa2e32f_vessel_mask.png,vessel_skeletons/42985aa2e32f_skeleton.png,vessel_overlays/42985aa2e32f_overlay.png
42b9c1977681.png,False,0,,84.25458875693677,17.488772963109735,0.0,243.0,0.0016418647687823067,121.63013517556126,23.09929375030234,2.0,238.0,0.001372858676721929,26.908538062147514,12.0,0.9026457787461586,1.0,True,True,False,862434,179044,19151,0.2076031325295617,0.022205757194173698,preprocessed_green_images/42b9c1977681_green_preprocessed.png,vessel_masks/42b9c1977681_vessel_mask.png,vessel_skeletons/42b9c1977681_skeleton.png,vessel_overlays/42b9c1977681_overlay.png
42c65af5ab16.png,False,0,,43.65665721880648,19.05678196690267,0.0,245.0,0.17169272957351853,123.10317090420358,29.6658028213299,5.0,241.0,0.002165736784060394,24.924917871161703,12.0,0.9177120178181999,1.0,True,True,False,1476172,348422,42783,0.2360307606430687,0.028982395005460067,preprocessed_green_images/42c65af5ab16_green_preprocessed.png,vessel_masks/42c65af5ab16_vessel_mask.png,vessel_skeletons/42c65af5ab16_skeleton.png,vessel_overlays/42c65af5ab16_overlay.png
4318b6adeb97.png,False,0,,87.86762363899349,15.946155475052658,0.0,245.0,1.961933085904255e-05,118.92235751291831,24.107404307190347,3.0,238.0,1.8266273558418926e-05,19.94110250497256,12.0,0.899177447364754,1.0,True,True,False,1478134,352161,47648,0.23824700602245805,0.03223523713005722,preprocessed_green_images/4318b6adeb97_green_preprocessed.png,vessel_masks/4318b6adeb97_vessel_mask.png,vessel_skeletons/4318b6adeb97_skeleton.png,vessel_overlays/4318b6adeb97_overlay.png
4350a1b2f3cb.png,False,0,,72.79298102996766,14.815076680533496,0.0,215.0,0.0007722725134857362,118.93012036999401,20.285151960179725,3.0,238.0,0.00047149269244392317,18.507769736958664,12.0,0.9042483062835227,1.0,True,True,False,861095,222835,32498,0.2587809707407429,0.03774031901242023,preprocessed_green_images/4350a1b2f3cb_green_preprocessed.png,vessel_masks/4350a1b2f3cb_vessel_mask.png,vessel_skeletons/4350a1b2f3cb_skeleton.png,vessel_overlays/4350a1b2f3cb_overlay.png
435414ccccf7.png,False,0,,91.45261245245213,16.42236131515612,0.0,255.0,2.7059077407226262e-05,123.13548683000879,23.89950127592109,2.0,237.0,1.961783112023904e-05,19.37651389627961,11.750605558511845,0.8999454461186618,1.0,False,True,False,1478247,301642,32275,0.2040538556817636,0.02183329308295569,preprocessed_green_images/435414ccccf7_green_preprocessed.png,vessel_masks/435414ccccf7_vessel_mask.png,vessel_skeletons/435414ccccf7_skeleton.png,vessel_overlays/435414ccccf7_overlay.png
436e7a7af761.png,False,0,,111.01843235674133,36.66540503079796,0.0,255.0,2.705865640241634e-05,117.68823624912905,23.54956772470954,1.0,236.0,2.8411589222537155e-05,19.67750902158135,11.87100360863254,0.8972091104857229,1.0,False,True,False,1478270,326517,54633,0.22087778281369438,0.0369573893808303,preprocessed_green_images/436e7a7af761_green_preprocessed.png,vessel_masks/436e7a7af761_vessel_mask.png,vessel_skeletons/436e7a7af761_skeleton.png,vessel_overlays/436e7a7af761_overlay.png
43823561c3f0.png,False,0,,110.63528006154175,25.671127824951913,0.0,255.0,3.039265281256986e-05,117.84493668535026,25.06481879184914,2.0,236.0,3.039265281256986e-05,19.309555650305867,11.723822260122347,0.8959838212847259,1.0,False,True,False,1480621,521719,97641,0.352364987393803,0.06594597807271409,preprocessed_green_images/43823561c3f0_green_preprocessed.png,vessel_masks/43823561c3f0_vessel_mask.png,vessel_skeletons/43823561c3f0_skeleton.png,vessel_overlays/43823561c3f0_overlay.png
43bc7c066dfb.png,False,0,,95.82822145564322,12.679860322632315,0.0,216.0,0.0012251368436167244,118.51461074113831,21.70002098144348,1.0,239.0,0.001050282719433241,24.78858335056711,12.0,0.899467827601748,1.0,False,True,False,863577,191192,23822,0.2213954285489308,0.027585264545026095,preprocessed_green_images/43bc7c066dfb_green_preprocessed.png,vessel_masks/43bc7c066dfb_vessel_mask.png,vessel_skeletons/43bc7c066dfb_skeleton.png,vessel_overlays/43bc7c066dfb_overlay.png
43f22d1be8dd.png,False,0,,95.53094664105507,9.078233952904254,0.0,147.0,5.1566991968441003e-05,117.6681277314391,28.729082434836105,2.0,226.0,4.2972493307034166e-05,15.192080653673534,10.076832261469413,0.8275466475233855,1.0,False,True,False,232707,53088,6642,0.228132372468383,0.028542330054532095,preprocessed_green_images/43f22d1be8dd_green_preprocessed.png,vessel_masks/43f22d1be8dd_vessel_mask.png,vessel_skeletons/43f22d1be8dd_skeleton.png,vessel_overlays/43f22d1be8dd_overlay.png
4403538fb50f.png,False,0,,92.02987568127196,14.829997255934394,0.0,226.0,0.001013285165574738,119.26141018224061,23.44839000337242,2.0,238.0,0.000839380388874268,21.61018017788688,12.0,0.8985178649674658,1.0,False,True,False,862541,212234,28675,0.24605670918831685,0.03324479647923983,preprocessed_green_images/4403538fb50f_green_preprocessed.png,vessel_masks/4403538fb50f_vessel_mask.png,vessel_skeletons/4403538fb50f_skeleton.png,vessel_overlays/4403538fb50f_overlay.png
4409965eb2a4.png,False,0,,90.97596500883469,10.814440155912251,0.0,183.0,0.0007809286562581467,118.13806679604902,20.163366894483776,3.0,236.0,0.0005318193667989456,18.90994584246587,11.563978336986349,0.9007679344740446,1.0,False,True,False,863075,210978,33086,0.24444920777452714,0.03833502302812618,preprocessed_green_images/4409965eb2a4_green_preprocessed.png,vessel_masks/4409965eb2a4_vessel_mask.png,vessel_skeletons/4409965eb2a4_skeleton.png,vessel_overlays/4409965eb2a4_overlay.png
441848e0f308.png,False,0,,39.7409338826561,14.23185471344598,0.0,151.0,0.22250118403161492,118.52412368928974,24.882091591647537,7.0,243.0,4.5833481867765314e-05,8.070822757574145,11.69580164679356,0.9123943187563126,1.0,True,True,False,392726,110607,20498,0.2816391071637732,0.05219415062919185,preprocessed_green_images/441848e0f308_green_preprocessed.png,vessel_masks/441848e0f308_vessel_mask.png,vessel_skeletons/441848e0f308_skeleton.png,vessel_overlays/441848e0f308_overlay.png
44271f3cb18f.png,False,0,,66.74630357557564,12.36901411439687,0.0,175.0,0.001402017873577554,120.51429112084018,32.70698130630998,7.0,226.0,3.010467826700269e-05,15.916401240402546,12.0,0.8281208699895488,1.0,True,True,False,232522,55694,7229,0.23952142162892112,0.031089531313166066,preprocessed_green_images/44271f3cb18f_green_preprocessed.png,vessel_masks/44271f3cb18f_vessel_mask.png,vessel_skeletons/44271f3cb18f_skeleton.png,vessel_overlays/44271f3cb18f_overlay.png
445a8a6da55c.png,False,0,,83.96932044329606,17.237473794526785,0.0,255.0,0.0009034314157547306,122.21869766708262,22.903235854516332,2.0,239.0,0.0007062769347812977,19.52343906099624,12.0,0.9027466245183151,1.0,True,True,False,862268,175961,18617,0.20406764486215423,0.021590735131072937,preprocessed_green_images/445a8a6da55c_green_preprocessed.png,vessel_masks/445a8a6da55c_vessel_mask.png,vessel_skeletons/445a8a6da55c_skeleton.png,vessel_overlays/445a8a6da55c_overlay.png
4464bb62bf20.png,False,1,mean_S,67.77676355548586,23.144228206415708,5.0,163.0,0.09420582563585458,126.38715100820679,21.02193914214725,19.0,224.0,0.00033565539643959147,9.675060158428446,9.845422858439303,0.9646166142692186,1.0,True,True,False,5037905,1310129,167534,0.2600543281383829,0.033254696148498235,preprocessed_green_images/4464bb62bf20_green_preprocessed.png,vessel_masks/4464bb62bf20_vessel_mask.png,vessel_skeletons/4464bb62bf20_skeleton.png,vessel_overlays/4464bb62bf20_overlay.png
44878f34e31f.png,False,0,,69.1064475494436,15.406791059546903,0.0,202.0,0.0009380786801883123,120.9926671968514,23.967683405707476,3.0,240.0,0.0004702003285597358,20.04312233137157,12.0,0.9022970608987182,1.0,True,True,False,861335,195626,23925,0.22711952956747375,0.027776649038991796,preprocessed_green_images/44878f34e31f_green_preprocessed.png,vessel_masks/44878f34e31f_vessel_mask.png,vessel_skeletons/44878f34e31f_skeleton.png,vessel_overlays/44878f34e31f_overlay.png
44a4d04162cc.png,False,0,,80.38165073326994,19.812837586922168,0.0,213.0,0.001250149866662321,121.44908083720465,24.372707546082765,1.0,239.0,0.0006483551915557848,25.631374461700315,12.0,0.9011691953257922,1.0,True,True,False,859097,199169,23793,0.23183528751700913,0.027695359196924212,preprocessed_green_images/44a4d04162cc_green_preprocessed.png,vessel_masks/44a4d04162cc_vessel_mask.png,vessel_skeletons/44a4d04162cc_skeleton.png,vessel_overlays/44a4d04162cc_overlay.png
44a86263117b.png,False,0,,91.29813198105828,12.28924732170838,0.0,212.0,0.001066976498743236,120.84728812068639,22.3234573436948,3.0,239.0,0.0008783461632821216,20.12662310842164,12.0,0.899795063074453,1.0,False,True,False,864124,189086,21103,0.21881813258282376,0.024421263614944153,preprocessed_green_images/44a86263117b_green_preprocessed.png,vessel_masks/44a86263117b_vessel_mask.png,vessel_skeletons/44a86263117b_skeleton.png,vessel_overlays/44a86263117b_overlay.png
44f7f3ef9d50.png,False,1,mean_S,47.63352599988983,9.881378969329978,13.0,165.0,0.021604375389683968,121.4902478329676,14.122495545116063,43.0,245.0,0.0,9.128425319059849,11.417278927633733,0.946753528568153,1.0,True,True,False,4556577,1288184,229899,0.2827087087522059,0.050454321303030764,preprocessed_green_images/44f7f3ef9d50_green_preprocessed.png,vessel_masks/44f7f3ef9d50_vessel_mask.png,vessel_skeletons/44f7f3ef9d50_skeleton.png,vessel_overlays/44f7f3ef9d50_overlay.png
4528fbbd43a3.png,False,0,,69.27737101437472,22.60788831044614,0.0,252.0,0.009621929156074207,123.79961023624338,22.209643478035876,3.0,237.0,0.00038743680882378606,25.398800718382954,12.0,0.9091297172495815,1.0,True,True,False,859495,189542,20766,0.22052717002425842,0.024160699015119344,preprocessed_green_images/4528fbbd43a3_green_preprocessed.png,vessel_masks/4528fbbd43a3_vessel_mask.png,vessel_skeletons/4528fbbd43a3_skeleton.png,vessel_overlays/4528fbbd43a3_overlay.png
45369821d6a3.png,False,0,,88.85914766457404,14.88170773669013,0.0,211.0,0.000784734650729328,118.86735782045457,20.377971511025805,2.0,237.0,0.0005923181780246479,20.3322059111786,12.0,0.9022838618373042,1.0,True,True,False,862712,189815,25394,0.22002128172553528,0.029435083782305103,preprocessed_green_images/45369821d6a3_green_preprocessed.png,vessel_masks/45369821d6a3_vessel_mask.png,vessel_skeletons/45369821d6a3_skeleton.png,vessel_overlays/45369821d6a3_overlay.png
454792eb6e05.png,False,0,,111.06177650801632,17.634610820239462,0.0,255.0,1.8248878200903927e-05,118.84679661219714,24.608008590543477,2.0,236.0,1.8924762578715185e-05,18.669568580560075,11.46782743222403,0.8967031978676439,1.0,False,True,False,1479543,338731,40014,0.22894299118038475,0.02704483749373962,preprocessed_green_images/454792eb6e05_green_preprocessed.png,vessel_masks/454792eb6e05_vessel_mask.png,vessel_skeletons/454792eb6e05_skeleton.png,vessel_overlays/454792eb6e05_overlay.png
454a944eb557.png,False,0,,89.78523596596351,16.58052318520193,0.0,255.0,6.443049882092187e-05,118.00251278945402,31.67977073726121,3.0,227.0,5.583976564479896e-05,13.857636313339569,9.562144661694628,0.8256556180979695,1.0,True,True,False,232809,56025,6924,0.2406479130961432,0.029741118255737536,preprocessed_green_images/454a944eb557_green_preprocessed.png,vessel_masks/454a944eb557_vessel_mask.png,vessel_skeletons/454a944eb557_skeleton.png,vessel_overlays/454a944eb557_overlay.png
45693d027798.png,False,0,,82.73544153325315,15.870818911958933,0.0,184.0,0.0010751865935354405,121.85318257548899,21.560992242838218,3.0,237.0,0.0007194944769240394,20.468756786745427,12.0,0.9033024076305969,1.0,True,True,False,863106,184813,20502,0.21412549559382046,0.023753745194680608,preprocessed_green_images/45693d027798_green_preprocessed.png,vessel_masks/45693d027798_vessel_mask.png,vessel_skeletons/45693d027798_skeleton.png,vessel_overlays/45693d027798_overlay.png
461fa5292fda.png,False,0,,71.46044421999689,21.65806228496623,0.0,250.0,0.0030498234802663273,122.98871646765046,22.341092730681282,3.0,242.0,0.0003083568188746954,20.61501276730419,12.0,0.9094103410540102,1.0,True,True,False,859394,188917,20409,0.21982583075981446,0.023748129495900598,preprocessed_green_images/461fa5292fda_green_preprocessed.png,vessel_masks/461fa5292fda_vessel_mask.png,vessel_skeletons/461fa5292fda_skeleton.png,vessel_overlays/461fa5292fda_overlay.png
462937ece243.png,False,0,,85.84750563429803,13.389337884162785,0.0,212.0,0.0027528805528817058,118.54851721414944,21.607421327817377,2.0,238.0,0.0022410384400343535,21.87576124921265,12.0,0.9031358895174816,1.0,True,True,False,867455,223655,32737,0.25782893637133913,0.03773913344208057,preprocessed_green_images/462937ece243_green_preprocessed.png,vessel_masks/462937ece243_vessel_mask.png,vessel_skeletons/462937ece243_skeleton.png,vessel_overlays/462937ece243_overlay.png
46acc506fa61.png,False,0,,90.80725318386932,12.840104711944633,0.0,255.0,0.003061723046005356,118.98906560407093,23.1747539186455,1.0,239.0,0.002747138781210677,22.735639827078902,12.0,0.9015979714776357,1.0,False,True,False,867812,215409,29899,0.24822081280277294,0.03445331477324582,preprocessed_green_images/46acc506fa61_green_preprocessed.png,vessel_masks/46acc506fa61_vessel_mask.png,vessel_skeletons/46acc506fa61_skeleton.png,vessel_overlays/46acc506fa61_overlay.png
4704dbb59536.png,False,0,,90.25535096909022,23.145337471319326,0.0,255.0,2.371733276231031e-05,119.35663753274686,24.349218356068032,4.0,237.0,1.6940951973078794e-05,20.326161041940228,12.0,0.9012015632037708,1.0,False,True,False,1475714,348038,53318,0.23584380171225588,0.036130307092024604,preprocessed_green_images/4704dbb59536_green_preprocessed.png,vessel_masks/4704dbb59536_vessel_mask.png,vessel_skeletons/4704dbb59536_skeleton.png,vessel_overlays/4704dbb59536_overlay.png
4731e708ede3.png,False,0,,69.27019467490452,21.52861435713625,0.0,255.0,0.0015381508676803569,118.41077221188672,39.76023275677846,4.0,228.0,4.296510803576416e-05,13.712445223847677,11.32762745176978,0.8260803890986388,1.0,True,True,False,232747,59220,8204,0.25443936978779536,0.03524857463254091,preprocessed_green_images/4731e708ede3_green_preprocessed.png,vessel_masks/4731e708ede3_vessel_mask.png,vessel_skeletons/4731e708ede3_skeleton.png,vessel_overlays/4731e708ede3_overlay.png
475300735b7f.png,False,0,,85.09765791308443,14.594751221787254,0.0,219.0,0.000707649224080027,120.74948985451428,21.066030438713415,2.0,237.0,0.0005092754251985768,21.259350758536144,12.0,0.9020512819171216,1.0,True,True,False,862009,184781,21150,0.21436087094218273,0.024535706703758313,preprocessed_green_images/475300735b7f_green_preprocessed.png,vessel_masks/475300735b7f_vessel_mask.png,vessel_skeletons/475300735b7f_skeleton.png,vessel_overlays/475300735b7f_overlay.png
478fc46eaa49.png,False,0,,101.05327564894932,14.50292444704182,0.0,252.0,0.0011610041241639038,118.35877106847036,22.852585094887157,3.0,239.0,0.0009195614754571815,19.45732225159615,11.78292890063846,0.8985120518768929,1.0,False,True,False,865630,211150,30184,0.24392638887284407,0.034869401476381366,preprocessed_green_images/478fc46eaa49_green_preprocessed.png,vessel_masks/478fc46eaa49_vessel_mask.png,vessel_skeletons/478fc46eaa49_skeleton.png,vessel_overlays/478fc46eaa49_overlay.png
482088e6be44.png,False,0,,64.02385992035637,15.61524324068146,0.0,247.0,0.012293115083891153,121.16449461901226,26.28067779632943,5.0,239.0,1.218413476736087e-05,22.479600500694204,12.0,0.9034763217506667,1.0,True,True,False,1477331,341637,43430,0.2312528471953814,0.02939760960813792,preprocessed_green_images/482088e6be44_green_preprocessed.png,vessel_masks/482088e6be44_vessel_mask.png,vessel_skeletons/482088e6be44_skeleton.png,vessel_overlays/482088e6be44_overlay.png
4826d10030b3.png,False,0,,88.97609000267286,12.032227714886153,0.0,218.0,0.0009985640579421712,117.83274225592167,22.035706209161948,2.0,239.0,0.0007764038040315144,19.59431066192449,11.92873848675443,0.8993088439096629,1.0,True,True,False,864241,216196,34741,0.25015707424202277,0.04019827802661526,preprocessed_green_images/4826d10030b3_green_preprocessed.png,vessel_masks/4826d10030b3_vessel_mask.png,vessel_skeletons/4826d10030b3_skeleton.png,vessel_overlays/4826d10030b3_overlay.png
484dbeb9bf2a.png,False,0,,95.58748967216876,20.657690459138617,0.0,255.0,2.5037166658884844e-05,120.24378080163594,24.19507618393458,3.0,237.0,1.6917004499246517e-05,19.931669461208106,11.972667784483242,0.8985198074483299,1.0,False,True,False,1477803,336734,47925,0.22786122372197107,0.03242989762505557,preprocessed_green_images/484dbeb9bf2a_green_preprocessed.png,vessel_masks/484dbeb9bf2a_vessel_mask.png,vessel_skeletons/484dbeb9bf2a_skeleton.png,vessel_overlays/484dbeb9bf2a_overlay.png
486e852a3b4d.png,False,0,,43.101000071288176,18.811290290838908,0.0,208.0,0.09569674009348936,119.63181183994786,25.809097346953603,4.0,243.0,9.674824070962289e-05,10.240085767816819,12.0,0.9127151056346108,1.0,True,True,False,392772,102359,16865,0.260606662389376,0.042938396830731314,preprocessed_green_images/486e852a3b4d_green_preprocessed.png,vessel_masks/486e852a3b4d_vessel_mask.png,vessel_skeletons/486e852a3b4d_skeleton.png,vessel_overlays/486e852a3b4d_overlay.png
48a45619d1a3.png,False,0,,90.61280499589832,15.336338839785151,0.0,255.0,6.442441083876288e-05,117.39614999720827,31.672998880653626,4.0,227.0,5.58344893935945e-05,16.13773295770079,10.455093183080317,0.8261940560626485,1.0,False,True,False,232831,56412,7130,0.24228732428241945,0.030623069952025288,preprocessed_green_images/48a45619d1a3_green_preprocessed.png,vessel_masks/48a45619d1a3_vessel_mask.png,vessel_skeletons/48a45619d1a3_skeleton.png,vessel_overlays/48a45619d1a3_overlay.png
4926dea289f8.png,False,0,,83.98629427001688,19.415251498731017,0.0,254.0,0.0016867522845775541,120.18690788689736,23.613291463128526,2.0,240.0,0.0013130753381313607,21.21396994589198,12.0,0.9023334296161386,1.0,True,True,False,864383,201612,24445,0.23324382825668713,0.028280287789093493,preprocessed_green_images/4926dea289f8_green_preprocessed.png,vessel_masks/4926dea289f8_vessel_mask.png,vessel_skeletons/4926dea289f8_skeleton.png,vessel_overlays/4926dea289f8_overlay.png
4927945ecfed.png,False,0,,90.47961201259777,18.771464148508933,0.0,253.0,0.000997304613431527,119.45093574045524,22.005779244573795,1.0,238.0,0.0008061835202652066,21.52336833689811,12.0,0.9013531829232968,1.0,False,True,False,863327,216003,28975,0.2501983605285135,0.033562022269661436,preprocessed_green_images/4927945ecfed_green_preprocessed.png,vessel_masks/4927945ecfed_vessel_mask.png,vessel_skeletons/4927945ecfed_skeleton.png,vessel_overlays/4927945ecfed_overlay.png
495106ae3b68.png,False,0,,92.64368629737069,17.110377372826367,0.0,253.0,0.0011740021560000184,119.0709525263601,20.816608335814365,4.0,237.0,0.000902188848945827,20.330926287524864,12.0,0.9015022665577193,1.0,False,True,False,864564,214605,30429,0.24822338195899898,0.035195774980221244,preprocessed_green_images/495106ae3b68_green_preprocessed.png,vessel_masks/495106ae3b68_vessel_mask.png,vessel_skeletons/495106ae3b68_skeleton.png,vessel_overlays/495106ae3b68_overlay.png
4958bfcc9f38.png,False,0,,79.25325675913653,19.290271810765798,0.0,250.0,0.0013451075622619125,121.45795409255638,22.33978938166758,3.0,239.0,0.0008619810734908379,20.0384084751248,12.0,0.9032865466395245,1.0,True,True,False,863128,187707,21405,0.21747295881954937,0.02479933451353681,preprocessed_green_images/4958bfcc9f38_green_preprocessed.png,vessel_masks/4958bfcc9f38_vessel_mask.png,vessel_skeletons/4958bfcc9f38_skeleton.png,vessel_overlays/4958bfcc9f38_overlay.png
496155f71d0a.png,False,0,,72.93524126270545,15.520042591551618,0.0,195.0,0.0006057532634666957,120.9236054619913,20.58177251099061,3.0,238.0,0.00040731684957243336,20.128424286961216,12.0,0.9059071530241133,1.0,True,True,False,861737,206319,26041,0.23942223671491417,0.030219196808306942,preprocessed_green_images/496155f71d0a_green_preprocessed.png,vessel_masks/496155f71d0a_vessel_mask.png,vessel_skeletons/496155f71d0a_skeleton.png,vessel_overlays/496155f71d0a_overlay.png
4982378d72f9.png,False,0,,93.28151121720505,20.31635280148887,0.0,255.0,2.0939593326078777e-05,120.76587238060885,23.615074255275616,5.0,238.0,1.62112980588997e-05,19.721024437732456,11.888409775092983,0.8994124820699848,1.0,False,True,False,1480449,345196,49057,0.2331698018641642,0.03313656870314344,preprocessed_green_images/4982378d72f9_green_preprocessed.png,vessel_masks/4982378d72f9_vessel_mask.png,vessel_skeletons/4982378d72f9_skeleton.png,vessel_overlays/4982378d72f9_overlay.png
49eb73968c44.png,False,0,,83.65274319844167,7.95459828371333,0.0,163.0,6.450031605154866e-05,115.8093542658359,30.985194996731156,4.0,225.0,4.730023177113568e-05,11.534548374470376,9.178019954371113,0.8267416844172594,1.0,True,True,False,232557,60301,8254,0.25929557054829566,0.03549237391263217,preprocessed_green_images/49eb73968c44_green_preprocessed.png,vessel_masks/49eb73968c44_vessel_mask.png,vessel_skeletons/49eb73968c44_skeleton.png,vessel_overlays/49eb73968c44_overlay.png
4a05f81b3aba.png,False,0,,40.35598515964585,25.025993991712777,0.0,238.0,0.2822391924891715,119.67820265690212,28.05644398385903,7.0,244.0,0.0003132058271562184,9.035680975042217,12.0,0.9184961446911367,1.0,True,True,False,392713,102780,16771,0.2617178448383425,0.04270548721330845,preprocessed_green_images/4a05f81b3aba_green_preprocessed.png,vessel_masks/4a05f81b3aba_vessel_mask.png,vessel_skeletons/4a05f81b3aba_skeleton.png,vessel_overlays/4a05f81b3aba_overlay.png
4a1afe4044f4.png,False,0,,77.89180777481161,14.614379230515915,0.0,255.0,6.448201596574715e-05,116.79220025534879,31.72912731590052,5.0,228.0,3.439040851506515e-05,16.63012816656931,11.728335019977804,0.8286497079218436,1.0,True,True,False,232623,63269,9677,0.27198084454245713,0.04159949790003568,preprocessed_green_images/4a1afe4044f4_green_preprocessed.png,vessel_masks/4a1afe4044f4_vessel_mask.png,vessel_skeletons/4a1afe4044f4_skeleton.png,vessel_overlays/4a1afe4044f4_overlay.png
4a4cb731f91a.png,False,0,,88.82961234023513,22.75627917633182,0.0,255.0,1.8277216637141065e-05,118.64503817569009,25.020990704246678,5.0,236.0,1.4892546889522349e-05,20.233245178592593,12.0,0.8972407588302315,1.0,True,True,False,1477249,334207,51096,0.22623606446848163,0.03458861708486518,preprocessed_green_images/4a4cb731f91a_green_preprocessed.png,vessel_masks/4a4cb731f91a_vessel_mask.png,vessel_skeletons/4a4cb731f91a_skeleton.png,vessel_overlays/4a4cb731f91a_overlay.png
4a589edaea60.png,False,0,,77.32722377285573,15.220683807812453,0.0,194.0,0.0007276694268587776,120.36015458623231,22.498013781956473,2.0,240.0,0.0005257324567257197,19.143203977554315,12.0,0.9022069939719018,1.0,True,True,False,861655,197916,24904,0.22969285851065682,0.028902518989618816,preprocessed_green_images/4a589edaea60_green_preprocessed.png,vessel_masks/4a589edaea60_vessel_mask.png,vessel_skeletons/4a589edaea60_skeleton.png,vessel_overlays/4a589edaea60_overlay.png
4a5a6efc0bef.png,False,0,,89.34655178612643,19.58617233079971,0.0,255.0,0.0005972891192479029,120.48721395360165,23.255917901962043,3.0,238.0,0.000397806151266079,19.759461055458466,11.961868707861038,0.9006801541240816,1.0,True,True,False,862229,182847,20912,0.212063152596352,0.02425341759555756,preprocessed_green_images/4a5a6efc0bef_green_preprocessed.png,vessel_masks/4a5a6efc0bef_vessel_mask.png,vessel_skeletons/4a5a6efc0bef_skeleton.png,vessel_overlays/4a5a6efc0bef_overlay.png
4a96c28f3f07.png,False,0,,77.26893520768202,24.523299975685077,0.0,255.0,3.440223958579704e-05,117.07964118464112,38.17339010772677,5.0,226.0,2.5801679689347776e-05,11.905717544738467,9.893937221656985,0.8261366648688442,1.0,True,True,False,232543,59925,7489,0.25769427589736094,0.03220479653225425,preprocessed_green_images/4a96c28f3f07_green_preprocessed.png,vessel_masks/4a96c28f3f07_vessel_mask.png,vessel_skeletons/4a96c28f3f07_skeleton.png,vessel_overlays/4a96c28f3f07_overlay.png
4aa3d771c5e4.png,False,0,,90.12050356151813,19.26637968272951,0.0,246.0,0.0009408882310951916,122.16853776886056,22.71107297272157,1.0,238.0,0.0007487514017255052,23.197366579732947,12.0,0.9026257524329404,1.0,False,True,False,858763,177806,17644,0.20704897626003915,0.020545831620598465,preprocessed_green_images/4aa3d771c5e4_green_preprocessed.png,vessel_masks/4aa3d771c5e4_vessel_mask.png,vessel_skeletons/4aa3d771c5e4_skeleton.png,vessel_overlays/4aa3d771c5e4_overlay.png
4ab8c0cece7f.png,False,0,,79.94261193786988,18.473444119576527,0.0,244.0,0.0019014677099169213,119.43690172340851,23.913218752484553,2.0,240.0,0.0006357596805162322,18.385584403549412,12.0,0.9012047890317532,1.0,True,True,False,860388,227590,32500,0.2645201932151541,0.03777365560654031,preprocessed_green_images/4ab8c0cece7f_green_preprocessed.png,vessel_masks/4ab8c0cece7f_vessel_mask.png,vessel_skeletons/4ab8c0cece7f_skeleton.png,vessel_overlays/4ab8c0cece7f_overlay.png
4ad8d3ec8789.png,False,0,,60.98393036038232,17.318347831103342,0.0,255.0,0.0015934259334470528,120.32005794276121,25.008973312332326,1.0,238.0,1.2184225489399724e-05,22.618952088430643,12.0,0.9053347304934161,1.0,True,True,False,1477320,385647,61921,0.26104500040614087,0.04191441258495113,preprocessed_green_images/4ad8d3ec8789_green_preprocessed.png,vessel_masks/4ad8d3ec8789_vessel_mask.png,vessel_skeletons/4ad8d3ec8789_skeleton.png,vessel_overlays/4ad8d3ec8789_overlay.png
4b237b958555.png,False,0,,82.46368351585134,17.470573622662307,0.0,213.0,0.0008443536171505849,121.86158399810716,22.552461594921994,2.0,239.0,0.000505684309172603,22.60940748505127,12.0,0.9017439587681795,1.0,True,True,False,862198,184767,21334,0.21429764392865677,0.024743736357542002,preprocessed_green_images/4b237b958555_green_preprocessed.png,vessel_masks/4b237b958555_vessel_mask.png,vessel_skeletons/4b237b958555_skeleton.png,vessel_overlays/4b237b958555_overlay.png
4b6895d0cf8d.png,False,1,mean_G,34.396180436194186,21.316970962373325,0.0,251.0,0.5185261576461302,117.65820760602473,29.966898936132402,12.0,246.0,0.0002928332251123588,8.572420466931266,12.0,0.9216459901384282,1.0,True,True,False,392715,112609,21224,0.2867448404058923,0.05404428147638873,preprocessed_green_images/4b6895d0cf8d_green_preprocessed.png,vessel_masks/4b6895d0cf8d_vessel_mask.png,vessel_skeletons/4b6895d0cf8d_skeleton.png,vessel_overlays/4b6895d0cf8d_overlay.png
4b6cb0bcfd44.png,False,0,,71.12423109052249,17.62348369087416,0.0,241.0,0.0005024355580628364,119.90221831062316,23.591001694613308,6.0,238.0,1.3561013712897067e-05,21.74902591528166,12.0,0.9045714973040737,1.0,True,True,False,1474816,358850,57769,0.24331848854365562,0.039170310059017534,preprocessed_green_images/4b6cb0bcfd44_green_preprocessed.png,vessel_masks/4b6cb0bcfd44_vessel_mask.png,vessel_skeletons/4b6cb0bcfd44_skeleton.png,vessel_overlays/4b6cb0bcfd44_overlay.png
4bcee3cbe232.png,False,0,,81.46789526941858,20.7265819142747,0.0,246.0,0.002277054838683444,123.37307220006483,24.7044150167808,3.0,241.0,0.00040661693547918646,22.835636433305314,12.0,0.9024669613854794,1.0,True,True,False,860761,175621,16451,0.20402992235940057,0.01911215773019456,preprocessed_green_images/4bcee3cbe232_green_preprocessed.png,vessel_masks/4bcee3cbe232_vessel_mask.png,vessel_skeletons/4bcee3cbe232_skeleton.png,vessel_overlays/4bcee3cbe232_overlay.png
4bd5d0b30198.png,False,0,,79.51484025546138,15.770762396873582,0.0,187.0,0.000828034415615291,120.28499692096446,25.276460671343887,2.0,239.0,0.0005949322902109864,21.21830478935703,12.0,0.8995632160483239,1.0,True,True,False,862283,199712,24146,0.23160841626241038,0.028002407562250444,preprocessed_green_images/4bd5d0b30198_green_preprocessed.png,vessel_masks/4bd5d0b30198_vessel_mask.png,vessel_skeletons/4bd5d0b30198_skeleton.png,vessel_overlays/4bd5d0b30198_overlay.png
4beeca5cc859.png,False,0,,80.80629290338908,19.143222873437505,0.0,209.0,0.001000716289966252,120.82574069838851,20.848253133663704,3.0,239.0,0.0005177720015370631,20.47556163874528,12.0,0.9046731559978031,1.0,True,True,False,861383,193460,24283,0.22459231259497808,0.028190711913283636,preprocessed_green_images/4beeca5cc859_green_preprocessed.png,vessel_masks/4beeca5cc859_vessel_mask.png,vessel_skeletons/4beeca5cc859_skeleton.png,vessel_overlays/4beeca5cc859_overlay.png
4c17e85686f0.png,False,0,,106.07377402704037,14.784683718663588,0.0,215.0,0.001637552067236504,117.96547532831765,21.870210395990746,2.0,240.0,0.0013527102639918445,20.959213711960803,12.0,0.8991383768754743,1.0,False,True,False,867148,198699,28293,0.22914081563931415,0.03262764833684677,preprocessed_green_images/4c17e85686f0_green_preprocessed.png,vessel_masks/4c17e85686f0_vessel_mask.png,vessel_skeletons/4c17e85686f0_skeleton.png,vessel_overlays/4c17e85686f0_overlay.png
4c389d033cb0.png,False,0,,99.57898507438453,18.192798406029684,0.0,255.0,2.773649249727878e-05,119.79653320903776,23.66087708864235,3.0,237.0,2.1647994144217585e-05,19.62613973843518,11.850455895374072,0.8980935553079906,1.0,False,True,False,1478197,320400,41328,0.21675054136897856,0.02795838443725701,preprocessed_green_images/4c389d033cb0_green_preprocessed.png,vessel_masks/4c389d033cb0_vessel_mask.png,vessel_skeletons/4c389d033cb0_skeleton.png,vessel_overlays/4c389d033cb0_overlay.png
4c53cc97ea13.png,False,0,,39.77107973382469,15.51634833671054,0.0,244.0,0.16839083385082101,122.25655241217132,25.64971977607323,23.0,241.0,2.7146895243524616e-06,26.98449058338406,12.0,0.9198373169602773,1.0,True,True,False,1473465,365172,47344,0.24783215074670928,0.03213106521023574,preprocessed_green_images/4c53cc97ea13_green_preprocessed.png,vessel_masks/4c53cc97ea13_vessel_mask.png,vessel_skeletons/4c53cc97ea13_skeleton.png,vessel_overlays/4c53cc97ea13_overlay.png
4c5ab774a381.png,False,0,,115.47924494863575,12.651167692832146,0.0,244.0,1.8939867948534966e-05,117.12421577109275,22.416516599690436,4.0,236.0,1.8263444093230147e-05,19.949994014519746,11.979997605807899,0.8959174361684641,1.0,False,True,False,1478363,620138,137770,0.41947613678102064,0.09319091454534509,preprocessed_green_images/4c5ab774a381_green_preprocessed.png,vessel_masks/4c5ab774a381_vessel_mask.png,vessel_skeletons/4c5ab774a381_skeleton.png,vessel_overlays/4c5ab774a381_overlay.png
4c60f6fcea75.png,False,0,,38.073119495221874,18.021324236157042,0.0,215.0,0.34466181342255564,118.88845686698393,26.52595558911411,7.0,245.0,0.0004074076903294146,6.697834959407176,11.294856695298705,0.9185421366073576,1.0,True,True,False,392727,113056,20090,0.28787427398676435,0.051155128116987116,preprocessed_green_images/4c60f6fcea75_green_preprocessed.png,vessel_masks/4c60f6fcea75_vessel_mask.png,vessel_skeletons/4c60f6fcea75_skeleton.png,vessel_overlays/4c60f6fcea75_overlay.png
4c635a01593d.png,False,0,,75.64451861677264,14.404103728681452,0.0,243.0,0.00013481087862820786,120.87720083840172,24.97321265970294,3.0,238.0,2.2355572837843514e-05,20.89638705589373,12.0,0.9011252466848693,1.0,True,True,False,1476142,353908,48582,0.2397520021786522,0.032911467866912535,preprocessed_green_images/4c635a01593d_green_preprocessed.png,vessel_masks/4c635a01593d_vessel_mask.png,vessel_skeletons/4c635a01593d_skeleton.png,vessel_overlays/4c635a01593d_overlay.png
4c6c5a1bf5ab.png,False,0,,43.491771098018646,20.143142052273586,0.0,252.0,0.11685702792021631,121.67100941537115,28.447024645118116,5.0,245.0,0.00038191067363950687,10.481066714250321,12.0,0.9099588565589745,1.0,True,True,False,392762,95448,12200,0.24301739985029103,0.031062068122679892,preprocessed_green_images/4c6c5a1bf5ab_green_preprocessed.png,vessel_masks/4c6c5a1bf5ab_vessel_mask.png,vessel_skeletons/4c6c5a1bf5ab_skeleton.png,vessel_overlays/4c6c5a1bf5ab_overlay.png
4ccee4db09b6.png,False,0,,90.7759547442572,15.429265597836407,0.0,248.0,1.9597666661260415e-05,119.26297635845619,22.54226055150493,6.0,237.0,1.5542977007206537e-05,19.815079566560026,11.92603182662401,0.8996532022724911,1.0,False,True,False,1479768,347679,51993,0.23495507403863308,0.03513591319720388,preprocessed_green_images/4ccee4db09b6_green_preprocessed.png,vessel_masks/4ccee4db09b6_vessel_mask.png,vessel_skeletons/4ccee4db09b6_skeleton.png,vessel_overlays/4ccee4db09b6_overlay.png
4cddfc22b0ad.png,False,0,,37.29500836565421,15.460020943952538,0.0,211.0,0.3244778787654994,118.45429704311687,28.74467862722649,7.0,243.0,4.838582346304978e-05,8.622103891143272,12.0,0.9171047306236314,1.0,True,True,False,392677,106024,16621,0.2700030814129679,0.04232740904101844,preprocessed_green_images/4cddfc22b0ad_green_preprocessed.png,vessel_masks/4cddfc22b0ad_vessel_mask.png,vessel_skeletons/4cddfc22b0ad_skeleton.png,vessel_overlays/4cddfc22b0ad_overlay.png
4cde86044ad1.png,False,0,,83.69228279969612,20.84495338086204,0.0,255.0,0.0013535692123897397,122.80593505883445,22.77223940328864,3.0,239.0,0.0006611263505245516,19.957880513156674,12.0,0.9041751315631544,1.0,True,True,False,862165,176868,18106,0.20514402695539716,0.02100062053087286,preprocessed_green_images/4cde86044ad1_green_preprocessed.png,vessel_masks/4cde86044ad1_vessel_mask.png,vessel_skeletons/4cde86044ad1_skeleton.png,vessel_overlays/4cde86044ad1_overlay.png
4cf4d528c08e.png,False,0,,77.5105487542694,22.732741676544343,0.0,240.0,0.003235681467238894,119.50819872736172,27.28461803695207,4.0,237.0,1.757787675474535e-05,21.00931695820466,12.0,0.8981538301233221,1.0,True,True,False,1479132,338760,53249,0.2290262126706744,0.036000167665901354,preprocessed_green_images/4cf4d528c08e_green_preprocessed.png,vessel_masks/4cf4d528c08e_vessel_mask.png,vessel_skeletons/4cf4d528c08e_skeleton.png,vessel_overlays/4cf4d528c08e_overlay.png
4cfd22ae43d4.png,False,0,,96.80255038411075,9.165247480488288,0.0,174.0,0.0011787586987060312,116.43925393962715,20.284674360514305,3.0,237.0,0.000917971375983458,18.706247089504576,11.482498835801831,0.8994528255321119,1.0,False,True,False,862772,400074,82397,0.46370767711515903,0.09550263569054165,preprocessed_green_images/4cfd22ae43d4_green_preprocessed.png,vessel_masks/4cfd22ae43d4_vessel_mask.png,vessel_skeletons/4cfd22ae43d4_skeleton.png,vessel_overlays/4cfd22ae43d4_overlay.png
4d167ca69ea8.png,False,0,,86.94417448220833,14.157566860440909,0.0,185.0,0.0011228938512599308,120.88045170168724,24.03180948302712,2.0,239.0,0.0008511327235090722,21.941214070496365,12.0,0.9002045091251808,1.0,True,True,False,864730,193502,21772,0.22377158188104956,0.025177801163368912,preprocessed_green_images/4d167ca69ea8_green_preprocessed.png,vessel_masks/4d167ca69ea8_vessel_mask.png,vessel_skeletons/4d167ca69ea8_skeleton.png,vessel_overlays/4d167ca69ea8_overlay.png
4d3de40ced3a.png,False,0,,86.43882032877981,15.550163389124661,0.0,241.0,0.0006876591803658254,119.56861426256077,22.183874173115747,1.0,238.0,0.0005151655475804585,21.295132332858408,12.0,0.900782754456116,1.0,True,True,False,863800,200409,27096,0.23200856679786988,0.031368372308404724,preprocessed_green_images/4d3de40ced3a_green_preprocessed.png,vessel_masks/4d3de40ced3a_vessel_mask.png,vessel_skeletons/4d3de40ced3a_skeleton.png,vessel_overlays/4d3de40ced3a_overlay.png
4dd14c380696.png,False,0,,66.77680210092883,21.191198509759584,0.0,214.0,0.001478558749070528,116.89852101143734,33.829247613043634,17.0,226.0,1.2894407695382512e-05,12.543981960716895,11.081877041981972,0.8298613943129556,1.0,True,True,False,232659,60189,8463,0.25870050159245933,0.03637512410867407,preprocessed_green_images/4dd14c380696_green_preprocessed.png,vessel_masks/4dd14c380696_vessel_mask.png,vessel_skeletons/4dd14c380696_skeleton.png,vessel_overlays/4dd14c380696_overlay.png
4dd4a4bf2421.png,False,0,,82.32395183654234,17.829026809948243,0.0,242.0,0.00045154692547618466,117.97715799383157,22.167035596338998,4.0,238.0,0.0002611775275890528,19.649113103589876,12.0,0.9008071584857695,1.0,True,True,False,861483,223064,33043,0.2589302400627755,0.038355951307222545,preprocessed_green_images/4dd4a4bf2421_green_preprocessed.png,vessel_masks/4dd4a4bf2421_vessel_mask.png,vessel_skeletons/4dd4a4bf2421_skeleton.png,vessel_overlays/4dd4a4bf2421_overlay.png
4dd7b322f342.png,False,0,,79.82892312078111,59.50040893256578,0.0,255.0,0.1368268868548855,120.59751931907269,26.57630772343084,2.0,239.0,0.0001349026155835429,15.779418771815534,11.215863231323448,0.9218815283276588,1.0,True,True,False,392876,94485,12870,0.24049572893228396,0.03275842759547542,preprocessed_green_images/4dd7b322f342_green_preprocessed.png,vessel_masks/4dd7b322f342_vessel_mask.png,vessel_skeletons/4dd7b322f342_skeleton.png,vessel_overlays/4dd7b322f342_overlay.png
4e1e252317b5.png,False,0,,90.51259939084424,15.760507450769342,0.0,250.0,0.0018838919180345802,119.2926849490163,22.867846096258756,2.0,239.0,0.0013196455611660324,23.631287071821536,12.0,0.9023184580872748,1.0,False,True,False,868415,196081,22318,0.22579181612477905,0.025699694270596433,preprocessed_green_images/4e1e252317b5_green_preprocessed.png,vessel_masks/4e1e252317b5_vessel_mask.png,vessel_skeletons/4e1e252317b5_skeleton.png,vessel_overlays/4e1e252317b5_overlay.png
4e231670b48c.png,False,0,,71.60148552741441,19.75493049466297,0.0,255.0,0.0030580295018090733,123.25231236663883,23.642362775232936,4.0,240.0,0.00048705816866128585,23.185834875358367,12.0,0.9060557489276847,1.0,True,True,False,862320,189697,20252,0.2199844605250951,0.02348548102792467,preprocessed_green_images/4e231670b48c_green_preprocessed.png,vessel_masks/4e231670b48c_vessel_mask.png,vessel_skeletons/4e231670b48c_skeleton.png,vessel_overlays/4e231670b48c_overlay.png
4e4a6224a04e.png,False,0,,87.1575368310815,18.06466278753579,0.0,251.0,0.0005503328120265135,121.07470825975244,21.70808817024104,2.0,239.0,0.000390109335107402,20.986554808798818,12.0,0.902502693323625,1.0,True,True,False,861297,183462,21631,0.2130066632067684,0.025114449487226822,preprocessed_green_images/4e4a6224a04e_green_preprocessed.png,vessel_masks/4e4a6224a04e_vessel_mask.png,vessel_skeletons/4e4a6224a04e_skeleton.png,vessel_overlays/4e4a6224a04e_overlay.png
4e54ccfd49b2.png,False,0,,89.26165582878065,9.46908322166806,0.0,207.0,0.0016886311923214636,117.93669134547639,20.803477200508837,2.0,237.0,0.00128899617690202,20.24325831771234,12.0,0.9012556021065662,1.0,True,True,False,865790,213771,33282,0.24690860370297646,0.03844119243696508,preprocessed_green_images/4e54ccfd49b2_green_preprocessed.png,vessel_masks/4e54ccfd49b2_vessel_mask.png,vessel_skeletons/4e54ccfd49b2_skeleton.png,vessel_overlays/4e54ccfd49b2_overlay.png
4e8585a96739.png,False,0,,43.239166301724225,20.548186758999503,0.0,255.0,0.07542087199177097,119.72686095183778,27.434502920209802,5.0,243.0,0.00018586603387344815,10.165376707087988,12.0,0.911194394428548,1.0,True,True,False,392756,103363,16514,0.2631735734145373,0.04204646141624826,preprocessed_green_images/4e8585a96739_green_preprocessed.png,vessel_masks/4e8585a96739_vessel_mask.png,vessel_skeletons/4e8585a96739_skeleton.png,vessel_overlays/4e8585a96739_overlay.png
4e85aa647534.png,False,0,,77.73993717583461,21.309344330315547,0.0,255.0,3.86742468190432e-05,116.56145122962619,36.068235571835686,14.0,227.0,2.148569267724622e-05,13.458196176986757,10.473061832942737,0.8308118414479237,1.0,True,True,False,232713,60705,8721,0.2608577947944464,0.03747534516765286,preprocessed_green_images/4e85aa647534_green_preprocessed.png,vessel_masks/4e85aa647534_vessel_mask.png,vessel_skeletons/4e85aa647534_skeleton.png,vessel_overlays/4e85aa647534_overlay.png
4eabad7948cf.png,False,0,,40.271782741542474,12.028944947034443,0.0,242.0,0.17592571859348993,122.29317175878899,27.474762036144124,7.0,241.0,0.0009370672171003571,25.58300069910118,12.0,0.9137870329031277,1.0,True,True,False,1473747,399720,67120,0.2712270152203872,0.04554377379563792,preprocessed_green_images/4eabad7948cf_green_preprocessed.png,vessel_masks/4eabad7948cf_vessel_mask.png,vessel_skeletons/4eabad7948cf_skeleton.png,vessel_overlays/4eabad7948cf_overlay.png
4eaf2f81819d.png,False,0,,88.53834607812566,15.706801819084543,0.0,194.0,0.0006934780483945285,120.10958233073784,20.706252595260825,2.0,235.0,0.000537561842883007,21.84642934164458,12.0,0.9007455967278263,1.0,True,True,False,859436,195430,25025,0.22739331375460187,0.02911793315616288,preprocessed_green_images/4eaf2f81819d_green_preprocessed.png,vessel_masks/4eaf2f81819d_vessel_mask.png,vessel_skeletons/4eaf2f81819d_skeleton.png,vessel_overlays/4eaf2f81819d_overlay.png
4ec7796df40e.png,False,0,,112.91706442866156,27.977970845769537,0.0,244.0,1.4861189732809319e-05,117.77166457484162,24.45251865191519,4.0,237.0,1.6887715605465136e-05,19.707425532044006,11.882970212817602,0.8951030543760335,1.0,False,True,False,1480366,571502,124074,0.38605452975818144,0.08381305704129925,preprocessed_green_images/4ec7796df40e_green_preprocessed.png,vessel_masks/4ec7796df40e_vessel_mask.png,vessel_skeletons/4ec7796df40e_skeleton.png,vessel_overlays/4ec7796df40e_overlay.png
4ef16a53d899.png,False,0,,50.76787182124521,13.866874154909688,0.0,237.0,0.006296183127262086,119.15648360539329,34.13756958490324,37.0,227.0,0.0,14.350034415154875,12.0,0.8368501763643659,1.0,True,True,False,232363,60891,8548,0.2620511871511385,0.03678726819674389,preprocessed_green_images/4ef16a53d899_green_preprocessed.png,vessel_masks/4ef16a53d899_vessel_mask.png,vessel_skeletons/4ef16a53d899_skeleton.png,vessel_overlays/4ef16a53d899_overlay.png
4f5dd7660b17.png,False,0,,80.40775535456399,10.024964415681051,0.0,149.0,2.2754124689146973e-05,120.5237043254151,16.04002285162206,4.0,242.0,1.5265425424364424e-05,10.015693424783965,8.858921338396787,0.9296475799826662,1.0,True,True,False,3471898,839418,142016,0.24177495997866297,0.04090442749182148,preprocessed_green_images/4f5dd7660b17_green_preprocessed.png,vessel_masks/4f5dd7660b17_vessel_mask.png,vessel_skeletons/4f5dd7660b17_skeleton.png,vessel_overlays/4f5dd7660b17_overlay.png
4f6abc40c72d.png,False,0,,80.52495439629044,13.303377611470413,0.0,204.0,0.0007310518327353407,119.00786518940045,21.164125309368202,3.0,239.0,0.0004920094874282292,17.365026827012088,11.788237006690128,0.9020338053333042,1.0,True,True,False,861772,219492,31654,0.2546984585249927,0.036731293195880116,preprocessed_green_images/4f6abc40c72d_green_preprocessed.png,vessel_masks/4f6abc40c72d_vessel_mask.png,vessel_skeletons/4f6abc40c72d_skeleton.png,vessel_overlays/4f6abc40c72d_overlay.png
4faf4063db8c.png,False,0,,85.38905122872819,14.096417268769136,0.0,164.0,0.0005999740049947546,120.77405698476507,21.579968894000462,2.0,240.0,0.0004084929395708967,20.810463939830225,12.0,0.901324128115425,1.0,True,True,False,861704,184824,21038,0.21448664506605516,0.024414416087194676,preprocessed_green_images/4faf4063db8c_green_preprocessed.png,vessel_masks/4faf4063db8c_vessel_mask.png,vessel_skeletons/4faf4063db8c_skeleton.png,vessel_overlays/4faf4063db8c_overlay.png
4fd5ec0dca09.png,False,0,,97.53076239192897,8.869041036610437,0.0,157.0,5.583400978383648e-05,114.60143965846765,30.727496060241076,2.0,225.0,4.724416212478472e-05,13.310266951963316,9.324106780785327,0.824395192842658,1.0,False,True,False,232833,94152,19248,0.404375668397521,0.0826686938707142,preprocessed_green_images/4fd5ec0dca09_green_preprocessed.png,vessel_masks/4fd5ec0dca09_vessel_mask.png,vessel_skeletons/4fd5ec0dca09_skeleton.png,vessel_overlays/4fd5ec0dca09_overlay.png
4ffa38550c95.png,False,0,,88.8856613453803,36.18141417588023,0.0,255.0,3.720706203567278e-05,118.17323675733013,24.719068798565505,2.0,237.0,3.382460185061162e-05,20.64430443956303,12.0,0.8998343095785021,1.0,True,True,False,1478214,357450,58213,0.24181207863002244,0.03938063095059308,preprocessed_green_images/4ffa38550c95_green_preprocessed.png,vessel_masks/4ffa38550c95_vessel_mask.png,vessel_skeletons/4ffa38550c95_skeleton.png,vessel_overlays/4ffa38550c95_overlay.png
500aad15b7c8.png,False,0,,94.48554221344007,27.77308192357584,0.0,255.0,2.6346455895019508e-05,118.69005286179933,24.824646818936476,5.0,237.0,1.8915404232321696e-05,20.133111967389308,12.0,0.8974350962108897,1.0,False,True,False,1480275,336067,49541,0.2270301126479877,0.03346743003833747,preprocessed_green_images/500aad15b7c8_green_preprocessed.png,vessel_masks/500aad15b7c8_vessel_mask.png,vessel_skeletons/500aad15b7c8_skeleton.png,vessel_overlays/500aad15b7c8_overlay.png
501c319f7a9f.png,False,0,,86.20321770828026,15.96759425155026,0.0,251.0,0.0011394216740235018,120.77371710846275,22.01575313533343,1.0,239.0,0.0009240431868605228,20.76452018545217,12.0,0.9026441292836404,1.0,True,True,False,863596,194023,23073,0.22466871083237996,0.02671735394791083,preprocessed_green_images/501c319f7a9f_green_preprocessed.png,vessel_masks/501c319f7a9f_vessel_mask.png,vessel_skeletons/501c319f7a9f_skeleton.png,vessel_overlays/501c319f7a9f_overlay.png
504a69096fcb.png,False,0,,87.84904307968169,21.12689485826347,0.0,249.0,0.0007388136994849181,121.29646494462376,22.61944198535983,2.0,239.0,0.0004882897448715079,22.37492786725609,12.0,0.9027036702211682,1.0,True,True,False,862193,184418,21014,0.21389410491618466,0.024372733251139825,preprocessed_green_images/504a69096fcb_green_preprocessed.png,vessel_masks/504a69096fcb_vessel_mask.png,vessel_skeletons/504a69096fcb_skeleton.png,vessel_overlays/504a69096fcb_overlay.png
5056fa7d505f.png,False,0,,46.54354544713957,23.165672575292987,0.0,253.0,0.07102452088552168,120.79398841164131,29.024091086447825,3.0,243.0,0.0011812386713101566,7.6815847202934515,10.93542984837164,0.9112936810467089,1.0,True,True,False,392808,102218,14170,0.2602238243620293,0.036073603388933013,preprocessed_green_images/5056fa7d505f_green_preprocessed.png,vessel_masks/5056fa7d505f_vessel_mask.png,vessel_skeletons/5056fa7d505f_skeleton.png,vessel_overlays/5056fa7d505f_overlay.png
5069feccd866.png,False,0,,52.35101525835117,15.420069061892814,0.0,251.0,0.04447879158303869,120.32992338976895,26.917889874047454,8.0,240.0,0.0007555316435625315,24.10425205812035,12.0,0.9074735226935534,1.0,True,True,False,1475782,405905,70054,0.2750440105652461,0.0474690706350938,preprocessed_green_images/5069feccd866_green_preprocessed.png,vessel_masks/5069feccd866_vessel_mask.png,vessel_skeletons/5069feccd866_skeleton.png,vessel_overlays/5069feccd866_overlay.png
5077cdb88aed.png,False,0,,88.99248801640569,14.777027346717686,0.0,223.0,0.0028509612782807643,118.02032749208674,22.639813233799604,2.0,239.0,0.002434140606738908,22.108564153004963,12.0,0.9028017781900132,1.0,True,True,False,868479,209049,31206,0.24070702918550707,0.03593178418821871,preprocessed_green_images/5077cdb88aed_green_preprocessed.png,vessel_masks/5077cdb88aed_vessel_mask.png,vessel_skeletons/5077cdb88aed_skeleton.png,vessel_overlays/5077cdb88aed_overlay.png
5078caaf1f57.png,False,0,,37.99940422693353,14.723846811639167,0.0,188.0,0.255749591997291,118.63309290240778,24.719878385784746,4.0,243.0,9.92955110790876e-05,6.9003982250368425,11.382434469842869,0.9091607902500979,1.0,True,True,False,392767,110917,20734,0.28239897954767074,0.05278956735163596,preprocessed_green_images/5078caaf1f57_green_preprocessed.png,vessel_masks/5078caaf1f57_vessel_mask.png,vessel_skeletons/5078caaf1f57_skeleton.png,vessel_overlays/5078caaf1f57_overlay.png
50915e2329a1.png,False,1,mean_G,128.15925076261567,26.918030657842888,0.0,255.0,2.2961197602040575e-05,119.06853647352473,25.11610570100456,3.0,235.0,2.5662514966986526e-05,18.99286685916179,11.597146743664716,0.8928949585589763,1.0,False,True,False,1480759,314561,44270,0.21243227290869074,0.0298968299365393,preprocessed_green_images/50915e2329a1_green_preprocessed.png,vessel_masks/50915e2329a1_vessel_mask.png,vessel_skeletons/50915e2329a1_skeleton.png,vessel_overlays/50915e2329a1_overlay.png
50916d67bb51.png,False,0,,91.01828877972753,16.887269840109877,0.0,255.0,0.0009903378281218836,119.77828840864076,21.66506810278009,2.0,238.0,0.0008047944411201254,18.389275464576937,11.355710185830775,0.9011564481596934,1.0,False,True,False,862332,210333,28719,0.2439118576140048,0.0333038783206468,preprocessed_green_images/50916d67bb51_green_preprocessed.png,vessel_masks/50916d67bb51_vessel_mask.png,vessel_skeletons/50916d67bb51_skeleton.png,vessel_overlays/50916d67bb51_overlay.png
50d8249f7bc9.png,False,0,,107.08679342056206,29.210898109320084,0.0,255.0,2.5035913002232255e-05,120.92413577043285,24.15521238251728,3.0,236.0,2.1652681515444114e-05,18.970271619425272,11.58810864777011,0.8983590968632369,1.0,False,True,False,1477877,327605,40001,0.2216727102458459,0.0270665285406025,preprocessed_green_images/50d8249f7bc9_green_preprocessed.png,vessel_masks/50d8249f7bc9_vessel_mask.png,vessel_skeletons/50d8249f7bc9_skeleton.png,vessel_overlays/50d8249f7bc9_overlay.png
50f5201fd18a.png,False,0,,86.46487436408634,16.484057328801303,0.0,255.0,6.874742197167606e-05,116.68882768458683,33.366177476895814,3.0,226.0,5.1560566478757045e-05,14.89005545155226,10.270255570479897,0.8264523754581494,1.0,True,True,False,232736,57646,7471,0.24768836793620239,0.03210074934689949,preprocessed_green_images/50f5201fd18a_green_preprocessed.png,vessel_masks/50f5201fd18a_vessel_mask.png,vessel_skeletons/50f5201fd18a_skeleton.png,vessel_overlays/50f5201fd18a_overlay.png
519c6e8f78dc.png,False,0,,78.36848553279673,12.605476069656458,0.0,244.0,2.2987961745327188e-05,119.39032342033826,24.355989402004894,2.0,238.0,1.8255146091877474e-05,20.733940793650802,12.0,0.9007922932414542,1.0,True,True,False,1479035,358518,56859,0.24239994320621217,0.0384433093199282,preprocessed_green_images/519c6e8f78dc_green_preprocessed.png,vessel_masks/519c6e8f78dc_vessel_mask.png,vessel_skeletons/519c6e8f78dc_skeleton.png,vessel_overlays/519c6e8f78dc_overlay.png
51a078d6d43a.png,False,0,,84.83640068998136,11.589944804533197,0.0,183.0,0.0008543619990911535,119.37040592048521,22.224848759982834,3.0,238.0,0.0005784621947713509,19.545433939853066,12.0,0.9005589031211102,1.0,True,True,False,862632,196424,25509,0.22770312253660888,0.029571126505856495,preprocessed_green_images/51a078d6d43a_green_preprocessed.png,vessel_masks/51a078d6d43a_vessel_mask.png,vessel_skeletons/51a078d6d43a_skeleton.png,vessel_overlays/51a078d6d43a_overlay.png
51aa3361294c.png,False,0,,41.44299726521321,18.479623152602407,0.0,197.0,0.1738397526978646,120.28420393259286,25.64238288450605,5.0,240.0,0.0003768607499528924,8.656069451500874,11.778605801470286,0.9152423693436526,1.0,True,True,False,392718,100941,15058,0.25703176324996563,0.0383430349512882,preprocessed_green_images/51aa3361294c_green_preprocessed.png,vessel_masks/51aa3361294c_vessel_mask.png,vessel_skeletons/51aa3361294c_skeleton.png,vessel_overlays/51aa3361294c_overlay.png
51af8a689511.png,False,0,,81.29762652806411,16.241359251644006,0.0,217.0,0.0005226632596765296,119.26951537501088,21.196154242135425,2.0,239.0,0.00036934870350474754,20.256099950276294,12.0,0.9020480201553344,1.0,True,True,False,860975,220052,31948,0.2555846569296437,0.037106768489212814,preprocessed_green_images/51af8a689511_green_preprocessed.png,vessel_masks/51af8a689511_vessel_mask.png,vessel_skeletons/51af8a689511_skeleton.png,vessel_overlays/51af8a689511_overlay.png
51cd8d2057fa.png,False,0,,66.49685402831025,19.70178953530053,0.0,224.0,0.004489090938716984,122.45713424441978,21.581963867704,4.0,239.0,0.00034450892347944704,19.95019381807732,12.0,0.9093676395988168,1.0,True,True,False,859194,194836,23458,0.22676601559135656,0.027302332185746177,preprocessed_green_images/51cd8d2057fa_green_preprocessed.png,vessel_masks/51cd8d2057fa_vessel_mask.png,vessel_skeletons/51cd8d2057fa_skeleton.png,vessel_overlays/51cd8d2057fa_overlay.png
51e656e5a541.png,False,0,,77.74053138580707,16.548735591047215,0.0,205.0,3.868688127855844e-05,120.01819143128566,27.99238371361345,13.0,228.0,3.438833891427417e-05,12.92156216040509,10.258355407645851,0.8381410243419446,1.0,True,True,False,232637,55957,6713,0.24053353507825495,0.028856114891440313,preprocessed_green_images/51e656e5a541_green_preprocessed.png,vessel_masks/51e656e5a541_vessel_mask.png,vessel_skeletons/51e656e5a541_skeleton.png,vessel_overlays/51e656e5a541_overlay.png
521b5377a727.png,False,1,mean_G,32.484903684718724,21.41148503789817,0.0,244.0,0.607827001908217,119.7483115208923,28.25347457709024,19.0,249.0,0.0018572633263102113,7.3534260297342655,12.0,0.935496457882822,1.0,True,True,False,392513,108447,18732,0.276288938200773,0.047723260121320825,preprocessed_green_images/521b5377a727_green_preprocessed.png,vessel_masks/521b5377a727_vessel_mask.png,vessel_skeletons/521b5377a727_skeleton.png,vessel_overlays/521b5377a727_overlay.png
5257cb536da2.png,False,0,,60.60600893322983,20.314528263528228,0.0,255.0,0.011773538806103101,122.07316340684372,28.600363622463213,2.0,244.0,0.0016237608643090745,11.212074506657219,11.097629008598014,0.9006335310437661,1.0,True,True,False,392915,89667,9583,0.2282096636677144,0.02438949900105621,preprocessed_green_images/5257cb536da2_green_preprocessed.png,vessel_masks/5257cb536da2_vessel_mask.png,vessel_skeletons/5257cb536da2_skeleton.png,vessel_overlays/5257cb536da2_overlay.png
525d0dd8dc45.png,False,0,,45.785090165458264,24.66188515201812,0.0,255.0,0.21060083989741943,121.27595137864908,25.722252222572575,6.0,247.0,0.0005500844226787584,8.665801009388687,11.396534611270296,0.9221400370613089,1.0,True,True,False,392667,102721,14897,0.26159824991659597,0.03793799835484011,preprocessed_green_images/525d0dd8dc45_green_preprocessed.png,vessel_masks/525d0dd8dc45_vessel_mask.png,vessel_skeletons/525d0dd8dc45_skeleton.png,vessel_overlays/525d0dd8dc45_overlay.png
5264a54e1830.png,False,0,,47.68835122984415,19.931428546893343,0.0,255.0,0.06665495628974527,120.3681360643969,24.672053671186294,5.0,245.0,0.00019093005850096993,7.612520851701906,10.806043786916838,0.9096391333742105,1.0,True,True,False,392814,102451,16744,0.2608130056464383,0.042625771993869875,preprocessed_green_images/5264a54e1830_green_preprocessed.png,vessel_masks/5264a54e1830_vessel_mask.png,vessel_skeletons/5264a54e1830_skeleton.png,vessel_overlays/5264a54e1830_overlay.png
5288f7441f64.png,False,0,,77.9702390170874,9.404645291560628,0.0,178.0,3.4415707328824874e-05,114.83685664137113,33.38958833378392,8.0,227.0,1.7207853664412437e-05,11.195333426494944,9.547445457967987,0.8245283211838581,1.0,True,True,False,232452,89024,18380,0.38297799115516323,0.07907008758797515,preprocessed_green_images/5288f7441f64_green_preprocessed.png,vessel_masks/5288f7441f64_vessel_mask.png,vessel_skeletons/5288f7441f64_skeleton.png,vessel_overlays/5288f7441f64_overlay.png
5293576816aa.png,False,0,,78.72666116705477,17.94252878937158,0.0,187.0,0.0017078963520401355,121.80032463953756,21.56044457177678,2.0,239.0,0.0007042751940817679,20.20632400461097,12.0,0.9048415161145249,1.0,True,True,False,861879,186483,21613,0.21636795884341073,0.02507660588087191,preprocessed_green_images/5293576816aa_green_preprocessed.png,vessel_masks/5293576816aa_vessel_mask.png,vessel_skeletons/5293576816aa_skeleton.png,vessel_overlays/5293576816aa_overlay.png
529906ff9dfa.png,False,0,,102.75189533884466,14.984292004507724,0.0,238.0,0.0010296096748564454,119.84864158696554,21.809034562592608,2.0,239.0,0.0008975787379232229,18.164687521990516,11.265875008796206,0.8991465187244394,1.0,False,True,False,863434,188940,22755,0.2188239054751145,0.026354069911539272,preprocessed_green_images/529906ff9dfa_green_preprocessed.png,vessel_masks/529906ff9dfa_vessel_mask.png,vessel_skeletons/529906ff9dfa_skeleton.png,vessel_overlays/529906ff9dfa_overlay.png
5299a532f0e0.png,False,0,,82.84422870495708,11.162748546069745,0.0,199.0,0.0011938494174918047,118.01911664406728,21.43036609147323,3.0,237.0,0.000862674894307851,18.59536411710669,12.0,0.901566225631461,1.0,True,True,False,863593,214961,32677,0.24891470866484558,0.03783842620308409,preprocessed_green_images/5299a532f0e0_green_preprocessed.png,vessel_masks/5299a532f0e0_vessel_mask.png,vessel_skeletons/5299a532f0e0_skeleton.png,vessel_overlays/5299a532f0e0_overlay.png
52ddde91a349.png,False,0,,90.39138343105016,14.996574939811065,0.0,238.0,0.00048171625635662325,122.37529991189815,22.383363988550013,3.0,239.0,0.00034474633286245087,21.025942362317135,12.0,0.9003178717151825,1.0,False,True,False,861503,184212,19901,0.21382630124329224,0.023100325825911226,preprocessed_green_images/52ddde91a349_green_preprocessed.png,vessel_masks/52ddde91a349_vessel_mask.png,vessel_skeletons/52ddde91a349_skeleton.png,vessel_overlays/52ddde91a349_overlay.png
52edbe29d655.png,False,0,,74.32085366462744,15.614791915685256,0.0,221.0,0.000612116657587517,120.18102856505685,21.949098887735953,2.0,241.0,0.00043788990495349886,19.472187664706937,12.0,0.9032155219326896,1.0,True,True,False,860947,202167,28372,0.23481933266507696,0.03295440950488242,preprocessed_green_images/52edbe29d655_green_preprocessed.png,vessel_masks/52edbe29d655_vessel_mask.png,vessel_skeletons/52edbe29d655_skeleton.png,vessel_overlays/52edbe29d655_overlay.png
5321ab64f9ea.png,False,0,,87.68144533109208,17.45953778756101,0.0,253.0,0.0005572181811005524,121.5574747336381,22.977449164648252,2.0,239.0,0.00037844401466412514,23.579876632342003,12.0,0.9018755370257358,1.0,True,True,False,861422,183795,20337,0.21336232415703338,0.023608637810504027,preprocessed_green_images/5321ab64f9ea_green_preprocessed.png,vessel_masks/5321ab64f9ea_vessel_mask.png,vessel_skeletons/5321ab64f9ea_skeleton.png,vessel_overlays/5321ab64f9ea_overlay.png
53273d664cd8.png,False,0,,87.26154418203807,16.345010353641932,0.0,206.0,0.0008861428114705106,119.7634438868888,22.13880203057257,3.0,239.0,0.0006231958595701107,21.091237712874292,12.0,0.9009025257933307,1.0,True,True,False,863292,199516,25346,0.23111067865797436,0.029359706796773282,preprocessed_green_images/53273d664cd8_green_preprocessed.png,vessel_masks/53273d664cd8_vessel_mask.png,vessel_skeletons/53273d664cd8_skeleton.png,vessel_overlays/53273d664cd8_overlay.png
53327edb9e4d.png,False,0,,77.90169849950789,11.639244944252587,0.0,198.0,0.0006441623799884863,120.68701020446062,21.720791246171345,2.0,238.0,0.0004781890100094709,18.19301439301008,12.0,0.9026067234065587,1.0,True,True,False,861584,200838,25533,0.23310321454437408,0.02963495143828112,preprocessed_green_images/53327edb9e4d_green_preprocessed.png,vessel_masks/53327edb9e4d_vessel_mask.png,vessel_skeletons/53327edb9e4d_skeleton.png,vessel_overlays/53327edb9e4d_overlay.png
535682537302.png,False,0,,98.98462264467379,12.362219919936818,0.0,206.0,0.0008142653741746021,117.59628745880963,21.642499824774195,3.0,238.0,0.0006604339895649117,18.171372246996704,11.26854889879868,0.8978695688822432,1.0,False,True,False,864583,203799,31619,0.23571941618097975,0.03657138759378799,preprocessed_green_images/535682537302_green_preprocessed.png,vessel_masks/535682537302_vessel_mask.png,vessel_skeletons/535682537302_skeleton.png,vessel_overlays/535682537302_overlay.png
537e5c578f40.png,False,0,,43.1460125948882,19.253779636276136,0.0,148.0,0.2141894937343869,119.82013195857387,24.924287819363734,4.0,238.0,7.639438857751102e-05,9.055875231336238,11.787148972988877,0.9117488730274244,1.0,True,True,False,392699,102745,16546,0.261638048479879,0.04213405178011658,preprocessed_green_images/537e5c578f40_green_preprocessed.png,vessel_masks/537e5c578f40_vessel_mask.png,vessel_skeletons/537e5c578f40_skeleton.png,vessel_overlays/537e5c578f40_overlay.png
53c874dbc594.png,False,0,,95.05824733559056,36.39701790280602,0.0,252.0,2.838432374348681e-05,117.13720306280369,25.641993218099064,1.0,237.0,2.838432374348681e-05,20.301447966096973,12.0,0.897491471033864,1.0,False,True,False,1479690,336342,59567,0.22730571944123432,0.040256405057816164,preprocessed_green_images/53c874dbc594_green_preprocessed.png,vessel_masks/53c874dbc594_vessel_mask.png,vessel_skeletons/53c874dbc594_skeleton.png,vessel_overlays/53c874dbc594_overlay.png
53ddae6a619e.png,False,0,,87.70168043931852,16.595048837654694,0.0,246.0,2.163597738499464e-05,120.41534450561116,23.820349901350344,4.0,239.0,1.6903107332027063e-05,19.87629522509539,12.0,0.9002154099786112,1.0,True,True,False,1479018,352072,44224,0.23804443218405727,0.02990092074606259,preprocessed_green_images/53ddae6a619e_green_preprocessed.png,vessel_masks/53ddae6a619e_vessel_mask.png,vessel_skeletons/53ddae6a619e_skeleton.png,vessel_overlays/53ddae6a619e_overlay.png
54038e56131d.png,False,0,,89.35163560355339,19.668960603718354,0.0,253.0,0.0005922313185856122,119.24292515821867,21.488369265012704,2.0,239.0,0.0004389479184811009,20.503852028028742,12.0,0.9022756567646588,1.0,True,True,False,861150,193497,25377,0.22469604598502002,0.02946873367009232,preprocessed_green_images/54038e56131d_green_preprocessed.png,vessel_masks/54038e56131d_vessel_mask.png,vessel_skeletons/54038e56131d_skeleton.png,vessel_overlays/54038e56131d_overlay.png
540e4973829e.png,False,0,,100.03793377256046,20.32042889898072,0.0,255.0,5.150546172500375e-05,117.93144193832221,35.89262098095941,3.0,226.0,6.008970534583771e-05,13.085283686688678,9.234113474675471,0.8210571850579703,1.0,False,True,False,232985,56481,6746,0.24242333197416144,0.028954653733072943,preprocessed_green_images/540e4973829e_green_preprocessed.png,vessel_masks/540e4973829e_vessel_mask.png,vessel_skeletons/540e4973829e_skeleton.png,vessel_overlays/540e4973829e_overlay.png
542964865b1e.png,False,0,,74.99153318423072,18.93915488236049,0.0,216.0,0.0014287388912939778,122.07540746913587,23.20669798365827,3.0,240.0,0.0007973546858805546,21.899637256347873,12.0,0.9043118412168887,1.0,True,True,False,861599,194912,22564,0.2262212467748918,0.02618851693189059,preprocessed_green_images/542964865b1e_green_preprocessed.png,vessel_masks/542964865b1e_vessel_mask.png,vessel_skeletons/542964865b1e_skeleton.png,vessel_overlays/542964865b1e_overlay.png
54334705a34d.png,False,0,,109.18938766577551,41.48425383074207,0.0,255.0,3.917685377441968e-05,119.71606305041792,25.302265364195367,1.0,237.0,4.3905094747194466e-05,19.552368093810713,11.820947237524285,0.8962437067210757,1.0,False,True,False,1480466,322384,42157,0.21775846253814676,0.02847549352703811,preprocessed_green_images/54334705a34d_green_preprocessed.png,vessel_masks/54334705a34d_vessel_mask.png,vessel_skeletons/54334705a34d_skeleton.png,vessel_overlays/54334705a34d_overlay.png
5445255635f0.png,False,1,mean_S,91.99453340943775,20.431761252585755,13.0,194.0,0.00017222093799060235,125.38600014680411,17.775826281738617,11.0,243.0,9.202645541482568e-06,10.798116524338077,8.319246609735231,0.9378382659519124,1.0,False,True,False,4563905,1041807,111686,0.22827096532465072,0.024471587379667193,preprocessed_green_images/5445255635f0_green_preprocessed.png,vessel_masks/5445255635f0_vessel_mask.png,vessel_skeletons/5445255635f0_skeleton.png,vessel_overlays/5445255635f0_overlay.png
549381330191.png,False,0,,75.5981904774077,14.86172329688392,0.0,185.0,0.0004031747396502023,120.03460912383274,22.18718702680351,3.0,241.0,0.0002416724664185651,21.609234468213895,12.0,0.9021848555334993,1.0,True,True,False,860669,210381,26035,0.244438919026943,0.030249724342342993,preprocessed_green_images/549381330191_green_preprocessed.png,vessel_masks/549381330191_vessel_mask.png,vessel_skeletons/549381330191_skeleton.png,vessel_overlays/549381330191_overlay.png
54b322c66d01.png,False,0,,90.19988228130708,13.285339563997084,0.0,255.0,2.8414856910899127e-05,118.15182869900548,23.047244519578,4.0,236.0,1.9619782152763682e-05,20.280575041054888,12.0,0.897998272179068,1.0,False,True,False,1478100,599525,119252,0.4056051687977809,0.08067925038901293,preprocessed_green_images/54b322c66d01_green_preprocessed.png,vessel_masks/54b322c66d01_vessel_mask.png,vessel_skeletons/54b322c66d01_skeleton.png,vessel_overlays/54b322c66d01_overlay.png
54bdcdecd8f3.png,False,0,,82.63554416170852,17.323761601606535,0.0,249.0,2.162818314475135e-05,120.43122879846656,26.208783762026993,2.0,238.0,2.162818314475135e-05,20.2886581171477,12.0,0.8983427998538112,1.0,True,True,False,1479551,354839,45744,0.23982883996563822,0.03091748780542205,preprocessed_green_images/54bdcdecd8f3_green_preprocessed.png,vessel_masks/54bdcdecd8f3_vessel_mask.png,vessel_skeletons/54bdcdecd8f3_skeleton.png,vessel_overlays/54bdcdecd8f3_overlay.png
54f57cf26126.png,False,0,,96.99121147415659,39.75630262413816,0.0,255.0,2.568558545222515e-05,118.38906835001883,24.788426977620837,2.0,237.0,2.838933128930148e-05,21.13653427775967,12.0,0.8981349071060631,1.0,False,True,False,1479429,343843,56021,0.23241601996445926,0.03786663638471329,preprocessed_green_images/54f57cf26126_green_preprocessed.png,vessel_masks/54f57cf26126_vessel_mask.png,vessel_skeletons/54f57cf26126_skeleton.png,vessel_overlays/54f57cf26126_overlay.png
5511f114e7ee.png,False,0,,84.79172370001206,13.540196728752564,0.0,240.0,3.181682175674889e-05,121.08722209360103,23.003025590595158,3.0,236.0,1.895470232316955e-05,20.415897470757855,12.0,0.900428515554755,1.0,True,True,False,1477206,347564,45497,0.23528471993750363,0.030799360414187325,preprocessed_green_images/5511f114e7ee_green_preprocessed.png,vessel_masks/5511f114e7ee_vessel_mask.png,vessel_skeletons/5511f114e7ee_skeleton.png,vessel_overlays/5511f114e7ee_overlay.png
555d0bef3c5b.png,False,0,,97.35941950092368,13.513512513390696,0.0,228.0,0.0006752413437650206,118.96482027345537,20.67117850928145,4.0,237.0,0.0005119325453587292,18.64497730879968,11.457990923519873,0.8999726405273575,1.0,False,True,False,863395,187087,24618,0.21668761111658047,0.02851302127068144,preprocessed_green_images/555d0bef3c5b_green_preprocessed.png,vessel_masks/555d0bef3c5b_vessel_mask.png,vessel_skeletons/555d0bef3c5b_skeleton.png,vessel_overlays/555d0bef3c5b_overlay.png
55968f0e63c4.png,False,0,,83.78989616881181,9.52100152229435,0.0,158.0,0.0011490559014540064,118.59463180503504,21.91528195752582,3.0,238.0,0.0008265341745871375,19.794880935478005,12.0,0.9004436261153856,1.0,True,True,False,865058,218956,31997,0.2531113520711906,0.03698827130666383,preprocessed_green_images/55968f0e63c4_green_preprocessed.png,vessel_masks/55968f0e63c4_vessel_mask.png,vessel_skeletons/55968f0e63c4_skeleton.png,vessel_overlays/55968f0e63c4_overlay.png
565f3404f9b2.png,False,0,,83.49915575556982,17.182961909298555,0.0,242.0,0.0009079391402835457,120.14143352472628,21.62363478960204,3.0,239.0,0.0005408259930005304,20.298675624518815,12.0,0.9024339890250132,1.0,True,True,False,863494,203827,24636,0.23604912136042636,0.028530597780644682,preprocessed_green_images/565f3404f9b2_green_preprocessed.png,vessel_masks/565f3404f9b2_vessel_mask.png,vessel_skeletons/565f3404f9b2_skeleton.png,vessel_overlays/565f3404f9b2_overlay.png
568455854a11.png,False,0,,82.53061066535952,15.779106764148215,0.0,207.0,6.879767463859721e-05,117.11310767696052,29.86405750040926,4.0,227.0,4.7298401314035585e-05,15.19014687997732,10.740004470625637,0.8303036100072877,1.0,True,True,False,232566,56140,7697,0.24139384088817797,0.033095981355830174,preprocessed_green_images/568455854a11_green_preprocessed.png,vessel_masks/568455854a11_vessel_mask.png,vessel_skeletons/568455854a11_skeleton.png,vessel_overlays/568455854a11_overlay.png
571bbdbf585e.png,False,0,,97.37352257915013,16.86500186338952,0.0,255.0,0.0009906439185470555,119.50788981258872,21.764371164467697,2.0,238.0,0.0008284332184340874,20.551943298930162,12.0,0.9001600409093966,1.0,False,True,False,863075,189679,23862,0.2197711670480549,0.027647655186397474,preprocessed_green_images/571bbdbf585e_green_preprocessed.png,vessel_masks/571bbdbf585e_vessel_mask.png,vessel_skeletons/571bbdbf585e_skeleton.png,vessel_overlays/571bbdbf585e_overlay.png
5728b8aa98ef.png,False,0,,83.07751638804669,17.587952186942886,0.0,227.0,0.000944572705441666,120.24397211945889,21.553108517248077,3.0,238.0,0.0006490315522053165,20.86096153239342,12.0,0.9026214287626576,1.0,True,True,False,862824,198845,25756,0.2304583553540467,0.02985081546178595,preprocessed_green_images/5728b8aa98ef_green_preprocessed.png,vessel_masks/5728b8aa98ef_vessel_mask.png,vessel_skeletons/5728b8aa98ef_skeleton.png,vessel_overlays/5728b8aa98ef_overlay.png
573ea80a53be.png,False,0,,97.96472119695287,21.539334983709203,0.0,244.0,2.7710997278239364e-05,120.1432158409578,24.946399623243014,5.0,238.0,1.7572827542298133e-05,20.016449440971858,12.0,0.8969041797251563,1.0,False,True,False,1479557,321485,41044,0.21728463317060445,0.027740735909464794,preprocessed_green_images/573ea80a53be_green_preprocessed.png,vessel_masks/573ea80a53be_vessel_mask.png,vessel_skeletons/573ea80a53be_skeleton.png,vessel_overlays/573ea80a53be_overlay.png
57a5e4274275.png,False,0,,87.48461087785718,15.45462009736849,0.0,255.0,3.2473638847131695e-05,118.42515096859393,24.02210791035426,2.0,237.0,2.3678694992700196e-05,20.47228277250618,12.0,0.898432927693652,1.0,True,True,False,1478122,336518,53499,0.22766591661581384,0.03619390009755622,preprocessed_green_images/57a5e4274275_green_preprocessed.png,vessel_masks/57a5e4274275_vessel_mask.png,vessel_skeletons/57a5e4274275_skeleton.png,vessel_overlays/57a5e4274275_overlay.png
57a710de68a4.png,False,0,,88.3608810026979,16.00645354477089,0.0,250.0,0.0009545858396527767,120.53510973677557,21.47880008986305,3.0,237.0,0.0007121697515757046,19.72258811163257,12.0,0.9017608154031795,1.0,True,True,False,862154,191327,24215,0.2219174300646984,0.02808662953486268,preprocessed_green_images/57a710de68a4_green_preprocessed.png,vessel_masks/57a710de68a4_vessel_mask.png,vessel_skeletons/57a710de68a4_skeleton.png,vessel_overlays/57a710de68a4_overlay.png
57db4781e7ec.png,False,0,,96.49256177888007,10.663996650306203,0.0,172.0,0.0011290363628371203,118.64433503691347,21.34988863426744,2.0,238.0,0.0009404780358469046,21.34209679622101,12.0,0.8990749877367324,1.0,False,True,False,864454,205381,28768,0.237584648807224,0.03327880951444496,preprocessed_green_images/57db4781e7ec_green_preprocessed.png,vessel_masks/57db4781e7ec_vessel_mask.png,vessel_skeletons/57db4781e7ec_skeleton.png,vessel_overlays/57db4781e7ec_overlay.png
57f5ad4b5b29.png,False,0,,63.97974209809438,23.004040510898673,0.0,181.0,0.013890550810239698,121.44142215206793,26.828334152095486,2.0,243.0,0.00211311531754013,14.120943114195972,11.96128905918111,0.9020851525421548,1.0,True,True,False,392785,91118,11482,0.2319793271127971,0.029232277199994907,preprocessed_green_images/57f5ad4b5b29_green_preprocessed.png,vessel_masks/57f5ad4b5b29_vessel_mask.png,vessel_skeletons/57f5ad4b5b29_skeleton.png,vessel_overlays/57f5ad4b5b29_overlay.png
58059e73d2d4.png,False,0,,60.993665466031494,14.922338864766772,0.0,255.0,0.0029564027420958183,120.70175619790254,29.636843340297194,33.0,229.0,0.0,17.05803555494129,12.0,0.8409791609359087,1.0,True,True,False,232377,54702,6626,0.23540195458242424,0.02851400956204788,preprocessed_green_images/58059e73d2d4_green_preprocessed.png,vessel_masks/58059e73d2d4_vessel_mask.png,vessel_skeletons/58059e73d2d4_skeleton.png,vessel_overlays/58059e73d2d4_overlay.png
5814cbd2e9bf.png,False,0,,85.18504465114552,14.363670677537499,0.0,209.0,0.0012682874754000966,119.88746704541235,22.522243319587187,1.0,238.0,0.001086108945081876,22.984897957225353,12.0,0.9004775511464347,1.0,True,True,False,861792,198128,23371,0.229902343024767,0.027119072815714233,preprocessed_green_images/5814cbd2e9bf_green_preprocessed.png,vessel_masks/5814cbd2e9bf_vessel_mask.png,vessel_skeletons/5814cbd2e9bf_skeleton.png,vessel_overlays/5814cbd2e9bf_overlay.png
586f5c56081e.png,False,0,,91.01349839470107,17.16338764546221,0.0,255.0,0.0012310184247823447,118.954372487201,22.06642036679485,2.0,238.0,0.0009406184016429005,20.274132557555035,12.0,0.9014007783217106,1.0,False,True,False,864325,213964,29203,0.24755040060162556,0.033787059265901136,preprocessed_green_images/586f5c56081e_green_preprocessed.png,vessel_masks/586f5c56081e_vessel_mask.png,vessel_skeletons/586f5c56081e_skeleton.png,vessel_overlays/586f5c56081e_overlay.png
5889a0c75cac.png,False,0,,89.64839587538974,21.9057055088882,0.0,253.0,0.0010319642221482711,122.00260889831442,24.429756922804067,2.0,239.0,0.0007780314528780787,23.21671813687099,12.0,0.8999787484161534,1.0,True,True,False,862433,186736,20726,0.2165223269517748,0.024032011762073112,preprocessed_green_images/5889a0c75cac_green_preprocessed.png,vessel_masks/5889a0c75cac_vessel_mask.png,vessel_skeletons/5889a0c75cac_skeleton.png,vessel_overlays/5889a0c75cac_overlay.png
58a9e0d7f7af.png,False,0,,82.30998910127917,18.535397652741384,0.0,157.0,0.0012314742057803845,121.84338572998796,21.46533473744604,3.0,240.0,0.0007706869676137372,20.69219185887352,12.0,0.9041227660859246,1.0,True,True,False,861569,182758,20661,0.2121223024505292,0.023980667828113592,preprocessed_green_images/58a9e0d7f7af_green_preprocessed.png,vessel_masks/58a9e0d7f7af_vessel_mask.png,vessel_skeletons/58a9e0d7f7af_skeleton.png,vessel_overlays/58a9e0d7f7af_overlay.png
58af2c054ced.png,False,0,,92.03407926977971,16.462259772162394,0.0,252.0,0.0007339364308857173,119.8506462588984,21.37210691142214,2.0,237.0,0.0005945814123631127,20.919982069762035,12.0,0.9008932350514506,1.0,False,True,False,861110,193432,24547,0.22463099952387036,0.028506230330619782,preprocessed_green_images/58af2c054ced_green_preprocessed.png,vessel_masks/58af2c054ced_vessel_mask.png,vessel_skeletons/58af2c054ced_skeleton.png,vessel_overlays/58af2c054ced_overlay.png
58c12863f33d.png,False,0,,87.67344524306539,13.438150619343064,0.0,218.0,0.0017902473154963947,120.07741547499957,23.21976859749935,2.0,239.0,0.0014803078577747967,20.638045753682885,12.0,0.9003267762890191,1.0,True,True,False,864685,198917,23047,0.23004562355077282,0.026653636873543544,preprocessed_green_images/58c12863f33d_green_preprocessed.png,vessel_masks/58c12863f33d_vessel_mask.png,vessel_skeletons/58c12863f33d_skeleton.png,vessel_overlays/58c12863f33d_overlay.png
58eb3809f456.png,False,1,mean_G,31.193221004652465,14.527892648753449,0.0,240.0,0.5453766512445191,123.62910471137663,30.043896397279806,4.0,243.0,0.0016233005117235729,28.249176715033496,12.0,0.9259648022747917,1.0,True,True,False,1471693,399119,66869,0.27119718582612,0.04543678606883365,preprocessed_green_images/58eb3809f456_green_preprocessed.png,vessel_masks/58eb3809f456_vessel_mask.png,vessel_skeletons/58eb3809f456_skeleton.png,vessel_overlays/58eb3809f456_overlay.png
58f07741ee3b.png,False,0,,96.01705668922293,14.180089079616906,0.0,248.0,2.3643871947491688e-05,119.58590257779002,25.31458635169505,2.0,237.0,2.2292793550492162e-05,19.590700696007122,11.83628027840285,0.8962103453860562,1.0,False,True,False,1480299,318669,44843,0.21527340084672084,0.030293204278324853,preprocessed_green_images/58f07741ee3b_green_preprocessed.png,vessel_masks/58f07741ee3b_vessel_mask.png,vessel_skeletons/58f07741ee3b_skeleton.png,vessel_overlays/58f07741ee3b_overlay.png
596f4fdb0004.png,False,0,,89.03391055483566,19.44087961919283,0.0,205.0,0.001032479005293485,121.59251649936253,24.878694930303165,2.0,240.0,0.0006879326406056592,23.095823081957644,12.0,0.8999480182646356,1.0,True,True,False,862003,181750,20724,0.21084613394616955,0.024041679669328297,preprocessed_green_images/596f4fdb0004_green_preprocessed.png,vessel_masks/596f4fdb0004_vessel_mask.png,vessel_skeletons/596f4fdb0004_skeleton.png,vessel_overlays/596f4fdb0004_overlay.png
598b8f5b3822.png,False,0,,67.23891652086441,20.976300821701447,0.0,237.0,0.00021064306318002243,115.97327412400428,32.76880248046667,3.0,227.0,5.588489431306718e-05,12.535228437126541,11.037298795218225,0.8324196886819095,1.0,True,True,False,232621,63803,9643,0.27427876245050964,0.0414536950662236,preprocessed_green_images/598b8f5b3822_green_preprocessed.png,vessel_masks/598b8f5b3822_vessel_mask.png,vessel_skeletons/598b8f5b3822_skeleton.png,vessel_overlays/598b8f5b3822_overlay.png
59928f999ae7.png,False,0,,82.84860356529605,16.80970772539855,0.0,255.0,2.302113068960474e-05,119.30673219112414,22.590370253046288,3.0,237.0,1.3541841582120435e-05,21.523542214258317,12.0,0.9005923273418522,1.0,True,True,False,1476904,363979,67187,0.2464472978609307,0.04549178551889629,preprocessed_green_images/59928f999ae7_green_preprocessed.png,vessel_masks/59928f999ae7_vessel_mask.png,vessel_skeletons/59928f999ae7_skeleton.png,vessel_overlays/59928f999ae7_overlay.png
599498e9e4bc.png,False,0,,84.69163216889406,27.185664627030757,0.0,254.0,1.5550196371936356e-05,119.23180204464799,24.48303513316926,2.0,237.0,1.690238736080039e-05,20.311494459507006,12.0,0.9003954080827065,1.0,True,True,False,1479081,349945,50289,0.23659623779901168,0.03400016631949163,preprocessed_green_images/599498e9e4bc_green_preprocessed.png,vessel_masks/599498e9e4bc_vessel_mask.png,vessel_skeletons/599498e9e4bc_skeleton.png,vessel_overlays/599498e9e4bc_overlay.png
5995321563b7.png,False,0,,86.73323402408946,14.21755704514743,0.0,240.0,0.0008063075291720904,119.60273634091843,21.721047983081746,1.0,239.0,0.0006288038572824072,22.033194166276488,12.0,0.9008619106179192,1.0,True,True,False,861954,218008,30879,0.2529230098125886,0.03582441754432371,preprocessed_green_images/5995321563b7_green_preprocessed.png,vessel_masks/5995321563b7_vessel_mask.png,vessel_skeletons/5995321563b7_skeleton.png,vessel_overlays/5995321563b7_overlay.png
59bd19c1c5bb.png,False,0,,86.20767784611814,23.83736204320432,0.0,255.0,0.000612742253684577,120.09513055587792,21.69394983407326,3.0,238.0,0.00042358129279331555,20.668852801974694,12.0,0.9034999745736633,1.0,True,True,False,861700,213398,31053,0.24764767320413136,0.03603690379482419,preprocessed_green_images/59bd19c1c5bb_green_preprocessed.png,vessel_masks/59bd19c1c5bb_vessel_mask.png,vessel_skeletons/59bd19c1c5bb_skeleton.png,vessel_overlays/59bd19c1c5bb_overlay.png
5a0fe0ee4301.png,False,0,,85.4172739092311,17.94378209293846,0.0,251.0,0.0005023851666127843,118.27006110027003,21.34708152934825,2.0,239.0,0.0003674854459482404,21.15797071213078,12.0,0.9012966664252733,1.0,True,True,False,859898,217545,32971,0.2529893080342087,0.03834291974164378,preprocessed_green_images/5a0fe0ee4301_green_preprocessed.png,vessel_masks/5a0fe0ee4301_vessel_mask.png,vessel_skeletons/5a0fe0ee4301_skeleton.png,vessel_overlays/5a0fe0ee4301_overlay.png
5a179c123fd8.png,False,0,,42.714428702045886,34.01127406312923,0.0,255.0,0.29401412486215145,121.38342404384667,31.243115629004528,6.0,248.0,0.002378763297770737,12.690851726451974,12.0,0.9360815373958921,1.0,True,True,False,392641,102283,14671,0.26050004966368767,0.037364921136610794,preprocessed_green_images/5a179c123fd8_green_preprocessed.png,vessel_masks/5a179c123fd8_vessel_mask.png,vessel_skeletons/5a179c123fd8_skeleton.png,vessel_overlays/5a179c123fd8_overlay.png
5a27b9b2a9c1.png,False,0,,49.173800318862284,34.375671416645396,0.0,242.0,0.18350626263861086,120.13769655109182,29.33324807098741,4.0,242.0,0.00028269739154352774,9.468806312817884,11.416518052339395,0.9286498065283338,1.0,True,True,False,392646,99767,14175,0.2540889248839922,0.03610122094711267,preprocessed_green_images/5a27b9b2a9c1_green_preprocessed.png,vessel_masks/5a27b9b2a9c1_vessel_mask.png,vessel_skeletons/5a27b9b2a9c1_skeleton.png,vessel_overlays/5a27b9b2a9c1_overlay.png
5a444c32cd9a.png,False,0,,89.15641333074886,13.884258775166558,0.0,226.0,0.0006708784212768278,118.86135101914324,21.16934258148946,2.0,238.0,0.000517667432334715,20.731521137062476,12.0,0.9003407692369053,1.0,True,True,False,861557,221558,31301,0.2571600021820959,0.03633073609755361,preprocessed_green_images/5a444c32cd9a_green_preprocessed.png,vessel_masks/5a444c32cd9a_vessel_mask.png,vessel_skeletons/5a444c32cd9a_skeleton.png,vessel_overlays/5a444c32cd9a_overlay.png
5a93c0f783c4.png,False,1,mean_G,33.27772542267547,21.119874603090384,0.0,245.0,0.5498321523720258,119.2927935041185,30.979400523229987,12.0,248.0,0.001377929692474619,9.555590135058177,12.0,0.9271247657081576,1.0,True,True,False,392618,110040,18780,0.28027242765232363,0.04783275346520027,preprocessed_green_images/5a93c0f783c4_green_preprocessed.png,vessel_masks/5a93c0f783c4_vessel_mask.png,vessel_skeletons/5a93c0f783c4_skeleton.png,vessel_overlays/5a93c0f783c4_overlay.png
5ac7a414560e.png,False,0,,92.4797454985166,19.44991858636257,0.0,254.0,0.0007327119966517845,120.51540724063213,21.150845940243048,3.0,239.0,0.0005333030355376912,20.29534355890465,12.0,0.9024738017365486,1.0,False,True,False,862549,184834,21694,0.21428811580559481,0.025151034897727548,preprocessed_green_images/5ac7a414560e_green_preprocessed.png,vessel_masks/5ac7a414560e_vessel_mask.png,vessel_skeletons/5ac7a414560e_skeleton.png,vessel_overlays/5ac7a414560e_overlay.png
5ad3dabeb2cd.png,False,0,,82.25331631320897,13.298870532942946,0.0,208.0,0.0007160056862688213,119.58903362441615,22.714605150610982,2.0,239.0,0.00047927122922045894,21.270795496520023,12.0,0.9004803145121276,1.0,True,True,False,861725,221482,30670,0.25702167164698714,0.03559140096898662,preprocessed_green_images/5ad3dabeb2cd_green_preprocessed.png,vessel_masks/5ad3dabeb2cd_vessel_mask.png,vessel_skeletons/5ad3dabeb2cd_skeleton.png,vessel_overlays/5ad3dabeb2cd_overlay.png
5b1c4cefeb24.png,False,1,mean_G,123.81855667874524,32.67331330859795,0.0,255.0,1.6888377283646377e-05,118.88714375656959,25.168029264723426,3.0,236.0,1.8239447466338088e-05,18.509738696987014,11.403895478794805,0.8941334744763586,1.0,False,True,False,1480308,304692,41144,0.20583013805235126,0.02779421579833386,preprocessed_green_images/5b1c4cefeb24_green_preprocessed.png,vessel_masks/5b1c4cefeb24_vessel_mask.png,vessel_skeletons/5b1c4cefeb24_skeleton.png,vessel_overlays/5b1c4cefeb24_overlay.png
5b2648ad455e.png,False,0,,74.1884466704604,15.405051985694275,0.0,246.0,3.4508961165239056e-05,119.33145383546804,26.582083009630768,4.0,237.0,1.89460963260136e-05,21.56849117329191,12.0,0.8991595535161326,1.0,True,True,False,1477877,344187,59864,0.2328928591486301,0.04050675394501708,preprocessed_green_images/5b2648ad455e_green_preprocessed.png,vessel_masks/5b2648ad455e_vessel_mask.png,vessel_skeletons/5b2648ad455e_skeleton.png,vessel_overlays/5b2648ad455e_overlay.png
5b32ece9c627.png,False,0,,79.00201050757191,14.814416072617302,0.0,211.0,0.0006245110125204011,118.35684071718937,21.72515333155726,3.0,238.0,0.00044226523377374126,18.795764335238836,12.0,0.901932229569253,1.0,True,True,False,861474,225603,35017,0.261880219252119,0.040647773467336216,preprocessed_green_images/5b32ece9c627_green_preprocessed.png,vessel_masks/5b32ece9c627_vessel_mask.png,vessel_skeletons/5b32ece9c627_skeleton.png,vessel_overlays/5b32ece9c627_overlay.png
5b3d41626ec5.png,False,0,,83.90788899802287,21.641307791028915,0.0,252.0,0.0012783714588821364,122.70635286985716,23.148262893137733,3.0,239.0,0.0005379572202535688,21.34778494696138,12.0,0.9050511239740763,1.0,True,True,False,864381,186114,18812,0.2153147743876832,0.021763551026688463,preprocessed_green_images/5b3d41626ec5_green_preprocessed.png,vessel_masks/5b3d41626ec5_vessel_mask.png,vessel_skeletons/5b3d41626ec5_skeleton.png,vessel_overlays/5b3d41626ec5_overlay.png
5b47043942f4.png,False,0,,78.51707415639522,23.048881025771017,0.0,255.0,0.0009071250155844937,120.23037536059294,33.278778472527335,5.0,228.0,3.8692536209765136e-05,16.788907451811973,11.736267500156323,0.8284667377506812,1.0,True,True,False,232603,53323,6154,0.2292446787014785,0.026457096426099405,preprocessed_green_images/5b47043942f4_green_preprocessed.png,vessel_masks/5b47043942f4_vessel_mask.png,vessel_skeletons/5b47043942f4_skeleton.png,vessel_overlays/5b47043942f4_overlay.png
5b994ff78547.png,False,0,,81.84856193908557,13.560387962123352,0.0,181.0,0.0011665745686744028,120.3082027453311,21.79785516252816,3.0,238.0,0.0008317780936526527,20.4585196625678,12.0,0.9028216136595909,1.0,True,True,False,863211,200266,24840,0.23200121407164645,0.028776278337509602,preprocessed_green_images/5b994ff78547_green_preprocessed.png,vessel_masks/5b994ff78547_vessel_mask.png,vessel_skeletons/5b994ff78547_skeleton.png,vessel_overlays/5b994ff78547_overlay.png
5ba156a35ff2.png,False,0,,85.32577919463009,22.79448479099735,0.0,255.0,0.0007914670107962134,121.77550421206674,23.83115770184815,2.0,239.0,0.0005988225477578389,23.481133969025134,12.0,0.9015824155588155,1.0,True,True,False,861691,186921,20905,0.21692346792527717,0.024260436745886866,preprocessed_green_images/5ba156a35ff2_green_preprocessed.png,vessel_masks/5ba156a35ff2_vessel_mask.png,vessel_skeletons/5ba156a35ff2_skeleton.png,vessel_overlays/5ba156a35ff2_overlay.png
5baed382f062.png,False,0,,67.53359736541897,14.278004005866325,0.0,192.0,4.735358057642222e-05,116.00490324802514,30.98254024892689,24.0,227.0,8.609741922985858e-06,11.58074212839855,10.629310418877733,0.8313829791041486,1.0,True,True,False,232295,64475,9402,0.2775565552422566,0.04047439677995652,preprocessed_green_images/5baed382f062_green_preprocessed.png,vessel_masks/5baed382f062_vessel_mask.png,vessel_skeletons/5baed382f062_skeleton.png,vessel_overlays/5baed382f062_overlay.png
5bea250d8bf5.png,False,0,,92.40526171072607,12.448676887271082,0.0,211.0,0.0011056247068419339,120.47120292430226,21.987474100137774,3.0,238.0,0.0008352838694323073,20.941007087832052,12.0,0.9001122366356893,1.0,False,True,False,865574,197080,22630,0.22768706084055204,0.026144500643503616,preprocessed_green_images/5bea250d8bf5_green_preprocessed.png,vessel_masks/5bea250d8bf5_vessel_mask.png,vessel_skeletons/5bea250d8bf5_skeleton.png,vessel_overlays/5bea250d8bf5_overlay.png
5bf3357a2823.png,False,0,,61.62480825561497,13.416284923080035,0.0,237.0,0.0008160343302800839,120.23424786467633,25.147488806682386,5.0,238.0,1.6916134541461107e-05,22.09257029593947,12.0,0.9039362951237666,1.0,True,True,False,1477879,368393,60046,0.24927142208529926,0.04062984858706294,preprocessed_green_images/5bf3357a2823_green_preprocessed.png,vessel_masks/5bf3357a2823_vessel_mask.png,vessel_skeletons/5bf3357a2823_skeleton.png,vessel_overlays/5bf3357a2823_overlay.png
5bf6f2958e53.png,False,0,,105.86158209692346,11.991648006575756,0.0,222.0,0.0019154833364488785,117.78098178906144,22.14444630444921,1.0,239.0,0.0017354740590476586,20.171062694796444,12.0,0.8987974818130192,1.0,False,True,False,866622,202978,29263,0.23421745582272316,0.0337667402858455,preprocessed_green_images/5bf6f2958e53_green_preprocessed.png,vessel_masks/5bf6f2958e53_vessel_mask.png,vessel_skeletons/5bf6f2958e53_skeleton.png,vessel_overlays/5bf6f2958e53_overlay.png
5c817060c0ed.png,False,0,,73.13814191714921,17.3568478005671,0.0,184.0,0.0016345408194064573,120.61952811921003,20.853211055627867,4.0,236.0,0.00048177161935630667,20.42105201990057,12.0,0.90718307360532,1.0,True,True,False,861404,193975,21545,0.22518469846901107,0.025011492865136452,preprocessed_green_images/5c817060c0ed_green_preprocessed.png,vessel_masks/5c817060c0ed_vessel_mask.png,vessel_skeletons/5c817060c0ed_skeleton.png,vessel_overlays/5c817060c0ed_overlay.png
5c85d22bd0de.png,False,0,,79.27652714853441,16.83580780709971,0.0,172.0,0.0009459904380770426,121.08822172346474,22.923919761909048,3.0,241.0,0.0007013777145056505,19.03535745618305,12.0,0.9015297582119153,1.0,True,True,False,862588,186009,21616,0.21564060710327526,0.02505947219298205,preprocessed_green_images/5c85d22bd0de_green_preprocessed.png,vessel_masks/5c85d22bd0de_vessel_mask.png,vessel_skeletons/5c85d22bd0de_skeleton.png,vessel_overlays/5c85d22bd0de_overlay.png
5ca73d28f17f.png,False,0,,107.86067419681635,21.255160135948405,0.0,255.0,2.772747007800211e-05,118.322096494301,25.087002755504933,3.0,236.0,2.772747007800211e-05,19.592301826769955,11.836920730707982,0.8950784736533043,1.0,False,True,False,1478678,554952,109091,0.37530280426164453,0.0737760350799836,preprocessed_green_images/5ca73d28f17f_green_preprocessed.png,vessel_masks/5ca73d28f17f_vessel_mask.png,vessel_skeletons/5ca73d28f17f_skeleton.png,vessel_overlays/5ca73d28f17f_overlay.png
5ca779ace6e7.png,False,0,,76.43068803793706,14.503623980011838,0.0,253.0,0.0010117011993236783,120.72348224539722,22.124078306604712,3.0,238.0,0.0006756263450237164,20.039999660851652,12.0,0.9038183837266542,1.0,True,True,False,862903,192492,23674,0.22307489949623538,0.0274352968989562,preprocessed_green_images/5ca779ace6e7_green_preprocessed.png,vessel_masks/5ca779ace6e7_vessel_mask.png,vessel_skeletons/5ca779ace6e7_skeleton.png,vessel_overlays/5ca779ace6e7_overlay.png
5cbe88914a72.png,False,0,,82.84317079498024,17.435336645717417,0.0,252.0,0.0009878767945077293,119.56283267011632,21.699195960109034,2.0,238.0,0.0006751842569730435,20.65463099620662,12.0,0.9035548588610178,1.0,True,True,False,863468,189069,24689,0.21896468658942775,0.02859283725627354,preprocessed_green_images/5cbe88914a72_green_preprocessed.png,vessel_masks/5cbe88914a72_vessel_mask.png,vessel_skeletons/5cbe88914a72_skeleton.png,vessel_overlays/5cbe88914a72_overlay.png
5ce5eeaf757a.png,False,0,,91.23727101757498,20.551599216866357,0.0,255.0,2.704051074116688e-05,118.80735799337778,25.61647869827208,2.0,236.0,2.298443412999185e-05,20.128639193283345,12.0,0.8967758268218932,1.0,False,True,False,1479262,327364,49921,0.22130224395678386,0.03374723341774479,preprocessed_green_images/5ce5eeaf757a_green_preprocessed.png,vessel_masks/5ce5eeaf757a_vessel_mask.png,vessel_skeletons/5ce5eeaf757a_skeleton.png,vessel_overlays/5ce5eeaf757a_overlay.png
5d4e5fd34d91.png,False,0,,99.31888472653468,20.393514544567623,0.0,255.0,2.299477139477491e-05,119.08722254948441,24.715996153370273,3.0,237.0,1.758423694894552e-05,19.602158790180763,11.840863516072305,0.8967365660875449,1.0,False,True,False,1478597,316454,42229,0.21402315844006176,0.02856018238911617,preprocessed_green_images/5d4e5fd34d91_green_preprocessed.png,vessel_masks/5d4e5fd34d91_vessel_mask.png,vessel_skeletons/5d4e5fd34d91_skeleton.png,vessel_overlays/5d4e5fd34d91_overlay.png
5d5b5da5f939.png,False,0,,84.5688497299931,17.450476554497975,0.0,212.0,0.0012493982123280918,123.12998845727742,22.88551579778121,2.0,240.0,0.0007691281474220286,23.20790373096423,12.0,0.9036676395513872,1.0,True,True,False,862015,177189,17764,0.20555210756193337,0.020607530031379964,preprocessed_green_images/5d5b5da5f939_green_preprocessed.png,vessel_masks/5d5b5da5f939_vessel_mask.png,vessel_skeletons/5d5b5da5f939_skeleton.png,vessel_overlays/5d5b5da5f939_overlay.png
5d6239c0fd39.png,False,0,,81.45060440018142,11.843758173697136,0.0,180.0,0.0008723540137540378,118.5182164641201,21.520672971060346,2.0,238.0,0.0006016234577614054,19.08735699484975,12.0,0.9013679350908883,1.0,True,True,False,864328,223781,31538,0.2589074980794328,0.03648846271322924,preprocessed_green_images/5d6239c0fd39_green_preprocessed.png,vessel_masks/5d6239c0fd39_vessel_mask.png,vessel_skeletons/5d6239c0fd39_skeleton.png,vessel_overlays/5d6239c0fd39_overlay.png
5d9c841eb245.png,False,0,,89.80690938912052,24.157845864844326,0.0,255.0,2.165231524147068e-05,119.25945901690369,24.656942999687846,4.0,237.0,1.3532697025919174e-05,20.217035615338865,12.0,0.8996846983481489,1.0,True,True,False,1477902,354502,50408,0.23986840805411996,0.03410780958412669,preprocessed_green_images/5d9c841eb245_green_preprocessed.png,vessel_masks/5d9c841eb245_vessel_mask.png,vessel_skeletons/5d9c841eb245_skeleton.png,vessel_overlays/5d9c841eb245_overlay.png
5db2e3a4594a.png,False,0,,74.66845534152243,15.744890734658766,0.0,210.0,0.0005948022893486159,121.88779421470385,22.154059095209238,3.0,240.0,0.0003177710860903564,19.227029138712076,12.0,0.9037821297374896,1.0,True,True,False,859109,187449,20604,0.2181900084855356,0.023982987024929316,preprocessed_green_images/5db2e3a4594a_green_preprocessed.png,vessel_masks/5db2e3a4594a_vessel_mask.png,vessel_skeletons/5db2e3a4594a_skeleton.png,vessel_overlays/5db2e3a4594a_overlay.png
5db895d3f1fc.png,False,0,,80.96213675774959,27.685429506327537,0.0,255.0,0.0004014680325155256,120.76961015626111,26.526367781567807,2.0,238.0,2.3018403213369088e-05,20.71197317836853,12.0,0.8994139066888089,1.0,True,True,False,1477079,360697,50926,0.2441961465838997,0.03447750594247159,preprocessed_green_images/5db895d3f1fc_green_preprocessed.png,vessel_masks/5db895d3f1fc_vessel_mask.png,vessel_skeletons/5db895d3f1fc_skeleton.png,vessel_overlays/5db895d3f1fc_overlay.png
5de4615a5161.png,False,0,,75.44026056249183,14.538144038235467,0.0,236.0,0.0010567410938022656,121.41315104453012,22.81151471476723,3.0,239.0,0.0006933054930860428,20.08429517627789,12.0,0.9037952276755045,1.0,True,True,False,863977,183314,21313,0.21217462964870593,0.02466848075816833,preprocessed_green_images/5de4615a5161_green_preprocessed.png,vessel_masks/5de4615a5161_vessel_mask.png,vessel_skeletons/5de4615a5161_skeleton.png,vessel_overlays/5de4615a5161_overlay.png
5e505e25cd3e.png,False,0,,106.80338139845355,24.103221991464142,0.0,255.0,2.2994429261358064e-05,118.78488238011279,23.552945312397984,3.0,237.0,2.5023349490301422e-05,19.1523441191103,11.66093764764412,0.8988656647703033,1.0,False,True,False,1478619,334817,45754,0.2264389947647095,0.030943738718358142,preprocessed_green_images/5e505e25cd3e_green_preprocessed.png,vessel_masks/5e505e25cd3e_vessel_mask.png,vessel_skeletons/5e505e25cd3e_skeleton.png,vessel_overlays/5e505e25cd3e_overlay.png
5e5275ddee29.png,False,0,,77.1201686260154,14.417089008070361,0.0,192.0,0.0012268133436513858,122.88788733242819,21.60790159466314,4.0,239.0,0.0006997122375499877,21.412234687240623,12.0,0.905085525391331,1.0,True,True,False,863212,186219,21568,0.21572800192768404,0.024985750893175722,preprocessed_green_images/5e5275ddee29_green_preprocessed.png,vessel_masks/5e5275ddee29_vessel_mask.png,vessel_skeletons/5e5275ddee29_skeleton.png,vessel_overlays/5e5275ddee29_overlay.png
5e97cb2b0888.png,False,0,,41.73624202426964,18.53137523087024,0.0,239.0,0.1306848561695107,120.00584080620439,27.007670784557522,5.0,245.0,0.0007205528142297723,8.036657145869015,11.504774678412527,0.9164361826242513,1.0,True,True,False,392754,103347,16579,0.26313417559082786,0.04221217352337595,preprocessed_green_images/5e97cb2b0888_green_preprocessed.png,vessel_masks/5e97cb2b0888_vessel_mask.png,vessel_skeletons/5e97cb2b0888_skeleton.png,vessel_overlays/5e97cb2b0888_overlay.png
5ea9e447bb62.png,False,0,,84.78449820217085,16.21050281553927,0.0,236.0,0.0008394893956488013,118.64397533014312,21.732768080682167,3.0,240.0,0.0006400526883952187,20.347033874879262,12.0,0.9019678741922627,1.0,True,True,False,862429,212578,32786,0.24648753694507025,0.038015883046604415,preprocessed_green_images/5ea9e447bb62_green_preprocessed.png,vessel_masks/5ea9e447bb62_vessel_mask.png,vessel_skeletons/5ea9e447bb62_skeleton.png,vessel_overlays/5ea9e447bb62_overlay.png
5ead17e894ae.png,False,0,,41.51314643648308,14.896413871982105,0.0,186.0,0.12003921269065261,120.76490718814453,26.29029914767473,4.0,242.0,9.421230871081914e-05,7.736656140897002,11.404604995338081,0.9088560527804389,1.0,True,True,False,392730,106069,15574,0.2700812262877804,0.039655743131413436,preprocessed_green_images/5ead17e894ae_green_preprocessed.png,vessel_masks/5ead17e894ae_vessel_mask.png,vessel_skeletons/5ead17e894ae_skeleton.png,vessel_overlays/5ead17e894ae_overlay.png
5eb8fb1aad41.png,False,0,,87.5244987363883,16.91416257386394,0.0,199.0,0.0005435388560597614,122.1422863938752,21.77825613788597,2.0,239.0,0.0003356468576950236,22.300232752254804,12.0,0.9013173783784524,1.0,True,True,False,861024,188033,22222,0.21838299513137846,0.025808804400341917,preprocessed_green_images/5eb8fb1aad41_green_preprocessed.png,vessel_masks/5eb8fb1aad41_vessel_mask.png,vessel_skeletons/5eb8fb1aad41_skeleton.png,vessel_overlays/5eb8fb1aad41_overlay.png
5f4a8c074bd5.png,False,0,,74.76105949356811,15.673078649582813,0.0,180.0,0.0009383953323821786,122.33982902413845,22.76737055012778,4.0,240.0,0.0005614132767280277,21.476662462353467,12.0,0.9038522704621521,1.0,True,True,False,862110,179031,18697,0.2076660750948255,0.02168748767558664,preprocessed_green_images/5f4a8c074bd5_green_preprocessed.png,vessel_masks/5f4a8c074bd5_vessel_mask.png,vessel_skeletons/5f4a8c074bd5_skeleton.png,vessel_overlays/5f4a8c074bd5_overlay.png
5f51192841f7.png,False,0,,97.44513165074403,8.633441182753876,0.0,170.0,0.0011768568442664645,117.42156098846726,20.281544912070967,3.0,237.0,0.0008762843693064637,19.621576193317573,11.84863047732703,0.8997639151571608,1.0,False,True,False,865016,209388,32190,0.24206257456509475,0.03721318449600932,preprocessed_green_images/5f51192841f7_green_preprocessed.png,vessel_masks/5f51192841f7_vessel_mask.png,vessel_skeletons/5f51192841f7_skeleton.png,vessel_overlays/5f51192841f7_overlay.png
5f6db235c04d.png,False,0,,90.08453758061418,13.244812349713952,0.0,235.0,0.0014034446293078114,118.1784110183709,21.490052648480596,2.0,238.0,0.0010760127825690557,19.349130615524256,11.739652246209703,0.902078946389258,1.0,False,True,False,864302,213044,32752,0.2464925454297225,0.03789416199430292,preprocessed_green_images/5f6db235c04d_green_preprocessed.png,vessel_masks/5f6db235c04d_vessel_mask.png,vessel_skeletons/5f6db235c04d_skeleton.png,vessel_overlays/5f6db235c04d_overlay.png
5fcff7280019.png,False,0,,44.93274422796392,28.121026536658064,0.0,255.0,0.08994676666692125,120.79302136716234,28.06301440331354,4.0,242.0,0.0008579451577015217,10.70375680447524,12.0,0.9178245462222689,1.0,True,True,False,392799,102230,15957,0.2602603367116515,0.04062383050873347,preprocessed_green_images/5fcff7280019_green_preprocessed.png,vessel_masks/5fcff7280019_vessel_mask.png,vessel_skeletons/5fcff7280019_skeleton.png,vessel_overlays/5fcff7280019_overlay.png
606daaf0bfc7.png,False,0,,45.28353647666441,21.965636828284868,0.0,254.0,0.16162246410398765,120.38223204690038,31.63042159034076,5.0,246.0,0.0015687792554410663,9.71585201884486,11.861137565167773,0.9188128165537406,1.0,True,True,False,392662,91969,9830,0.23421925218126532,0.02503425337822351,preprocessed_green_images/606daaf0bfc7_green_preprocessed.png,vessel_masks/606daaf0bfc7_vessel_mask.png,vessel_skeletons/606daaf0bfc7_skeleton.png,vessel_overlays/606daaf0bfc7_overlay.png
609be3ca5ddf.png,False,0,,42.26839346315706,17.709554860021363,0.0,255.0,0.15067377141416893,119.42850741746841,26.311330776613385,5.0,244.0,0.0003386041869807963,7.342598422508682,11.179848838945066,0.909997832864109,1.0,True,True,False,392789,106399,17721,0.2708808036884943,0.045115825545012714,preprocessed_green_images/609be3ca5ddf_green_preprocessed.png,vessel_masks/609be3ca5ddf_vessel_mask.png,vessel_skeletons/609be3ca5ddf_skeleton.png,vessel_overlays/609be3ca5ddf_overlay.png
60edda7b4871.png,False,0,,54.68983184605935,10.729502961489858,0.0,246.0,0.004429278664206031,119.75711308389798,24.409988922925255,6.0,238.0,9.491795698589384e-06,23.776316974713883,12.0,0.9050564643478902,1.0,True,True,False,1474958,388146,68340,0.2631573238017625,0.046333522717257034,preprocessed_green_images/60edda7b4871_green_preprocessed.png,vessel_masks/60edda7b4871_vessel_mask.png,vessel_skeletons/60edda7b4871_skeleton.png,vessel_overlays/60edda7b4871_overlay.png
6107a2e9f60e.png,False,1,mean_S,84.37998712532796,30.17485650167163,0.0,222.0,0.03424557449603821,125.8860262416884,24.680396076635162,5.0,245.0,0.009407857235947453,21.793975872314473,12.0,0.9482319974108182,1.0,True,True,False,1519262,332039,34412,0.2185528236735994,0.02265047108398683,preprocessed_green_images/6107a2e9f60e_green_preprocessed.png,vessel_masks/6107a2e9f60e_vessel_mask.png,vessel_skeletons/6107a2e9f60e_skeleton.png,vessel_overlays/6107a2e9f60e_overlay.png
6110ecb3bb1c.png,False,0,,82.0895685024442,17.757325669285148,0.0,196.0,0.0007574208657831639,121.72126563632646,21.199249895337633,2.0,239.0,0.00040194420178063604,21.626864578422776,12.0,0.9035585590380738,1.0,True,True,False,860816,182100,20564,0.21154346573483765,0.023888961171725433,preprocessed_green_images/6110ecb3bb1c_green_preprocessed.png,vessel_masks/6110ecb3bb1c_vessel_mask.png,vessel_skeletons/6110ecb3bb1c_skeleton.png,vessel_overlays/6110ecb3bb1c_overlay.png
6155cf375354.png,False,0,,88.77277427660503,18.478997295576907,0.0,255.0,0.0008156493126237417,120.159168967216,23.530212859289556,2.0,239.0,0.0006843553349506892,18.5627564099343,11.534189294942161,0.8992986415384944,1.0,True,True,False,860664,200128,25225,0.2325274439270145,0.029308766254891573,preprocessed_green_images/6155cf375354_green_preprocessed.png,vessel_masks/6155cf375354_vessel_mask.png,vessel_skeletons/6155cf375354_skeleton.png,vessel_overlays/6155cf375354_overlay.png
6180920bc224.png,False,0,,91.84409798527408,14.679549048699844,0.0,194.0,0.0029585594144681164,117.57613736201652,23.038929693500688,2.0,239.0,0.0028225071888612428,21.155523328489778,12.0,0.9005676869837986,1.0,False,True,False,867314,205343,37846,0.23675739121010383,0.04363586890099779,preprocessed_green_images/6180920bc224_green_preprocessed.png,vessel_masks/6180920bc224_vessel_mask.png,vessel_skeletons/6180920bc224_skeleton.png,vessel_overlays/6180920bc224_overlay.png
61a62b1dcc36.png,False,0,,38.35021233338717,12.98175079575566,0.0,244.0,0.21993165158595193,123.858662238587,28.391963814939448,4.0,241.0,0.0008367116215376221,26.128104685180773,12.0,0.9173606062076212,1.0,True,True,False,1473626,398916,61014,0.2707036927958654,0.04140399260056486,preprocessed_green_images/61a62b1dcc36_green_preprocessed.png,vessel_masks/61a62b1dcc36_vessel_mask.png,vessel_skeletons/61a62b1dcc36_skeleton.png,vessel_overlays/61a62b1dcc36_overlay.png
61c667663f2f.png,False,0,,98.94202581669177,9.169730169357038,0.0,193.0,0.001292222831506637,117.15226248898082,20.815082067290355,1.0,237.0,0.0011522416653362672,23.180210722545247,12.0,0.8991574553185147,1.0,False,True,False,864402,374621,75441,0.43338747480917444,0.08727536493437081,preprocessed_green_images/61c667663f2f_green_preprocessed.png,vessel_masks/61c667663f2f_vessel_mask.png,vessel_skeletons/61c667663f2f_skeleton.png,vessel_overlays/61c667663f2f_overlay.png
61d9c88a3a4b.png,False,0,,76.17581437009486,17.88761977952229,0.0,255.0,2.0295406405365566e-05,120.5024411991338,25.22092217757266,6.0,239.0,1.2853757390064857e-05,20.558620250879372,12.0,0.8999925947745188,1.0,True,True,False,1478167,339650,47264,0.22977782618608047,0.031974736278106604,preprocessed_green_images/61d9c88a3a4b_green_preprocessed.png,vessel_masks/61d9c88a3a4b_vessel_mask.png,vessel_skeletons/61d9c88a3a4b_skeleton.png,vessel_overlays/61d9c88a3a4b_overlay.png
61da799bf0aa.png,False,0,,42.90630004665642,17.456578507588617,5.0,255.0,0.09554456025679503,124.57926615749133,17.214355361588943,25.0,240.0,0.00013685088437649526,8.709835611045369,11.670040906937576,0.9703109906350743,1.0,True,True,False,5034677,1357492,231678,0.2696284190624344,0.046016457460925496,preprocessed_green_images/61da799bf0aa_green_preprocessed.png,vessel_masks/61da799bf0aa_vessel_mask.png,vessel_skeletons/61da799bf0aa_skeleton.png,vessel_overlays/61da799bf0aa_overlay.png
628b581aa905.png,False,0,,80.75541903655864,19.055611219560554,0.0,255.0,2.16315312014558e-05,120.13716215942168,25.067992296505455,5.0,238.0,1.4871677701000865e-05,20.4473781513646,12.0,0.8992812574236738,1.0,True,True,False,1479322,358836,48374,0.24256787906892482,0.032700115323100715,preprocessed_green_images/628b581aa905_green_preprocessed.png,vessel_masks/628b581aa905_vessel_mask.png,vessel_skeletons/628b581aa905_skeleton.png,vessel_overlays/628b581aa905_overlay.png
6294b378d09f.png,False,0,,77.65352835271926,16.25256772842861,0.0,230.0,3.867158798430793e-05,118.17388035010677,35.0453352096415,14.0,226.0,1.718737243747019e-05,13.350233379085687,10.43755749805923,0.8266569262518781,1.0,True,True,False,232729,55930,7172,0.24032243510692694,0.03081695878038405,preprocessed_green_images/6294b378d09f_green_preprocessed.png,vessel_masks/6294b378d09f_vessel_mask.png,vessel_skeletons/6294b378d09f_skeleton.png,vessel_overlays/6294b378d09f_overlay.png
62b4be2799ca.png,False,0,,83.47157694230704,15.043788201339638,0.0,254.0,0.0007679556024217282,120.72918428498345,22.090330986375882,3.0,238.0,0.0005475453842040117,19.773341316033804,12.0,0.9013761653156108,1.0,True,True,False,862029,192563,23550,0.22338343605609556,0.02731926652119592,preprocessed_green_images/62b4be2799ca_green_preprocessed.png,vessel_masks/62b4be2799ca_vessel_mask.png,vessel_skeletons/62b4be2799ca_skeleton.png,vessel_overlays/62b4be2799ca_overlay.png
62b826899151.png,False,0,,97.31160034065826,12.128219276543435,0.0,226.0,0.0005909377951068034,118.4311829763567,21.3428684883258,2.0,238.0,0.0004982416703841675,20.859308894685963,12.0,0.8983103291020204,1.0,False,True,False,863035,201385,28188,0.23334511346585016,0.03266147954602073,preprocessed_green_images/62b826899151_green_preprocessed.png,vessel_masks/62b826899151_vessel_mask.png,vessel_skeletons/62b826899151_skeleton.png,vessel_overlays/62b826899151_overlay.png
6324d77cf926.png,False,0,,75.90240379655421,15.552856905736364,0.0,202.0,0.001080358001894104,121.46552069894062,22.095121457022838,4.0,238.0,0.0006549380590881639,21.167236904052896,12.0,0.9045011481662254,1.0,True,True,False,862677,185268,21116,0.21475940589583356,0.024477295673815343,preprocessed_green_images/6324d77cf926_green_preprocessed.png,vessel_masks/6324d77cf926_vessel_mask.png,vessel_skeletons/6324d77cf926_skeleton.png,vessel_overlays/6324d77cf926_overlay.png
639915f58a2f.png,False,0,,89.42936409627117,17.690761136195192,0.0,212.0,0.0010117965756358458,121.72622104397958,21.73252617859414,1.0,238.0,0.0007721605445641981,21.448128002368808,12.0,0.9022000558985739,1.0,True,True,False,863810,184647,20634,0.2137588127018673,0.023887197416098446,preprocessed_green_images/639915f58a2f_green_preprocessed.png,vessel_masks/639915f58a2f_vessel_mask.png,vessel_skeletons/639915f58a2f_skeleton.png,vessel_overlays/639915f58a2f_overlay.png
63b71347e95d.png,False,0,,82.59278697348944,15.991662801941555,0.0,250.0,0.0008932756068473636,120.6907155021601,20.919571888330303,4.0,238.0,0.0006090515501232024,18.546257388721887,12.0,0.9041057815665401,1.0,True,True,False,861996,193376,23919,0.2243351477269036,0.0277483886236131,preprocessed_green_images/63b71347e95d_green_preprocessed.png,vessel_masks/63b71347e95d_vessel_mask.png,vessel_skeletons/63b71347e95d_skeleton.png,vessel_overlays/63b71347e95d_overlay.png
63c0eafd6aa9.png,False,0,,79.72629594088414,21.013506662751915,0.0,251.0,0.0011114356178608515,120.86067882176235,24.382695866089705,2.0,241.0,0.0008216974484497849,22.66048114203997,12.0,0.9027848862184286,1.0,True,True,False,862848,195684,23720,0.22678849577214064,0.027490357513722,preprocessed_green_images/63c0eafd6aa9_green_preprocessed.png,vessel_masks/63c0eafd6aa9_vessel_mask.png,vessel_skeletons/63c0eafd6aa9_skeleton.png,vessel_overlays/63c0eafd6aa9_overlay.png
64ac539f58cb.png,False,0,,70.54997794178936,17.707003087842576,0.0,252.0,0.0035476108348846368,116.90241935538522,21.877058066686214,7.0,237.0,1.4908775237337536e-05,22.76914902506592,12.0,0.9038594325701682,1.0,True,True,False,1475641,367603,77712,0.2491141137986814,0.05266321551108976,preprocessed_green_images/64ac539f58cb_green_preprocessed.png,vessel_masks/64ac539f58cb_vessel_mask.png,vessel_skeletons/64ac539f58cb_skeleton.png,vessel_overlays/64ac539f58cb_overlay.png
64b9206afb3f.png,False,0,,98.1555627096033,13.588779520232276,0.0,240.0,0.0009160011858220155,118.24879449148617,21.02033119792423,2.0,237.0,0.0007724055511293101,19.60105389127472,11.840421556509888,0.89940015062632,1.0,False,True,False,863536,205741,30540,0.23825410868799912,0.03536621518963888,preprocessed_green_images/64b9206afb3f_green_preprocessed.png,vessel_masks/64b9206afb3f_vessel_mask.png,vessel_skeletons/64b9206afb3f_skeleton.png,vessel_overlays/64b9206afb3f_overlay.png
650104ede84c.png,False,0,,90.87974727656697,19.242369934890245,0.0,236.0,0.0006725816681419322,121.74763899440329,22.20129525400705,3.0,239.0,0.0004971760862948997,21.737833255908857,12.0,0.9012351334633749,1.0,False,True,False,860862,189465,21519,0.22008754016323173,0.02499703785275689,preprocessed_green_images/650104ede84c_green_preprocessed.png,vessel_masks/650104ede84c_vessel_mask.png,vessel_skeletons/650104ede84c_skeleton.png,vessel_overlays/650104ede84c_overlay.png
6504b703c429.png,False,0,,80.34001000107901,11.189864981872006,0.0,173.0,0.000723976020614753,119.87807849338733,20.827631158763793,2.0,238.0,0.000540661579497556,18.41002587280658,12.0,0.9017252010844468,1.0,True,True,False,861907,201645,26008,0.2339521549308684,0.03017494926946875,preprocessed_green_images/6504b703c429_green_preprocessed.png,vessel_masks/6504b703c429_vessel_mask.png,vessel_skeletons/6504b703c429_skeleton.png,vessel_overlays/6504b703c429_overlay.png
658ad9f09f5d.png,False,0,,61.94004854995739,17.731738762680695,0.0,208.0,0.006903735075622584,120.1026478664704,32.452836195058914,34.0,228.0,0.0,14.835519399269074,12.0,0.8357084702148154,1.0,True,True,False,232338,56477,7041,0.24308120066454905,0.030304986700410607,preprocessed_green_images/658ad9f09f5d_green_preprocessed.png,vessel_masks/658ad9f09f5d_vessel_mask.png,vessel_skeletons/658ad9f09f5d_skeleton.png,vessel_overlays/658ad9f09f5d_overlay.png
65a3b13ad9a0.png,False,0,,45.135451218109104,14.780998947369369,1.0,154.0,0.11876646682758754,121.97455937314102,18.589055821030147,11.0,246.0,1.0380751549110904e-05,11.212411435135111,12.0,0.942210593470981,1.0,True,True,False,3467957,940627,163358,0.2712337552051539,0.0471049669877683,preprocessed_green_images/65a3b13ad9a0_green_preprocessed.png,vessel_masks/65a3b13ad9a0_vessel_mask.png,vessel_skeletons/65a3b13ad9a0_skeleton.png,vessel_overlays/65a3b13ad9a0_overlay.png
65a7fe9482fe.png,False,0,,78.71078598914194,15.65377103402005,0.0,241.0,0.0004731512805310455,120.60098582871227,22.354912684183034,2.0,240.0,0.00033829735291040353,21.265881276642517,12.0,0.9020789375437832,1.0,True,True,False,860190,205279,24991,0.2386437880003255,0.02905288366523675,preprocessed_green_images/65a7fe9482fe_green_preprocessed.png,vessel_masks/65a7fe9482fe_vessel_mask.png,vessel_skeletons/65a7fe9482fe_skeleton.png,vessel_overlays/65a7fe9482fe_overlay.png
65cf00be6fb4.png,False,0,,81.5583307897667,17.269639294762367,0.0,255.0,3.869087282310103e-05,116.80975267934295,29.790413037592593,13.0,227.0,2.149492934616724e-05,14.11845617067314,10.397753064734438,0.8331054847134791,1.0,True,True,False,232613,56937,8352,0.24477135843654482,0.035905129979837754,preprocessed_green_images/65cf00be6fb4_green_preprocessed.png,vessel_masks/65cf00be6fb4_vessel_mask.png,vessel_skeletons/65cf00be6fb4_skeleton.png,vessel_overlays/65cf00be6fb4_overlay.png
65e6f1bd9875.png,False,1,mean_S,57.87901678186298,16.053779980842734,14.0,254.0,0.003219983904467377,124.15423876443866,17.46215394791154,17.0,244.0,1.0967247631019675e-06,9.511861961411128,10.659943292843298,0.9442726428690152,1.0,True,True,False,4559029,1167157,169857,0.25600999686556064,0.03725727561724218,preprocessed_green_images/65e6f1bd9875_green_preprocessed.png,vessel_masks/65e6f1bd9875_vessel_mask.png,vessel_skeletons/65e6f1bd9875_skeleton.png,vessel_overlays/65e6f1bd9875_overlay.png
65f5d2a6eb7e.png,False,0,,83.6361774190747,13.26089688213181,0.0,227.0,0.0011405677364072695,119.08313522964781,20.978202719602226,2.0,238.0,0.0008059240046085884,18.845031065400395,12.0,0.9023233961545252,1.0,True,True,False,863605,221960,33309,0.25701564951569295,0.0385697164791774,preprocessed_green_images/65f5d2a6eb7e_green_preprocessed.png,vessel_masks/65f5d2a6eb7e_vessel_mask.png,vessel_skeletons/65f5d2a6eb7e_skeleton.png,vessel_overlays/65f5d2a6eb7e_overlay.png
65f69234c8a7.png,False,0,,84.63434820444392,19.14743184914652,0.0,251.0,0.0008354121946974532,120.53339560248303,21.33249676791899,3.0,237.0,0.0005627429367059233,20.10792427669931,12.0,0.9035164754292475,1.0,True,True,False,861850,199910,24303,0.23195451644717757,0.028198642455183616,preprocessed_green_images/65f69234c8a7_green_preprocessed.png,vessel_masks/65f69234c8a7_vessel_mask.png,vessel_skeletons/65f69234c8a7_skeleton.png,vessel_overlays/65f69234c8a7_overlay.png
66366a90d1ef.png,False,1,mean_S,65.56486603179276,14.848403162158025,10.0,231.0,0.0010495068894837043,123.0101355947129,15.811491350115165,13.0,244.0,5.476450059923317e-06,6.750753265588032,8.8723132145203,0.9422667719402147,1.0,True,True,False,4565001,1199142,186425,0.26268165111026265,0.04083788809684817,preprocessed_green_images/66366a90d1ef_green_preprocessed.png,vessel_masks/66366a90d1ef_vessel_mask.png,vessel_skeletons/66366a90d1ef_skeleton.png,vessel_overlays/66366a90d1ef_overlay.png
66393d8c60ba.png,False,0,,77.7313236368034,21.062394027581018,0.0,216.0,0.0015802987101785656,122.93086571065766,21.395335183065765,4.0,237.0,0.00031512947053597594,22.091637717580223,12.0,0.905484001239828,1.0,True,True,False,859964,184671,21013,0.2147427101599602,0.024434743779972186,preprocessed_green_images/66393d8c60ba_green_preprocessed.png,vessel_masks/66393d8c60ba_vessel_mask.png,vessel_skeletons/66393d8c60ba_skeleton.png,vessel_overlays/66393d8c60ba_overlay.png
6653ad026901.png,False,0,,70.07068066480294,17.277772845083234,0.0,230.0,0.00110474879175369,121.3968664672692,23.821455530503155,3.0,240.0,0.0004232932212614138,20.39508888116566,12.0,0.9039097235329974,1.0,True,True,False,859924,193328,21442,0.2248198678022709,0.024934761676613282,preprocessed_green_images/6653ad026901_green_preprocessed.png,vessel_masks/6653ad026901_vessel_mask.png,vessel_skeletons/6653ad026901_skeleton.png,vessel_overlays/6653ad026901_overlay.png
668a319c2d23.png,False,0,,81.512707704783,15.620253742716963,0.0,220.0,0.0009723772823855656,123.14182302733461,23.187822359604088,2.0,238.0,0.0006552219680590908,21.997704937058927,12.0,0.9027705455268926,1.0,True,True,False,860777,182341,18490,0.21183302992528844,0.021480592534419484,preprocessed_green_images/668a319c2d23_green_preprocessed.png,vessel_masks/668a319c2d23_vessel_mask.png,vessel_skeletons/668a319c2d23_skeleton.png,vessel_overlays/668a319c2d23_overlay.png
66b88a4bc474.png,False,0,,81.83621714293459,23.97346473987675,0.0,255.0,2.6427956712362184e-05,119.76557860284203,23.705432946176774,6.0,237.0,1.5585718061136675e-05,20.928228491506562,12.0,0.90207010911432,1.0,True,True,False,1475710,353539,59521,0.239572138157226,0.040333805422474604,preprocessed_green_images/66b88a4bc474_green_preprocessed.png,vessel_masks/66b88a4bc474_vessel_mask.png,vessel_skeletons/66b88a4bc474_skeleton.png,vessel_overlays/66b88a4bc474_overlay.png
66bfec8d6bcd.png,False,0,,95.32826779750518,16.834728481088796,0.0,252.0,0.0008221893861140319,120.46038899980083,21.777223063131803,2.0,237.0,0.0006264851519544948,19.272578522036614,11.709031408814646,0.9008496073102569,1.0,False,True,False,863548,186904,20689,0.2164373028482493,0.023958135506074937,preprocessed_green_images/66bfec8d6bcd_green_preprocessed.png,vessel_masks/66bfec8d6bcd_vessel_mask.png,vessel_skeletons/66bfec8d6bcd_skeleton.png,vessel_overlays/66bfec8d6bcd_overlay.png
675de69373f8.png,False,0,,93.40722718741813,18.212061789985924,0.0,255.0,6.442109060611656e-05,119.27847090099337,32.936212418736886,6.0,227.0,5.1536872484893255e-05,21.30372525911162,12.0,0.8280411333841833,1.0,False,True,False,232843,56778,7272,0.24384671216227244,0.031231344725845312,preprocessed_green_images/675de69373f8_green_preprocessed.png,vessel_masks/675de69373f8_vessel_mask.png,vessel_skeletons/675de69373f8_skeleton.png,vessel_overlays/675de69373f8_overlay.png
67d8f94f04e0.png,False,0,,90.14699929878941,20.232878186802854,0.0,255.0,3.3809575006880246e-05,120.19089562240384,23.338419143558344,3.0,236.0,2.0961936504265753e-05,19.7844571705109,11.913782868204361,0.9008604607459519,1.0,False,True,False,1478871,354080,49638,0.23942588636872317,0.03356479368383043,preprocessed_green_images/67d8f94f04e0_green_preprocessed.png,vessel_masks/67d8f94f04e0_vessel_mask.png,vessel_skeletons/67d8f94f04e0_skeleton.png,vessel_overlays/67d8f94f04e0_overlay.png
67ed8cc78b97.png,False,0,,78.07866342251874,17.23653027342711,0.0,255.0,3.8689043262947934e-05,118.2411917944838,30.115415415238434,10.0,232.0,3.439026067817594e-05,13.336181572792151,10.394146991559639,0.8366299161322481,1.0,True,True,False,232624,53503,6207,0.2299977646330559,0.026682543503679757,preprocessed_green_images/67ed8cc78b97_green_preprocessed.png,vessel_masks/67ed8cc78b97_vessel_mask.png,vessel_skeletons/67ed8cc78b97_skeleton.png,vessel_overlays/67ed8cc78b97_overlay.png
682312e82ee3.png,False,1,mean_S,76.08511999432588,39.362476471514114,4.0,255.0,0.0917426586567513,126.32877231968973,22.26743664166969,9.0,242.0,0.003325378007478763,9.78863928606405,9.152333937152209,0.9653094832339753,1.0,True,True,False,5019279,1298618,177957,0.25872600427272524,0.035454693791678045,preprocessed_green_images/682312e82ee3_green_preprocessed.png,vessel_masks/682312e82ee3_vessel_mask.png,vessel_skeletons/682312e82ee3_skeleton.png,vessel_overlays/682312e82ee3_overlay.png
683023cda6a5.png,False,0,,122.17639645586766,37.05758407241775,0.0,255.0,4.715222022658785e-05,117.41940613921908,38.52819654007883,1.0,224.0,5.14387857017322e-05,14.26292232801994,9.705168931207975,0.8203323416085165,1.0,False,True,False,233287,63863,7474,0.27375293093914366,0.03203779036122887,preprocessed_green_images/683023cda6a5_green_preprocessed.png,vessel_masks/683023cda6a5_vessel_mask.png,vessel_skeletons/683023cda6a5_skeleton.png,vessel_overlays/683023cda6a5_overlay.png
684dd88a0d49.png,False,0,,37.49414544954493,16.939427375038637,0.0,206.0,0.2814538842739492,118.47811482966034,27.0151880295799,4.0,244.0,9.676942900943756e-05,7.886683544997517,11.821860489150568,0.9186779954310108,1.0,True,True,False,392686,109670,19366,0.27928166524907944,0.049316756899914944,preprocessed_green_images/684dd88a0d49_green_preprocessed.png,vessel_masks/684dd88a0d49_vessel_mask.png,vessel_skeletons/684dd88a0d49_skeleton.png,vessel_overlays/684dd88a0d49_overlay.png
6852f4531591.png,False,0,,79.24176623231804,18.358304200960948,0.0,254.0,0.0009687468782886866,122.5627617881627,22.412488621913862,2.0,238.0,0.0005331592531588815,21.98332828517635,12.0,0.9042256499741765,1.0,True,True,False,860906,186363,20050,0.216473110885509,0.023289418356940247,preprocessed_green_images/6852f4531591_green_preprocessed.png,vessel_masks/6852f4531591_vessel_mask.png,vessel_skeletons/6852f4531591_skeleton.png,vessel_overlays/6852f4531591_overlay.png
68987fb159ab.png,False,0,,90.8219439185238,15.93346722224274,0.0,188.0,0.001120934729869784,121.53732029436117,21.866049239156723,2.0,238.0,0.0009020745398435555,23.530385676634022,12.0,0.900688842120487,1.0,False,True,False,863565,185995,20572,0.2153804288038538,0.02382217899057975,preprocessed_green_images/68987fb159ab_green_preprocessed.png,vessel_masks/68987fb159ab_vessel_mask.png,vessel_skeletons/68987fb159ab_skeleton.png,vessel_overlays/68987fb159ab_overlay.png
68ddb15a74de.png,False,0,,85.65214687771173,17.241387439351232,0.0,255.0,0.0008549923665539051,122.60589724314266,22.6106324019412,2.0,239.0,0.0006171722374581785,20.803398747959612,12.0,0.9026378798194391,1.0,True,True,False,861996,184861,18638,0.21445691163300062,0.02162191007846904,preprocessed_green_images/68ddb15a74de_green_preprocessed.png,vessel_masks/68ddb15a74de_vessel_mask.png,vessel_skeletons/68ddb15a74de_skeleton.png,vessel_overlays/68ddb15a74de_overlay.png
691eeb59b4cb.png,False,0,,75.97288315615666,12.363604745118705,0.0,187.0,0.0007838444555759634,120.65364858722472,20.922820226935777,2.0,237.0,0.0005067160164004378,20.09003968743318,12.0,0.9038370045863061,1.0,True,True,False,862416,191421,22777,0.2219590081816664,0.02641068811339307,preprocessed_green_images/691eeb59b4cb_green_preprocessed.png,vessel_masks/691eeb59b4cb_vessel_mask.png,vessel_skeletons/691eeb59b4cb_skeleton.png,vessel_overlays/691eeb59b4cb_overlay.png
692e946b1f85.png,False,0,,120.72461978780242,22.61888245350731,0.0,254.0,0.005779271343221186,116.55512244199481,25.796171685402612,1.0,240.0,0.0057700833124688464,22.0324054671672,12.0,0.89985163317194,1.0,False,True,False,870698,353047,74880,0.4054758366276252,0.08599996784189237,preprocessed_green_images/692e946b1f85_green_preprocessed.png,vessel_masks/692e946b1f85_vessel_mask.png,vessel_skeletons/692e946b1f85_skeleton.png,vessel_overlays/692e946b1f85_overlay.png
6966abf40b8c.png,False,0,,93.75614366510324,16.862610933299717,0.0,229.0,0.0010281022346718776,117.69502495990865,20.76682854851956,2.0,237.0,0.0008575254530728189,21.030093985698006,12.0,0.9000552441593579,1.0,False,True,False,861782,206978,33553,0.24017442926401342,0.038934440496552494,preprocessed_green_images/6966abf40b8c_green_preprocessed.png,vessel_masks/6966abf40b8c_vessel_mask.png,vessel_skeletons/6966abf40b8c_skeleton.png,vessel_overlays/6966abf40b8c_overlay.png
69b3a00927fc.png,False,0,,85.82302734131078,10.066592353819507,0.0,144.0,0.001347175903012586,119.41380386969051,21.46643908822344,3.0,239.0,0.0009979509049784221,20.82299650835928,12.0,0.9006788612837692,1.0,True,True,False,864772,196768,26493,0.22753743183174294,0.030635820771255314,preprocessed_green_images/69b3a00927fc_green_preprocessed.png,vessel_masks/69b3a00927fc_vessel_mask.png,vessel_skeletons/69b3a00927fc_skeleton.png,vessel_overlays/69b3a00927fc_overlay.png
69c4cbb630de.png,False,0,,104.2719540782593,18.665266309293504,0.0,255.0,4.2933564602134655e-05,117.65200628547386,33.836674823418164,3.0,227.0,4.2933564602134655e-05,16.54197028102025,10.6167881124081,0.8236415539548876,1.0,False,True,False,232918,56891,7253,0.24425334237800428,0.031139714405928266,preprocessed_green_images/69c4cbb630de_green_preprocessed.png,vessel_masks/69c4cbb630de_vessel_mask.png,vessel_skeletons/69c4cbb630de_skeleton.png,vessel_overlays/69c4cbb630de_overlay.png
69f43381317b.png,False,0,,103.2514406244949,16.31804192258143,0.0,244.0,2.5698265840444876e-05,122.0667667997341,23.035917613694654,2.0,237.0,2.3669455379357124e-05,18.89540686868324,11.558162747473295,0.8993666187905317,1.0,False,True,False,1478699,306432,31742,0.2072308157373475,0.021466167218615825,preprocessed_green_images/69f43381317b_green_preprocessed.png,vessel_masks/69f43381317b_vessel_mask.png,vessel_skeletons/69f43381317b_skeleton.png,vessel_overlays/69f43381317b_overlay.png
6a2642131e4a.png,False,0,,89.48651493041591,19.471915667011803,0.0,255.0,0.0017049754917017185,119.67646959962632,25.594707907524825,2.0,240.0,0.0015705246711460426,20.923248237709657,12.0,0.8995803840568428,1.0,True,True,False,862769,200485,25849,0.23237390309573014,0.02996051086675576,preprocessed_green_images/6a2642131e4a_green_preprocessed.png,vessel_masks/6a2642131e4a_vessel_mask.png,vessel_skeletons/6a2642131e4a_skeleton.png,vessel_overlays/6a2642131e4a_overlay.png
6a57a3db3eff.png,False,0,,78.49920350180547,18.64935210139876,0.0,201.0,0.0007407665424315255,120.6330744133663,23.046572764092485,3.0,240.0,0.0003251013038884438,20.795099965356993,12.0,0.9023276526978822,1.0,True,True,False,861270,205654,26864,0.23877994124955007,0.031191147955925553,preprocessed_green_images/6a57a3db3eff_green_preprocessed.png,vessel_masks/6a57a3db3eff_vessel_mask.png,vessel_skeletons/6a57a3db3eff_skeleton.png,vessel_overlays/6a57a3db3eff_overlay.png
6a905a7202d2.png,False,0,,90.46800342826607,12.56729706133053,0.0,218.0,0.0013370700354045967,118.5566074508112,21.627296063450377,2.0,238.0,0.0010849236100428303,20.70834359413709,12.0,0.9008562373476529,1.0,False,True,False,864577,217869,29740,0.2519949061795537,0.034398324267242826,preprocessed_green_images/6a905a7202d2_green_preprocessed.png,vessel_masks/6a905a7202d2_vessel_mask.png,vessel_skeletons/6a905a7202d2_skeleton.png,vessel_overlays/6a905a7202d2_overlay.png
6b30767595d8.png,False,0,,89.03441248000671,20.74181173656058,0.0,255.0,1.8275707320639163e-05,119.51788548712544,24.764643732308905,4.0,237.0,1.286068292933867e-05,20.06658094752975,12.0,0.8999396348189036,1.0,True,True,False,1477371,355810,44699,0.24083997858357853,0.03025577190834259,preprocessed_green_images/6b30767595d8_green_preprocessed.png,vessel_masks/6b30767595d8_vessel_mask.png,vessel_skeletons/6b30767595d8_skeleton.png,vessel_overlays/6b30767595d8_overlay.png
6b3860e8f64f.png,False,0,,97.00884125796883,11.163512065639484,0.0,201.0,0.0010096355354657638,117.76439367449443,20.575853474217976,2.0,237.0,0.0008197499531075238,19.35942999970467,11.743771999881869,0.8993674485669059,1.0,False,True,False,863678,205389,30791,0.2378073772864424,0.035651018087759556,preprocessed_green_images/6b3860e8f64f_green_preprocessed.png,vessel_masks/6b3860e8f64f_vessel_mask.png,vessel_skeletons/6b3860e8f64f_skeleton.png,vessel_overlays/6b3860e8f64f_overlay.png
6b664ed2a938.png,False,0,,89.05561260383689,24.820568346263023,0.0,255.0,2.5029087858863004e-05,119.70043631788295,24.59702544660781,4.0,237.0,1.7588007684606435e-05,19.68676409243473,11.958651183299501,0.901955180413179,1.0,True,True,False,1478280,354439,46651,0.23976445598939308,0.031557621019022104,preprocessed_green_images/6b664ed2a938_green_preprocessed.png,vessel_masks/6b664ed2a938_vessel_mask.png,vessel_skeletons/6b664ed2a938_skeleton.png,vessel_overlays/6b664ed2a938_overlay.png
6b66b0e86f7e.png,False,0,,96.25200169489956,15.078545036609901,0.0,227.0,0.0006807383464078317,118.11574404238175,20.81485075235988,2.0,237.0,0.0004989765770438358,18.98153090677708,11.592612362710833,0.8999611995870735,1.0,False,True,False,863768,211680,30250,0.24506580470681943,0.035020977855164816,preprocessed_green_images/6b66b0e86f7e_green_preprocessed.png,vessel_masks/6b66b0e86f7e_vessel_mask.png,vessel_skeletons/6b66b0e86f7e_skeleton.png,vessel_overlays/6b66b0e86f7e_overlay.png
6b91e99c9408.png,False,0,,85.96845322533488,18.381016557813737,0.0,247.0,2.774860038766825e-05,117.22221891344603,24.20068955718591,2.0,237.0,2.0980649073602824e-05,20.91481115348405,12.0,0.8983049324101766,1.0,True,True,False,1477552,618982,121681,0.4189240040282846,0.08235310838467952,preprocessed_green_images/6b91e99c9408_green_preprocessed.png,vessel_masks/6b91e99c9408_vessel_mask.png,vessel_skeletons/6b91e99c9408_skeleton.png,vessel_overlays/6b91e99c9408_overlay.png
6bb30ec3231a.png,False,0,,85.89444186259432,14.65167267051513,0.0,219.0,0.0007150630286917592,121.35451596491208,21.96104890256257,2.0,238.0,0.000516885106639424,21.23965622606396,12.0,0.9009857463473874,1.0,True,True,False,862861,193357,23667,0.22408823669165717,0.0274285197731732,preprocessed_green_images/6bb30ec3231a_green_preprocessed.png,vessel_masks/6bb30ec3231a_vessel_mask.png,vessel_skeletons/6bb30ec3231a_skeleton.png,vessel_overlays/6bb30ec3231a_overlay.png
6bf2a81a5d91.png,False,0,,89.98308232694316,18.780150480451756,0.0,209.0,6.448922385069454e-05,116.78854843355676,29.82662008923527,3.0,227.0,4.2992815900463034e-05,15.394246668916947,10.159202460727386,0.8318765669043688,1.0,True,True,False,232597,56498,7229,0.24290081127443605,0.031079506614444728,preprocessed_green_images/6bf2a81a5d91_green_preprocessed.png,vessel_masks/6bf2a81a5d91_vessel_mask.png,vessel_skeletons/6bf2a81a5d91_skeleton.png,vessel_overlays/6bf2a81a5d91_overlay.png
6c00dd8bf708.png,False,0,,72.21899423937958,19.47705653572451,0.0,234.0,0.0009740516363602549,120.91474026064598,21.223279139096736,2.0,240.0,0.0005253834601847676,19.9462190799211,12.0,0.9062380206788485,1.0,True,True,False,860324,213081,26836,0.24767529442396122,0.031192899419288548,preprocessed_green_images/6c00dd8bf708_green_preprocessed.png,vessel_masks/6c00dd8bf708_vessel_mask.png,vessel_skeletons/6c00dd8bf708_skeleton.png,vessel_overlays/6c00dd8bf708_overlay.png
6c30dd481717.png,False,0,,80.57286574748817,13.073119272467093,0.0,168.0,4.729169084991767e-05,118.15555526893925,31.842312847820608,2.0,227.0,3.0094712359038518e-05,16.7271918485278,11.528844228523283,0.8318854305959967,1.0,True,True,False,232599,52550,6635,0.22592530492392487,0.028525488071745795,preprocessed_green_images/6c30dd481717_green_preprocessed.png,vessel_masks/6c30dd481717_vessel_mask.png,vessel_skeletons/6c30dd481717_skeleton.png,vessel_overlays/6c30dd481717_overlay.png
6c3589d7ed8d.png,False,0,,91.80631086196435,28.798049131235775,0.0,255.0,0.004974716097899269,121.70540064148872,27.54717471994711,1.0,239.0,0.004630277111567024,25.07974075565291,12.0,0.9054931778828227,1.0,False,True,False,865175,186022,18738,0.21501083595804318,0.021658046060045656,preprocessed_green_images/6c3589d7ed8d_green_preprocessed.png,vessel_masks/6c3589d7ed8d_vessel_mask.png,vessel_skeletons/6c3589d7ed8d_skeleton.png,vessel_overlays/6c3589d7ed8d_overlay.png
6c6505a0c637.png,False,0,,34.9741407424116,12.389644366928469,0.0,241.0,0.2854539722743863,125.26302101026462,30.77374925386281,13.0,242.0,0.003736109337080087,28.024703866465906,12.0,0.9253332299493593,1.0,True,True,False,1471852,373324,51771,0.2536423499101812,0.03517405282596348,preprocessed_green_images/6c6505a0c637_green_preprocessed.png,vessel_masks/6c6505a0c637_vessel_mask.png,vessel_skeletons/6c6505a0c637_skeleton.png,vessel_overlays/6c6505a0c637_overlay.png
6c9c902a97de.png,False,0,,70.95477578039865,18.20287322211131,0.0,255.0,0.0009827306887604684,121.73229136743777,24.70326165592125,2.0,240.0,0.0005721934897871603,20.27839202857282,12.0,0.9036212966400061,1.0,True,True,False,859849,181416,20223,0.21098588240493388,0.023519245821068582,preprocessed_green_images/6c9c902a97de_green_preprocessed.png,vessel_masks/6c9c902a97de_vessel_mask.png,vessel_skeletons/6c9c902a97de_skeleton.png,vessel_overlays/6c9c902a97de_overlay.png
6ccfdb031184.png,False,0,,75.06985251999114,54.529528073461556,0.0,251.0,0.1710136736600653,119.93199575355334,21.83726730202271,2.0,243.0,0.00012983739775304927,10.323097408423854,9.456363183814773,0.9231012371597369,1.0,True,True,False,392799,102089,16888,0.25990137449433426,0.04299399947555874,preprocessed_green_images/6ccfdb031184_green_preprocessed.png,vessel_masks/6ccfdb031184_vessel_mask.png,vessel_skeletons/6ccfdb031184_skeleton.png,vessel_overlays/6ccfdb031184_overlay.png
6cffc6c6851a.png,False,0,,82.3324815555699,15.893848968811954,0.0,255.0,3.441526316921555e-05,117.27576950377492,32.33656929747754,6.0,226.0,3.0113355273063604e-05,12.189531969639411,9.557369982916217,0.828567184365956,1.0,True,True,False,232455,60024,7390,0.25821771955862427,0.031791099352562864,preprocessed_green_images/6cffc6c6851a_green_preprocessed.png,vessel_masks/6cffc6c6851a_vessel_mask.png,vessel_skeletons/6cffc6c6851a_skeleton.png,vessel_overlays/6cffc6c6851a_overlay.png
6d10709053ae.png,False,0,,44.05450882833648,12.81092166357575,0.0,143.0,0.09048782591868092,120.95103554883039,25.0375145468643,5.0,242.0,0.00024247906869385386,20.7375221494743,12.0,0.9150262190832799,1.0,True,True,False,857806,214153,27882,0.24965201922112926,0.03250385285250978,preprocessed_green_images/6d10709053ae_green_preprocessed.png,vessel_masks/6d10709053ae_vessel_mask.png,vessel_skeletons/6d10709053ae_skeleton.png,vessel_overlays/6d10709053ae_overlay.png
6d4f6c9a8406.png,False,0,,74.12356303198514,10.6229185023607,0.0,154.0,0.0009510284080641648,120.26246298982018,21.72700372874576,3.0,239.0,0.0006185738975715762,19.65516465765481,12.0,0.9025863351324718,1.0,True,True,False,863276,200275,24688,0.23199417104147457,0.028598038170874668,preprocessed_green_images/6d4f6c9a8406_green_preprocessed.png,vessel_masks/6d4f6c9a8406_vessel_mask.png,vessel_skeletons/6d4f6c9a8406_skeleton.png,vessel_overlays/6d4f6c9a8406_overlay.png
6d5a8362dd1e.png,False,1,mean_S,40.49528183963299,12.02334040468313,4.0,141.0,0.22005574512504275,123.62132218138437,16.410382119861794,7.0,246.0,0.0002655678458960886,8.900789201880226,11.960735072784715,0.952982339734193,1.0,True,True,False,4560040,1229471,195840,0.26961846825905034,0.042946991693055325,preprocessed_green_images/6d5a8362dd1e_green_preprocessed.png,vessel_masks/6d5a8362dd1e_vessel_mask.png,vessel_skeletons/6d5a8362dd1e_skeleton.png,vessel_overlays/6d5a8362dd1e_overlay.png
6d6be4cfc73f.png,False,0,,73.61018588934084,21.515965326250225,0.0,239.0,0.0016860974866682015,121.58082802503331,21.852434032238843,4.0,240.0,0.0004755957738257203,20.812667845471182,12.0,0.9080585132584247,1.0,True,True,False,859974,190268,22668,0.22124854937474853,0.026358936432961926,preprocessed_green_images/6d6be4cfc73f_green_preprocessed.png,vessel_masks/6d6be4cfc73f_vessel_mask.png,vessel_skeletons/6d6be4cfc73f_skeleton.png,vessel_overlays/6d6be4cfc73f_overlay.png
6d6fcf49e515.png,False,0,,82.24169402136744,14.658254129827354,0.0,226.0,0.0006374699988504639,120.72639996655894,21.118451545651073,3.0,237.0,0.0004470418024725476,19.526241886393162,12.0,0.9019251197001295,1.0,True,True,False,861217,199610,25988,0.2317766602377798,0.030175902240666404,preprocessed_green_images/6d6fcf49e515_green_preprocessed.png,vessel_masks/6d6fcf49e515_vessel_mask.png,vessel_skeletons/6d6fcf49e515_skeleton.png,vessel_overlays/6d6fcf49e515_overlay.png
6dc0281f11e3.png,False,0,,80.24476525674645,15.473690438195362,0.0,198.0,0.0008880109250848016,121.43620116809375,22.106803856840454,3.0,239.0,0.0006376057556091917,19.419017794553252,12.0,0.9025771809517348,1.0,True,True,False,862602,189778,21779,0.2200064456145476,0.025248028638931976,preprocessed_green_images/6dc0281f11e3_green_preprocessed.png,vessel_masks/6dc0281f11e3_vessel_mask.png,vessel_skeletons/6dc0281f11e3_skeleton.png,vessel_overlays/6dc0281f11e3_overlay.png
6dc07f968794.png,False,0,,62.82002829437739,11.685142239312922,0.0,113.0,0.0023474368793225107,120.58804104886168,22.157732062843966,3.0,239.0,0.0005387749994496384,20.924992015416027,12.0,0.9049945703356169,1.0,True,True,False,863069,203287,25623,0.23553968454434118,0.02968824045354427,preprocessed_green_images/6dc07f968794_green_preprocessed.png,vessel_masks/6dc07f968794_vessel_mask.png,vessel_skeletons/6dc07f968794_skeleton.png,vessel_overlays/6dc07f968794_overlay.png
6de39b94f634.png,False,0,,88.11616362460808,18.124168153394073,0.0,255.0,2.231834892912504e-05,121.92430698145007,24.948036796173557,5.0,238.0,1.758415370173488e-05,20.4216619926333,12.0,0.898304324554178,1.0,True,True,False,1478604,319406,35782,0.21601862297139734,0.024199853375210672,preprocessed_green_images/6de39b94f634_green_preprocessed.png,vessel_masks/6de39b94f634_vessel_mask.png,vessel_skeletons/6de39b94f634_skeleton.png,vessel_overlays/6de39b94f634_overlay.png
6df8b7b6e837.png,False,1,mean_S,48.966990027512885,15.51892843370395,12.0,255.0,0.09623123109284819,123.25817300244144,16.505077414109923,27.0,245.0,2.1943597055871472e-07,9.306061248546783,11.36980316363979,0.9483546869603707,1.0,True,True,False,4557138,1207890,186547,0.2650545144781659,0.040935121999816554,preprocessed_green_images/6df8b7b6e837_green_preprocessed.png,vessel_masks/6df8b7b6e837_vessel_mask.png,vessel_skeletons/6df8b7b6e837_skeleton.png,vessel_overlays/6df8b7b6e837_overlay.png
6e092caa065f.png,False,0,,84.71543345574474,13.254459791653565,0.0,200.0,0.0007416532145452102,118.70936928188269,20.95853231737222,4.0,239.0,0.0004901864214884749,20.601661138640676,12.0,0.9016394213413674,1.0,True,True,False,862937,217888,30226,0.2524958368919168,0.035026890723193004,preprocessed_green_images/6e092caa065f_green_preprocessed.png,vessel_masks/6e092caa065f_vessel_mask.png,vessel_skeletons/6e092caa065f_skeleton.png,vessel_overlays/6e092caa065f_overlay.png
6e0f78e188ff.png,False,1,mean_S,62.744497993818214,29.148382253044595,5.0,255.0,0.09458883004371418,124.98082668511724,19.498496208980892,19.0,230.0,0.0002909380637545587,9.531422390976504,10.235280245828982,0.9664956163933887,1.0,True,True,False,5035436,1332229,210331,0.26457073429192624,0.04177016647615023,preprocessed_green_images/6e0f78e188ff_green_preprocessed.png,vessel_masks/6e0f78e188ff_vessel_mask.png,vessel_skeletons/6e0f78e188ff_skeleton.png,vessel_overlays/6e0f78e188ff_overlay.png
6e1db8711879.png,False,0,,63.690514416653855,12.323763755723757,0.0,247.0,0.0022880568039387894,121.31312182632843,25.019651713016685,5.0,238.0,1.8282785944465022e-05,21.590825827837286,12.0,0.9049636798155486,1.0,True,True,False,1476799,326424,37284,0.22103481922726112,0.0252464959686457,preprocessed_green_images/6e1db8711879_green_preprocessed.png,vessel_masks/6e1db8711879_vessel_mask.png,vessel_skeletons/6e1db8711879_skeleton.png,vessel_overlays/6e1db8711879_overlay.png
6e3526053de0.png,False,0,,36.209626368365704,19.114444721245988,0.0,203.0,0.43070130095005765,119.30137530461177,30.921847935583756,5.0,245.0,0.0007053497083111585,8.658789909949054,12.0,0.9196090538099257,1.0,True,True,False,392713,102946,15348,0.2621405453855615,0.039081975895883254,preprocessed_green_images/6e3526053de0_green_preprocessed.png,vessel_masks/6e3526053de0_vessel_mask.png,vessel_skeletons/6e3526053de0_skeleton.png,vessel_overlays/6e3526053de0_overlay.png
6e44f6d04fc9.png,False,0,,81.48617586443518,15.155035551069519,0.0,230.0,0.0011907282883020492,121.57093049224869,22.877933395402668,1.0,239.0,0.0008528345466264435,21.32324811444275,12.0,0.9019030954022556,1.0,True,True,False,864177,189826,23003,0.21966101851819708,0.02661838951973959,preprocessed_green_images/6e44f6d04fc9_green_preprocessed.png,vessel_masks/6e44f6d04fc9_vessel_mask.png,vessel_skeletons/6e44f6d04fc9_skeleton.png,vessel_overlays/6e44f6d04fc9_overlay.png
6e861bc3bd7b.png,False,0,,89.73102846482517,18.689636125183785,0.0,251.0,3.4388191095177913e-05,116.98152064581024,34.589884907077284,5.0,226.0,2.579114332138344e-05,11.92071435295721,8.792194322087314,0.8259627586910451,1.0,True,True,False,232638,60508,7787,0.26009508334837816,0.033472605507268806,preprocessed_green_images/6e861bc3bd7b_green_preprocessed.png,vessel_masks/6e861bc3bd7b_vessel_mask.png,vessel_skeletons/6e861bc3bd7b_skeleton.png,vessel_overlays/6e861bc3bd7b_overlay.png
6f0e5848d9ce.png,False,0,,81.2367276609076,15.421414490887257,0.0,217.0,0.0005047399139041343,120.7853288931692,21.70286396067083,4.0,239.0,0.0002924010535720502,19.971584609839564,12.0,0.9025775242211481,1.0,True,True,False,861830,191940,22858,0.2227121358040449,0.026522632073610806,preprocessed_green_images/6f0e5848d9ce_green_preprocessed.png,vessel_masks/6f0e5848d9ce_vessel_mask.png,vessel_skeletons/6f0e5848d9ce_skeleton.png,vessel_overlays/6f0e5848d9ce_overlay.png
6f3b62e5b7f5.png,False,0,,39.86513032276461,14.807064065143612,0.0,161.0,0.22015102063677144,117.0149544035805,27.64789358779503,9.0,240.0,3.818795602784157e-05,9.327866682763652,12.0,0.9039881838408953,1.0,True,True,False,392794,109093,18302,0.2777359124630213,0.04659439808143709,preprocessed_green_images/6f3b62e5b7f5_green_preprocessed.png,vessel_masks/6f3b62e5b7f5_vessel_mask.png,vessel_skeletons/6f3b62e5b7f5_skeleton.png,vessel_overlays/6f3b62e5b7f5_overlay.png
6f460f9968c7.png,False,0,,77.57416775741457,14.43484798471358,0.0,182.0,0.0006067890629177487,122.7810991019057,22.36101167696363,3.0,239.0,0.0003859271434649283,19.207563207993783,12.0,0.9028951406900149,1.0,True,True,False,860266,178480,18527,0.2074707125470494,0.02153636200896002,preprocessed_green_images/6f460f9968c7_green_preprocessed.png,vessel_masks/6f460f9968c7_vessel_mask.png,vessel_skeletons/6f460f9968c7_skeleton.png,vessel_overlays/6f460f9968c7_overlay.png
6f689fced922.png,False,0,,83.49725185153385,16.951096223902294,0.0,231.0,0.0007727535902294243,122.12203241155974,22.968798151787187,2.0,239.0,0.0005569395244896751,20.650143505141166,12.0,0.9024883108309643,1.0,True,True,False,861853,176723,17222,0.20505004913831013,0.019982526022419136,preprocessed_green_images/6f689fced922_green_preprocessed.png,vessel_masks/6f689fced922_vessel_mask.png,vessel_skeletons/6f689fced922_skeleton.png,vessel_overlays/6f689fced922_overlay.png
6fbaaf8eb67a.png,False,0,,47.199642590758785,17.10710899575045,0.0,229.0,0.07178223492784355,118.73974548592638,23.988715444749275,4.0,242.0,8.909774531791348e-05,6.920944815656952,10.572854140417554,0.9078199686560185,1.0,True,True,False,392827,113568,20089,0.2891043640075657,0.051139560162616116,preprocessed_green_images/6fbaaf8eb67a_green_preprocessed.png,vessel_masks/6fbaaf8eb67a_vessel_mask.png,vessel_skeletons/6fbaaf8eb67a_skeleton.png,vessel_overlays/6fbaaf8eb67a_overlay.png
6fe4751a3b42.png,False,0,,79.39383822137577,14.324593926849266,0.0,184.0,0.0010033503074502244,122.27815796960917,22.23497706567323,2.0,238.0,0.0006189649466099185,21.506994020283308,12.0,0.9032199213565888,1.0,True,True,False,861115,182530,19366,0.21196936529964058,0.02248944682185306,preprocessed_green_images/6fe4751a3b42_green_preprocessed.png,vessel_masks/6fe4751a3b42_vessel_mask.png,vessel_skeletons/6fe4751a3b42_skeleton.png,vessel_overlays/6fe4751a3b42_overlay.png
6fe67fd7f5d1.png,False,0,,82.48228195525026,22.212390806583397,0.0,242.0,0.0013752325504281023,121.57890774888858,27.697840376332987,2.0,240.0,0.0008702825276820816,25.932010551007128,12.0,0.8990754410735174,1.0,True,True,False,859491,201449,23317,0.2343817445441546,0.027128847189790237,preprocessed_green_images/6fe67fd7f5d1_green_preprocessed.png,vessel_masks/6fe67fd7f5d1_vessel_mask.png,vessel_skeletons/6fe67fd7f5d1_skeleton.png,vessel_overlays/6fe67fd7f5d1_overlay.png
705f508d1e42.png,False,0,,79.37875297541562,18.96740725980464,0.0,222.0,0.0014679491947781455,122.56698869342061,21.91474953670816,2.0,238.0,0.000503263659017369,22.39477654206227,12.0,0.9057704673472307,1.0,True,True,False,860384,185538,19876,0.21564557220961802,0.02310131290214602,preprocessed_green_images/705f508d1e42_green_preprocessed.png,vessel_masks/705f508d1e42_vessel_mask.png,vessel_skeletons/705f508d1e42_skeleton.png,vessel_overlays/705f508d1e42_overlay.png
7131bf4c9e6f.png,False,0,,41.281678522509125,16.055808404587896,0.0,241.0,0.1326513465758935,118.01555856548549,23.987409089723716,4.0,242.0,8.656377458793098e-05,8.193963322612506,11.608102793710858,0.9107639753003846,1.0,True,True,False,392774,106004,20003,0.26988548121820694,0.05092750538477598,preprocessed_green_images/7131bf4c9e6f_green_preprocessed.png,vessel_masks/7131bf4c9e6f_vessel_mask.png,vessel_skeletons/7131bf4c9e6f_skeleton.png,vessel_overlays/7131bf4c9e6f_overlay.png
7179f85bfd6f.png,False,0,,44.96635337484535,26.801644874664056,0.0,247.0,0.13787046418443147,120.78642017422827,30.30722934621806,4.0,245.0,0.0011150201874659512,8.567787185788559,11.430105685440282,0.9127048007319581,1.0,True,True,False,392818,98642,13749,0.25111374733337066,0.03500094191203051,preprocessed_green_images/7179f85bfd6f_green_preprocessed.png,vessel_masks/7179f85bfd6f_vessel_mask.png,vessel_skeletons/7179f85bfd6f_skeleton.png,vessel_overlays/7179f85bfd6f_overlay.png
71c22da3d6c6.png,False,0,,75.33274487244265,17.879672985005474,0.0,255.0,0.0014109533539903398,122.09568441721741,25.38120217232288,4.0,238.0,2.0968146679626334e-05,21.781706408232612,12.0,0.9011771592469832,1.0,True,True,False,1478433,332048,39520,0.22459455382827628,0.026731005057381702,preprocessed_green_images/71c22da3d6c6_green_preprocessed.png,vessel_masks/71c22da3d6c6_vessel_mask.png,vessel_skeletons/71c22da3d6c6_skeleton.png,vessel_overlays/71c22da3d6c6_overlay.png
71e43b4f8ba6.png,False,0,,78.12873225136813,15.116616895259577,0.0,175.0,0.0007422973580486989,121.40089052449872,21.019065314187923,3.0,238.0,0.0005122897259772711,20.15632047411273,12.0,0.903292100500241,1.0,True,True,False,860841,187103,22918,0.21734908072454728,0.026622802584914056,preprocessed_green_images/71e43b4f8ba6_green_preprocessed.png,vessel_masks/71e43b4f8ba6_vessel_mask.png,vessel_skeletons/71e43b4f8ba6_skeleton.png,vessel_overlays/71e43b4f8ba6_overlay.png
720b5f62ce80.png,False,1,mean_G,28.677466523951438,15.62690774272282,0.0,239.0,0.6134395909796005,124.31675242258197,29.355926385520263,1.0,243.0,0.0042074278930396445,29.263131723784955,12.0,0.9347006495702587,1.0,True,True,False,1472396,385013,58427,0.26148739877043947,0.039681580227058484,preprocessed_green_images/720b5f62ce80_green_preprocessed.png,vessel_masks/720b5f62ce80_vessel_mask.png,vessel_skeletons/720b5f62ce80_skeleton.png,vessel_overlays/720b5f62ce80_overlay.png
721214151233.png,False,0,,63.59136816278067,14.408118070922427,0.0,199.0,0.002317917654207038,121.53594917510424,22.03373974607829,3.0,239.0,0.0007015208508230405,19.883894896942127,12.0,0.9077643773015819,1.0,True,True,False,862412,202410,25376,0.2347022072976721,0.029424451422290044,preprocessed_green_images/721214151233_green_preprocessed.png,vessel_masks/721214151233_vessel_mask.png,vessel_skeletons/721214151233_skeleton.png,vessel_overlays/721214151233_overlay.png
7214fc7cbe03.png,False,1,mean_G,31.167481499890677,15.384440395258357,0.0,232.0,0.4660180594203548,125.34962863975815,30.789178051116643,9.0,243.0,0.0035655743827298814,27.331054993572337,12.0,0.9290954455305876,1.0,True,True,False,1472694,347479,42474,0.23594786153810635,0.028841021963829552,preprocessed_green_images/7214fc7cbe03_green_preprocessed.png,vessel_masks/7214fc7cbe03_vessel_mask.png,vessel_skeletons/7214fc7cbe03_skeleton.png,vessel_overlays/7214fc7cbe03_overlay.png
72606afaf3da.png,False,0,,37.45466151741196,16.929246402836768,0.0,246.0,0.3499131470073347,125.50215878164438,30.352600357473012,11.0,241.0,0.000395279427977105,25.536416298193114,12.0,0.9193685652695522,1.0,True,True,False,1474906,333939,39829,0.2264137511136303,0.02700443282487155,preprocessed_green_images/72606afaf3da_green_preprocessed.png,vessel_masks/72606afaf3da_vessel_mask.png,vessel_skeletons/72606afaf3da_skeleton.png,vessel_overlays/72606afaf3da_overlay.png
726dff37edc0.png,False,0,,38.487554107042826,16.38146673599954,0.0,241.0,0.1799154657025004,118.94113408361765,27.656824273709688,17.0,243.0,0.0005601670316239751,9.170879777838417,12.0,0.9110515747578509,1.0,True,True,False,392740,113472,19912,0.2889239700565259,0.050700208789529966,preprocessed_green_images/726dff37edc0_green_preprocessed.png,vessel_masks/726dff37edc0_vessel_mask.png,vessel_skeletons/726dff37edc0_skeleton.png,vessel_overlays/726dff37edc0_overlay.png
72a867980067.png,False,0,,36.960291125411594,14.107272736844939,0.0,134.0,0.2830374627880504,117.8815074754955,25.409560233542965,7.0,242.0,4.583850077543464e-05,9.566780188219337,12.0,0.9104811302326092,1.0,True,True,False,392683,111814,20498,0.28474367365024716,0.052199866049714404,preprocessed_green_images/72a867980067_green_preprocessed.png,vessel_masks/72a867980067_vessel_mask.png,vessel_skeletons/72a867980067_skeleton.png,vessel_overlays/72a867980067_overlay.png
72c31aa48e2c.png,False,0,,75.49184631496998,15.130069521756456,0.0,146.0,0.001336935567583599,123.4616795339957,22.624483010528454,4.0,239.0,0.0005421887743753244,20.842869576039956,12.0,0.9043651958970905,1.0,True,True,False,863168,182908,18342,0.21190312893897828,0.021249629272632905,preprocessed_green_images/72c31aa48e2c_green_preprocessed.png,vessel_masks/72c31aa48e2c_vessel_mask.png,vessel_skeletons/72c31aa48e2c_skeleton.png,vessel_overlays/72c31aa48e2c_overlay.png
7347bd23ba80.png,False,0,,99.82971721675423,14.246175242724991,0.0,198.0,0.0010568526604010952,119.73690844002073,20.938886416867216,2.0,237.0,0.000905378154369866,21.577043445347776,12.0,0.9003169575159916,1.0,False,True,False,864832,187977,21601,0.21735666580330051,0.02497710538000444,preprocessed_green_images/7347bd23ba80_green_preprocessed.png,vessel_masks/7347bd23ba80_vessel_mask.png,vessel_skeletons/7347bd23ba80_skeleton.png,vessel_overlays/7347bd23ba80_overlay.png
735836b1ffa6.png,False,0,,74.19345542215072,19.478045822685054,1.0,190.0,0.001206610240967502,120.44164788484338,18.34545589144381,5.0,244.0,1.3835951162551384e-05,10.82187010121804,9.73377422518493,0.9339751703311522,1.0,True,True,False,3469223,878046,151557,0.2530958661348665,0.04368615104880834,preprocessed_green_images/735836b1ffa6_green_preprocessed.png,vessel_masks/735836b1ffa6_vessel_mask.png,vessel_skeletons/735836b1ffa6_skeleton.png,vessel_overlays/735836b1ffa6_overlay.png
737ef6226677.png,False,0,,93.52327509893922,12.783798485766352,0.0,180.0,0.0019643576423553364,120.32382239529292,22.426826631595592,2.0,238.0,0.0015984931460999653,23.442780828687283,12.0,0.9005507401267696,1.0,False,True,False,866441,192962,23828,0.22270645087201552,0.02750100699297471,preprocessed_green_images/737ef6226677_green_preprocessed.png,vessel_masks/737ef6226677_vessel_mask.png,vessel_skeletons/737ef6226677_skeleton.png,vessel_overlays/737ef6226677_overlay.png
73a07e2ea23e.png,False,0,,67.69187915885762,16.031158661038326,0.0,228.0,9.026977767843326e-05,117.62750821025121,31.5877647272713,3.0,227.0,4.2985608418301555e-05,13.051837545257742,11.203679092871308,0.8340057245668814,1.0,True,True,False,232636,59695,8377,0.25660258945305114,0.03600904417201121,preprocessed_green_images/73a07e2ea23e_green_preprocessed.png,vessel_masks/73a07e2ea23e_vessel_mask.png,vessel_skeletons/73a07e2ea23e_skeleton.png,vessel_overlays/73a07e2ea23e_overlay.png
73ba798fee25.png,False,0,,97.662501475172,12.542483221682636,0.0,244.0,0.0008700622233329399,118.17646643665553,20.89563169202946,4.0,238.0,0.0006236217265644344,19.305990841397485,11.722396336558994,0.899901951662041,1.0,False,True,False,864306,201348,28734,0.23295916029739466,0.03324517011336263,preprocessed_green_images/73ba798fee25_green_preprocessed.png,vessel_masks/73ba798fee25_vessel_mask.png,vessel_skeletons/73ba798fee25_skeleton.png,vessel_overlays/73ba798fee25_overlay.png
73d40ce06a67.png,False,0,,81.29254212304323,17.34524862248104,0.0,177.0,0.0008916344461520219,121.13241875896576,21.436205081588604,2.0,238.0,0.0005754355291333127,20.913570715211666,12.0,0.9027998804688024,1.0,True,True,False,860218,198288,24418,0.23050901050663902,0.02838582777853986,preprocessed_green_images/73d40ce06a67_green_preprocessed.png,vessel_masks/73d40ce06a67_vessel_mask.png,vessel_skeletons/73d40ce06a67_skeleton.png,vessel_overlays/73d40ce06a67_overlay.png
750e0168399d.png,False,0,,95.75441997392777,23.384830272929488,0.0,255.0,2.366515029398878e-05,119.87108443184707,24.829072935725367,3.0,237.0,2.2312855991475136e-05,19.749941038964838,11.899976415585936,0.898245865213662,1.0,False,True,False,1478968,313493,36406,0.211967398888955,0.024615813188655872,preprocessed_green_images/750e0168399d_green_preprocessed.png,vessel_masks/750e0168399d_vessel_mask.png,vessel_skeletons/750e0168399d_skeleton.png,vessel_overlays/750e0168399d_overlay.png
75238d945315.png,False,0,,78.1731892100005,15.487628155464037,0.0,247.0,0.0005717155060146094,119.99790100392315,22.719778286945527,2.0,239.0,0.00037109322905613595,21.89113133623614,12.0,0.9014933937351155,1.0,True,True,False,862317,205651,26767,0.23848654265194819,0.031040788944204974,preprocessed_green_images/75238d945315_green_preprocessed.png,vessel_masks/75238d945315_vessel_mask.png,vessel_skeletons/75238d945315_skeleton.png,vessel_overlays/75238d945315_overlay.png
7526c59c36d3.png,False,0,,67.30963271011626,23.518919620920464,0.0,255.0,0.005386716719405786,123.64210896006828,24.378265191638526,2.0,239.0,0.00044075251223117293,26.562733222144622,12.0,0.9089972271606156,1.0,True,True,False,859893,185928,18993,0.2162222509079618,0.022087631833262976,preprocessed_green_images/7526c59c36d3_green_preprocessed.png,vessel_masks/7526c59c36d3_vessel_mask.png,vessel_skeletons/7526c59c36d3_skeleton.png,vessel_overlays/7526c59c36d3_overlay.png
7526cf435753.png,False,0,,36.5174439329436,15.841764995372744,0.0,239.0,0.3576324526918298,118.34000519422321,27.26551181579403,4.0,245.0,0.0003488277351149858,9.382604848767222,12.0,0.9129889275203379,1.0,True,True,False,392744,107071,18287,0.272622879025523,0.046562137168231724,preprocessed_green_images/7526cf435753_green_preprocessed.png,vessel_masks/7526cf435753_vessel_mask.png,vessel_skeletons/7526cf435753_skeleton.png,vessel_overlays/7526cf435753_overlay.png
75369248dba0.png,False,0,,90.71728188503496,14.4637599536725,0.0,206.0,0.0010140834611573547,120.27414945780183,21.189114119535706,1.0,237.0,0.0008412019557655401,23.349064312964824,12.0,0.9012065684532896,1.0,False,True,False,861862,189530,23309,0.21990759541550736,0.027044932947502036,preprocessed_green_images/75369248dba0_green_preprocessed.png,vessel_masks/75369248dba0_vessel_mask.png,vessel_skeletons/75369248dba0_skeleton.png,vessel_overlays/75369248dba0_overlay.png
7569ac24762e.png,False,0,,49.093444653860196,16.60579150812352,0.0,243.0,0.04280222695329938,120.24809049474132,21.868921492896458,10.0,239.0,8.81988572141916e-06,25.551418491389114,12.0,0.9133214350393466,1.0,True,True,False,1473942,381750,60183,0.25899933647321266,0.0408313217209361,preprocessed_green_images/7569ac24762e_green_preprocessed.png,vessel_masks/7569ac24762e_vessel_mask.png,vessel_skeletons/7569ac24762e_skeleton.png,vessel_overlays/7569ac24762e_overlay.png
757e39293591.png,False,0,,67.32416640698037,15.344944929765404,0.0,208.0,0.0010999846513769576,120.06550257438268,20.07570093879718,4.0,239.0,0.0003023213629577262,25.765073477520193,12.0,0.9080646391866501,1.0,True,True,False,860012,211793,28908,0.246267493941945,0.03361348446300749,preprocessed_green_images/757e39293591_green_preprocessed.png,vessel_masks/757e39293591_vessel_mask.png,vessel_skeletons/757e39293591_skeleton.png,vessel_overlays/757e39293591_overlay.png
75a071608ea6.png,False,0,,88.71944114184302,14.74096542137366,0.0,219.0,0.0007319209154231164,122.53989432964279,22.601291221671126,2.0,239.0,0.0005347314453408188,21.183892470497266,12.0,0.9005827230843622,1.0,True,True,False,862115,184787,19625,0.21434147416527957,0.022763784413912296,preprocessed_green_images/75a071608ea6_green_preprocessed.png,vessel_masks/75a071608ea6_vessel_mask.png,vessel_skeletons/75a071608ea6_skeleton.png,vessel_overlays/75a071608ea6_overlay.png
75a4343b12f9.png,False,0,,50.4451214345131,7.5233076571073445,0.0,153.0,7.090477373594947e-05,118.97461839684883,15.471815868104484,13.0,242.0,6.341077325979221e-06,11.6774221420675,12.0,0.9367417301443698,1.0,True,True,False,3469442,957728,194228,0.2760466956934285,0.0559824894031951,preprocessed_green_images/75a4343b12f9_green_preprocessed.png,vessel_masks/75a4343b12f9_vessel_mask.png,vessel_skeletons/75a4343b12f9_skeleton.png,vessel_overlays/75a4343b12f9_overlay.png
75c180e04f65.png,False,0,,88.53945770942939,14.290405748828901,0.0,178.0,0.000787356834987865,120.18882069252614,22.65585587563142,1.0,239.0,0.0006598027085538957,20.436295738232474,12.0,0.8998200472594409,1.0,True,True,False,862379,197230,24287,0.22870454869610693,0.028162791533652837,preprocessed_green_images/75c180e04f65_green_preprocessed.png,vessel_masks/75c180e04f65_vessel_mask.png,vessel_skeletons/75c180e04f65_skeleton.png,vessel_overlays/75c180e04f65_overlay.png
75ed83dbccce.png,False,0,,89.14523883779249,23.259477168185327,0.0,255.0,0.0008567807997625593,121.3425140661611,24.558646175965684,2.0,240.0,0.0006283832117338392,21.387933927009545,12.0,0.9013057674764678,1.0,True,True,False,862531,189050,21197,0.21918052800421087,0.024575348596166398,preprocessed_green_images/75ed83dbccce_green_preprocessed.png,vessel_masks/75ed83dbccce_vessel_mask.png,vessel_skeletons/75ed83dbccce_skeleton.png,vessel_overlays/75ed83dbccce_overlay.png
76095c338728.png,False,0,,76.9792718167848,20.34037487931368,0.0,255.0,0.0014448817707764234,121.72752180109221,22.394573950703453,3.0,238.0,0.0004986760093830134,20.375569319936314,12.0,0.9053832901310381,1.0,True,True,False,860278,192305,22902,0.2235382050918424,0.026621626962447024,preprocessed_green_images/76095c338728_green_preprocessed.png,vessel_masks/76095c338728_vessel_mask.png,vessel_skeletons/76095c338728_skeleton.png,vessel_overlays/76095c338728_overlay.png
7635921c5efb.png,False,0,,86.17702579125887,25.63401025133007,0.0,255.0,2.1660244178640157e-05,118.88242007200678,25.23749021261671,2.0,237.0,2.0306478917475147e-05,21.006115061687364,12.0,0.8982978193286336,1.0,True,True,False,1477361,337428,58452,0.22839915227219346,0.03956514352280858,preprocessed_green_images/7635921c5efb_green_preprocessed.png,vessel_masks/7635921c5efb_vessel_mask.png,vessel_skeletons/7635921c5efb_skeleton.png,vessel_overlays/7635921c5efb_overlay.png
763ad1236efe.png,False,0,,82.95399436679944,15.82416257297201,0.0,248.0,0.0006135168926298959,120.97931820611379,22.520012611327118,2.0,239.0,0.00047524319902580954,19.53943800603076,12.0,0.9016595081110508,1.0,True,True,False,860612,191084,21908,0.2220326930138088,0.025456303188893484,preprocessed_green_images/763ad1236efe_green_preprocessed.png,vessel_masks/763ad1236efe_vessel_mask.png,vessel_skeletons/763ad1236efe_skeleton.png,vessel_overlays/763ad1236efe_overlay.png
76516f828d88.png,False,0,,83.26337371249389,18.872390422437498,0.0,253.0,0.0011584945832550566,120.01895918712877,22.80393285184831,2.0,239.0,0.0007468173289452017,23.083070524748678,12.0,0.9019253873873517,1.0,True,True,False,862326,220697,29717,0.25593221125189314,0.03446144497556609,preprocessed_green_images/76516f828d88_green_preprocessed.png,vessel_masks/76516f828d88_vessel_mask.png,vessel_skeletons/76516f828d88_skeleton.png,vessel_overlays/76516f828d88_overlay.png
767d777ee889.png,False,0,,101.3480911208283,10.080986141439974,0.0,233.0,1.9572364091865928e-05,118.57242955804927,24.167317300336972,3.0,237.0,1.8222545878633795e-05,20.51270441416986,12.0,0.8956146130834459,1.0,False,True,False,1481681,549088,108495,0.37058449153360273,0.07322426352231014,preprocessed_green_images/767d777ee889_green_preprocessed.png,vessel_masks/767d777ee889_vessel_mask.png,vessel_skeletons/767d777ee889_skeleton.png,vessel_overlays/767d777ee889_overlay.png
76b950c6ed5e.png,False,0,,56.336012571113656,13.47478436649864,0.0,241.0,0.008718806637883818,121.19953190069037,23.57602058971784,10.0,240.0,1.28635910948744e-05,22.88377203411812,12.0,0.9093322750648093,1.0,True,True,False,1477037,369566,53641,0.2502076792930712,0.03631662578527146,preprocessed_green_images/76b950c6ed5e_green_preprocessed.png,vessel_masks/76b950c6ed5e_vessel_mask.png,vessel_skeletons/76b950c6ed5e_skeleton.png,vessel_overlays/76b950c6ed5e_overlay.png
76bc31e0d3be.png,False,0,,96.35794606172666,20.22499179774,0.0,255.0,1.8266730803188155e-05,119.69074154131968,25.571498045713152,2.0,238.0,1.8943276388491417e-05,19.658494476443288,11.863397790577315,0.8973883841334599,1.0,False,True,False,1478097,328631,44163,0.22233385224379726,0.02987828268374809,preprocessed_green_images/76bc31e0d3be_green_preprocessed.png,vessel_masks/76bc31e0d3be_vessel_mask.png,vessel_skeletons/76bc31e0d3be_skeleton.png,vessel_overlays/76bc31e0d3be_overlay.png
76cab26493f1.png,False,1,mean_G,34.37178752378551,18.62638431395429,0.0,208.0,0.54290561452578,118.63578053396711,26.534478548385305,4.0,247.0,0.00048398888353953806,7.11030190251089,11.788850758890089,0.9245903318885051,1.0,True,True,False,392571,109246,20479,0.27828341879558094,0.052166359715822105,preprocessed_green_images/76cab26493f1_green_preprocessed.png,vessel_masks/76cab26493f1_vessel_mask.png,vessel_skeletons/76cab26493f1_skeleton.png,vessel_overlays/76cab26493f1_overlay.png
76cb010f7aa0.png,False,0,,82.42790334571988,17.38652825968574,0.0,255.0,1.8265247930445937e-05,119.60102068911398,24.231040475312593,6.0,237.0,1.1500341289540033e-05,20.446570582195314,12.0,0.8999490839357399,1.0,True,True,False,1478217,334300,43287,0.2261508290054843,0.029283251376489378,preprocessed_green_images/76cb010f7aa0_green_preprocessed.png,vessel_masks/76cb010f7aa0_vessel_mask.png,vessel_skeletons/76cb010f7aa0_skeleton.png,vessel_overlays/76cb010f7aa0_overlay.png
76df141d966b.png,False,0,,91.25437404875252,17.731600981098023,0.0,255.0,2.9737043435006988e-05,119.88262721372013,24.008376597963082,4.0,237.0,1.824773119875429e-05,20.05724267503861,12.0,0.8986283042343165,1.0,False,True,False,1479636,341219,52979,0.23061009599658294,0.03580542782143716,preprocessed_green_images/76df141d966b_green_preprocessed.png,vessel_masks/76df141d966b_vessel_mask.png,vessel_skeletons/76df141d966b_skeleton.png,vessel_overlays/76df141d966b_overlay.png
76e5b50f95a7.png,False,0,,74.77639461975168,14.609605595829521,0.0,182.0,0.0006138756831982923,117.57000333678639,21.9632404433862,2.0,238.0,0.0004708705524532356,20.036590646723713,12.0,0.9011631782669083,1.0,True,True,False,860109,230230,37103,0.267675376027922,0.043137555821413334,preprocessed_green_images/76e5b50f95a7_green_preprocessed.png,vessel_masks/76e5b50f95a7_vessel_mask.png,vessel_skeletons/76e5b50f95a7_skeleton.png,vessel_overlays/76e5b50f95a7_overlay.png
76f3473df8a6.png,False,0,,73.60972994474959,13.317128053071944,0.0,239.0,2.6383814138883044e-05,121.89227488687094,24.667668884739648,7.0,238.0,1.2853653042019944e-05,20.21624321856835,12.0,0.9006894802194744,1.0,True,True,False,1478179,343958,40447,0.2326903575277419,0.02736272129424109,preprocessed_green_images/76f3473df8a6_green_preprocessed.png,vessel_masks/76f3473df8a6_vessel_mask.png,vessel_skeletons/76f3473df8a6_skeleton.png,vessel_overlays/76f3473df8a6_overlay.png
77a1f1398fdb.png,False,1,mean_S,64.61402221055255,28.681209371084183,5.0,255.0,0.09394922763384256,126.47398335647966,20.97472961266912,13.0,251.0,0.0016369536580305532,9.646511046613307,10.11513577770732,0.9661891551368448,1.0,True,True,False,5036795,1199459,167232,0.23813933265102114,0.033202065996332984,preprocessed_green_images/77a1f1398fdb_green_preprocessed.png,vessel_masks/77a1f1398fdb_vessel_mask.png,vessel_skeletons/77a1f1398fdb_skeleton.png,vessel_overlays/77a1f1398fdb_overlay.png
77ab222bf85c.png,False,0,,117.08541277910044,23.94822973286849,1.0,243.0,2.144864122857817e-05,117.68717156768119,36.7915270669676,3.0,225.0,3.0028097720009437e-05,13.544555205432472,9.41782208217299,0.8199813537474799,1.0,False,True,False,233115,60283,6987,0.2585976878364756,0.029972331252815135,preprocessed_green_images/77ab222bf85c_green_preprocessed.png,vessel_masks/77ab222bf85c_vessel_mask.png,vessel_skeletons/77ab222bf85c_skeleton.png,vessel_overlays/77ab222bf85c_overlay.png
77acc2cafee1.png,False,0,,93.21535533613066,17.87220469160645,0.0,247.0,0.0007410809343882429,118.88017683884331,22.357026167100745,2.0,239.0,0.000590313295154328,22.21510744403277,12.0,0.899235455259889,1.0,False,True,False,862254,214603,30105,0.24888605909627556,0.03491430599336159,preprocessed_green_images/77acc2cafee1_green_preprocessed.png,vessel_masks/77acc2cafee1_vessel_mask.png,vessel_skeletons/77acc2cafee1_skeleton.png,vessel_overlays/77acc2cafee1_overlay.png
77b7b71ebcc3.png,False,0,,83.82269547998598,14.739937947128125,0.0,241.0,0.0006581192414566372,121.82721758327472,22.589491968806684,2.0,238.0,0.0004677637642099203,21.598577117604954,12.0,0.9019864575944959,1.0,True,True,False,861546,185294,19390,0.21507151098142177,0.02250605307203562,preprocessed_green_images/77b7b71ebcc3_green_preprocessed.png,vessel_masks/77b7b71ebcc3_vessel_mask.png,vessel_skeletons/77b7b71ebcc3_skeleton.png,vessel_overlays/77b7b71ebcc3_overlay.png
77e15f213b04.png,False,1,mean_G,134.14754590341778,32.14758000374506,0.0,255.0,1.8249840313897253e-05,117.55652820445229,23.20663048497814,3.0,236.0,1.8925760325523078e-05,18.6899907762221,11.47599631048884,0.8954600327954739,1.0,False,True,False,1479465,591768,117731,0.3999878334397907,0.07957673888871991,preprocessed_green_images/77e15f213b04_green_preprocessed.png,vessel_masks/77e15f213b04_vessel_mask.png,vessel_skeletons/77e15f213b04_skeleton.png,vessel_overlays/77e15f213b04_overlay.png
780be525036d.png,False,0,,85.55533592479574,15.046123265112309,0.0,246.0,0.0008949018451692131,121.73302443163287,23.170375138087863,2.0,238.0,0.0005966012301128087,21.306574962182935,12.0,0.9014375025045831,1.0,True,True,False,861547,188013,20978,0.2182272122124504,0.024349222967522375,preprocessed_green_images/780be525036d_green_preprocessed.png,vessel_masks/780be525036d_vessel_mask.png,vessel_skeletons/780be525036d_skeleton.png,vessel_overlays/780be525036d_overlay.png
780f9c237c56.png,False,0,,106.92473583756994,17.389995985449723,0.0,245.0,0.00918671894899275,117.47547638329053,24.323557742089985,2.0,241.0,0.00838032536724603,21.473558689576812,12.0,0.9062980485233901,1.0,False,True,False,875503,372055,73552,0.42496142217673727,0.08401113417087092,preprocessed_green_images/780f9c237c56_green_preprocessed.png,vessel_masks/780f9c237c56_vessel_mask.png,vessel_skeletons/780f9c237c56_skeleton.png,vessel_overlays/780f9c237c56_overlay.png
780f9daaa24b.png,False,0,,88.12827884203922,16.789939278834968,0.0,234.0,0.0006007127375453579,121.264442328678,22.08087681753751,3.0,237.0,0.0004279208497186043,20.948393238380813,12.0,0.9017810067429815,1.0,True,True,False,862309,185878,21334,0.21555845990242478,0.02474055124091248,preprocessed_green_images/780f9daaa24b_green_preprocessed.png,vessel_masks/780f9daaa24b_vessel_mask.png,vessel_skeletons/780f9daaa24b_skeleton.png,vessel_overlays/780f9daaa24b_overlay.png
7828dd083cdc.png,False,0,,85.0392878426353,17.08504243865278,0.0,254.0,0.001146658689910563,121.68068975752053,22.201514330924,3.0,239.0,0.0006666620290177691,21.37917346081629,12.0,0.90358003777724,1.0,True,True,False,862506,185048,20625,0.21454691329683503,0.023912877127811285,preprocessed_green_images/7828dd083cdc_green_preprocessed.png,vessel_masks/7828dd083cdc_vessel_mask.png,vessel_skeletons/7828dd083cdc_skeleton.png,vessel_overlays/7828dd083cdc_overlay.png
7831ce1d895e.png,False,0,,95.99937572337045,17.740473807189304,0.0,251.0,0.0033729400890603885,119.78381796508897,27.029112824523324,2.0,241.0,0.003307166026427326,22.258416827871223,12.0,0.8986892078396449,1.0,False,True,False,866603,202718,24863,0.2339225689271789,0.028690184548172577,preprocessed_green_images/7831ce1d895e_green_preprocessed.png,vessel_masks/7831ce1d895e_vessel_mask.png,vessel_skeletons/7831ce1d895e_skeleton.png,vessel_overlays/7831ce1d895e_overlay.png
784d6d302f98.png,False,0,,84.95932756453921,17.756799340207746,0.0,255.0,0.0005790455148341249,120.76440506264484,21.0385784255554,4.0,237.0,0.000340000673038875,20.39030457649793,12.0,0.9033660951840506,1.0,True,True,False,861763,194462,24177,0.22565600983100922,0.02805527737904737,preprocessed_green_images/784d6d302f98_green_preprocessed.png,vessel_masks/784d6d302f98_vessel_mask.png,vessel_skeletons/784d6d302f98_skeleton.png,vessel_overlays/784d6d302f98_overlay.png
78937523f7a8.png,False,0,,78.25420072368478,13.99797661808587,0.0,255.0,0.00022776302331777669,121.5616335335929,30.19958694950608,6.0,226.0,4.2974155342976735e-05,19.708861112241973,12.0,0.8333922777501509,1.0,True,True,False,232698,52563,6176,0.2258850527292886,0.02654083833982243,preprocessed_green_images/78937523f7a8_green_preprocessed.png,vessel_masks/78937523f7a8_vessel_mask.png,vessel_skeletons/78937523f7a8_skeleton.png,vessel_overlays/78937523f7a8_overlay.png
789c60cba801.png,False,0,,76.67190400082491,12.405916632776933,0.0,204.0,4.7260603560871656e-05,117.52050250910841,33.81636255183994,3.0,226.0,4.296418505533787e-05,12.463215325330864,10.170005774503466,0.827275265111602,1.0,True,True,False,232752,57010,7277,0.2449388190004812,0.03126503746476937,preprocessed_green_images/789c60cba801_green_preprocessed.png,vessel_masks/789c60cba801_vessel_mask.png,vessel_skeletons/789c60cba801_skeleton.png,vessel_overlays/789c60cba801_overlay.png
789f0ec1eab8.png,False,0,,82.81243061335766,14.634248186386609,0.0,196.0,0.001180802922834529,119.49749889733845,21.80603662150429,3.0,237.0,0.0007663642499180963,20.465199079028416,12.0,0.9016002974999833,1.0,True,True,False,863819,200435,26860,0.23203356258660668,0.03109447696797593,preprocessed_green_images/789f0ec1eab8_green_preprocessed.png,vessel_masks/789f0ec1eab8_vessel_mask.png,vessel_skeletons/789f0ec1eab8_skeleton.png,vessel_overlays/789f0ec1eab8_overlay.png
799214e8b07c.png,False,0,,92.30128576930395,14.75488916192027,0.0,235.0,0.0007888155238895101,118.97374636332843,21.531005362895232,2.0,238.0,0.0006484527615503473,17.252466656235118,10.900986662494047,0.8994450565733247,1.0,False,True,False,862052,207538,28040,0.240748817936737,0.0325270401321498,preprocessed_green_images/799214e8b07c_green_preprocessed.png,vessel_masks/799214e8b07c_vessel_mask.png,vessel_skeletons/799214e8b07c_skeleton.png,vessel_overlays/799214e8b07c_overlay.png
79ade634c633.png,False,1,mean_G,29.78370626997389,11.259669187384047,0.0,243.0,0.6003630410845802,124.35185944637935,25.900678341052863,16.0,242.0,0.0007073112176158579,27.928682955556017,12.0,0.9283369992163139,1.0,True,True,False,1470357,396693,67308,0.26979366235546876,0.04577663791854631,preprocessed_green_images/79ade634c633_green_preprocessed.png,vessel_masks/79ade634c633_vessel_mask.png,vessel_skeletons/79ade634c633_skeleton.png,vessel_overlays/79ade634c633_overlay.png
79cbae28d8b2.png,False,0,,91.19478290735547,15.723063350841027,0.0,239.0,0.0006973605887997624,119.75417401061242,21.123569777594824,2.0,237.0,0.000534913862623445,18.430297571841585,11.372119028736634,0.9004100380770415,1.0,False,True,False,861821,212297,28421,0.24633537590752605,0.032977845747550825,preprocessed_green_images/79cbae28d8b2_green_preprocessed.png,vessel_masks/79cbae28d8b2_vessel_mask.png,vessel_skeletons/79cbae28d8b2_skeleton.png,vessel_overlays/79cbae28d8b2_overlay.png
7a06ea127e02.png,False,0,,72.40534261946398,13.030144830823152,0.0,187.0,0.0006498125406858075,121.0952172636626,21.195463647890403,3.0,239.0,0.00035623651784025517,21.494533305268227,12.0,0.9046811130306995,1.0,True,True,False,861787,197544,24574,0.22922601524506636,0.02851516674073756,preprocessed_green_images/7a06ea127e02_green_preprocessed.png,vessel_masks/7a06ea127e02_vessel_mask.png,vessel_skeletons/7a06ea127e02_skeleton.png,vessel_overlays/7a06ea127e02_overlay.png
7a12f49e29df.png,False,1,mean_S,49.7811104884983,16.104751426094204,11.0,199.0,0.10395421102416977,123.65543562939861,16.72274230466708,42.0,245.0,0.0,9.241184696684618,11.27148627969622,0.9477969968116741,1.0,True,True,False,4554284,1192259,192581,0.2617884611499854,0.04228568091054488,preprocessed_green_images/7a12f49e29df_green_preprocessed.png,vessel_masks/7a12f49e29df_vessel_mask.png,vessel_skeletons/7a12f49e29df_skeleton.png,vessel_overlays/7a12f49e29df_overlay.png
7a39c91416e2.png,False,0,,93.7634952144876,18.562689274050136,0.0,252.0,0.0007011103037719734,119.72077499921777,22.560454078576484,2.0,239.0,0.0005469819229427628,22.55711599724853,12.0,0.899680314297701,1.0,False,True,False,862917,197846,22131,0.2292758167935039,0.02564673079797941,preprocessed_green_images/7a39c91416e2_green_preprocessed.png,vessel_masks/7a39c91416e2_vessel_mask.png,vessel_skeletons/7a39c91416e2_skeleton.png,vessel_overlays/7a39c91416e2_overlay.png
7a42443ed106.png,False,0,,72.47930747961122,23.296261052804045,0.0,253.0,0.008425501806129668,123.72997663203367,22.309547087262754,2.0,236.0,0.0002792984024131382,24.873064696000142,12.0,0.9094453397443195,1.0,True,True,False,859296,189306,20884,0.2203035973634231,0.024303615983316575,preprocessed_green_images/7a42443ed106_green_preprocessed.png,vessel_masks/7a42443ed106_vessel_mask.png,vessel_skeletons/7a42443ed106_skeleton.png,vessel_overlays/7a42443ed106_overlay.png
7a46cfa69bae.png,False,0,,79.19867929712453,12.637549344713584,0.0,166.0,0.000501987662464887,119.03963499816247,22.398902444376564,3.0,239.0,0.0003234516347060126,19.69684684666004,12.0,0.9005641818152584,1.0,True,True,False,862571,215828,33149,0.2502147649294957,0.03843045963752549,preprocessed_green_images/7a46cfa69bae_green_preprocessed.png,vessel_masks/7a46cfa69bae_vessel_mask.png,vessel_skeletons/7a46cfa69bae_skeleton.png,vessel_overlays/7a46cfa69bae_overlay.png
7a6495a39d87.png,False,1,mean_S,69.96338171877406,27.07771981675625,0.0,228.0,0.07044509471738795,124.31691501103752,23.146998577232775,7.0,251.0,0.006412675188664715,19.4517694374369,12.0,0.9582208103882109,1.0,True,True,False,1558320,380897,50865,0.24442797371528313,0.032640920991837366,preprocessed_green_images/7a6495a39d87_green_preprocessed.png,vessel_masks/7a6495a39d87_vessel_mask.png,vessel_skeletons/7a6495a39d87_skeleton.png,vessel_overlays/7a6495a39d87_overlay.png
7a77c3eb468c.png,False,0,,85.42764436953058,15.368069319664713,0.0,248.0,0.002468309127433097,118.83971691796162,22.773979000928346,2.0,240.0,0.001925696737398693,21.773224488750746,12.0,0.9019846646049771,1.0,True,True,False,866180,206722,27451,0.23865940104828096,0.03169202706134983,preprocessed_green_images/7a77c3eb468c_green_preprocessed.png,vessel_masks/7a77c3eb468c_vessel_mask.png,vessel_skeletons/7a77c3eb468c_skeleton.png,vessel_overlays/7a77c3eb468c_overlay.png
7a9f45fdf29b.png,False,0,,86.25797632011863,14.584836515668787,0.0,173.0,0.0007634560578326652,121.34822980143191,21.431609944188803,2.0,238.0,0.0005421812368219839,21.8094847320673,12.0,0.9017648182491396,1.0,True,True,False,863180,182298,20529,0.21119349382515815,0.023782988484441252,preprocessed_green_images/7a9f45fdf29b_green_preprocessed.png,vessel_masks/7a9f45fdf29b_vessel_mask.png,vessel_skeletons/7a9f45fdf29b_skeleton.png,vessel_overlays/7a9f45fdf29b_overlay.png
7ad0c4975890.png,False,0,,58.29417483425761,14.72274454971377,0.0,205.0,2.1623273561800036e-05,120.46125412103555,17.687678007576256,10.0,243.0,8.649309424720014e-06,11.367955378685053,11.365477721762232,0.935432447849865,1.0,True,True,False,3468485,926126,172361,0.26701167800927494,0.04969345405847222,preprocessed_green_images/7ad0c4975890_green_preprocessed.png,vessel_masks/7ad0c4975890_vessel_mask.png,vessel_skeletons/7ad0c4975890_skeleton.png,vessel_overlays/7ad0c4975890_overlay.png
7adfb8fc0621.png,False,0,,87.91132374210953,20.716689042753917,0.0,255.0,0.0006140580998790457,120.23411632512345,22.942458723939303,2.0,238.0,0.00045967298214007955,22.253171388784743,12.0,0.9018652328879208,1.0,True,True,False,861482,185892,20389,0.21578164140399916,0.023667354628419398,preprocessed_green_images/7adfb8fc0621_green_preprocessed.png,vessel_masks/7adfb8fc0621_vessel_mask.png,vessel_skeletons/7adfb8fc0621_skeleton.png,vessel_overlays/7adfb8fc0621_overlay.png
7af4d8704032.png,False,0,,88.83140738165595,14.232034048920525,0.0,228.0,0.000553913899994206,118.62027348050293,20.86422204199723,2.0,238.0,0.00037429746798771656,20.363718376693033,12.0,0.900677065549345,1.0,True,True,False,862950,212426,30476,0.24616258184135814,0.0353160669795469,preprocessed_green_images/7af4d8704032_green_preprocessed.png,vessel_masks/7af4d8704032_vessel_mask.png,vessel_skeletons/7af4d8704032_skeleton.png,vessel_overlays/7af4d8704032_overlay.png
7b691d9ced34.png,False,0,,61.038817676854,13.73667788365536,0.0,201.0,0.0005594670852629568,121.1606584244473,20.01855830056462,7.0,244.0,1.00882781989714e-05,12.404136937421905,11.53598209258174,0.9350388490701744,1.0,True,True,False,3469373,905095,138408,0.26088143304280054,0.03989424025609238,preprocessed_green_images/7b691d9ced34_green_preprocessed.png,vessel_masks/7b691d9ced34_vessel_mask.png,vessel_skeletons/7b691d9ced34_skeleton.png,vessel_overlays/7b691d9ced34_overlay.png
7b87b0015282.png,False,0,,88.19756937162614,16.4018969428188,0.0,253.0,0.001076391342986482,119.74678270219415,21.55935548963989,2.0,237.0,0.0008574053754682418,20.989104453138886,12.0,0.9015902629280915,1.0,True,True,False,863069,199091,24822,0.2306779643342537,0.02876015706739554,preprocessed_green_images/7b87b0015282_green_preprocessed.png,vessel_masks/7b87b0015282_vessel_mask.png,vessel_skeletons/7b87b0015282_skeleton.png,vessel_overlays/7b87b0015282_overlay.png
7ba6b23c4b46.png,False,0,,44.753685400467454,26.602422441219037,0.0,250.0,0.15770204141906377,121.56946629799931,29.857606927182065,3.0,244.0,0.002800649750742172,8.723354257169554,11.511236333937381,0.9151788787261073,1.0,True,True,False,392766,97419,12921,0.24803318006141062,0.03289745039030873,preprocessed_green_images/7ba6b23c4b46_green_preprocessed.png,vessel_masks/7ba6b23c4b46_vessel_mask.png,vessel_skeletons/7ba6b23c4b46_skeleton.png,vessel_overlays/7ba6b23c4b46_overlay.png
7bc00e58d419.png,False,0,,76.56623107036877,19.419167179265674,0.0,253.0,0.0009845033598499097,120.02943177438155,21.65996615510548,2.0,241.0,0.0005212759535054357,25.272361068969847,12.0,0.9048246114546535,1.0,True,True,False,861348,206643,26032,0.23990651861965198,0.030222395593883077,preprocessed_green_images/7bc00e58d419_green_preprocessed.png,vessel_masks/7bc00e58d419_vessel_mask.png,vessel_skeletons/7bc00e58d419_skeleton.png,vessel_overlays/7bc00e58d419_overlay.png
7be1b9aa78aa.png,False,0,,90.79339799079355,12.190509457941083,0.0,160.0,0.0008743232680003474,118.4642841840132,21.2044159410627,3.0,238.0,0.0006496627196664833,19.8009764235077,11.920390569403079,0.8996742955570581,1.0,False,True,False,863525,213530,29861,0.24727714889551547,0.03458035378246142,preprocessed_green_images/7be1b9aa78aa_green_preprocessed.png,vessel_masks/7be1b9aa78aa_vessel_mask.png,vessel_skeletons/7be1b9aa78aa_skeleton.png,vessel_overlays/7be1b9aa78aa_overlay.png
7c2e852171c0.png,False,0,,84.22557504791824,21.909515923152565,0.0,255.0,0.0005897629686903199,120.50423688967369,21.781877459932677,4.0,237.0,0.000388918493132396,20.471388547464617,12.0,0.9039887356527997,1.0,True,True,False,861363,196029,23691,0.22758000982164314,0.02750408364417789,preprocessed_green_images/7c2e852171c0_green_preprocessed.png,vessel_masks/7c2e852171c0_vessel_mask.png,vessel_skeletons/7c2e852171c0_skeleton.png,vessel_overlays/7c2e852171c0_overlay.png
7c3747c0b2c3.png,False,0,,90.02269679813631,18.005604388957465,0.0,255.0,3.2506230360819155e-05,118.61903442951565,22.711477406383437,3.0,236.0,2.3702459638097302e-05,20.21799402544997,12.0,0.8997013917377762,1.0,False,True,False,1476640,599330,118933,0.40587414671145305,0.08054298948965219,preprocessed_green_images/7c3747c0b2c3_green_preprocessed.png,vessel_masks/7c3747c0b2c3_vessel_mask.png,vessel_skeletons/7c3747c0b2c3_skeleton.png,vessel_overlays/7c3747c0b2c3_overlay.png
7c6594b50690.png,False,0,,94.55899409653895,11.69348980678597,0.0,187.0,0.0009075124435698576,118.83813404329204,20.986383596521065,2.0,238.0,0.0006841069568237065,19.548193999544228,11.819277599817692,0.9000706048555557,1.0,False,True,False,863900,190957,23391,0.22104062970251187,0.02707605046880426,preprocessed_green_images/7c6594b50690_green_preprocessed.png,vessel_masks/7c6594b50690_vessel_mask.png,vessel_skeletons/7c6594b50690_skeleton.png,vessel_overlays/7c6594b50690_overlay.png
7ccf9d25dc48.png,False,0,,82.5794348182665,19.503601315817455,0.0,255.0,0.0007911291454529214,121.86662745821342,21.61731617975176,3.0,239.0,0.0005788466914677533,21.23760771488028,12.0,0.903597008082709,1.0,True,True,False,862059,179541,20530,0.20826996760082547,0.023815075302270495,preprocessed_green_images/7ccf9d25dc48_green_preprocessed.png,vessel_masks/7ccf9d25dc48_vessel_mask.png,vessel_skeletons/7ccf9d25dc48_skeleton.png,vessel_overlays/7ccf9d25dc48_overlay.png
7ce671f952be.png,False,0,,85.2768910053106,13.548094969003717,0.0,244.0,0.0013554307514943307,118.97889995971906,21.492509393580765,2.0,239.0,0.001018598686007695,19.81705492368251,12.0,0.9016870101893172,1.0,True,True,False,863932,217497,32236,0.25175245273933594,0.037313121866072795,preprocessed_green_images/7ce671f952be_green_preprocessed.png,vessel_masks/7ce671f952be_vessel_mask.png,vessel_skeletons/7ce671f952be_skeleton.png,vessel_overlays/7ce671f952be_overlay.png
7d0a871c45db.png,False,0,,92.4915306711688,13.187326228602307,0.0,243.0,0.00046034002546364476,118.66258467589512,21.79858779163768,2.0,239.0,0.0003455449057636426,21.085876120077593,12.0,0.8988908718565835,1.0,False,True,False,862406,214354,30066,0.2485534655371136,0.034862929988891546,preprocessed_green_images/7d0a871c45db_green_preprocessed.png,vessel_masks/7d0a871c45db_vessel_mask.png,vessel_skeletons/7d0a871c45db_skeleton.png,vessel_overlays/7d0a871c45db_overlay.png
7d11dbc1e738.png,False,0,,100.58962561307312,22.35423752789379,0.0,255.0,2.3657728101055e-05,119.900961314883,25.439548518617173,2.0,237.0,2.7037403544062856e-05,19.620171825205578,11.84806873008223,0.8966982863729366,1.0,False,True,False,1479432,323306,40644,0.21853386975541964,0.027472705741122268,preprocessed_green_images/7d11dbc1e738_green_preprocessed.png,vessel_masks/7d11dbc1e738_vessel_mask.png,vessel_skeletons/7d11dbc1e738_skeleton.png,vessel_overlays/7d11dbc1e738_overlay.png
7d48f8cdfb69.png,False,0,,94.77310247851945,26.440965207707226,0.0,246.0,1.891071575708375e-05,118.68442067697661,25.01791508268976,5.0,237.0,1.4858419523422948e-05,20.01857457602309,12.0,0.8970362082217281,1.0,False,True,False,1480642,329192,54732,0.22233058362521121,0.036965046243453856,preprocessed_green_images/7d48f8cdfb69_green_preprocessed.png,vessel_masks/7d48f8cdfb69_vessel_mask.png,vessel_skeletons/7d48f8cdfb69_skeleton.png,vessel_overlays/7d48f8cdfb69_overlay.png
7d94a000c2d0.png,False,0,,98.83274170818456,11.671166517915374,0.0,228.0,0.0010158674327710967,117.78476221991332,20.512310865947182,2.0,237.0,0.0007370245497439505,19.910386093358966,11.964154437343586,0.9000250028350778,1.0,False,True,False,864286,209752,31795,0.242688184235311,0.03678759114459797,preprocessed_green_images/7d94a000c2d0_green_preprocessed.png,vessel_masks/7d94a000c2d0_vessel_mask.png,vessel_skeletons/7d94a000c2d0_skeleton.png,vessel_overlays/7d94a000c2d0_overlay.png
7da558d92100.png,False,0,,70.68302679617001,18.393715163393725,0.0,234.0,4.7358269614934216e-05,115.97275177378246,31.50953393950415,31.0,230.0,0.0,11.959353260204583,10.500805588866722,0.8345312927827067,1.0,True,True,False,232272,58956,9329,0.2538231039470965,0.04016411793070194,preprocessed_green_images/7da558d92100_green_preprocessed.png,vessel_masks/7da558d92100_vessel_mask.png,vessel_skeletons/7da558d92100_skeleton.png,vessel_overlays/7da558d92100_overlay.png
7ddcfcea7369.png,False,0,,82.69819917655377,14.165742463275429,0.0,238.0,2.841802920967431e-05,118.47084952991844,24.068008097387125,2.0,237.0,1.759211332027457e-05,20.40142896648985,12.0,0.8981991348466878,1.0,True,True,False,1477935,350600,59502,0.23722288192647173,0.040260227953191445,preprocessed_green_images/7ddcfcea7369_green_preprocessed.png,vessel_masks/7ddcfcea7369_vessel_mask.png,vessel_skeletons/7ddcfcea7369_skeleton.png,vessel_overlays/7ddcfcea7369_overlay.png
7e5a76c4e103.png,False,0,,90.78873075467854,13.861148037884572,0.0,255.0,2.978130370364354e-05,120.45096406818023,24.115481259884053,3.0,238.0,2.30128255891791e-05,19.763257092693443,11.905302837077377,0.8980460602087907,1.0,False,True,False,1477437,336705,39766,0.22789804235307495,0.026915530069979297,preprocessed_green_images/7e5a76c4e103_green_preprocessed.png,vessel_masks/7e5a76c4e103_vessel_mask.png,vessel_skeletons/7e5a76c4e103_skeleton.png,vessel_overlays/7e5a76c4e103_overlay.png
7e70344b0c25.png,False,0,,102.37477911299212,26.234987239550843,0.0,255.0,2.297562758940391e-05,118.32482807135149,24.80152677820328,2.0,237.0,2.500288884729249e-05,20.05699386766063,12.0,0.8963289422777715,1.0,False,True,False,1479829,541999,110104,0.3662578581714509,0.07440319117952142,preprocessed_green_images/7e70344b0c25_green_preprocessed.png,vessel_masks/7e70344b0c25_vessel_mask.png,vessel_skeletons/7e70344b0c25_skeleton.png,vessel_overlays/7e70344b0c25_overlay.png
7e77b61e1639.png,False,0,,72.78951126285102,14.702304405823044,0.0,151.0,0.0007023655999004594,120.45980875654543,21.838723294155383,4.0,240.0,0.0003709513681593486,18.836997937818445,12.0,0.9024560007954658,1.0,True,True,False,859951,202655,27299,0.23565877590699935,0.03174483197298451,preprocessed_green_images/7e77b61e1639_green_preprocessed.png,vessel_masks/7e77b61e1639_vessel_mask.png,vessel_skeletons/7e77b61e1639_skeleton.png,vessel_overlays/7e77b61e1639_overlay.png
7e9081e95bf6.png,False,0,,90.7967118822463,13.191624848599476,0.0,200.0,0.0007302806828008467,119.77297776005527,21.48653995799626,3.0,239.0,0.0005679960866228807,20.379989706335817,12.0,0.9006036346905831,1.0,False,True,False,862682,189315,23446,0.21944934518165443,0.02717803315706135,preprocessed_green_images/7e9081e95bf6_green_preprocessed.png,vessel_masks/7e9081e95bf6_vessel_mask.png,vessel_skeletons/7e9081e95bf6_skeleton.png,vessel_overlays/7e9081e95bf6_overlay.png
7e980424868e.png,False,0,,87.19925015438339,16.580306916125345,0.0,251.0,0.00104853257576372,120.72382578834008,21.112840714846445,3.0,239.0,0.0007762616859245219,21.01903725799897,12.0,0.9032277317483406,1.0,True,True,False,863111,194029,24605,0.22480190844514783,0.028507341465929644,preprocessed_green_images/7e980424868e_green_preprocessed.png,vessel_masks/7e980424868e_vessel_mask.png,vessel_skeletons/7e980424868e_skeleton.png,vessel_overlays/7e980424868e_overlay.png
7ec0e61a7e29.png,False,0,,96.72561247679442,10.88137303034109,0.0,191.0,0.0010888990098185862,118.39218628264675,21.533347586871226,3.0,238.0,0.0008866088540667256,21.159852812625573,12.0,0.8992575979854939,1.0,False,True,False,865094,209546,30986,0.2422233884410249,0.035818072949297994,preprocessed_green_images/7ec0e61a7e29_green_preprocessed.png,vessel_masks/7ec0e61a7e29_vessel_mask.png,vessel_skeletons/7ec0e61a7e29_skeleton.png,vessel_overlays/7ec0e61a7e29_overlay.png
7ed4128b2a4e.png,False,0,,80.1750672541744,19.824956650330893,0.0,254.0,0.0006725417439703154,123.00035134508349,22.948409482780242,4.0,241.0,0.00036989795918367346,21.536830565912137,12.0,0.9043724451956878,1.0,True,True,False,862400,181600,19137,0.21057513914656772,0.02219039888682746,preprocessed_green_images/7ed4128b2a4e_green_preprocessed.png,vessel_masks/7ed4128b2a4e_vessel_mask.png,vessel_skeletons/7ed4128b2a4e_skeleton.png,vessel_overlays/7ed4128b2a4e_overlay.png
7ee6de71c140.png,False,0,,90.05253693252216,13.240591437052737,0.0,245.0,0.000905509713965461,119.4655026273677,20.876476938643798,3.0,238.0,0.0006681318477724693,20.147501482878877,12.0,0.9011380885445599,1.0,False,True,False,863602,216716,30050,0.25094430073112384,0.034796121361460486,preprocessed_green_images/7ee6de71c140_green_preprocessed.png,vessel_masks/7ee6de71c140_vessel_mask.png,vessel_skeletons/7ee6de71c140_skeleton.png,vessel_overlays/7ee6de71c140_overlay.png
7eeb191ad06b.png,False,0,,80.50392115426148,18.988343246627483,0.0,255.0,0.000963742385854584,120.43402080290191,23.217393422394096,1.0,240.0,0.0007512546068047179,24.65420306544561,12.0,0.902035034655476,1.0,True,True,False,861226,205452,26341,0.23855759115493494,0.030585467693729638,preprocessed_green_images/7eeb191ad06b_green_preprocessed.png,vessel_masks/7eeb191ad06b_vessel_mask.png,vessel_skeletons/7eeb191ad06b_skeleton.png,vessel_overlays/7eeb191ad06b_overlay.png
7f1f3269f546.png,False,0,,89.95837676212692,14.096827235253766,0.0,246.0,0.0008753389764678739,119.08196419109983,20.331199989752502,3.0,236.0,0.0006956336236830786,19.68415515655964,11.877361905990352,0.9013133090948926,1.0,True,True,False,862523,214478,29569,0.24866351390049887,0.03428198436447492,preprocessed_green_images/7f1f3269f546_green_preprocessed.png,vessel_masks/7f1f3269f546_vessel_mask.png,vessel_skeletons/7f1f3269f546_skeleton.png,vessel_overlays/7f1f3269f546_overlay.png
7f2123bc89a3.png,False,0,,73.839820661729,17.605283593277328,0.0,250.0,3.868754647878848e-05,117.3545369745479,31.557955869924566,14.0,227.0,2.149308137710471e-05,13.366214341677383,10.782946122295042,0.8317279336447243,1.0,True,True,False,232633,56877,7604,0.2444923978971169,0.03268667815830084,preprocessed_green_images/7f2123bc89a3_green_preprocessed.png,vessel_masks/7f2123bc89a3_vessel_mask.png,vessel_skeletons/7f2123bc89a3_skeleton.png,vessel_overlays/7f2123bc89a3_overlay.png
7f2cce721e19.png,False,0,,83.4956815586582,21.390729160064826,0.0,255.0,0.0005703711362002131,120.79120815293845,22.84754032017644,4.0,239.0,0.00035546551461764804,19.960532488460522,12.0,0.9028707059180098,1.0,True,True,False,860843,177273,19851,0.2059295365124651,0.023059954021813503,preprocessed_green_images/7f2cce721e19_green_preprocessed.png,vessel_masks/7f2cce721e19_vessel_mask.png,vessel_skeletons/7f2cce721e19_skeleton.png,vessel_overlays/7f2cce721e19_overlay.png
7f39c36469b5.png,False,0,,71.54143261606183,13.531330463352024,0.0,169.0,0.0014440617603391456,121.56329552538195,21.2993596790439,2.0,241.0,0.0005490684989070866,22.11511081765964,12.0,0.9063742951098587,1.0,True,True,False,861459,212951,26565,0.24719806746461526,0.030837219182804985,preprocessed_green_images/7f39c36469b5_green_preprocessed.png,vessel_masks/7f39c36469b5_vessel_mask.png,vessel_skeletons/7f39c36469b5_skeleton.png,vessel_overlays/7f39c36469b5_overlay.png
7f43becd3e83.png,False,0,,41.96220645263139,28.48533327084525,0.0,255.0,0.23569087867515068,120.95074591522614,29.753393513301823,8.0,243.0,0.0002648069073863304,10.720241291768184,12.0,0.9171940696497723,1.0,True,True,False,392739,107984,17330,0.2749510489154375,0.04412599716351063,preprocessed_green_images/7f43becd3e83_green_preprocessed.png,vessel_masks/7f43becd3e83_vessel_mask.png,vessel_skeletons/7f43becd3e83_skeleton.png,vessel_overlays/7f43becd3e83_overlay.png
7f6690fa390a.png,False,0,,34.677062284014454,16.993653170555277,0.0,243.0,0.4474316829987865,120.39513922956606,26.990982780437413,3.0,241.0,9.512536844093598e-06,27.953697407805063,12.0,0.9203462730348769,1.0,True,True,False,1471742,398014,73762,0.27043734567607636,0.050118838763859426,preprocessed_green_images/7f6690fa390a_green_preprocessed.png,vessel_masks/7f6690fa390a_vessel_mask.png,vessel_skeletons/7f6690fa390a_skeleton.png,vessel_overlays/7f6690fa390a_overlay.png
7fc3a8bb40de.png,False,0,,81.79476941158198,18.669516598852532,0.0,247.0,0.0012378719266178395,122.04541877276822,22.28874448220751,3.0,238.0,0.000820611726634298,21.533777685316565,12.0,0.9043536479836741,1.0,True,True,False,862771,181242,20581,0.2100696476817139,0.02385453382183685,preprocessed_green_images/7fc3a8bb40de_green_preprocessed.png,vessel_masks/7fc3a8bb40de_vessel_mask.png,vessel_skeletons/7fc3a8bb40de_skeleton.png,vessel_overlays/7fc3a8bb40de_overlay.png
7fdb177b8f7d.png,False,0,,74.74705453767949,18.282139153916813,0.0,243.0,0.0027365869473517856,121.85647966849533,23.033088499113575,2.0,240.0,0.0008099367738022057,23.359796553136455,12.0,0.9039471803136325,1.0,True,True,False,860561,190273,22359,0.2211034429866099,0.025981888558742495,preprocessed_green_images/7fdb177b8f7d_green_preprocessed.png,vessel_masks/7fdb177b8f7d_vessel_mask.png,vessel_skeletons/7fdb177b8f7d_skeleton.png,vessel_overlays/7fdb177b8f7d_overlay.png
7fe7309d0b4f.png,False,0,,82.2917038855984,20.992149556459328,0.0,230.0,0.0020014008644471987,122.61914375355008,22.896251643701017,2.0,241.0,0.00032756531849919326,22.9659323539153,12.0,0.9048519240507175,1.0,True,True,False,860897,177255,17068,0.20589571110132804,0.019825832823206494,preprocessed_green_images/7fe7309d0b4f_green_preprocessed.png,vessel_masks/7fe7309d0b4f_vessel_mask.png,vessel_skeletons/7fe7309d0b4f_skeleton.png,vessel_overlays/7fe7309d0b4f_overlay.png
8010c931321f.png,False,0,,83.12970608285052,24.154268357695408,0.0,255.0,0.0009174386506451684,122.04658149584307,22.884906464994362,3.0,239.0,0.000353039683286242,21.561240572839026,12.0,0.9044827721731248,1.0,True,True,False,861093,183638,20822,0.21326151762933854,0.024180895675612275,preprocessed_green_images/8010c931321f_green_preprocessed.png,vessel_masks/8010c931321f_vessel_mask.png,vessel_skeletons/8010c931321f_skeleton.png,vessel_overlays/8010c931321f_overlay.png
80b5697f2a5e.png,False,0,,96.88416251525275,11.763885929054574,0.0,222.0,0.0007427931106808088,118.69041055252914,21.415440862216958,2.0,239.0,0.000616483517756927,21.12570906904567,12.0,0.8985629156555293,1.0,False,True,False,862959,210578,29941,0.24401854549289131,0.03469573873150405,preprocessed_green_images/80b5697f2a5e_green_preprocessed.png,vessel_masks/80b5697f2a5e_vessel_mask.png,vessel_skeletons/80b5697f2a5e_skeleton.png,vessel_overlays/80b5697f2a5e_overlay.png
80c67efc8101.png,False,0,,92.48842925192903,15.136187810616066,0.0,220.0,0.0003798257912166157,119.52226278601637,20.884309158848257,3.0,238.0,0.00028225586319766854,19.096942753189424,11.63877710127577,0.8999871470878588,1.0,False,True,False,860921,205505,27672,0.23870366735159207,0.032142322001670304,preprocessed_green_images/80c67efc8101_green_preprocessed.png,vessel_masks/80c67efc8101_vessel_mask.png,vessel_skeletons/80c67efc8101_skeleton.png,vessel_overlays/80c67efc8101_overlay.png
80dbeb0fdc75.png,False,0,,91.40019986459289,15.530240039716258,0.0,243.0,0.0007929662502434545,119.96006417925675,21.014505717414522,2.0,238.0,0.0006028398393663689,20.99706566628394,12.0,0.9019093679287064,1.0,False,True,False,862584,190259,23952,0.22056866345770382,0.02776773044712167,preprocessed_green_images/80dbeb0fdc75_green_preprocessed.png,vessel_masks/80dbeb0fdc75_vessel_mask.png,vessel_skeletons/80dbeb0fdc75_skeleton.png,vessel_overlays/80dbeb0fdc75_overlay.png
80e6e425f966.png,False,0,,73.76921276691881,15.223991002943578,0.0,203.0,0.0009419130450901769,121.3613991753337,23.878647700710737,3.0,240.0,0.00050165848526943,20.1206885457584,12.0,0.9037218688577542,1.0,True,True,False,863137,195143,23979,0.22608577780815792,0.027781221289320236,preprocessed_green_images/80e6e425f966_green_preprocessed.png,vessel_masks/80e6e425f966_vessel_mask.png,vessel_skeletons/80e6e425f966_skeleton.png,vessel_overlays/80e6e425f966_overlay.png
80ed04a84a16.png,False,0,,39.040945753651684,12.179860096610412,0.0,238.0,0.19346856713974725,122.6442692042533,25.103552889147583,18.0,240.0,6.79225547031275e-06,25.59717202272899,12.0,0.9182036724321736,1.0,True,True,False,1472265,394925,66824,0.26824314916132624,0.04538856795481792,preprocessed_green_images/80ed04a84a16_green_preprocessed.png,vessel_masks/80ed04a84a16_vessel_mask.png,vessel_skeletons/80ed04a84a16_skeleton.png,vessel_overlays/80ed04a84a16_overlay.png
80f6b30ece8c.png,False,0,,76.44459330973626,34.15551643665113,0.0,255.0,0.0009480844154303958,119.9578458220922,25.712587837503666,4.0,238.0,1.3553744323522456e-05,21.48233956083992,12.0,0.903607013564002,1.0,True,True,False,1475607,367553,56181,0.24908596936718244,0.038073145491990756,preprocessed_green_images/80f6b30ece8c_green_preprocessed.png,vessel_masks/80f6b30ece8c_vessel_mask.png,vessel_skeletons/80f6b30ece8c_skeleton.png,vessel_overlays/80f6b30ece8c_overlay.png
810ed108f5b7.png,False,0,,84.4872420699928,12.28166418492677,0.0,240.0,3.6479215291546615e-05,119.1593445900986,24.670849760256957,2.0,237.0,3.4452592219794026e-05,20.152440825142996,12.0,0.8981591043594871,1.0,True,True,False,1480295,346202,46698,0.2338736535622967,0.031546414734900816,preprocessed_green_images/810ed108f5b7_green_preprocessed.png,vessel_masks/810ed108f5b7_vessel_mask.png,vessel_skeletons/810ed108f5b7_skeleton.png,vessel_overlays/810ed108f5b7_overlay.png
81371b0c01ad.png,False,0,,76.7226080263503,15.421172222039685,0.0,191.0,3.439987272047094e-05,117.29696980121173,28.833426894054533,20.0,227.0,2.1499920450294335e-05,18.121657534219725,12.0,0.832058802509604,1.0,True,True,False,232559,57219,7805,0.2460407896490783,0.03356137582290945,preprocessed_green_images/81371b0c01ad_green_preprocessed.png,vessel_masks/81371b0c01ad_vessel_mask.png,vessel_skeletons/81371b0c01ad_skeleton.png,vessel_overlays/81371b0c01ad_overlay.png
81704925f759.png,False,0,,89.54063065985457,22.223564792933526,0.0,255.0,2.0949909442326926e-05,119.16086083853702,25.517171944056834,2.0,237.0,1.6219284729543428e-05,20.003392657102037,12.0,0.8970371938499192,1.0,True,True,False,1479720,334320,47011,0.22593463628253993,0.031770199767523585,preprocessed_green_images/81704925f759_green_preprocessed.png,vessel_masks/81704925f759_vessel_mask.png,vessel_skeletons/81704925f759_skeleton.png,vessel_overlays/81704925f759_overlay.png
8185ce1cdcef.png,False,0,,87.48414833283991,16.165986311047636,0.0,223.0,0.0014317037969062245,120.96553733994523,22.214125677225653,2.0,239.0,0.0010651043594108504,21.491826171508535,12.0,0.903404296757414,1.0,True,True,False,864704,182241,20330,0.21075535674635482,0.023510935534009327,preprocessed_green_images/8185ce1cdcef_green_preprocessed.png,vessel_masks/8185ce1cdcef_vessel_mask.png,vessel_skeletons/8185ce1cdcef_skeleton.png,vessel_overlays/8185ce1cdcef_overlay.png
81914ceb4e74.png,False,0,,82.61532569362076,13.816693720783551,0.0,157.0,0.0006998298589430828,121.63716665235285,22.064327861744452,2.0,238.0,0.0005176187679744858,20.938365475058106,12.0,0.9017150956254018,1.0,True,True,False,861638,189455,21843,0.21987772127041752,0.02535055324858003,preprocessed_green_images/81914ceb4e74_green_preprocessed.png,vessel_masks/81914ceb4e74_vessel_mask.png,vessel_skeletons/81914ceb4e74_skeleton.png,vessel_overlays/81914ceb4e74_overlay.png
82088c6734e6.png,False,0,,91.89240951962259,13.25046263726251,0.0,240.0,0.0005625843151492937,119.5883193576563,22.65201831950328,2.0,239.0,0.00043846777551841853,21.30487338440038,12.0,0.8983808250148934,1.0,False,True,False,862093,193999,24328,0.22503256609205735,0.02821969323495261,preprocessed_green_images/82088c6734e6_green_preprocessed.png,vessel_masks/82088c6734e6_vessel_mask.png,vessel_skeletons/82088c6734e6_skeleton.png,vessel_overlays/82088c6734e6_overlay.png
8241e43408a8.png,False,0,,82.8049117272229,15.221358608276994,0.0,236.0,0.0014594555837475396,120.17201569088222,21.22468074937167,2.0,237.0,0.001026938635790662,21.83391772519793,12.0,0.903767116009642,1.0,True,True,False,864706,194499,24797,0.22493078572370262,0.028676798819483155,preprocessed_green_images/8241e43408a8_green_preprocessed.png,vessel_masks/8241e43408a8_vessel_mask.png,vessel_skeletons/8241e43408a8_skeleton.png,vessel_overlays/8241e43408a8_overlay.png
82d364726a58.png,False,1,mean_S,57.940562708002204,26.369071830129055,4.0,255.0,0.12728796218490318,125.55845441978549,19.719698085836832,19.0,217.0,0.00040733610335130316,9.40328864685894,10.611043218032268,0.9667108474525629,1.0,True,True,False,5032699,1237468,173562,0.24588555763020994,0.034486862814565304,preprocessed_green_images/82d364726a58_green_preprocessed.png,vessel_masks/82d364726a58_vessel_mask.png,vessel_skeletons/82d364726a58_skeleton.png,vessel_overlays/82d364726a58_overlay.png
82e5bc01f8a4.png,False,0,,87.47587440672626,18.134328708931193,0.0,255.0,0.0007369787822181201,121.93707782100715,22.799070729252797,2.0,240.0,0.0005509904460116545,22.533730831426297,12.0,0.9017306740817694,1.0,True,True,False,860269,182223,17638,0.21182095367844245,0.020502889212560257,preprocessed_green_images/82e5bc01f8a4_green_preprocessed.png,vessel_masks/82e5bc01f8a4_vessel_mask.png,vessel_skeletons/82e5bc01f8a4_skeleton.png,vessel_overlays/82e5bc01f8a4_overlay.png
83038ca49b6d.png,False,0,,94.6700052629072,22.937456425573856,0.0,253.0,0.0014568842427629216,119.37374657417271,22.001780030060022,2.0,238.0,0.0012012905159624091,22.298005718175837,12.0,0.901290565774773,1.0,False,True,False,860741,209640,27972,0.243557585847543,0.0324975805730179,preprocessed_green_images/83038ca49b6d_green_preprocessed.png,vessel_masks/83038ca49b6d_vessel_mask.png,vessel_skeletons/83038ca49b6d_skeleton.png,vessel_overlays/83038ca49b6d_overlay.png
830e297965a1.png,False,0,,101.90480227936871,28.446833973128918,0.0,255.0,2.2312282708792258e-05,120.3461169190659,24.99522469695912,4.0,237.0,2.0960023150683636e-05,19.4284782998067,11.77139131992268,0.8970914112575102,1.0,False,True,False,1479006,309635,35974,0.20935344413748153,0.024323092671699777,preprocessed_green_images/830e297965a1_green_preprocessed.png,vessel_masks/830e297965a1_vessel_mask.png,vessel_skeletons/830e297965a1_skeleton.png,vessel_overlays/830e297965a1_overlay.png
8329e80c10ac.png,False,0,,83.73828475817625,16.039899163374773,0.0,227.0,0.0015188680777790413,122.33475202651115,23.18213700230905,1.0,239.0,0.0011255172157720933,27.120777329103053,12.0,0.9016497191636268,1.0,True,True,False,861826,180833,19454,0.2098254171955824,0.0225730019748766,preprocessed_green_images/8329e80c10ac_green_preprocessed.png,vessel_masks/8329e80c10ac_vessel_mask.png,vessel_skeletons/8329e80c10ac_skeleton.png,vessel_overlays/8329e80c10ac_overlay.png
8344c783da65.png,False,0,,80.55260588208007,11.837685463154532,0.0,175.0,0.0007874472329173818,118.99292341234866,21.94369105980847,4.0,238.0,0.0005357888388922391,19.674006333248805,12.0,0.9008796369603141,1.0,True,True,False,862280,226674,32165,0.26287748759103774,0.03730226840469453,preprocessed_green_images/8344c783da65_green_preprocessed.png,vessel_masks/8344c783da65_vessel_mask.png,vessel_skeletons/8344c783da65_skeleton.png,vessel_overlays/8344c783da65_overlay.png
83517eaeccb9.png,False,0,,48.21867534350014,18.56594934744902,0.0,192.0,0.13317873444431347,124.3343665860994,28.44999199669604,6.0,241.0,0.000199570282000978,20.208583788668022,12.0,0.9139339756430864,1.0,True,True,False,856841,196764,21148,0.22963887115579204,0.024681358618460134,preprocessed_green_images/83517eaeccb9_green_preprocessed.png,vessel_masks/83517eaeccb9_vessel_mask.png,vessel_skeletons/83517eaeccb9_skeleton.png,vessel_overlays/83517eaeccb9_overlay.png
835b9f6e12ba.png,False,0,,110.18171040334595,11.58420061152502,0.0,237.0,0.0010583320224667118,117.2057443717556,20.573277307930216,2.0,237.0,0.000921847674214174,17.180376536528193,10.872150614611277,0.8986620473492164,1.0,False,True,False,864568,200862,31444,0.23232643354831545,0.03636960886824402,preprocessed_green_images/835b9f6e12ba_green_preprocessed.png,vessel_masks/835b9f6e12ba_vessel_mask.png,vessel_skeletons/835b9f6e12ba_skeleton.png,vessel_overlays/835b9f6e12ba_overlay.png
837acf120946.png,False,0,,46.70618128860441,31.130209335562856,0.0,255.0,0.19933242694123218,120.43442915119944,30.638671168025443,6.0,245.0,0.00405075795766436,10.091215525095647,11.8848256510512,0.9209734392349068,1.0,True,True,False,392766,104083,15397,0.26500002546045226,0.039201458374706566,preprocessed_green_images/837acf120946_green_preprocessed.png,vessel_masks/837acf120946_vessel_mask.png,vessel_skeletons/837acf120946_skeleton.png,vessel_overlays/837acf120946_overlay.png
83a63c4a3e4a.png,False,0,,88.8454727814319,16.625595026294913,0.0,235.0,0.00045853774055818554,119.88475031168957,21.284429983209318,2.0,239.0,0.0003250394110285872,21.543044928468742,12.0,0.900650640559958,1.0,True,True,False,861434,191536,24674,0.22234553082418387,0.02864293724185486,preprocessed_green_images/83a63c4a3e4a_green_preprocessed.png,vessel_masks/83a63c4a3e4a_vessel_mask.png,vessel_skeletons/83a63c4a3e4a_skeleton.png,vessel_overlays/83a63c4a3e4a_overlay.png
83d81ba5959c.png,False,0,,84.35047356902004,20.99544623447443,0.0,255.0,3.046330627063466e-05,119.93678593163898,22.92598140619774,4.0,237.0,2.301672029336841e-05,20.49519237448328,12.0,0.9016340093416665,1.0,True,True,False,1477187,373848,52419,0.2530810249480939,0.03548569003111996,preprocessed_green_images/83d81ba5959c_green_preprocessed.png,vessel_masks/83d81ba5959c_vessel_mask.png,vessel_skeletons/83d81ba5959c_skeleton.png,vessel_overlays/83d81ba5959c_overlay.png
83df53d58f28.png,False,0,,105.02091597965106,12.037743664257764,0.0,246.0,0.0010519323615592207,117.59196712508853,21.100422642252617,2.0,237.0,0.0009385227120181826,19.931931028494965,11.972772411397987,0.8983982215654013,1.0,False,True,False,864124,196750,28452,0.22768723007346167,0.032925830089200164,preprocessed_green_images/83df53d58f28_green_preprocessed.png,vessel_masks/83df53d58f28_vessel_mask.png,vessel_skeletons/83df53d58f28_skeleton.png,vessel_overlays/83df53d58f28_overlay.png
840a06a9c690.png,False,0,,80.58242982489769,17.99008587409331,0.0,255.0,0.0007853059498542654,121.10827580037895,22.60810324214928,2.0,240.0,0.00057852420566187,21.138606496307478,12.0,0.9024895229649484,1.0,True,True,False,860811,193929,22499,0.22528638690723052,0.02613698012688035,preprocessed_green_images/840a06a9c690_green_preprocessed.png,vessel_masks/840a06a9c690_vessel_mask.png,vessel_skeletons/840a06a9c690_skeleton.png,vessel_overlays/840a06a9c690_overlay.png
8433a032b96c.png,False,0,,104.51013445959457,38.48824499241284,1.0,255.0,2.2292838729551387e-05,119.13642676870032,24.384035571437973,2.0,238.0,1.8239595324178408e-05,19.659541559371448,11.86381662374858,0.8983202736974385,1.0,False,True,False,1480296,324877,48441,0.21946759296789292,0.03272386063327875,preprocessed_green_images/8433a032b96c_green_preprocessed.png,vessel_masks/8433a032b96c_vessel_mask.png,vessel_skeletons/8433a032b96c_skeleton.png,vessel_overlays/8433a032b96c_overlay.png
8448af27ba07.png,False,0,,66.173986813023,22.61457237048213,0.0,255.0,0.009573484440904317,123.67740000885033,24.514242100926957,1.0,239.0,0.00036332893146358676,26.183859071167426,12.0,0.9092599557129936,1.0,True,True,False,858726,186992,19816,0.21775513959050966,0.02307604521116165,preprocessed_green_images/8448af27ba07_green_preprocessed.png,vessel_masks/8448af27ba07_vessel_mask.png,vessel_skeletons/8448af27ba07_skeleton.png,vessel_overlays/8448af27ba07_overlay.png
847b04287c9c.png,False,0,,91.18451168621127,14.61671087936246,0.0,216.0,0.0008028694763622714,119.48562597172695,20.95717071834016,3.0,236.0,0.0006348809134870487,19.51259163691253,11.805036654765011,0.9018040830175166,1.0,False,True,False,863154,216100,30609,0.2503608857747285,0.03546180635205305,preprocessed_green_images/847b04287c9c_green_preprocessed.png,vessel_masks/847b04287c9c_vessel_mask.png,vessel_skeletons/847b04287c9c_skeleton.png,vessel_overlays/847b04287c9c_overlay.png
848e66b9e199.png,False,1,mean_S,55.54416099023106,22.010038783040905,12.0,219.0,0.05356115002928464,123.7757139186179,17.103735585268403,50.0,244.0,0.0,9.55463428455885,10.884594959136335,0.9469581307721328,1.0,True,True,False,4556997,1196156,184594,0.2624877742952212,0.04050781688028322,preprocessed_green_images/848e66b9e199_green_preprocessed.png,vessel_masks/848e66b9e199_vessel_mask.png,vessel_skeletons/848e66b9e199_skeleton.png,vessel_overlays/848e66b9e199_overlay.png
84b472c49cfa.png,False,0,,36.806740256929324,19.131673132383845,0.0,223.0,0.36064321454489895,119.23777293966363,28.243228162586963,7.0,244.0,0.00022917382834880258,7.542974496340619,11.745479553475864,0.9139679550141069,1.0,True,True,False,392715,109438,18317,0.2786702825204028,0.04664196682072241,preprocessed_green_images/84b472c49cfa_green_preprocessed.png,vessel_masks/84b472c49cfa_vessel_mask.png,vessel_skeletons/84b472c49cfa_skeleton.png,vessel_overlays/84b472c49cfa_overlay.png
84b4da14bc23.png,False,0,,76.49302305616591,11.442623149051444,0.0,166.0,0.0008944502321394182,118.62770452283226,20.339360202922197,3.0,236.0,0.0005928198036617934,17.26406290163795,12.0,0.9029104648687607,1.0,True,True,False,861982,225950,33831,0.262128443517382,0.03924791933010202,preprocessed_green_images/84b4da14bc23_green_preprocessed.png,vessel_masks/84b4da14bc23_vessel_mask.png,vessel_skeletons/84b4da14bc23_skeleton.png,vessel_overlays/84b4da14bc23_overlay.png
84b79243e430.png,False,0,,93.94880925858884,13.401406954066006,0.0,246.0,0.0007205714444846696,119.29975191920317,21.402746046844698,2.0,238.0,0.0006149804598661431,21.258689161509643,12.0,0.8998563159332901,1.0,False,True,False,861816,185537,22879,0.2152860935512917,0.026547430077882055,preprocessed_green_images/84b79243e430_green_preprocessed.png,vessel_masks/84b79243e430_vessel_mask.png,vessel_skeletons/84b79243e430_skeleton.png,vessel_overlays/84b79243e430_overlay.png
84b88e8d3bca.png,False,0,,44.38624981222199,23.566002470303133,0.0,255.0,0.15982390878699226,119.74742266728792,28.150508366042736,5.0,240.0,0.0005245053481722516,8.997781391233428,11.653668128740305,0.9144754222016332,1.0,True,True,False,392751,104678,15786,0.2665251011455095,0.04019340498178235,preprocessed_green_images/84b88e8d3bca_green_preprocessed.png,vessel_masks/84b88e8d3bca_vessel_mask.png,vessel_skeletons/84b88e8d3bca_skeleton.png,vessel_overlays/84b88e8d3bca_overlay.png
851e40a21f81.png,False,0,,94.71926420024437,10.601179245380816,0.0,214.0,0.0007140985780627989,118.01251759163299,20.855001569293734,2.0,237.0,0.0005912179785909537,19.72828386529856,11.891313546119424,0.8991553239662041,1.0,False,True,False,862626,203523,30205,0.23593422873875816,0.035015174594783836,preprocessed_green_images/851e40a21f81_green_preprocessed.png,vessel_masks/851e40a21f81_vessel_mask.png,vessel_skeletons/851e40a21f81_skeleton.png,vessel_overlays/851e40a21f81_overlay.png
8564b7aa3c1a.png,False,0,,89.62299218548972,14.913293528946548,0.0,226.0,0.0010292621071591671,119.36153063329756,20.44733583148543,2.0,236.0,0.0007777419751168931,19.508212336290473,11.836796740250437,0.9017224700628962,1.0,True,True,False,862754,216073,31464,0.25044566585608413,0.036469260067180216,preprocessed_green_images/8564b7aa3c1a_green_preprocessed.png,vessel_masks/8564b7aa3c1a_vessel_mask.png,vessel_skeletons/8564b7aa3c1a_skeleton.png,vessel_overlays/8564b7aa3c1a_overlay.png
85f99e7e4052.png,False,0,,63.560951429025046,22.635397123909573,14.0,255.0,0.00038441532468512155,121.92911999810534,15.951969017061744,21.0,244.0,4.385799483001957e-07,9.644957180891105,10.208120523109772,0.9427114887940088,1.0,True,True,False,4560172,1197108,204952,0.2625137823748753,0.04494391878201085,preprocessed_green_images/85f99e7e4052_green_preprocessed.png,vessel_masks/85f99e7e4052_vessel_mask.png,vessel_skeletons/85f99e7e4052_skeleton.png,vessel_overlays/85f99e7e4052_overlay.png
86410aa13b3e.png,False,0,,102.66545730365704,12.077742273572364,0.0,214.0,0.0007909303564397712,117.55840493781412,21.043818834108393,2.0,237.0,0.000680918081385923,19.810046814943824,11.924018725977529,0.8981047279929553,1.0,False,True,False,863540,199397,30527,0.2309065011464437,0.035350997058619174,preprocessed_green_images/86410aa13b3e_green_preprocessed.png,vessel_masks/86410aa13b3e_vessel_mask.png,vessel_skeletons/86410aa13b3e_skeleton.png,vessel_overlays/86410aa13b3e_overlay.png
8650d32f4a9e.png,False,0,,78.06611659038656,27.74281202193086,0.0,255.0,0.00011603171533552504,120.18932937966007,37.32050633910308,3.0,226.0,3.0082296568469456e-05,16.144261910613558,11.518494400655507,0.8270599304045095,1.0,True,True,False,232695,57073,7177,0.2452695588646082,0.030842948924557897,preprocessed_green_images/8650d32f4a9e_green_preprocessed.png,vessel_masks/8650d32f4a9e_vessel_mask.png,vessel_skeletons/8650d32f4a9e_skeleton.png,vessel_overlays/8650d32f4a9e_overlay.png
8660e1864665.png,False,0,,86.35555547833097,15.271537525910786,0.0,214.0,0.0009266949540301385,122.17191118092214,21.350881040248886,2.0,238.0,0.0006961795842151415,21.549130780940576,12.0,0.9026211791444955,1.0,True,True,False,863283,177882,18442,0.20605293976598635,0.021362635427779768,preprocessed_green_images/8660e1864665_green_preprocessed.png,vessel_masks/8660e1864665_vessel_mask.png,vessel_skeletons/8660e1864665_skeleton.png,vessel_overlays/8660e1864665_overlay.png
8693ab1fd2be.png,False,0,,36.57320448671428,12.138231106516589,0.0,172.0,0.22711635664540442,118.79326483582241,27.380860375988522,13.0,243.0,2.5463758705422506e-05,8.89417494420106,12.0,0.9092857170145587,1.0,True,True,False,392715,110518,19114,0.2814203684605885,0.04867142838954458,preprocessed_green_images/8693ab1fd2be_green_preprocessed.png,vessel_masks/8693ab1fd2be_vessel_mask.png,vessel_skeletons/8693ab1fd2be_skeleton.png,vessel_overlays/8693ab1fd2be_overlay.png
86d58f850a0c.png,False,0,,53.69418096096371,28.664773908242864,0.0,255.0,0.1272383367191597,121.30153711425764,31.616482861857047,2.0,244.0,0.002461724887605839,12.629029308946297,12.0,0.9088165715839135,1.0,True,True,False,392814,93730,11920,0.23861165844394547,0.030345150631087486,preprocessed_green_images/86d58f850a0c_green_preprocessed.png,vessel_masks/86d58f850a0c_vessel_mask.png,vessel_skeletons/86d58f850a0c_skeleton.png,vessel_overlays/86d58f850a0c_overlay.png
870f433e8f37.png,False,0,,76.1310829944689,18.90482420506463,0.0,209.0,0.0011078484026290766,121.2435220511819,21.827137637843247,2.0,239.0,0.0005184684024895784,19.823326052993494,12.0,0.9040280816138652,1.0,True,True,False,860226,194712,23526,0.22634981969854434,0.027348626988721567,preprocessed_green_images/870f433e8f37_green_preprocessed.png,vessel_masks/870f433e8f37_vessel_mask.png,vessel_skeletons/870f433e8f37_skeleton.png,vessel_overlays/870f433e8f37_overlay.png
870fbe6eaa68.png,False,0,,103.45684303238555,14.135644360253854,0.0,213.0,0.0010777797736662474,117.91820230969364,20.4046184144429,2.0,237.0,0.0008657005278803085,18.666434888103428,11.46657395524137,0.8994139089237686,1.0,False,True,False,862885,200152,29652,0.23195674974069547,0.03436379123521675,preprocessed_green_images/870fbe6eaa68_green_preprocessed.png,vessel_masks/870fbe6eaa68_vessel_mask.png,vessel_skeletons/870fbe6eaa68_skeleton.png,vessel_overlays/870fbe6eaa68_overlay.png
87295c5fa1cc.png,False,0,,84.51973636005206,22.757574246582255,0.0,254.0,0.0011665381497518634,122.10571650215338,22.342252219691897,2.0,238.0,0.0005059263161934802,23.106834538893786,12.0,0.905114220787239,1.0,True,True,False,859809,183047,19740,0.21289263080521373,0.02295858731415931,preprocessed_green_images/87295c5fa1cc_green_preprocessed.png,vessel_masks/87295c5fa1cc_vessel_mask.png,vessel_skeletons/87295c5fa1cc_skeleton.png,vessel_overlays/87295c5fa1cc_overlay.png
874f8c1929f6.png,False,0,,89.95589472001556,18.60137628413017,0.0,253.0,0.001443302312758746,118.8660230882036,20.380260772582027,2.0,237.0,0.0011456067313951846,19.453622976821247,11.78536966006045,0.9030769675620567,1.0,True,True,False,863298,211569,32047,0.24507064767901698,0.037121596482327074,preprocessed_green_images/874f8c1929f6_green_preprocessed.png,vessel_masks/874f8c1929f6_vessel_mask.png,vessel_skeletons/874f8c1929f6_skeleton.png,vessel_overlays/874f8c1929f6_overlay.png
875d2ffcbf47.png,False,0,,82.09394189275895,18.32311972839192,0.0,252.0,0.0009149469909825604,120.5331384534848,21.681162037282615,3.0,238.0,0.0005327539441164276,21.261558727915517,12.0,0.90397856867303,1.0,True,True,False,863438,187677,22646,0.2173601347172582,0.026227708301001344,preprocessed_green_images/875d2ffcbf47_green_preprocessed.png,vessel_masks/875d2ffcbf47_vessel_mask.png,vessel_skeletons/875d2ffcbf47_skeleton.png,vessel_overlays/875d2ffcbf47_overlay.png
876deb29f000.png,False,0,,67.80000989556787,18.373133575286676,0.0,240.0,0.001603624217843471,118.80430768980513,25.617244236018387,3.0,237.0,2.440003036448223e-05,21.831975227537324,12.0,0.9015695468315655,1.0,True,True,False,1475408,379323,62573,0.25709701994295814,0.04241064166657629,preprocessed_green_images/876deb29f000_green_preprocessed.png,vessel_masks/876deb29f000_vessel_mask.png,vessel_skeletons/876deb29f000_skeleton.png,vessel_overlays/876deb29f000_overlay.png
878e356c8fc9.png,False,0,,93.39022605811596,19.54648686224779,0.0,254.0,0.0006723910877406499,120.13920934240384,21.334611120514204,1.0,237.0,0.0005167772608714839,23.581232740235432,12.0,0.9020022797457319,1.0,False,True,False,861106,190124,23423,0.22079047178860675,0.027201064677287116,preprocessed_green_images/878e356c8fc9_green_preprocessed.png,vessel_masks/878e356c8fc9_vessel_mask.png,vessel_skeletons/878e356c8fc9_skeleton.png,vessel_overlays/878e356c8fc9_overlay.png
87a9f4d20f07.png,False,0,,89.09564006119294,15.412589389244918,0.0,239.0,0.000646028548198717,119.82646188605541,21.358425824153656,3.0,238.0,0.00046973350452509944,19.697616432404196,11.959434123077862,0.9013849921839774,1.0,True,True,False,862191,190505,24711,0.22095452167791127,0.028660702790912918,preprocessed_green_images/87a9f4d20f07_green_preprocessed.png,vessel_masks/87a9f4d20f07_vessel_mask.png,vessel_skeletons/87a9f4d20f07_skeleton.png,vessel_overlays/87a9f4d20f07_overlay.png
87b671c6d4c5.png,False,1,mean_B,100.78601939232149,16.665101055322676,0.0,239.0,0.0010028118056511395,117.947578504434,21.397293302605412,2.0,238.0,0.0008605443868563411,17.6016546609914,11.04066186439656,0.8996558635702637,1.0,False,True,False,864569,201542,29535,0.23311268389220524,0.03416153019597048,preprocessed_green_images/87b671c6d4c5_green_preprocessed.png,vessel_masks/87b671c6d4c5_vessel_mask.png,vessel_skeletons/87b671c6d4c5_skeleton.png,vessel_overlays/87b671c6d4c5_overlay.png
880edb2cdb69.png,False,0,,82.90571273047667,12.707335156724191,0.0,167.0,0.002685915148607568,118.91898200471448,22.391892591983396,3.0,239.0,0.002175026178735025,21.960938217122422,12.0,0.9020052629005733,1.0,True,True,False,867116,220366,32117,0.2541367014332569,0.03703887369163987,preprocessed_green_images/880edb2cdb69_green_preprocessed.png,vessel_masks/880edb2cdb69_vessel_mask.png,vessel_skeletons/880edb2cdb69_skeleton.png,vessel_overlays/880edb2cdb69_overlay.png
881ec6186e68.png,False,0,,91.60579320238256,22.692257155615017,0.0,255.0,0.0010968017493117423,123.09072233390127,23.717304588732897,1.0,239.0,0.0008878871303952201,24.87933204726577,12.0,0.9015591887708483,1.0,False,True,False,861596,183498,19373,0.21297452634413344,0.022485016179276597,preprocessed_green_images/881ec6186e68_green_preprocessed.png,vessel_masks/881ec6186e68_vessel_mask.png,vessel_skeletons/881ec6186e68_skeleton.png,vessel_overlays/881ec6186e68_overlay.png
883c6a184f16.png,False,0,,80.60366419187446,14.785916517583187,0.0,206.0,0.0007048752324465199,120.06671620888422,21.969155518115173,3.0,237.0,0.0004927170621542285,20.109302253551313,12.0,0.9020124705692337,1.0,True,True,False,862564,200690,24925,0.2326667934205462,0.02889640652751564,preprocessed_green_images/883c6a184f16_green_preprocessed.png,vessel_masks/883c6a184f16_vessel_mask.png,vessel_skeletons/883c6a184f16_skeleton.png,vessel_overlays/883c6a184f16_overlay.png
883ddb650967.png,False,0,,89.9476458806683,13.441032067213625,0.0,202.0,0.000681159386654846,121.7277602040461,21.696933469800896,2.0,238.0,0.0005349480021258671,20.899136001220135,12.0,0.9000276609109656,1.0,True,True,False,861766,190181,21925,0.22068751842147405,0.025441941315856045,preprocessed_green_images/883ddb650967_green_preprocessed.png,vessel_masks/883ddb650967_vessel_mask.png,vessel_skeletons/883ddb650967_skeleton.png,vessel_overlays/883ddb650967_overlay.png
885fa5fc5da8.png,False,0,,79.45311200339201,16.02396046631881,0.0,252.0,0.000810930415219542,120.51568686964642,22.28794882543854,3.0,239.0,0.0005908207310885235,19.601742305924354,12.0,0.9022945189081277,1.0,True,True,False,863206,198548,25661,0.2300123029728709,0.02972755054992667,preprocessed_green_images/885fa5fc5da8_green_preprocessed.png,vessel_masks/885fa5fc5da8_vessel_mask.png,vessel_skeletons/885fa5fc5da8_skeleton.png,vessel_overlays/885fa5fc5da8_overlay.png
88e4399d207c.png,False,0,,86.20896687924105,18.175464131251513,0.0,239.0,0.0006149804598661431,121.59649275483397,22.090466119179588,2.0,238.0,0.0004351276838675541,21.314602427712867,12.0,0.9027527292997678,1.0,True,True,False,861816,182539,20301,0.2118073927613319,0.023556072293853907,preprocessed_green_images/88e4399d207c_green_preprocessed.png,vessel_masks/88e4399d207c_vessel_mask.png,vessel_skeletons/88e4399d207c_skeleton.png,vessel_overlays/88e4399d207c_overlay.png
88e5051f65bd.png,False,0,,67.48831849731489,18.92470639175583,0.0,248.0,0.0001584253870589478,118.99417008116255,23.680237607042066,4.0,238.0,1.8279852352955515e-05,22.01379917258934,12.0,0.903712895310263,1.0,True,True,False,1477036,375834,59507,0.25445148256372896,0.040288117554345325,preprocessed_green_images/88e5051f65bd_green_preprocessed.png,vessel_masks/88e5051f65bd_vessel_mask.png,vessel_skeletons/88e5051f65bd_skeleton.png,vessel_overlays/88e5051f65bd_overlay.png
8906c9ed54a2.png,False,0,,92.97009133468583,16.853915634911754,0.0,255.0,3.4442982681257886e-05,120.02107640399052,22.897255898133146,3.0,237.0,2.161128325098534e-05,19.724527843268014,11.889811137307206,0.9003637265559606,1.0,False,True,False,1480708,346534,50027,0.2340326384405298,0.03378586459990761,preprocessed_green_images/8906c9ed54a2_green_preprocessed.png,vessel_masks/8906c9ed54a2_vessel_mask.png,vessel_skeletons/8906c9ed54a2_skeleton.png,vessel_overlays/8906c9ed54a2_overlay.png
891329021e12.png,False,0,,93.41539852675224,17.448928123853275,0.0,253.0,0.000848521993086461,119.29674938305138,21.890043946672538,1.0,237.0,0.000727802037845706,20.44464893556004,12.0,0.9007152233920521,1.0,False,True,False,861498,213643,28965,0.24799012882212146,0.03362166830335068,preprocessed_green_images/891329021e12_green_preprocessed.png,vessel_masks/891329021e12_vessel_mask.png,vessel_skeletons/891329021e12_skeleton.png,vessel_overlays/891329021e12_overlay.png
894a37fc3738.png,False,0,,36.25568536259519,16.903089219327374,0.0,238.0,0.30795957558715564,123.52102153730736,26.93628875455239,12.0,242.0,0.0005714922539355498,26.29516805754604,12.0,0.9229867695294768,1.0,True,True,False,1471586,388425,58696,0.26394991526149336,0.039886217998812167,preprocessed_green_images/894a37fc3738_green_preprocessed.png,vessel_masks/894a37fc3738_vessel_mask.png,vessel_skeletons/894a37fc3738_skeleton.png,vessel_overlays/894a37fc3738_overlay.png
895fe2bfc5b6.png,False,0,,105.98363053695381,20.012008800088726,0.0,255.0,2.23063253303195e-05,118.61222346071146,24.996805902186566,3.0,237.0,2.0278477573017727e-05,19.044970485184205,11.617988194073682,0.8954736031127158,1.0,False,True,False,1479401,311648,47975,0.21065823262252764,0.032428665385517516,preprocessed_green_images/895fe2bfc5b6_green_preprocessed.png,vessel_masks/895fe2bfc5b6_vessel_mask.png,vessel_skeletons/895fe2bfc5b6_skeleton.png,vessel_overlays/895fe2bfc5b6_overlay.png
896ad584a841.png,False,0,,90.38059094480126,14.495805283190698,0.0,225.0,0.0014902629596761224,117.53785765443254,23.753989400784384,2.0,239.0,0.0012299297563165513,22.099355733320056,12.0,0.8987858450721343,1.0,False,True,False,864277,217381,33590,0.2515177425755863,0.03886485467043552,preprocessed_green_images/896ad584a841_green_preprocessed.png,vessel_masks/896ad584a841_vessel_mask.png,vessel_skeletons/896ad584a841_skeleton.png,vessel_overlays/896ad584a841_overlay.png
898f0bc8acfa.png,False,0,,84.07069840221341,18.496569351813633,0.0,248.0,1.5566372304310397e-05,118.57587929699555,24.475981161992227,6.0,237.0,8.798384345914573e-06,21.009921737297535,12.0,0.8982567073941591,1.0,True,True,False,1477544,558628,108757,0.3780787577222743,0.07360660663912547,preprocessed_green_images/898f0bc8acfa_green_preprocessed.png,vessel_masks/898f0bc8acfa_vessel_mask.png,vessel_skeletons/898f0bc8acfa_skeleton.png,vessel_overlays/898f0bc8acfa_overlay.png
8a3eb86ae4bd.png,False,0,,116.24559661088455,19.49441481336936,0.0,255.0,2.7719784083164762e-05,118.50227031792564,24.15877368246003,3.0,237.0,2.2311045725474077e-05,19.01827562921989,11.607310251687956,0.8960070419499895,1.0,False,True,False,1479088,309485,42401,0.2092404238287377,0.02866698938805534,preprocessed_green_images/8a3eb86ae4bd_green_preprocessed.png,vessel_masks/8a3eb86ae4bd_vessel_mask.png,vessel_skeletons/8a3eb86ae4bd_skeleton.png,vessel_overlays/8a3eb86ae4bd_overlay.png
8a482c024fc2.png,False,0,,76.3307368897188,14.981503513229562,0.0,240.0,0.0008524654809471065,119.73270045986743,22.186503753846882,2.0,240.0,0.0005810683074210889,19.892050639163,12.0,0.9031894885429362,1.0,True,True,False,862205,198994,25735,0.2307966202933177,0.029847890002957532,preprocessed_green_images/8a482c024fc2_green_preprocessed.png,vessel_masks/8a482c024fc2_vessel_mask.png,vessel_skeletons/8a482c024fc2_skeleton.png,vessel_overlays/8a482c024fc2_overlay.png
8a7765e785fb.png,False,0,,96.72930306437362,17.53451417477561,0.0,255.0,1.8265284999330273e-05,118.4619899419164,25.69628019554321,3.0,236.0,1.4882824814269111e-05,20.29369819428887,12.0,0.8952362596321054,1.0,False,True,False,1478214,553489,109962,0.37443090107386345,0.07438841737393909,preprocessed_green_images/8a7765e785fb_green_preprocessed.png,vessel_masks/8a7765e785fb_vessel_mask.png,vessel_skeletons/8a7765e785fb_skeleton.png,vessel_overlays/8a7765e785fb_overlay.png
8a81f62320d6.png,False,0,,89.45078169129255,19.072356580707947,0.0,253.0,0.0007202764191243248,121.29340303351199,23.596746860715463,3.0,239.0,0.0005520959347877272,21.46441560638935,12.0,0.9005336078041393,1.0,True,True,False,862169,193797,22959,0.22477843671020414,0.026629349930234095,preprocessed_green_images/8a81f62320d6_green_preprocessed.png,vessel_masks/8a81f62320d6_vessel_mask.png,vessel_skeletons/8a81f62320d6_skeleton.png,vessel_overlays/8a81f62320d6_overlay.png
8a87dd2a784e.png,False,0,,76.51841760928326,20.69899145603926,0.0,220.0,3.44334831189849e-05,114.95458223576605,31.254033140339732,10.0,227.0,1.721674155949245e-05,12.172110783471874,10.067207192563572,0.8307573400797097,1.0,True,True,False,232332,58466,9393,0.2516485030043214,0.040429213367078144,preprocessed_green_images/8a87dd2a784e_green_preprocessed.png,vessel_masks/8a87dd2a784e_vessel_mask.png,vessel_skeletons/8a87dd2a784e_skeleton.png,vessel_overlays/8a87dd2a784e_overlay.png
8a8a251770cd.png,False,0,,91.67713322750991,13.42086776865174,0.0,236.0,0.0008197262253344032,118.51856367292923,21.11953519155306,2.0,238.0,0.0006228993068219052,21.568208108133373,12.0,0.8999517516254325,1.0,False,True,False,863703,217868,31020,0.2522487475440053,0.035915123601515796,preprocessed_green_images/8a8a251770cd_green_preprocessed.png,vessel_masks/8a8a251770cd_vessel_mask.png,vessel_skeletons/8a8a251770cd_skeleton.png,vessel_overlays/8a8a251770cd_overlay.png
8aa3c4681542.png,False,0,,83.75321448241876,14.660862628321826,0.0,224.0,0.0010690784705916457,120.95909789257037,23.187497797828737,2.0,239.0,0.0008835550917471085,20.175466815170797,12.0,0.9007368354740909,1.0,True,True,False,862425,188105,20177,0.21811171985969793,0.02339565759341392,preprocessed_green_images/8aa3c4681542_green_preprocessed.png,vessel_masks/8aa3c4681542_vessel_mask.png,vessel_skeletons/8aa3c4681542_skeleton.png,vessel_overlays/8aa3c4681542_overlay.png
8ab3faa3701f.png,False,0,,92.86383596706138,31.06535248861292,0.0,255.0,5.2760239883224006e-05,120.87141585485793,22.94774994406268,4.0,237.0,1.4881093300396514e-05,20.43881354157105,12.0,0.9011787592581071,1.0,False,True,False,1478386,333143,43031,0.2253423666079089,0.029106742082243744,preprocessed_green_images/8ab3faa3701f_green_preprocessed.png,vessel_masks/8ab3faa3701f_vessel_mask.png,vessel_skeletons/8ab3faa3701f_skeleton.png,vessel_overlays/8ab3faa3701f_overlay.png
8acdf12f412a.png,False,0,,86.80711838139936,14.768344238995905,0.0,252.0,0.0005718740067604092,120.3446173084106,23.094514215481933,2.0,239.0,0.0004268755263444839,22.076263585458573,12.0,0.9000976601127028,1.0,True,True,False,862078,190647,21903,0.22114820236683919,0.025407213732400083,preprocessed_green_images/8acdf12f412a_green_preprocessed.png,vessel_masks/8acdf12f412a_vessel_mask.png,vessel_skeletons/8acdf12f412a_skeleton.png,vessel_overlays/8acdf12f412a_overlay.png
8af50c9d0a86.png,False,1,mean_S,73.44176595548167,27.284199372099785,0.0,223.0,0.01821119995109482,124.22541235507022,21.898537275726618,7.0,247.0,0.004043315638428575,19.04904272781527,12.0,0.9442960852842074,1.0,True,True,False,1504953,336165,41418,0.22337242425510964,0.02752112524444285,preprocessed_green_images/8af50c9d0a86_green_preprocessed.png,vessel_masks/8af50c9d0a86_vessel_mask.png,vessel_skeletons/8af50c9d0a86_skeleton.png,vessel_overlays/8af50c9d0a86_overlay.png
8b079e79035f.png,False,0,,78.53605398576975,5.441475074977851,0.0,150.0,0.0005561593193260138,116.16161014508909,20.327906119757415,2.0,237.0,0.0004145070501031043,16.350768092514972,11.559324660493122,0.9001212126110445,1.0,True,True,False,861264,220200,45438,0.2556707351056122,0.052757342696316115,preprocessed_green_images/8b079e79035f_green_preprocessed.png,vessel_masks/8b079e79035f_vessel_mask.png,vessel_skeletons/8b079e79035f_skeleton.png,vessel_overlays/8b079e79035f_overlay.png
8b568d47a1fd.png,False,0,,82.49412465328386,13.860468711382152,0.0,195.0,0.0010323277310340193,119.98597725866587,20.58901923378427,2.0,239.0,0.0007252942307825994,20.47521134624425,12.0,0.9032120323414004,1.0,True,True,False,863098,191612,25776,0.22200491717047194,0.029864511330115466,preprocessed_green_images/8b568d47a1fd_green_preprocessed.png,vessel_masks/8b568d47a1fd_vessel_mask.png,vessel_skeletons/8b568d47a1fd_skeleton.png,vessel_overlays/8b568d47a1fd_overlay.png
8b58f9a338e8.png,False,0,,89.98450914119572,22.95507014946181,0.0,216.0,5.153598715036054e-05,117.55497386695986,34.39892208053805,4.0,228.0,6.0125318342087294e-05,13.038450594135572,9.216757202881276,0.8242394050154944,1.0,True,True,False,232847,61436,8385,0.2638470755474625,0.036010771021314426,preprocessed_green_images/8b58f9a338e8_green_preprocessed.png,vessel_masks/8b58f9a338e8_vessel_mask.png,vessel_skeletons/8b58f9a338e8_skeleton.png,vessel_overlays/8b58f9a338e8_overlay.png
8b8fe3fc8950.png,False,0,,49.610960933443295,17.69953939163804,0.0,247.0,0.06391205188511154,121.16917896087236,26.205577907188434,4.0,243.0,0.00010436075221193887,9.559066176399572,11.413763276475981,0.9045018749682353,1.0,True,True,False,392868,99047,13692,0.2521126688862417,0.034851400470387,preprocessed_green_images/8b8fe3fc8950_green_preprocessed.png,vessel_masks/8b8fe3fc8950_vessel_mask.png,vessel_skeletons/8b8fe3fc8950_skeleton.png,vessel_overlays/8b8fe3fc8950_overlay.png
8bf05909e1e1.png,False,0,,84.39493300348526,18.57351012995705,0.0,210.0,0.0005545260720256129,121.40108277900102,21.378910022347263,3.0,238.0,0.0003092325684671132,22.17505422622472,12.0,0.9025803069618129,1.0,True,True,False,860194,190455,24279,0.2214093564940002,0.028225028307567828,preprocessed_green_images/8bf05909e1e1_green_preprocessed.png,vessel_masks/8bf05909e1e1_vessel_mask.png,vessel_skeletons/8bf05909e1e1_skeleton.png,vessel_overlays/8bf05909e1e1_overlay.png
8bf2d925dc0c.png,False,0,,107.17768520846052,12.977992832893863,0.0,255.0,0.0006869333234482895,117.49410082976449,20.488475616553753,2.0,237.0,0.0005780433868477175,19.756292540856858,11.902517016342744,0.8989430852845876,1.0,False,True,False,863257,196504,30192,0.22763093725275324,0.03497452091323905,preprocessed_green_images/8bf2d925dc0c_green_preprocessed.png,vessel_masks/8bf2d925dc0c_vessel_mask.png,vessel_skeletons/8bf2d925dc0c_skeleton.png,vessel_overlays/8bf2d925dc0c_overlay.png
8c29a76fa08c.png,False,0,,79.73724717288188,16.185782063352402,0.0,224.0,0.0011913395398653439,119.58230247763925,22.758791248493647,3.0,239.0,0.0009056493783636547,21.119130260792076,12.0,0.9019014848927045,1.0,True,True,False,864573,220953,32802,0.25556315082705566,0.03794011610355632,preprocessed_green_images/8c29a76fa08c_green_preprocessed.png,vessel_masks/8c29a76fa08c_vessel_mask.png,vessel_skeletons/8c29a76fa08c_skeleton.png,vessel_overlays/8c29a76fa08c_overlay.png
8c4ceddeb1c6.png,False,0,,65.01248454413842,16.079752326656397,0.0,249.0,0.0007895524470031541,119.79731118794463,23.71807050282932,8.0,238.0,1.0834338895412064e-05,22.493342136280003,12.0,0.9034096160152079,1.0,True,True,False,1476786,371081,65921,0.25127608197802526,0.044638153395278664,preprocessed_green_images/8c4ceddeb1c6_green_preprocessed.png,vessel_masks/8c4ceddeb1c6_vessel_mask.png,vessel_skeletons/8c4ceddeb1c6_skeleton.png,vessel_overlays/8c4ceddeb1c6_overlay.png
8c84e96d9b01.png,False,0,,78.36996905600456,50.80853362200573,0.0,255.0,0.07606471773783106,121.67344669286048,27.872126920777305,2.0,241.0,0.00012978155982166486,14.482882585101343,10.826933562395688,0.9157670762229213,1.0,True,True,False,392968,90803,10835,0.23106970542130656,0.027572219620936055,preprocessed_green_images/8c84e96d9b01_green_preprocessed.png,vessel_masks/8c84e96d9b01_vessel_mask.png,vessel_skeletons/8c84e96d9b01_skeleton.png,vessel_overlays/8c84e96d9b01_overlay.png
8ceff4c4c860.png,False,0,,84.75203670115798,16.124141759900603,0.0,187.0,0.0010238520464300688,121.60806735185996,22.376022940894522,2.0,239.0,0.0007424085540290431,20.202378660708746,12.0,0.90079018907125,1.0,True,True,False,863406,195667,23690,0.22662223797379216,0.027437844999918925,preprocessed_green_images/8ceff4c4c860_green_preprocessed.png,vessel_masks/8ceff4c4c860_vessel_mask.png,vessel_skeletons/8ceff4c4c860_skeleton.png,vessel_overlays/8ceff4c4c860_overlay.png
8d13c46e7d75.png,False,0,,78.85590215288727,13.392753026055999,0.0,183.0,0.0007489010312773581,121.11556762053823,22.354782742708434,2.0,239.0,0.0005433886552524087,18.824875153801646,12.0,0.9007928513935891,1.0,True,True,False,861262,205574,25925,0.2386892722539715,0.030101177109869006,preprocessed_green_images/8d13c46e7d75_green_preprocessed.png,vessel_masks/8d13c46e7d75_vessel_mask.png,vessel_skeletons/8d13c46e7d75_skeleton.png,vessel_overlays/8d13c46e7d75_overlay.png
8d4d14a4ab07.png,False,0,,83.97831016613145,13.729032272682062,0.0,159.0,0.000787182489537081,121.02524780597517,22.886961423053915,2.0,239.0,0.0005587952282133624,20.08257978146132,12.0,0.9003788669471463,1.0,True,True,False,862570,199352,25225,0.23111399654520792,0.029244003385232503,preprocessed_green_images/8d4d14a4ab07_green_preprocessed.png,vessel_masks/8d4d14a4ab07_vessel_mask.png,vessel_skeletons/8d4d14a4ab07_skeleton.png,vessel_overlays/8d4d14a4ab07_overlay.png
8d4ff745a409.png,False,0,,95.76263676402411,14.909720816558767,0.0,222.0,0.0008611497450162262,121.59400092721373,21.67344824904823,2.0,239.0,0.0007243857209086695,21.22566616224353,12.0,0.901083830586945,1.0,False,True,False,862800,185235,21258,0.21469054242002783,0.02463838664812239,preprocessed_green_images/8d4ff745a409_green_preprocessed.png,vessel_masks/8d4ff745a409_vessel_mask.png,vessel_skeletons/8d4ff745a409_skeleton.png,vessel_overlays/8d4ff745a409_overlay.png
8d9516ea3587.png,False,0,,84.85196907398297,17.405342358848348,0.0,221.0,0.0009768797393749826,119.91101808967802,23.651722945615447,2.0,239.0,0.0008190939382407811,21.304535652119366,12.0,0.9000339759881263,1.0,True,True,False,861928,199304,23917,0.23123045080331536,0.027748257395049238,preprocessed_green_images/8d9516ea3587_green_preprocessed.png,vessel_masks/8d9516ea3587_vessel_mask.png,vessel_skeletons/8d9516ea3587_skeleton.png,vessel_overlays/8d9516ea3587_overlay.png
8dafa62f9322.png,False,0,,90.50847589578174,18.127229371032396,0.0,254.0,0.0006936883654401436,120.06468614958803,20.753455788581146,2.0,238.0,0.000517070892162251,21.425735871706905,12.0,0.9017327049944975,1.0,False,True,False,860617,210952,29000,0.24511716594024985,0.033696754770124224,preprocessed_green_images/8dafa62f9322_green_preprocessed.png,vessel_masks/8dafa62f9322_vessel_mask.png,vessel_skeletons/8dafa62f9322_skeleton.png,vessel_overlays/8dafa62f9322_overlay.png
8e2a3978c244.png,False,0,,87.67650646414285,21.032942291972574,0.0,253.0,0.0010180300307264189,122.6170838889211,25.351633895331943,2.0,240.0,0.0008452663922546234,19.879587383923216,12.0,0.8997573357230187,1.0,True,True,False,862450,181826,18771,0.21082497536089048,0.021764739984926663,preprocessed_green_images/8e2a3978c244_green_preprocessed.png,vessel_masks/8e2a3978c244_vessel_mask.png,vessel_skeletons/8e2a3978c244_skeleton.png,vessel_overlays/8e2a3978c244_overlay.png
8e4a354e3da2.png,False,0,,93.67635707469795,24.580019731165958,0.0,248.0,3.174009320782265e-05,118.86699415239431,24.864066304106487,2.0,236.0,2.228559735868399e-05,19.995349695187947,11.998139878075179,0.8969569333595057,1.0,False,True,False,1480777,338458,50940,0.2285678397219838,0.0344008584682231,preprocessed_green_images/8e4a354e3da2_green_preprocessed.png,vessel_masks/8e4a354e3da2_vessel_mask.png,vessel_skeletons/8e4a354e3da2_skeleton.png,vessel_overlays/8e4a354e3da2_overlay.png
8e67f2d7e0ee.png,False,0,,74.31236226390584,17.264579837650746,0.0,244.0,0.0007040489192211154,119.58617697957214,22.57360046979341,3.0,239.0,0.0004291566723423603,21.62781734104817,12.0,0.9036501778573428,1.0,True,True,False,862156,203541,27800,0.2360837249871253,0.03224474457058815,preprocessed_green_images/8e67f2d7e0ee_green_preprocessed.png,vessel_masks/8e67f2d7e0ee_vessel_mask.png,vessel_skeletons/8e67f2d7e0ee_skeleton.png,vessel_overlays/8e67f2d7e0ee_overlay.png
8e76054f0831.png,False,0,,91.7197906827151,17.361641403854005,0.0,224.0,0.000804353243200955,119.91729185621317,21.271435464717037,3.0,237.0,0.0006559999072791651,19.402795591926708,11.761118236770683,0.9014423516434354,1.0,False,True,False,862805,184460,22207,0.21379106518854202,0.02573814477199367,preprocessed_green_images/8e76054f0831_green_preprocessed.png,vessel_masks/8e76054f0831_vessel_mask.png,vessel_skeletons/8e76054f0831_skeleton.png,vessel_overlays/8e76054f0831_overlay.png
8ead17dfb6a6.png,False,0,,83.38419105844633,27.51899718889346,0.0,244.0,0.002194466052684757,120.44188179350122,26.074867346776518,5.0,237.0,1.35168836013844e-05,20.67080674174471,12.0,0.89842349440749,1.0,True,True,False,1479631,343450,51600,0.2321186836447736,0.03487355969157175,preprocessed_green_images/8ead17dfb6a6_green_preprocessed.png,vessel_masks/8ead17dfb6a6_vessel_mask.png,vessel_skeletons/8ead17dfb6a6_skeleton.png,vessel_overlays/8ead17dfb6a6_overlay.png
8ead8f37423c.png,False,0,,110.52940446160665,10.754078601705567,0.0,225.0,0.0007135878734153127,116.39539381928473,21.591964633860265,2.0,238.0,0.0006381680168754829,17.792240118036567,11.116896047214627,0.8966168356627623,1.0,False,True,False,861842,363976,72634,0.4223233492914014,0.0842776286140615,preprocessed_green_images/8ead8f37423c_green_preprocessed.png,vessel_masks/8ead8f37423c_vessel_mask.png,vessel_skeletons/8ead8f37423c_skeleton.png,vessel_overlays/8ead8f37423c_overlay.png
8ed586c43023.png,False,0,,80.94908838134451,13.304874819133222,0.0,196.0,0.0007566359409034837,120.49524723543563,21.50895617232379,2.0,236.0,0.0005419462950949799,19.893319310314993,12.0,0.9024374537059894,1.0,True,True,False,861709,193948,23958,0.22507366175820376,0.02780288937448721,preprocessed_green_images/8ed586c43023_green_preprocessed.png,vessel_masks/8ed586c43023_vessel_mask.png,vessel_skeletons/8ed586c43023_skeleton.png,vessel_overlays/8ed586c43023_overlay.png
8ee50c26fc13.png,False,0,,69.05392572202749,24.278632635788757,0.0,255.0,0.001733296058149287,118.27631233736909,29.319754311798558,17.0,228.0,2.150491387281994e-05,16.539724419122994,12.0,0.8405730524220697,1.0,True,True,False,232505,58796,8573,0.25288058321326423,0.036872325326337066,preprocessed_green_images/8ee50c26fc13_green_preprocessed.png,vessel_masks/8ee50c26fc13_vessel_mask.png,vessel_skeletons/8ee50c26fc13_skeleton.png,vessel_overlays/8ee50c26fc13_overlay.png
8f06ca4642bd.png,False,0,,91.49125415803543,21.527203712079984,1.0,255.0,5.1572532469206903e-05,117.52524475464368,32.932679070150606,4.0,228.0,3.43816883128046e-05,12.62086289916141,9.048345159664564,0.8265818548523775,1.0,False,True,False,232682,54484,6140,0.23415648825435573,0.02638794578007753,preprocessed_green_images/8f06ca4642bd_green_preprocessed.png,vessel_masks/8f06ca4642bd_vessel_mask.png,vessel_skeletons/8f06ca4642bd_skeleton.png,vessel_overlays/8f06ca4642bd_overlay.png
8f10e41a2f02.png,False,0,,104.1978047188975,13.608485494960293,0.0,217.0,0.0022838209558153854,117.718040917402,21.508114887789436,1.0,238.0,0.0020659299105609138,20.52009273575533,12.0,0.8999746267843455,1.0,False,True,False,867406,205561,32281,0.23698360398706028,0.03721555995692905,preprocessed_green_images/8f10e41a2f02_green_preprocessed.png,vessel_masks/8f10e41a2f02_vessel_mask.png,vessel_skeletons/8f10e41a2f02_skeleton.png,vessel_overlays/8f10e41a2f02_overlay.png
8f14bca04b47.png,False,0,,90.3430997707592,19.188855457735034,0.0,255.0,2.229574563391872e-05,118.01465168302477,24.99697561217315,3.0,236.0,1.8241973700478953e-05,20.13048739942447,12.0,0.8971390484060774,1.0,False,True,False,1480103,329006,51606,0.22228588145554734,0.03486649239951544,preprocessed_green_images/8f14bca04b47_green_preprocessed.png,vessel_masks/8f14bca04b47_vessel_mask.png,vessel_skeletons/8f14bca04b47_skeleton.png,vessel_overlays/8f14bca04b47_overlay.png
8f9819752ca0.png,False,0,,77.7492136146555,20.223890622500456,0.0,251.0,0.0011657894217382571,122.84010571062645,22.18547450294144,4.0,238.0,0.0005143871651693704,21.183966375094297,12.0,0.9047236785135546,1.0,True,True,False,861219,180772,19734,0.20990247544468946,0.02291403231930554,preprocessed_green_images/8f9819752ca0_green_preprocessed.png,vessel_masks/8f9819752ca0_vessel_mask.png,vessel_skeletons/8f9819752ca0_skeleton.png,vessel_overlays/8f9819752ca0_overlay.png
8fbb2ca39911.png,False,0,,37.13003519157267,17.694853629630778,0.0,160.0,0.40607229421086977,122.12275566327958,26.622313248931043,8.0,243.0,8.972685746247785e-05,20.823948841182872,12.0,0.9238276560193132,1.0,True,True,False,858160,210859,28306,0.2457105900997483,0.03298452503029738,preprocessed_green_images/8fbb2ca39911_green_preprocessed.png,vessel_masks/8fbb2ca39911_vessel_mask.png,vessel_skeletons/8fbb2ca39911_skeleton.png,vessel_overlays/8fbb2ca39911_overlay.png
8ffa608170d3.png,False,0,,46.237215992260985,25.3235428823491,0.0,255.0,0.08490510800249482,119.09122869544187,27.71544749562864,13.0,239.0,0.00019602102771024528,9.035056261668576,11.504047749799787,0.9153509775565817,1.0,True,True,False,392815,109247,17707,0.27811310667871647,0.04507719919045861,preprocessed_green_images/8ffa608170d3_green_preprocessed.png,vessel_masks/8ffa608170d3_vessel_mask.png,vessel_skeletons/8ffa608170d3_skeleton.png,vessel_overlays/8ffa608170d3_overlay.png
901a3552fe26.png,False,0,,74.844946571683,14.168715900435554,0.0,188.0,0.000772206144256456,121.51482032873257,22.52893365338247,4.0,240.0,0.0005275582517067379,22.83582071479703,12.0,0.9025508013638313,1.0,True,True,False,862464,196109,23657,0.22738224436034432,0.02742955068269516,preprocessed_green_images/901a3552fe26_green_preprocessed.png,vessel_masks/901a3552fe26_vessel_mask.png,vessel_skeletons/901a3552fe26_skeleton.png,vessel_overlays/901a3552fe26_overlay.png
902dc5a91a3f.png,False,0,,94.28691184079695,19.21556362349249,0.0,240.0,0.0008068035416013141,121.68400734804717,23.453708408513894,2.0,240.0,0.0006204400262529474,22.409442928893455,12.0,0.9000041463179342,1.0,False,True,False,863903,181761,18873,0.21039514852940666,0.021846202640805737,preprocessed_green_images/902dc5a91a3f_green_preprocessed.png,vessel_masks/902dc5a91a3f_vessel_mask.png,vessel_skeletons/902dc5a91a3f_skeleton.png,vessel_overlays/902dc5a91a3f_overlay.png
9039cbfcbb2f.png,False,0,,35.40856220367381,11.184626198224866,0.0,128.0,0.3591893584840321,118.05477610344107,26.0954287974958,9.0,239.0,3.310195912671939e-05,7.9368566187480205,12.0,0.9102096945747935,1.0,True,True,False,392726,110420,20452,0.2811629482132581,0.05207702061997423,preprocessed_green_images/9039cbfcbb2f_green_preprocessed.png,vessel_masks/9039cbfcbb2f_vessel_mask.png,vessel_skeletons/9039cbfcbb2f_skeleton.png,vessel_overlays/9039cbfcbb2f_overlay.png
906d02fb822d.png,False,0,,85.868900369658,23.647099214109122,0.0,255.0,5.123744178937266e-05,121.0636121475339,20.446378522626212,2.0,243.0,5.4115949755067757e-05,12.625482621169175,9.417401904498071,0.9298426995949819,1.0,True,True,False,3474022,859396,114712,0.24737782316865006,0.033019940576081555,preprocessed_green_images/906d02fb822d_green_preprocessed.png,vessel_masks/906d02fb822d_vessel_mask.png,vessel_skeletons/906d02fb822d_skeleton.png,vessel_overlays/906d02fb822d_overlay.png
90960ddf4d14.png,False,0,,57.54308273443955,13.748329263291975,0.0,247.0,0.017927839935907124,120.14779046998052,23.840891148316764,8.0,239.0,1.1522619240469609e-05,24.073408927699898,12.0,0.9093357956880052,1.0,True,True,False,1475359,365316,50360,0.24761159826184678,0.03413406499706173,preprocessed_green_images/90960ddf4d14_green_preprocessed.png,vessel_masks/90960ddf4d14_vessel_mask.png,vessel_skeletons/90960ddf4d14_skeleton.png,vessel_overlays/90960ddf4d14_overlay.png
90a786abe58e.png,False,0,,80.39450655365226,19.125034341918184,0.0,254.0,0.0010218153518187965,121.96443363477466,23.08044368959433,3.0,239.0,0.0005775982351938259,21.950715965719038,12.0,0.9043016290307697,1.0,True,True,False,862191,178916,18435,0.20751318443361158,0.02138157322449434,preprocessed_green_images/90a786abe58e_green_preprocessed.png,vessel_masks/90a786abe58e_vessel_mask.png,vessel_skeletons/90a786abe58e_skeleton.png,vessel_overlays/90a786abe58e_overlay.png
90a9a41eec6d.png,False,0,,34.65120614007166,16.258822267201847,0.0,219.0,0.38879396178752684,119.01532471434865,26.891775146326804,5.0,246.0,7.894086819676139e-05,7.918271941432026,12.0,0.9181361399228701,1.0,True,True,False,392699,108036,18132,0.27511147214533266,0.04617276845624766,preprocessed_green_images/90a9a41eec6d_green_preprocessed.png,vessel_masks/90a9a41eec6d_vessel_mask.png,vessel_skeletons/90a9a41eec6d_skeleton.png,vessel_overlays/90a9a41eec6d_overlay.png
90bde2ff8953.png,False,0,,85.97985341615482,11.237780762440352,0.0,193.0,0.0008161580749798859,120.40545434731699,21.03019077676239,2.0,236.0,0.0005912508781814514,19.351155905012103,12.0,0.9018500290016584,1.0,True,True,False,862578,191688,24646,0.22222685948401188,0.028572488516980493,preprocessed_green_images/90bde2ff8953_green_preprocessed.png,vessel_masks/90bde2ff8953_vessel_mask.png,vessel_skeletons/90bde2ff8953_skeleton.png,vessel_overlays/90bde2ff8953_overlay.png
9122b31414d3.png,False,0,,97.96004431793949,12.321847017135196,0.0,237.0,0.0006860936239650649,117.1454947291321,21.993375634946872,2.0,237.0,0.0005250006953651594,21.538751396352957,12.0,0.8978419763499167,1.0,False,True,False,862856,204211,27649,0.23666869095190854,0.0320435854881927,preprocessed_green_images/9122b31414d3_green_preprocessed.png,vessel_masks/9122b31414d3_vessel_mask.png,vessel_skeletons/9122b31414d3_skeleton.png,vessel_overlays/9122b31414d3_overlay.png
912fbe06407e.png,False,0,,82.82270215332329,12.795199380435998,0.0,141.0,0.0011425277297383645,121.88873956155643,22.179644259188052,2.0,239.0,0.0008033578971007346,21.269423855401858,12.0,0.9021348548056369,1.0,True,True,False,863874,182662,18827,0.21144518760837808,0.02179368750535379,preprocessed_green_images/912fbe06407e_green_preprocessed.png,vessel_masks/912fbe06407e_vessel_mask.png,vessel_skeletons/912fbe06407e_skeleton.png,vessel_overlays/912fbe06407e_overlay.png
916915f01e17.png,False,0,,84.57243118877533,17.0404769504215,0.0,253.0,0.0007437169837809364,121.74583443073163,22.97399452548707,3.0,239.0,0.0005453151051123871,20.324322815477274,12.0,0.9011720955521012,1.0,True,True,False,861887,190366,20373,0.22087118148898868,0.02363766943926524,preprocessed_green_images/916915f01e17_green_preprocessed.png,vessel_masks/916915f01e17_vessel_mask.png,vessel_skeletons/916915f01e17_skeleton.png,vessel_overlays/916915f01e17_overlay.png
91b7a4179ecf.png,False,0,,36.29142534040375,19.092615486527624,0.0,221.0,0.4521779217669922,120.90271049508178,27.901995916444484,3.0,246.0,0.0008583319324948678,9.340816580860475,12.0,0.9218255082405354,1.0,True,True,False,392622,106000,17584,0.2699797769865163,0.04478607923142361,preprocessed_green_images/91b7a4179ecf_green_preprocessed.png,vessel_masks/91b7a4179ecf_vessel_mask.png,vessel_skeletons/91b7a4179ecf_skeleton.png,vessel_overlays/91b7a4179ecf_overlay.png
91e82fe4e434.png,False,0,,102.13407726851439,17.484079380272682,0.0,253.0,0.0014070279658379163,120.1517785134333,23.886293615208213,2.0,238.0,0.0012762761894072547,21.072386117251096,12.0,0.8983281775967809,1.0,False,True,False,864233,199736,23231,0.2311136001518109,0.026880482462484076,preprocessed_green_images/91e82fe4e434_green_preprocessed.png,vessel_masks/91e82fe4e434_vessel_mask.png,vessel_skeletons/91e82fe4e434_skeleton.png,vessel_overlays/91e82fe4e434_overlay.png
922586d86cd8.png,False,0,,75.72189712687468,18.08540800599597,0.0,230.0,0.0017794421007638127,122.69335636231857,22.236896780259745,3.0,239.0,0.0004483450723856604,21.397593315309106,12.0,0.905401571189489,1.0,True,True,False,860944,181769,19534,0.21112755301157798,0.02268904830047018,preprocessed_green_images/922586d86cd8_green_preprocessed.png,vessel_masks/922586d86cd8_vessel_mask.png,vessel_skeletons/922586d86cd8_skeleton.png,vessel_overlays/922586d86cd8_overlay.png
9232dc06cfdc.png,False,0,,92.21184281955986,20.152614006239762,0.0,255.0,0.001176208571706964,120.91349531140528,21.950776163626685,1.0,239.0,0.0009720540267164062,22.653264723949775,12.0,0.903279048103461,1.0,False,True,False,862092,191974,23160,0.22268388988646223,0.02686488217034841,preprocessed_green_images/9232dc06cfdc_green_preprocessed.png,vessel_masks/9232dc06cfdc_vessel_mask.png,vessel_skeletons/9232dc06cfdc_skeleton.png,vessel_overlays/9232dc06cfdc_overlay.png
92587e494d51.png,False,0,,81.96467031328504,15.294869097731514,0.0,244.0,2.0286540624135708e-05,118.85080534185188,25.169969061564885,5.0,237.0,1.6229232499308566e-05,20.697625426698938,12.0,0.8980291854591742,1.0,True,True,False,1478813,347666,56012,0.23509801442102551,0.03787632378130298,preprocessed_green_images/92587e494d51_green_preprocessed.png,vessel_masks/92587e494d51_vessel_mask.png,vessel_skeletons/92587e494d51_skeleton.png,vessel_overlays/92587e494d51_overlay.png
9274e75dc4d5.png,False,0,,90.11407571206053,14.209389016164877,0.0,244.0,0.0010558058893339268,120.94689215249963,21.922210334859493,3.0,239.0,0.0008240153538050734,20.100265595376502,12.0,0.9001585048379698,1.0,False,True,False,862848,194383,24175,0.22528069833852543,0.028017680982050142,preprocessed_green_images/9274e75dc4d5_green_preprocessed.png,vessel_masks/9274e75dc4d5_vessel_mask.png,vessel_skeletons/9274e75dc4d5_skeleton.png,vessel_overlays/9274e75dc4d5_overlay.png
9287e57326d0.png,False,0,,101.3703237598795,26.53057331420161,0.0,255.0,2.2339939411376444e-05,118.43392624435155,23.14970599009565,5.0,237.0,1.489329294091763e-05,19.72624376011121,11.890497504044484,0.8993417181483115,1.0,False,True,False,1477175,589127,120015,0.39882004501836277,0.08124629783201043,preprocessed_green_images/9287e57326d0_green_preprocessed.png,vessel_masks/9287e57326d0_vessel_mask.png,vessel_skeletons/9287e57326d0_skeleton.png,vessel_overlays/9287e57326d0_overlay.png
92e3d608fd3c.png,False,0,,81.3078362470045,16.63776997467394,0.0,179.0,0.0008416971675615013,123.17600977574452,22.960515671956152,3.0,240.0,0.00043476093365780023,22.00177269814849,12.0,0.9036382617614902,1.0,True,True,False,862543,175656,17619,0.20364897750025215,0.020426807706978085,preprocessed_green_images/92e3d608fd3c_green_preprocessed.png,vessel_masks/92e3d608fd3c_vessel_mask.png,vessel_skeletons/92e3d608fd3c_skeleton.png,vessel_overlays/92e3d608fd3c_overlay.png
92fcf50b3562.png,False,0,,105.64506826908921,34.75706541641304,0.0,255.0,2.0259893919195438e-05,117.92259504929233,25.267880008095542,2.0,237.0,2.161055351380847e-05,19.532166935401456,11.812866774160582,0.8962985777434058,1.0,False,True,False,1480758,320611,51524,0.21651816164423895,0.03479569247642086,preprocessed_green_images/92fcf50b3562_green_preprocessed.png,vessel_masks/92fcf50b3562_vessel_mask.png,vessel_skeletons/92fcf50b3562_skeleton.png,vessel_overlays/92fcf50b3562_overlay.png
930fee99213a.png,False,0,,91.9127343950457,17.090595391515652,0.0,238.0,0.0008266449014469769,119.85166832498754,24.700293754056638,2.0,239.0,0.0006710684733656639,22.317022912329193,12.0,0.8987259893153775,1.0,False,True,False,861313,190795,22102,0.2215164522072696,0.025660822488456577,preprocessed_green_images/930fee99213a_green_preprocessed.png,vessel_masks/930fee99213a_vessel_mask.png,vessel_skeletons/930fee99213a_skeleton.png,vessel_overlays/930fee99213a_overlay.png
934104859e68.png,False,0,,81.24637649207534,15.691315529896222,0.0,176.0,0.0009398899748550422,119.42089201360403,22.01008519529002,2.0,240.0,0.0006300743905509727,19.065859785047838,12.0,0.9017764977018801,1.0,True,True,False,861803,219375,30638,0.25455353485657395,0.03555104820939356,preprocessed_green_images/934104859e68_green_preprocessed.png,vessel_masks/934104859e68_vessel_mask.png,vessel_skeletons/934104859e68_skeleton.png,vessel_overlays/934104859e68_overlay.png
93421787f520.png,False,0,,83.19686825857323,18.243183524824037,0.0,242.0,0.0005497749758238489,119.588331287659,21.22721015771653,3.0,238.0,0.0003068511492970319,23.897067595439594,12.0,0.9028156323280035,1.0,True,True,False,860352,197224,24915,0.22923640556423416,0.028959077214907387,preprocessed_green_images/93421787f520_green_preprocessed.png,vessel_masks/93421787f520_vessel_mask.png,vessel_skeletons/93421787f520_skeleton.png,vessel_overlays/93421787f520_overlay.png
936299166bea.png,False,0,,90.87740314405978,21.0604846958837,0.0,255.0,4.7246800103083926e-05,118.2386092260115,34.946818576293346,2.0,226.0,5.154196374881883e-05,14.448630456170367,9.779452182468146,0.8265885632822476,1.0,False,True,False,232820,56254,6995,0.2416201357271712,0.030044669701915643,preprocessed_green_images/936299166bea_green_preprocessed.png,vessel_masks/936299166bea_vessel_mask.png,vessel_skeletons/936299166bea_skeleton.png,vessel_overlays/936299166bea_overlay.png
937bc1b924b1.png,False,0,,100.32628350857526,12.531126117440575,0.0,231.0,0.0017302220219972135,118.4795876651615,21.42692764200015,2.0,237.0,0.0015900902518086843,24.279677893919263,12.0,0.8997278016873316,1.0,False,True,False,863473,209954,26590,0.24315062543935942,0.030794246027380127,preprocessed_green_images/937bc1b924b1_green_preprocessed.png,vessel_masks/937bc1b924b1_vessel_mask.png,vessel_skeletons/937bc1b924b1_skeleton.png,vessel_overlays/937bc1b924b1_overlay.png
93802d1e3c41.png,False,0,,92.96481579652531,13.83999049761683,0.0,241.0,0.0007296450491437401,117.96409311152433,21.254303688021043,3.0,238.0,0.0005591238691371745,19.609037750884706,11.843615100353883,0.8992651965102925,1.0,False,True,False,862063,212842,30011,0.24689842853712549,0.03481300090596627,preprocessed_green_images/93802d1e3c41_green_preprocessed.png,vessel_masks/93802d1e3c41_vessel_mask.png,vessel_skeletons/93802d1e3c41_skeleton.png,vessel_overlays/93802d1e3c41_overlay.png
93a1b984de84.png,False,0,,83.76176799087943,12.648257393168159,0.0,166.0,0.0005862561174551387,120.73267068626724,21.454987465091254,4.0,238.0,0.0003487412872608631,20.56328230959863,12.0,0.9010185920477936,1.0,True,True,False,863104,198070,25000,0.22948567032478126,0.028965223194423847,preprocessed_green_images/93a1b984de84_green_preprocessed.png,vessel_masks/93a1b984de84_vessel_mask.png,vessel_skeletons/93a1b984de84_skeleton.png,vessel_overlays/93a1b984de84_overlay.png
93d6d20a5ee3.png,False,0,,75.89145145954943,22.283714475656108,0.0,255.0,0.001314605722893667,122.23460655977794,21.773266836541293,3.0,239.0,0.00046377337173702306,20.704356670532036,12.0,0.9067566616393414,1.0,True,True,False,860334,188988,21752,0.21966817538304892,0.025283203964971742,preprocessed_green_images/93d6d20a5ee3_green_preprocessed.png,vessel_masks/93d6d20a5ee3_vessel_mask.png,vessel_skeletons/93d6d20a5ee3_skeleton.png,vessel_overlays/93d6d20a5ee3_overlay.png
94076a9fb9b5.png,False,0,,84.48615703751194,15.993031768077921,0.0,243.0,0.0006492608995109056,120.15265993711809,21.03456447948988,2.0,237.0,0.0004645874057323117,20.525339029219055,12.0,0.9021754983888064,1.0,True,True,False,860979,198401,25535,0.23043651471174093,0.029658098513436447,preprocessed_green_images/94076a9fb9b5_green_preprocessed.png,vessel_masks/94076a9fb9b5_vessel_mask.png,vessel_skeletons/94076a9fb9b5_skeleton.png,vessel_overlays/94076a9fb9b5_overlay.png
94145d1f42cf.png,False,0,,92.5789209630776,29.98474567980716,0.0,255.0,2.975049477101247e-05,118.42173422395496,25.920576722737817,3.0,237.0,2.2989018686691456e-05,20.503225171531252,12.0,0.8964209051292316,1.0,False,True,False,1478967,338312,55550,0.22874884970388115,0.037559999648403244,preprocessed_green_images/94145d1f42cf_green_preprocessed.png,vessel_masks/94145d1f42cf_vessel_mask.png,vessel_skeletons/94145d1f42cf_skeleton.png,vessel_overlays/94145d1f42cf_overlay.png
941d874c8afb.png,False,0,,95.54866825503247,18.804849489458476,0.0,252.0,0.0009616031513672396,118.47522334944125,21.108239431564247,2.0,239.0,0.0008084890187008034,21.405761893561433,12.0,0.9007215158582412,1.0,False,True,False,862102,209088,32806,0.24253278614363497,0.038053501789811414,preprocessed_green_images/941d874c8afb_green_preprocessed.png,vessel_masks/941d874c8afb_vessel_mask.png,vessel_skeletons/941d874c8afb_skeleton.png,vessel_overlays/941d874c8afb_overlay.png
942f544c4e15.png,False,0,,89.8982044467943,12.495248515318705,0.0,211.0,0.0006875649302463639,119.60124016770555,20.709833396699825,2.0,237.0,0.000546109750667854,21.265346613171033,12.0,0.9008351795712761,1.0,True,True,False,862464,194853,22987,0.2259259516918967,0.026652706663698428,preprocessed_green_images/942f544c4e15_green_preprocessed.png,vessel_masks/942f544c4e15_vessel_mask.png,vessel_skeletons/942f544c4e15_skeleton.png,vessel_overlays/942f544c4e15_overlay.png
946545473380.png,False,0,,80.47869990936131,13.666027918867028,0.0,204.0,0.0006417822280868507,120.01178418941048,21.856073693395224,4.0,237.0,0.0004642186098277401,20.55714839077083,12.0,0.9016237536840621,1.0,True,True,False,861663,200485,26917,0.2326721699782862,0.031238430801833198,preprocessed_green_images/946545473380_green_preprocessed.png,vessel_masks/946545473380_vessel_mask.png,vessel_skeletons/946545473380_skeleton.png,vessel_overlays/946545473380_overlay.png
949710bead24.png,False,0,,85.97460454591251,14.849059738286105,0.0,241.0,0.0009345675337955601,119.87267530668754,22.087924591292953,3.0,237.0,0.0007029522837842689,20.751906412522104,12.0,0.9013296083754352,1.0,True,True,False,863501,198399,24119,0.22976116993495085,0.027931641075111667,preprocessed_green_images/949710bead24_green_preprocessed.png,vessel_masks/949710bead24_vessel_mask.png,vessel_skeletons/949710bead24_skeleton.png,vessel_overlays/949710bead24_overlay.png
94b9ccc73bb9.png,False,0,,82.65755142354104,16.584630869796143,0.0,187.0,6.011937991153863e-05,117.14018980547087,36.918067040362445,2.0,225.0,5.153089706703311e-05,14.895684860095763,10.610936039723548,0.8208799687327466,1.0,True,True,False,232870,55264,9044,0.2373169579593765,0.03883711942285395,preprocessed_green_images/94b9ccc73bb9_green_preprocessed.png,vessel_masks/94b9ccc73bb9_vessel_mask.png,vessel_skeletons/94b9ccc73bb9_skeleton.png,vessel_overlays/94b9ccc73bb9_overlay.png
94f9ecf4b8d2.png,False,0,,47.31010177916188,20.340731233140392,0.0,233.0,0.10885557646423724,119.17147637078477,26.90974237037958,6.0,244.0,6.111333212804262e-05,9.138524758205579,11.450067522912287,0.91195374571382,1.0,True,True,False,392713,98818,13661,0.25162905225953813,0.034786217925049594,preprocessed_green_images/94f9ecf4b8d2_green_preprocessed.png,vessel_masks/94f9ecf4b8d2_vessel_mask.png,vessel_skeletons/94f9ecf4b8d2_skeleton.png,vessel_overlays/94f9ecf4b8d2_overlay.png
9519a590985d.png,False,0,,83.08465319750637,14.629663797744904,0.0,197.0,0.0011295743416319395,120.27231778228062,23.151822724950197,3.0,239.0,0.000912927775595865,19.959872206525365,12.0,0.8997319823199904,1.0,True,True,False,863157,197940,24441,0.22932096941807806,0.028315822034693572,preprocessed_green_images/9519a590985d_green_preprocessed.png,vessel_masks/9519a590985d_vessel_mask.png,vessel_skeletons/9519a590985d_skeleton.png,vessel_overlays/9519a590985d_overlay.png
956765d5f46d.png,False,0,,54.66574871788346,15.160425982150786,0.0,238.0,0.0016950662373856275,117.48339674985047,27.90220784322558,3.0,239.0,0.00010435092452373983,13.048269900357834,12.0,0.8970970238954739,1.0,True,True,False,392905,101325,15521,0.25788676652116926,0.03950318779348697,preprocessed_green_images/956765d5f46d_green_preprocessed.png,vessel_masks/956765d5f46d_vessel_mask.png,vessel_skeletons/956765d5f46d_skeleton.png,vessel_overlays/956765d5f46d_overlay.png
958c1fa044ba.png,False,0,,88.37559026642836,13.865103638023598,0.0,209.0,0.0006711129347455682,120.11449256212141,22.181092416791625,3.0,239.0,0.0005018858389375321,20.350444469836155,12.0,0.8998438003681928,1.0,True,True,False,862746,198737,25500,0.23035400917535404,0.02955678728154057,preprocessed_green_images/958c1fa044ba_green_preprocessed.png,vessel_masks/958c1fa044ba_vessel_mask.png,vessel_skeletons/958c1fa044ba_skeleton.png,vessel_overlays/958c1fa044ba_overlay.png
959bb2d01091.png,False,0,,93.34820769138284,17.370576798487885,0.0,224.0,4.2939832706411776e-05,118.43607547104996,33.987150312085255,3.0,226.0,4.2939832706411776e-05,17.13367321300262,10.853469285201047,0.8246042849084925,1.0,False,True,False,232884,57435,7541,0.24662492914927603,0.03238092784390512,preprocessed_green_images/959bb2d01091_green_preprocessed.png,vessel_masks/959bb2d01091_vessel_mask.png,vessel_skeletons/959bb2d01091_skeleton.png,vessel_overlays/959bb2d01091_overlay.png
962c0fc85e13.png,False,0,,95.24342309530302,14.793602920359522,0.0,249.0,3.442345438689803e-05,119.72960309082123,24.144753209874317,3.0,237.0,2.5648848366708334e-05,20.758401441517293,12.0,0.8988553131449932,1.0,False,True,False,1481548,547724,99462,0.36969710060018307,0.06713383569077748,preprocessed_green_images/962c0fc85e13_green_preprocessed.png,vessel_masks/962c0fc85e13_vessel_mask.png,vessel_skeletons/962c0fc85e13_skeleton.png,vessel_overlays/962c0fc85e13_overlay.png
966c07831334.png,False,0,,78.85615907551416,18.44055232272514,0.0,253.0,0.0013047928772019106,121.92001143291354,22.497830508248587,2.0,240.0,0.0005263323004207173,23.088296630393376,12.0,0.9031262638089179,1.0,True,True,False,860673,192489,22789,0.22364939994632108,0.026478116543681516,preprocessed_green_images/966c07831334_green_preprocessed.png,vessel_masks/966c07831334_vessel_mask.png,vessel_skeletons/966c07831334_skeleton.png,vessel_overlays/966c07831334_overlay.png
96793edb1003.png,False,0,,51.10714985857115,31.095532203829773,0.0,231.0,0.15523312210236342,119.47752286921077,32.14463863972899,3.0,243.0,0.0008096197078749519,13.261093635598726,12.0,0.9169464688315075,1.0,True,True,False,392777,92089,9860,0.23445619269967438,0.025103302891971782,preprocessed_green_images/96793edb1003_green_preprocessed.png,vessel_masks/96793edb1003_vessel_mask.png,vessel_skeletons/96793edb1003_skeleton.png,vessel_overlays/96793edb1003_overlay.png
9688c6ef5dc5.png,False,0,,89.62603731489682,14.103332354686314,0.0,244.0,0.0007510339776129191,118.06797031616557,21.273125956043945,1.0,238.0,0.0006001307054495815,19.649438171488164,11.893016396159993,0.900108937778083,1.0,True,True,False,861479,209548,33026,0.2432421451944853,0.03833639589589531,preprocessed_green_images/9688c6ef5dc5_green_preprocessed.png,vessel_masks/9688c6ef5dc5_vessel_mask.png,vessel_skeletons/9688c6ef5dc5_skeleton.png,vessel_overlays/9688c6ef5dc5_overlay.png
969f92a390db.png,False,0,,101.76324750340629,17.527275344461852,0.0,254.0,0.002026422138893194,119.27425287249964,25.044449751494238,1.0,240.0,0.0019801567932563632,22.147924872325525,12.0,0.8977540210455954,1.0,False,True,False,864578,206654,25892,0.2390229684308414,0.029947558230720654,preprocessed_green_images/969f92a390db_green_preprocessed.png,vessel_masks/969f92a390db_vessel_mask.png,vessel_skeletons/969f92a390db_skeleton.png,vessel_overlays/969f92a390db_overlay.png
96b5474ae604.png,False,0,,98.54704488607835,10.337072548797382,0.0,221.0,0.0011708003322666556,117.1707644678296,20.99694969409115,2.0,238.0,0.0009880073950155374,19.86445586299691,11.945782345198763,0.89926789857609,1.0,False,True,False,864366,206518,32124,0.23892425199510392,0.037164812128195696,preprocessed_green_images/96b5474ae604_green_preprocessed.png,vessel_masks/96b5474ae604_vessel_mask.png,vessel_skeletons/96b5474ae604_skeleton.png,vessel_overlays/96b5474ae604_overlay.png
96c699221180.png,False,0,,76.49875774232159,19.95800767410127,0.0,194.0,0.0037651214948926826,122.9551729747946,22.177219151731368,3.0,239.0,0.0002637909195495799,21.91680885762811,12.0,0.9050488157600193,1.0,True,True,False,860530,184566,19600,0.21447944871184038,0.022776660895029808,preprocessed_green_images/96c699221180_green_preprocessed.png,vessel_masks/96c699221180_vessel_mask.png,vessel_skeletons/96c699221180_skeleton.png,vessel_overlays/96c699221180_overlay.png
96ce10a1dbd7.png,False,0,,50.55884161187861,14.854570452703848,0.0,152.0,0.04044688919700106,121.95419420596744,23.54672627571936,4.0,242.0,0.00026730603170249537,20.72651181089834,12.0,0.9144460426526878,1.0,True,True,False,860437,205872,26840,0.23926446677676577,0.03119345169954337,preprocessed_green_images/96ce10a1dbd7_green_preprocessed.png,vessel_masks/96ce10a1dbd7_vessel_mask.png,vessel_skeletons/96ce10a1dbd7_skeleton.png,vessel_overlays/96ce10a1dbd7_overlay.png
96ea316ed0ab.png,False,0,,66.123881091358,22.096689698538285,0.0,255.0,0.002443210412893957,118.9827555800259,29.328098492594513,39.0,230.0,0.0,15.841856441942157,12.0,0.8396991392019215,1.0,True,True,False,232481,53126,6959,0.22851759928768373,0.029933628984734235,preprocessed_green_images/96ea316ed0ab_green_preprocessed.png,vessel_masks/96ea316ed0ab_vessel_mask.png,vessel_skeletons/96ea316ed0ab_skeleton.png,vessel_overlays/96ea316ed0ab_overlay.png
971bb98ab935.png,False,0,,96.08634947911072,22.507018810068217,0.0,255.0,6.44399097841263e-05,119.41192138331006,32.35113732155178,6.0,227.0,4.29599398560842e-05,23.241236815754778,12.0,0.8291670161973871,1.0,False,True,False,232775,51544,6438,0.22143271399420042,0.02765760927934701,preprocessed_green_images/971bb98ab935_green_preprocessed.png,vessel_masks/971bb98ab935_vessel_mask.png,vessel_skeletons/971bb98ab935_skeleton.png,vessel_overlays/971bb98ab935_overlay.png
973b0facfa9b.png,False,0,,77.2320197644275,19.186518416637423,0.0,250.0,0.0009963405652115918,123.89935916395544,22.572392000534677,5.0,240.0,0.0004198780961660026,22.008713830736674,12.0,0.9059624440472396,1.0,True,True,False,862155,184576,19176,0.21408679413794504,0.022241940254362616,preprocessed_green_images/973b0facfa9b_green_preprocessed.png,vessel_masks/973b0facfa9b_vessel_mask.png,vessel_skeletons/973b0facfa9b_skeleton.png,vessel_overlays/973b0facfa9b_overlay.png
974c7d7b9c64.png,False,0,,97.382450323459,12.794634391839981,0.0,199.0,0.0010998068970627052,119.1976179340301,20.497169831188362,2.0,237.0,0.0009215224105914877,20.09014677530762,12.0,0.8998521468629178,1.0,False,True,False,863788,209945,31336,0.24305153579350489,0.03627741992248098,preprocessed_green_images/974c7d7b9c64_green_preprocessed.png,vessel_masks/974c7d7b9c64_vessel_mask.png,vessel_skeletons/974c7d7b9c64_skeleton.png,vessel_overlays/974c7d7b9c64_overlay.png
976082127e2a.png,False,0,,91.83688383612136,12.947432887225578,0.0,225.0,0.0007752459781213515,118.13014615939893,21.830482259399858,2.0,238.0,0.0006533884516202409,19.64582790340498,11.858331161361992,0.8985375153871037,1.0,False,True,False,861662,210349,28807,0.24412008420935355,0.03343190253254757,preprocessed_green_images/976082127e2a_green_preprocessed.png,vessel_masks/976082127e2a_vessel_mask.png,vessel_skeletons/976082127e2a_skeleton.png,vessel_overlays/976082127e2a_overlay.png
97a235367f9d.png,False,0,,45.525424764543075,19.16397324446684,0.0,255.0,0.06441806048168414,121.09234698164467,27.053043366004587,4.0,247.0,0.0014054849559640176,10.32615082752473,12.0,0.9124783676793163,1.0,True,True,False,392747,102661,15052,0.2613921939569239,0.03832492673400433,preprocessed_green_images/97a235367f9d_green_preprocessed.png,vessel_masks/97a235367f9d_vessel_mask.png,vessel_skeletons/97a235367f9d_skeleton.png,vessel_overlays/97a235367f9d_overlay.png
97d02a9b94f7.png,False,0,,83.98183702594197,12.897095054150848,0.0,255.0,0.0007222526864206061,120.5999125877166,21.433024537041717,3.0,239.0,0.0004973457503602568,21.45078824702739,12.0,0.9017222048505356,1.0,True,True,False,862579,185496,21271,0.2150481289250028,0.024659770293503552,preprocessed_green_images/97d02a9b94f7_green_preprocessed.png,vessel_masks/97d02a9b94f7_vessel_mask.png,vessel_skeletons/97d02a9b94f7_skeleton.png,vessel_overlays/97d02a9b94f7_overlay.png
97fdee242fea.png,False,0,,57.365316038780385,25.892220346704654,0.0,243.0,0.027074493673624703,119.70485823879616,26.92934454086137,3.0,240.0,0.0005956032264386746,10.2645079639361,11.006663982127295,0.9040955832067639,1.0,True,True,False,392879,99923,12843,0.2543353042539815,0.03268945400492264,preprocessed_green_images/97fdee242fea_green_preprocessed.png,vessel_masks/97fdee242fea_vessel_mask.png,vessel_skeletons/97fdee242fea_skeleton.png,vessel_overlays/97fdee242fea_overlay.png
98277aeb96a7.png,False,0,,85.96385790128589,39.66504967249328,0.0,255.0,3.588077832855149e-05,119.47693813747618,22.917887759725367,4.0,238.0,1.2185924715357109e-05,21.564555158440513,12.0,0.9035884512017693,1.0,True,True,False,1477114,372548,58572,0.25221343782538114,0.039652999023772034,preprocessed_green_images/98277aeb96a7_green_preprocessed.png,vessel_masks/98277aeb96a7_vessel_mask.png,vessel_skeletons/98277aeb96a7_skeleton.png,vessel_overlays/98277aeb96a7_overlay.png
983c98354e9c.png,False,0,,75.99924493725209,16.88144032172273,0.0,216.0,0.0009139622816581224,119.38419239601939,24.620446485818714,1.0,240.0,0.0007040293210234522,19.801286768900415,12.0,0.9007923829212857,1.0,True,True,False,862180,209578,28457,0.24307917140272334,0.03300586884409288,preprocessed_green_images/983c98354e9c_green_preprocessed.png,vessel_masks/983c98354e9c_vessel_mask.png,vessel_skeletons/983c98354e9c_skeleton.png,vessel_overlays/983c98354e9c_overlay.png
98441214557f.png,False,0,,79.66552048348372,16.704501913832203,0.0,206.0,0.0011987391212106107,121.43531272135807,21.362705609532963,3.0,239.0,0.0006469017694734243,19.815283520857943,12.0,0.9036197620264275,1.0,True,True,False,862573,199329,25286,0.2310865283286168,0.02931462032778675,preprocessed_green_images/98441214557f_green_preprocessed.png,vessel_masks/98441214557f_vessel_mask.png,vessel_skeletons/98441214557f_skeleton.png,vessel_overlays/98441214557f_overlay.png
9858cc2ae073.png,False,0,,83.16427065168904,23.521725391179615,0.0,255.0,3.4470173161928705e-05,120.72794179271936,24.048488202741847,4.0,238.0,2.0276572448193357e-05,20.614974344402025,12.0,0.9023345101549785,1.0,True,True,False,1479540,355568,52043,0.24032334374197387,0.035175121997377566,preprocessed_green_images/9858cc2ae073_green_preprocessed.png,vessel_masks/9858cc2ae073_vessel_mask.png,vessel_skeletons/9858cc2ae073_skeleton.png,vessel_overlays/9858cc2ae073_overlay.png
9870ce41cac4.png,False,0,,75.45137382893823,23.637144019483674,0.0,255.0,3.9984168979875084e-05,119.5981184398855,23.121298553924785,4.0,237.0,1.829784004163775e-05,21.380728117645244,12.0,0.9034797788336383,1.0,True,True,False,1475584,352477,61640,0.23887288016134628,0.04177329111727967,preprocessed_green_images/9870ce41cac4_green_preprocessed.png,vessel_masks/9870ce41cac4_vessel_mask.png,vessel_skeletons/9870ce41cac4_skeleton.png,vessel_overlays/9870ce41cac4_overlay.png
98d41bce73a8.png,False,0,,94.18888247258721,27.596303059731135,0.0,255.0,5.544766551804348e-05,119.26694399515306,25.10259210509747,1.0,238.0,5.9504811775461296e-05,19.694721516801437,11.877888606720575,0.8975011865559718,1.0,False,True,False,1478872,338837,44993,0.22911854440411342,0.030423863593333298,preprocessed_green_images/98d41bce73a8_green_preprocessed.png,vessel_masks/98d41bce73a8_vessel_mask.png,vessel_skeletons/98d41bce73a8_skeleton.png,vessel_overlays/98d41bce73a8_overlay.png
98e44127872f.png,False,0,,81.33098752764243,17.132657123031706,0.0,200.0,0.0005972972878752137,121.13878795132841,21.154403188752486,3.0,236.0,0.0004113681710268981,17.891482936444643,11.92717206100964,0.902890711196464,1.0,True,True,False,860543,196082,24405,0.2278584568115713,0.02836000060426963,preprocessed_green_images/98e44127872f_green_preprocessed.png,vessel_masks/98e44127872f_vessel_mask.png,vessel_skeletons/98e44127872f_skeleton.png,vessel_overlays/98e44127872f_overlay.png
9910c827e2fe.png,False,0,,95.95050211557101,8.081364855735655,0.0,148.0,0.0010537371232398195,117.8284837520907,20.388671730285086,2.0,239.0,0.0008143039898582139,19.12772123216816,11.651088492867263,0.8996068534433432,1.0,False,True,False,864542,209874,31739,0.24275743688565737,0.036711923770042405,preprocessed_green_images/9910c827e2fe_green_preprocessed.png,vessel_masks/9910c827e2fe_vessel_mask.png,vessel_skeletons/9910c827e2fe_skeleton.png,vessel_overlays/9910c827e2fe_overlay.png
991a0b7a8c87.png,False,0,,71.69552521234276,21.815125886042043,0.0,255.0,0.00011181593377056231,118.67243952263198,30.800106051022695,20.0,228.0,1.7202451349317278e-05,16.650499428997765,12.0,0.8374887870357228,1.0,True,True,False,232525,54925,7304,0.23621116009031287,0.03141167616385335,preprocessed_green_images/991a0b7a8c87_green_preprocessed.png,vessel_masks/991a0b7a8c87_vessel_mask.png,vessel_skeletons/991a0b7a8c87_skeleton.png,vessel_overlays/991a0b7a8c87_overlay.png
99240ee00485.png,False,0,,102.91221687540894,25.208374643600195,0.0,253.0,0.0007099866819491687,119.81199274235836,21.527683812838706,1.0,238.0,0.0006102173116099064,20.385097366267566,12.0,0.90045386588272,1.0,False,True,False,861988,190259,23140,0.22072117013229883,0.026844921275006147,preprocessed_green_images/99240ee00485_green_preprocessed.png,vessel_masks/99240ee00485_vessel_mask.png,vessel_skeletons/99240ee00485_skeleton.png,vessel_overlays/99240ee00485_overlay.png
992599744a23.png,False,1,mean_S,55.74301947895271,21.989892085879617,14.0,255.0,0.08942432636129373,123.91311637799048,17.90976681757818,17.0,245.0,1.3160861703033051e-06,9.475719890671968,10.83535289147299,0.9464327338888074,1.0,True,True,False,4558972,1166246,163953,0.2558133719619248,0.035962712646622964,preprocessed_green_images/992599744a23_green_preprocessed.png,vessel_masks/992599744a23_vessel_mask.png,vessel_skeletons/992599744a23_skeleton.png,vessel_overlays/992599744a23_overlay.png
996f9bba4ef0.png,False,0,,85.98546403970076,17.519012912968766,0.0,198.0,0.0012406488408266054,121.06648465854381,21.596366288722976,2.0,239.0,0.0008911376935041849,20.745008807767633,12.0,0.902639934845506,1.0,True,True,False,864064,201109,25612,0.23274780571809495,0.029641322864972966,preprocessed_green_images/996f9bba4ef0_green_preprocessed.png,vessel_masks/996f9bba4ef0_vessel_mask.png,vessel_skeletons/996f9bba4ef0_skeleton.png,vessel_overlays/996f9bba4ef0_overlay.png
9985375d709f.png,False,0,,88.98060358883102,22.984540866750102,0.0,252.0,0.0008024093242525598,122.02683121686714,21.898647687488392,2.0,236.0,0.00047399215525514057,21.92259381517703,12.0,0.9034986365975587,1.0,True,True,False,858664,184525,19611,0.21489779471364817,0.02283896844400138,preprocessed_green_images/9985375d709f_green_preprocessed.png,vessel_masks/9985375d709f_vessel_mask.png,vessel_skeletons/9985375d709f_skeleton.png,vessel_overlays/9985375d709f_overlay.png
999ad827ed35.png,False,0,,90.39773704142561,12.551512260158544,0.0,173.0,0.0005343742013429056,119.25016379730954,20.93005719626926,2.0,238.0,0.00042517599498152926,20.760742949337658,12.0,0.899762547853432,1.0,False,True,False,860820,187178,24257,0.21744150925861389,0.02817894565646709,preprocessed_green_images/999ad827ed35_green_preprocessed.png,vessel_masks/999ad827ed35_vessel_mask.png,vessel_skeletons/999ad827ed35_skeleton.png,vessel_overlays/999ad827ed35_overlay.png
99c626e58464.png,False,0,,94.97684712360586,22.034033673667192,0.0,255.0,2.4365036984095722e-05,119.73133485885538,24.81333949875647,3.0,236.0,2.165781065252953e-05,19.91485745951035,11.96594298380414,0.8977133289781108,1.0,False,True,False,1477527,332161,48439,0.2248087513798394,0.03278383406868369,preprocessed_green_images/99c626e58464_green_preprocessed.png,vessel_masks/99c626e58464_vessel_mask.png,vessel_skeletons/99c626e58464_skeleton.png,vessel_overlays/99c626e58464_overlay.png
99c6a123ed6a.png,False,0,,106.01959611086872,10.210448068339836,0.0,210.0,0.0008599049359469197,117.09417289991656,21.212758053959323,2.0,237.0,0.0007175518980983717,17.960487114005772,11.18419484560231,0.8977096015081983,1.0,False,True,False,864049,342725,66135,0.3966499585092975,0.07654079803344487,preprocessed_green_images/99c6a123ed6a_green_preprocessed.png,vessel_masks/99c6a123ed6a_vessel_mask.png,vessel_skeletons/99c6a123ed6a_skeleton.png,vessel_overlays/99c6a123ed6a_overlay.png
9a1029536d78.png,False,0,,79.94573006781131,21.102302708696406,0.0,252.0,0.0008142925746260866,120.62877190296231,23.067822096335384,3.0,239.0,0.0005219824196321068,21.100083041604893,12.0,0.9038176187357638,1.0,True,True,False,862098,190392,20613,0.22084728186354682,0.02391027470194804,preprocessed_green_images/9a1029536d78_green_preprocessed.png,vessel_masks/9a1029536d78_vessel_mask.png,vessel_skeletons/9a1029536d78_skeleton.png,vessel_overlays/9a1029536d78_overlay.png
9a159d4674cd.png,False,0,,84.77543901852297,17.27651613517451,0.0,212.0,6.443520395889893e-05,118.92701639231589,34.77192148312216,6.0,226.0,3.8661122375339356e-05,19.03220153252319,12.0,0.8256500111411607,1.0,True,True,False,232792,51450,6387,0.22101274957902334,0.027436509845699165,preprocessed_green_images/9a159d4674cd_green_preprocessed.png,vessel_masks/9a159d4674cd_vessel_mask.png,vessel_skeletons/9a159d4674cd_skeleton.png,vessel_overlays/9a159d4674cd_overlay.png
9a56cfb980ec.png,False,0,,91.67502548612933,19.339741287759413,0.0,255.0,1.825266556519717e-05,119.07687887531131,24.596106963676572,4.0,238.0,1.4872542312382878e-05,19.504456073123638,11.801782429249455,0.8983659757066504,1.0,False,True,False,1479236,338821,45753,0.22905134812835815,0.030930155837202447,preprocessed_green_images/9a56cfb980ec_green_preprocessed.png,vessel_masks/9a56cfb980ec_vessel_mask.png,vessel_skeletons/9a56cfb980ec_skeleton.png,vessel_overlays/9a56cfb980ec_overlay.png
9ab18a4a957f.png,False,0,,63.06421087702001,15.728187712479519,0.0,249.0,0.00024919958177809317,118.61182560363181,24.106957829409033,5.0,238.0,1.1511937201705393e-05,22.322594955710013,12.0,0.9037918035373687,1.0,True,True,False,1476728,393766,63566,0.2666476155392191,0.04304516471550617,preprocessed_green_images/9ab18a4a957f_green_preprocessed.png,vessel_masks/9ab18a4a957f_vessel_mask.png,vessel_skeletons/9ab18a4a957f_skeleton.png,vessel_overlays/9ab18a4a957f_overlay.png
9ac2e3e9fca5.png,False,0,,98.5961691755214,13.808923388752277,0.0,255.0,0.0017811349659634797,119.06741780419743,21.706959197564974,2.0,238.0,0.0014073734834685527,22.07262334562215,12.0,0.9009402152567159,1.0,False,True,False,866863,208169,27235,0.24014059891816816,0.03141788264120167,preprocessed_green_images/9ac2e3e9fca5_green_preprocessed.png,vessel_masks/9ac2e3e9fca5_vessel_mask.png,vessel_skeletons/9ac2e3e9fca5_skeleton.png,vessel_overlays/9ac2e3e9fca5_overlay.png
9ac41b9a809e.png,False,0,,97.37177674075978,13.728990707425856,0.0,243.0,0.0007227467154983999,118.9860824927349,21.574441970106676,2.0,238.0,0.0005872317063424499,19.629781001820017,11.851912400728008,0.899154095425322,1.0,False,True,False,863373,204696,26134,0.23708872063407124,0.03026965170326151,preprocessed_green_images/9ac41b9a809e_green_preprocessed.png,vessel_masks/9ac41b9a809e_vessel_mask.png,vessel_skeletons/9ac41b9a809e_skeleton.png,vessel_overlays/9ac41b9a809e_overlay.png
9b4fc15df3c8.png,False,0,,57.736847550566445,16.976433424579238,0.0,145.0,0.0094666597692825,117.78007259496836,31.451665076131526,29.0,230.0,4.310865104409153e-06,12.621040849027306,11.916252112893904,0.8438550825290758,1.0,True,True,False,231972,59288,7969,0.25558257031020987,0.03435328401703654,preprocessed_green_images/9b4fc15df3c8_green_preprocessed.png,vessel_masks/9b4fc15df3c8_vessel_mask.png,vessel_skeletons/9b4fc15df3c8_skeleton.png,vessel_overlays/9b4fc15df3c8_overlay.png
9b57e43b44e7.png,False,1,mean_S,59.308331302632645,12.653537885597274,5.0,241.0,0.0010419519773770091,123.31006270759946,16.11814457251842,16.0,244.0,6.349360652223842e-06,9.772501110252424,10.637148772755845,0.9436379634038284,1.0,True,True,False,4567389,1205375,184235,0.2639089860749763,0.04033705033663653,preprocessed_green_images/9b57e43b44e7_green_preprocessed.png,vessel_masks/9b57e43b44e7_vessel_mask.png,vessel_skeletons/9b57e43b44e7_skeleton.png,vessel_overlays/9b57e43b44e7_overlay.png
9b70f84400af.png,False,0,,49.948989721581626,29.579940077393807,0.0,255.0,0.06870860505724656,121.62329011204952,30.839470342470225,3.0,245.0,0.004535943919238817,8.735024196061435,11.05409948095065,0.913138737665222,1.0,True,True,False,392862,99037,12571,0.25209106505592294,0.03199851347292434,preprocessed_green_images/9b70f84400af_green_preprocessed.png,vessel_masks/9b70f84400af_vessel_mask.png,vessel_skeletons/9b70f84400af_skeleton.png,vessel_overlays/9b70f84400af_overlay.png
9bbb6c455913.png,False,0,,77.50897895286137,13.44357092898846,0.0,204.0,0.0009427726561141068,118.6960062619586,21.067571886624293,2.0,238.0,0.0006389517017452311,18.05718150613132,12.0,0.9028187212821537,1.0,True,True,False,862350,219668,32402,0.25473183742100075,0.03757407085290195,preprocessed_green_images/9bbb6c455913_green_preprocessed.png,vessel_masks/9bbb6c455913_vessel_mask.png,vessel_skeletons/9bbb6c455913_skeleton.png,vessel_overlays/9bbb6c455913_overlay.png
9bd008aab548.png,False,0,,81.15281083679368,13.58536054103599,0.0,206.0,0.0009891643646008884,120.28845376467386,21.68446794014618,3.0,238.0,0.0006428410097816078,20.790127881335234,12.0,0.9025928707947296,1.0,True,True,False,863355,193348,23300,0.2239495919986564,0.02698773968993056,preprocessed_green_images/9bd008aab548_green_preprocessed.png,vessel_masks/9bd008aab548_vessel_mask.png,vessel_skeletons/9bd008aab548_skeleton.png,vessel_overlays/9bd008aab548_overlay.png
9be0683649ff.png,False,0,,72.70187200843722,17.969206437974734,0.0,253.0,0.0002075502312123097,121.07309013223721,24.898588278473156,2.0,240.0,1.9605722166635116e-05,21.076709321331375,12.0,0.9022561894545245,1.0,True,True,False,1479160,360053,52142,0.243417209767706,0.03525108845560994,preprocessed_green_images/9be0683649ff_green_preprocessed.png,vessel_masks/9be0683649ff_vessel_mask.png,vessel_skeletons/9be0683649ff_skeleton.png,vessel_overlays/9be0683649ff_overlay.png
9be71d6d7e59.png,False,0,,70.7018616201504,17.858126448995474,0.0,200.0,0.0010619551373388311,121.06323809080705,22.785516781802162,4.0,240.0,0.0002872978301453355,20.691815622027658,12.0,0.9056551341495116,1.0,True,True,False,859735,193961,22570,0.22560556450534175,0.02625227541044624,preprocessed_green_images/9be71d6d7e59_green_preprocessed.png,vessel_masks/9be71d6d7e59_vessel_mask.png,vessel_skeletons/9be71d6d7e59_skeleton.png,vessel_overlays/9be71d6d7e59_overlay.png
9c14ce27cbfc.png,False,0,,83.49357919734383,22.897771031996754,0.0,255.0,1.8272639970114084e-05,118.76560804916558,24.32454600459267,3.0,237.0,1.7595875526776522e-05,21.18108360806934,12.0,0.8980492006949804,1.0,True,True,False,1477619,354403,69118,0.2398473490121608,0.046776604794605374,preprocessed_green_images/9c14ce27cbfc_green_preprocessed.png,vessel_masks/9c14ce27cbfc_vessel_mask.png,vessel_skeletons/9c14ce27cbfc_skeleton.png,vessel_overlays/9c14ce27cbfc_overlay.png
9c514d2d5b3f.png,False,0,,85.5615126249379,15.399521220892051,0.0,222.0,0.0006464506724479706,120.3116286843046,21.122913170602846,2.0,238.0,0.0004828069654189511,19.78373043784464,12.0,0.9018842734426139,1.0,True,True,False,861628,200244,25578,0.2324019182292126,0.029685664811264258,preprocessed_green_images/9c514d2d5b3f_green_preprocessed.png,vessel_masks/9c514d2d5b3f_vessel_mask.png,vessel_skeletons/9c514d2d5b3f_skeleton.png,vessel_overlays/9c514d2d5b3f_overlay.png
9c6512166557.png,False,0,,84.36125694972975,24.23104468835334,0.0,255.0,3.8699191186904195e-05,120.68390070647523,30.86931398872214,26.0,227.0,1.289973039563473e-05,22.997551911915433,12.0,0.8385649316039576,1.0,True,True,False,232563,53262,6384,0.22902181344409903,0.02745062628191071,preprocessed_green_images/9c6512166557_green_preprocessed.png,vessel_masks/9c6512166557_vessel_mask.png,vessel_skeletons/9c6512166557_skeleton.png,vessel_overlays/9c6512166557_overlay.png
9c893e16c055.png,False,0,,87.94089748267056,10.247560250845657,0.0,204.0,0.001169773515632691,118.38161602473897,22.499997720708688,3.0,238.0,0.0009416097705043345,20.112389296853987,12.0,0.8990859581723163,1.0,True,True,False,863415,215579,29768,0.2496817868579999,0.034477047537974204,preprocessed_green_images/9c893e16c055_green_preprocessed.png,vessel_masks/9c893e16c055_vessel_mask.png,vessel_skeletons/9c893e16c055_skeleton.png,vessel_overlays/9c893e16c055_overlay.png
9ce46d400cd6.png,False,0,,97.61974622992882,11.428975760192676,0.0,232.0,0.0011054158416645497,117.62032387640221,20.93071242401404,1.0,236.0,0.0009824629778487656,20.465137870598404,12.0,0.8993749867587834,1.0,False,True,False,862119,204084,33073,0.2367237005564197,0.03836245344320215,preprocessed_green_images/9ce46d400cd6_green_preprocessed.png,vessel_masks/9ce46d400cd6_vessel_mask.png,vessel_skeletons/9ce46d400cd6_skeleton.png,vessel_overlays/9ce46d400cd6_overlay.png
9cf7c1349673.png,False,0,,59.95512824240169,18.894599980492075,0.0,206.0,0.005728606399618558,122.7278714261625,24.379824408253945,2.0,241.0,0.0003163176899505172,22.955478641264413,12.0,0.9092638921955064,1.0,True,True,False,859895,195657,23244,0.22753592008326598,0.02703120729856552,preprocessed_green_images/9cf7c1349673_green_preprocessed.png,vessel_masks/9cf7c1349673_vessel_mask.png,vessel_skeletons/9cf7c1349673_skeleton.png,vessel_overlays/9cf7c1349673_overlay.png
9d1feed37610.png,False,0,,99.08953956330788,13.118910479716176,0.0,240.0,0.0019365401791646302,117.89080848241574,22.149985832514922,2.0,239.0,0.00167425221933744,20.347409915139746,12.0,0.8995798679158714,1.0,False,True,False,865461,209586,30161,0.24216689140238554,0.034849635049990696,preprocessed_green_images/9d1feed37610_green_preprocessed.png,vessel_masks/9d1feed37610_vessel_mask.png,vessel_skeletons/9d1feed37610_skeleton.png,vessel_overlays/9d1feed37610_overlay.png
9d75de31f1b8.png,False,0,,88.82698985970273,15.013175053263126,0.0,248.0,0.0011031624762698523,118.66958605361856,21.631039071283432,3.0,238.0,0.0008566004537667269,19.944011834601685,12.0,0.901059118393007,1.0,True,True,False,863880,214439,30112,0.2482277631152475,0.03485669305922119,preprocessed_green_images/9d75de31f1b8_green_preprocessed.png,vessel_masks/9d75de31f1b8_vessel_mask.png,vessel_skeletons/9d75de31f1b8_skeleton.png,vessel_overlays/9d75de31f1b8_overlay.png
9de9421f17e3.png,False,0,,93.22560193866659,10.370277999004488,0.0,194.0,0.0023933300637567433,117.95337968438969,20.89167477441985,2.0,238.0,0.001954822144649915,20.672941543689493,12.0,0.9014413309094825,1.0,False,True,False,866575,213517,34638,0.24639182990508612,0.0399711507947956,preprocessed_green_images/9de9421f17e3_green_preprocessed.png,vessel_masks/9de9421f17e3_vessel_mask.png,vessel_skeletons/9de9421f17e3_skeleton.png,vessel_overlays/9de9421f17e3_overlay.png
9e2058917304.png,False,0,,83.86347648309268,15.78395128834629,0.0,245.0,0.0010814641002706564,121.0019050495429,21.467622070252443,2.0,237.0,0.0008398480606827977,21.020412884525204,12.0,0.9028027975172634,1.0,True,True,False,860870,185854,21632,0.21589090106520148,0.025128068117137314,preprocessed_green_images/9e2058917304_green_preprocessed.png,vessel_masks/9e2058917304_vessel_mask.png,vessel_skeletons/9e2058917304_skeleton.png,vessel_overlays/9e2058917304_overlay.png
9e2a8135f471.png,False,0,,88.3426975026046,15.397478390069049,0.0,252.0,0.0006821836373381844,120.21428687446196,22.47480739764279,3.0,239.0,0.00048379349790820224,19.383046256229466,11.900534280038045,0.900201531187238,1.0,True,True,False,861938,198030,25742,0.2297497035749671,0.029865257129863168,preprocessed_green_images/9e2a8135f471_green_preprocessed.png,vessel_masks/9e2a8135f471_vessel_mask.png,vessel_skeletons/9e2a8135f471_skeleton.png,vessel_overlays/9e2a8135f471_overlay.png
9e2ba2b979f1.png,False,0,,56.45967031217718,16.421954709698827,0.0,251.0,7.722295418443416e-05,118.37057534487839,25.090428301352883,8.0,237.0,1.287049236407236e-05,23.894144730726932,12.0,0.9043685452295155,1.0,True,True,False,1476245,388279,71007,0.263017994980508,0.04809973954187821,preprocessed_green_images/9e2ba2b979f1_green_preprocessed.png,vessel_masks/9e2ba2b979f1_vessel_mask.png,vessel_skeletons/9e2ba2b979f1_skeleton.png,vessel_overlays/9e2ba2b979f1_overlay.png
9e5737f771c3.png,False,0,,71.45485547024862,23.26792301774241,0.0,240.0,0.00437435847816982,120.72706100623101,25.983968488352584,7.0,237.0,1.4209053061340482e-05,21.53693259984983,12.0,0.9017604491489223,1.0,True,True,False,1477931,361646,50567,0.24469748587721618,0.03421472315013353,preprocessed_green_images/9e5737f771c3_green_preprocessed.png,vessel_masks/9e5737f771c3_vessel_mask.png,vessel_skeletons/9e5737f771c3_skeleton.png,vessel_overlays/9e5737f771c3_overlay.png
9e7a63b2fc6a.png,False,1,mean_S,73.44241255818564,22.572442809162172,14.0,255.0,0.000874922484937738,125.96867185451113,19.611688743923292,34.0,244.0,0.0,10.334713492434117,9.605670947357146,0.9414574563328842,1.0,True,True,False,4560404,999494,110214,0.2191678631980851,0.02416759567792678,preprocessed_green_images/9e7a63b2fc6a_green_preprocessed.png,vessel_masks/9e7a63b2fc6a_vessel_mask.png,vessel_skeletons/9e7a63b2fc6a_skeleton.png,vessel_overlays/9e7a63b2fc6a_overlay.png
9e99ae6ee7af.png,False,0,,71.3868789351114,13.44772983662512,0.0,243.0,2.9778764086539796e-05,121.07106702049252,23.564387780879787,5.0,237.0,1.6242962229021706e-05,20.660924920389565,12.0,0.9012708291810817,1.0,True,True,False,1477563,350016,48373,0.23688736114805256,0.032738367162686126,preprocessed_green_images/9e99ae6ee7af_green_preprocessed.png,vessel_masks/9e99ae6ee7af_vessel_mask.png,vessel_skeletons/9e99ae6ee7af_skeleton.png,vessel_overlays/9e99ae6ee7af_overlay.png
9ed6c2b25767.png,False,0,,35.909157187941325,18.421180057101,0.0,189.0,0.40439530745739033,120.3164152318995,28.46776034997886,7.0,248.0,0.0005582718554509256,8.407863609422943,12.0,0.9312113679941878,1.0,True,True,False,392282,101608,15415,0.2590177474367929,0.03929571073870328,preprocessed_green_images/9ed6c2b25767_green_preprocessed.png,vessel_masks/9ed6c2b25767_vessel_mask.png,vessel_skeletons/9ed6c2b25767_skeleton.png,vessel_overlays/9ed6c2b25767_overlay.png
9f1b14dfa14c.png,False,0,,52.750854636537596,11.071189987426859,0.0,203.0,0.0013502182279460772,116.93838876824837,32.19746320196611,44.0,227.0,0.0,13.324760766137635,12.0,0.8371069980982367,1.0,True,True,False,232555,61702,9380,0.26532218184945494,0.04033454451635097,preprocessed_green_images/9f1b14dfa14c_green_preprocessed.png,vessel_masks/9f1b14dfa14c_vessel_mask.png,vessel_skeletons/9f1b14dfa14c_skeleton.png,vessel_overlays/9f1b14dfa14c_overlay.png
9f285b3e57ed.png,False,0,,85.32658242529328,14.431143603735594,0.0,227.0,0.001106465399759918,121.36560910688293,23.224877180503057,2.0,239.0,0.0008791412715073562,19.232683250266835,12.0,0.8999988230772576,1.0,True,True,False,862205,199827,23649,0.2317627478383911,0.027428511780840985,preprocessed_green_images/9f285b3e57ed_green_preprocessed.png,vessel_masks/9f285b3e57ed_vessel_mask.png,vessel_skeletons/9f285b3e57ed_skeleton.png,vessel_overlays/9f285b3e57ed_overlay.png
9f8112c710be.png,False,0,,42.03616583186427,15.928367534095722,0.0,175.0,0.21942944287433191,120.71431919299326,24.30157728095581,7.0,242.0,0.00013174954062549553,19.643156851772396,12.0,0.9178058920923609,1.0,True,True,False,857688,222477,33830,0.2593915269888351,0.03944324742796915,preprocessed_green_images/9f8112c710be_green_preprocessed.png,vessel_masks/9f8112c710be_vessel_mask.png,vessel_skeletons/9f8112c710be_skeleton.png,vessel_overlays/9f8112c710be_overlay.png
9f935fb38440.png,False,0,,68.92379345374404,10.538899868485318,0.0,178.0,4.734930009125502e-05,115.71676509581776,32.87142608454856,16.0,225.0,1.2913445479433186e-05,11.785689235952496,10.587716276270417,0.8281305447372684,1.0,True,True,False,232316,60383,9558,0.2599175261282047,0.04114223729747413,preprocessed_green_images/9f935fb38440_green_preprocessed.png,vessel_masks/9f935fb38440_vessel_mask.png,vessel_skeletons/9f935fb38440_skeleton.png,vessel_overlays/9f935fb38440_overlay.png
9fa02dfb5553.png,False,0,,79.49620188004619,17.310095038943075,0.0,240.0,0.000692148233340908,121.82861621365932,22.04668731388347,3.0,239.0,0.0003883913872180974,22.800012049556713,12.0,0.9034244065983112,1.0,True,True,False,862532,187737,20719,0.21765801152884762,0.024021137766482868,preprocessed_green_images/9fa02dfb5553_green_preprocessed.png,vessel_masks/9fa02dfb5553_vessel_mask.png,vessel_skeletons/9fa02dfb5553_skeleton.png,vessel_overlays/9fa02dfb5553_overlay.png
a02dfd67a925.png,False,0,,46.18258912545922,13.908035858905995,0.0,148.0,0.045439154355137235,119.87952564863069,25.599065608891237,4.0,240.0,9.674405342308466e-05,9.359855916578741,11.638823333257344,0.9058275422563202,1.0,True,True,False,392789,100131,15105,0.2549231266659708,0.03845576123567615,preprocessed_green_images/a02dfd67a925_green_preprocessed.png,vessel_masks/a02dfd67a925_vessel_mask.png,vessel_skeletons/a02dfd67a925_skeleton.png,vessel_overlays/a02dfd67a925_overlay.png
a0445785e2f7.png,False,0,,94.24219192046883,16.2989328863949,0.0,249.0,1.825225837896961e-05,117.89887775651353,24.381249246757314,3.0,236.0,2.0280287087744015e-05,19.39298534526368,11.757194138105472,0.8965946403138674,1.0,False,True,False,1479269,338492,51336,0.2288238312301549,0.03470362726454756,preprocessed_green_images/a0445785e2f7_green_preprocessed.png,vessel_masks/a0445785e2f7_vessel_mask.png,vessel_skeletons/a0445785e2f7_skeleton.png,vessel_overlays/a0445785e2f7_overlay.png
a06a63d866b2.png,False,0,,91.46985595765139,10.071531441901,0.0,172.0,0.0009626793570229778,116.73391774542814,22.908203552569805,2.0,238.0,0.0008432143283803674,17.351040740172014,10.940416296068806,0.8970221622769593,1.0,False,True,False,862177,354267,66560,0.41089822623428834,0.07719992530536073,preprocessed_green_images/a06a63d866b2_green_preprocessed.png,vessel_masks/a06a63d866b2_vessel_mask.png,vessel_skeletons/a06a63d866b2_skeleton.png,vessel_overlays/a06a63d866b2_overlay.png
a06b353e7bed.png,False,0,,77.52567451191929,16.336435767388586,0.0,248.0,2.4334748804555465e-05,119.68538955201079,25.596946131481015,2.0,238.0,2.2306853070842508e-05,20.700525057888875,12.0,0.8995279239614906,1.0,True,True,False,1479366,365137,52599,0.2468199215069158,0.035555095899189246,preprocessed_green_images/a06b353e7bed_green_preprocessed.png,vessel_masks/a06b353e7bed_vessel_mask.png,vessel_skeletons/a06b353e7bed_skeleton.png,vessel_overlays/a06b353e7bed_overlay.png
a06e5ac695ce.png,False,0,,46.81007531902916,18.76907880701463,0.0,248.0,0.07013181677908566,121.63090487962859,25.554810667069823,8.0,240.0,6.104198671319423e-06,24.85531669633454,12.0,0.9126941679239158,1.0,True,True,False,1474395,376790,59292,0.2555556685962717,0.04021446084665235,preprocessed_green_images/a06e5ac695ce_green_preprocessed.png,vessel_masks/a06e5ac695ce_vessel_mask.png,vessel_skeletons/a06e5ac695ce_skeleton.png,vessel_overlays/a06e5ac695ce_overlay.png
a07d571bf7ba.png,False,0,,41.66098811833789,28.562934753245454,0.0,253.0,0.3419631989325348,120.26727882945511,32.82094149544716,2.0,247.0,0.0037458047496091223,12.357523118889336,12.0,0.9213934218238643,1.0,True,True,False,392706,98573,14149,0.2510096611714616,0.03602949789409889,preprocessed_green_images/a07d571bf7ba_green_preprocessed.png,vessel_masks/a07d571bf7ba_vessel_mask.png,vessel_skeletons/a07d571bf7ba_skeleton.png,vessel_overlays/a07d571bf7ba_overlay.png
a07d9a5045cb.png,False,0,,88.36185080067337,14.378136946339161,0.0,246.0,0.000735052010146964,119.99904466426442,21.74184228098984,2.0,237.0,0.0005101307325941076,20.392201178455643,12.0,0.900522789831416,1.0,True,True,False,862524,192982,24592,0.2237410205397183,0.02851167039989612,preprocessed_green_images/a07d9a5045cb_green_preprocessed.png,vessel_masks/a07d9a5045cb_vessel_mask.png,vessel_skeletons/a07d9a5045cb_skeleton.png,vessel_overlays/a07d9a5045cb_overlay.png
a07efb1ecfc0.png,False,0,,75.9687477899025,18.549298201522866,0.0,255.0,3.569833692898658e-05,119.30635773909634,27.46773011250639,2.0,236.0,2.5595034024556415e-05,20.962801633997767,12.0,0.8990349968857413,1.0,True,True,False,1484663,363943,57887,0.24513509126313512,0.03898999301524993,preprocessed_green_images/a07efb1ecfc0_green_preprocessed.png,vessel_masks/a07efb1ecfc0_vessel_mask.png,vessel_skeletons/a07efb1ecfc0_skeleton.png,vessel_overlays/a07efb1ecfc0_overlay.png
a08a0133754a.png,False,0,,89.09572845288692,12.086143908413774,0.0,200.0,0.001255963223176338,116.9249625581866,20.975318571637303,2.0,237.0,0.0009818718015439326,20.033812760146443,12.0,0.9007509930345431,1.0,True,True,False,864675,210947,38581,0.24396102581894932,0.04461907653164484,preprocessed_green_images/a08a0133754a_green_preprocessed.png,vessel_masks/a08a0133754a_vessel_mask.png,vessel_skeletons/a08a0133754a_skeleton.png,vessel_overlays/a08a0133754a_overlay.png
a0adbe677508.png,False,0,,85.99719379180044,22.08019825369245,0.0,253.0,0.0008299236145723459,120.50447648742944,21.204785878572686,3.0,237.0,0.0005413049273816838,20.372246953093974,12.0,0.9046934044180927,1.0,True,True,False,862730,192488,25306,0.22311499542151078,0.02933246786364216,preprocessed_green_images/a0adbe677508_green_preprocessed.png,vessel_masks/a0adbe677508_vessel_mask.png,vessel_skeletons/a0adbe677508_skeleton.png,vessel_overlays/a0adbe677508_overlay.png
a0b7ad98df57.png,False,0,,79.97578285529765,13.222441397976148,0.0,157.0,0.0003937652671157217,119.1109279734795,21.29943784813783,5.0,238.0,0.0002450869361693725,18.759210483744596,12.0,0.9005934119525744,1.0,True,True,False,860919,205233,28622,0.23838828043056315,0.033245868658956304,preprocessed_green_images/a0b7ad98df57_green_preprocessed.png,vessel_masks/a0b7ad98df57_vessel_mask.png,vessel_skeletons/a0b7ad98df57_skeleton.png,vessel_overlays/a0b7ad98df57_overlay.png
a0e635689259.png,False,0,,65.1952415749656,12.545297042047652,0.0,212.0,4.298486932599725e-05,117.29176839752407,29.981276011272513,22.0,227.0,1.71939477303989e-05,12.410673952917499,11.169136996725612,0.8336312493228955,1.0,True,True,False,232640,59863,8321,0.25732032324621734,0.03576770976616231,preprocessed_green_images/a0e635689259_green_preprocessed.png,vessel_masks/a0e635689259_vessel_mask.png,vessel_skeletons/a0e635689259_skeleton.png,vessel_overlays/a0e635689259_overlay.png
a0fd94e2ad76.png,False,0,,85.88165862397781,15.678963162820974,0.0,220.0,0.0015592221226919409,118.67506342647441,20.874629518800926,3.0,238.0,0.0011176929522928886,20.67698388180968,12.0,0.9031840951839342,1.0,True,True,False,865175,215603,32147,0.2492016066113792,0.03715664460947207,preprocessed_green_images/a0fd94e2ad76_green_preprocessed.png,vessel_masks/a0fd94e2ad76_vessel_mask.png,vessel_skeletons/a0fd94e2ad76_skeleton.png,vessel_overlays/a0fd94e2ad76_overlay.png
a12ca80bb8c7.png,False,0,,72.60138353091611,23.271216012130267,0.0,255.0,3.183177651112893e-05,119.54118625517435,26.590120291182394,4.0,238.0,2.3704514423181118e-05,21.33513840608427,12.0,0.9005232461060984,1.0,True,True,False,1476512,368984,60999,0.24990247285494463,0.04131290500856072,preprocessed_green_images/a12ca80bb8c7_green_preprocessed.png,vessel_masks/a12ca80bb8c7_vessel_mask.png,vessel_skeletons/a12ca80bb8c7_skeleton.png,vessel_overlays/a12ca80bb8c7_overlay.png
a1822dd8d05d.png,False,0,,97.09560417670384,12.293266447153847,0.0,223.0,0.0009774672942222881,116.72952067042212,21.293207199379147,1.0,238.0,0.0008327002186561909,20.456973981985392,12.0,0.8986784902077303,1.0,False,True,False,863456,375522,75912,0.43490577400585556,0.08791646592298855,preprocessed_green_images/a1822dd8d05d_green_preprocessed.png,vessel_masks/a1822dd8d05d_vessel_mask.png,vessel_skeletons/a1822dd8d05d_skeleton.png,vessel_overlays/a1822dd8d05d_overlay.png
a1872f9c0cba.png,False,0,,88.21247978201443,20.93708288343999,0.0,255.0,3.247054143951381e-05,122.36959390852643,25.7272975805643,4.0,237.0,2.164702762634254e-05,19.861572434071608,12.0,0.8998475264157763,1.0,True,True,False,1478263,326168,33407,0.2206427408384029,0.022598820372288286,preprocessed_green_images/a1872f9c0cba_green_preprocessed.png,vessel_masks/a1872f9c0cba_vessel_mask.png,vessel_skeletons/a1872f9c0cba_skeleton.png,vessel_overlays/a1872f9c0cba_overlay.png
a1b28bcbce00.png,False,0,,36.32279080665865,21.21713261165091,0.0,234.0,0.5235029238574543,120.08720379388333,26.970826280167643,13.0,246.0,0.00023176918845127243,9.154502788075314,12.0,0.9242998845013572,1.0,True,True,False,392632,106275,18034,0.27067330222702174,0.045931049939892825,preprocessed_green_images/a1b28bcbce00_green_preprocessed.png,vessel_masks/a1b28bcbce00_vessel_mask.png,vessel_skeletons/a1b28bcbce00_skeleton.png,vessel_overlays/a1b28bcbce00_overlay.png
a1e236fbc863.png,False,0,,35.33370520079569,20.521954434826206,0.0,237.0,0.5466171522593496,118.84951084146475,27.977410149963337,3.0,246.0,0.0007488289995491743,9.040278034369656,12.0,0.9252189702727672,1.0,True,True,False,392613,107138,19637,0.27288449440033824,0.0500161736875753,preprocessed_green_images/a1e236fbc863_green_preprocessed.png,vessel_masks/a1e236fbc863_vessel_mask.png,vessel_skeletons/a1e236fbc863_skeleton.png,vessel_overlays/a1e236fbc863_overlay.png
a1eb88562239.png,False,0,,73.60183243337397,11.190231362758515,0.0,166.0,0.0007896417581141497,117.7735911281426,23.375389971244754,2.0,239.0,0.0006212622655751031,17.666244933848525,12.0,0.9000740785581116,1.0,True,True,False,861150,232983,38015,0.27054868489810135,0.04414445799221971,preprocessed_green_images/a1eb88562239_green_preprocessed.png,vessel_masks/a1eb88562239_vessel_mask.png,vessel_skeletons/a1eb88562239_skeleton.png,vessel_overlays/a1eb88562239_overlay.png
a1edf0e66592.png,False,0,,78.14078650419479,18.027331601032735,0.0,221.0,0.000997736218986258,122.87729122166354,21.39163653954425,4.0,236.0,0.0004669266123777367,21.15420489174188,12.0,0.9059663867086332,1.0,True,True,False,860949,192469,20792,0.22355447302918058,0.02415009483720871,preprocessed_green_images/a1edf0e66592_green_preprocessed.png,vessel_masks/a1edf0e66592_vessel_mask.png,vessel_skeletons/a1edf0e66592_skeleton.png,vessel_overlays/a1edf0e66592_overlay.png
a1faeb4d5f10.png,False,0,,77.15250736299264,20.165064195324785,0.0,233.0,0.002182787887790081,122.74062074263527,22.202866906663523,3.0,237.0,0.000467657373088465,21.802037496523496,12.0,0.9057489605293345,1.0,True,True,False,861742,186004,19712,0.2158465062628954,0.022874595876724125,preprocessed_green_images/a1faeb4d5f10_green_preprocessed.png,vessel_masks/a1faeb4d5f10_vessel_mask.png,vessel_skeletons/a1faeb4d5f10_skeleton.png,vessel_overlays/a1faeb4d5f10_overlay.png
a2163f0c2af5.png,False,0,,92.2255270107487,9.92201747132233,0.0,167.0,0.001184905485544848,117.64987838213492,20.930330150711637,1.0,238.0,0.0010065326167531504,19.848444446899293,11.939377778759717,0.8999949858970973,1.0,False,True,False,863360,209915,30661,0.2431372776130467,0.035513574870274275,preprocessed_green_images/a2163f0c2af5_green_preprocessed.png,vessel_masks/a2163f0c2af5_vessel_mask.png,vessel_skeletons/a2163f0c2af5_skeleton.png,vessel_overlays/a2163f0c2af5_overlay.png
a247961a5cd9.png,False,0,,77.51181157313172,17.21777983618451,0.0,207.0,0.0011142774062227391,121.82448269845885,21.194480818648568,2.0,238.0,0.00044896772317534164,24.497426116843815,12.0,0.9044205996032437,1.0,True,True,False,859750,193922,23335,0.22555626635649897,0.027141610933410876,preprocessed_green_images/a247961a5cd9_green_preprocessed.png,vessel_masks/a247961a5cd9_vessel_mask.png,vessel_skeletons/a247961a5cd9_skeleton.png,vessel_overlays/a247961a5cd9_overlay.png
a26f50218b84.png,False,1,mean_G,32.82751892569309,16.065227596756174,0.0,226.0,0.5083522675170917,118.8163698330056,27.971869011448632,14.0,245.0,2.5471996087501402e-05,8.009705178393117,12.0,0.9195464400371108,1.0,True,True,False,392588,106871,16232,0.2722217693867362,0.04134614404923227,preprocessed_green_images/a26f50218b84_green_preprocessed.png,vessel_masks/a26f50218b84_vessel_mask.png,vessel_skeletons/a26f50218b84_skeleton.png,vessel_overlays/a26f50218b84_overlay.png
a2811f512c1c.png,False,0,,69.0235438002873,13.84639248998135,0.0,170.0,0.003511263660393735,123.5222639179947,23.5375077384857,3.0,239.0,0.00048503245540138174,19.842493014472225,12.0,0.9062199742628935,1.0,True,True,False,861798,184239,17888,0.21378443672415112,0.02075660421583712,preprocessed_green_images/a2811f512c1c_green_preprocessed.png,vessel_masks/a2811f512c1c_vessel_mask.png,vessel_skeletons/a2811f512c1c_skeleton.png,vessel_overlays/a2811f512c1c_overlay.png
a2b995b81692.png,False,0,,86.83181921930341,13.142771956407696,0.0,228.0,0.0008759113939156599,121.50449368034563,22.704183675439573,3.0,238.0,0.0006882160952194471,18.094906099266996,11.51957850910205,0.900317546460372,1.0,True,True,False,863101,191714,21346,0.222122324038554,0.02473175213561333,preprocessed_green_images/a2b995b81692_green_preprocessed.png,vessel_masks/a2b995b81692_vessel_mask.png,vessel_skeletons/a2b995b81692_skeleton.png,vessel_overlays/a2b995b81692_overlay.png
a2dff8dbc9f8.png,False,0,,89.97655884873363,19.976941386516394,0.0,244.0,2.434882121269304e-05,119.27261210772188,24.21977375853144,3.0,237.0,1.9614328199113837e-05,20.044477957193212,12.0,0.8985483416854608,1.0,True,True,False,1478511,336276,53888,0.2274423389477657,0.03644747993082229,preprocessed_green_images/a2dff8dbc9f8_green_preprocessed.png,vessel_masks/a2dff8dbc9f8_vessel_mask.png,vessel_skeletons/a2dff8dbc9f8_skeleton.png,vessel_overlays/a2dff8dbc9f8_overlay.png
a30a143a53a3.png,False,0,,76.14541413849786,14.544140347618265,0.0,176.0,0.0006950038882964605,120.69825073225702,22.587457866357507,2.0,241.0,0.0004505301587449417,22.847660626371614,12.0,0.9022662613904501,1.0,True,True,False,858988,209265,26883,0.24361807149808845,0.03129612986444514,preprocessed_green_images/a30a143a53a3_green_preprocessed.png,vessel_masks/a30a143a53a3_vessel_mask.png,vessel_skeletons/a30a143a53a3_skeleton.png,vessel_overlays/a30a143a53a3_overlay.png
a3132c8828e4.png,False,0,,84.64282852916537,15.939330206177205,0.0,253.0,2.165360458082005e-05,119.42947759325598,25.378499557609743,3.0,238.0,1.9623579151368168e-05,20.068855981171787,12.0,0.8981855568566265,1.0,True,True,False,1477814,343907,45287,0.23271331845550253,0.030644587207862423,preprocessed_green_images/a3132c8828e4_green_preprocessed.png,vessel_masks/a3132c8828e4_vessel_mask.png,vessel_skeletons/a3132c8828e4_skeleton.png,vessel_overlays/a3132c8828e4_overlay.png
a34fc5376669.png,False,0,,96.92231873308727,10.889422385741806,0.0,191.0,0.0008355690503369511,118.26909031910394,20.599044789831733,2.0,237.0,0.0006930239834972216,19.34873028403204,11.739492113612815,0.8994483864111615,1.0,False,True,False,862885,202868,31963,0.23510433024099386,0.037042016027628244,preprocessed_green_images/a34fc5376669_green_preprocessed.png,vessel_masks/a34fc5376669_vessel_mask.png,vessel_skeletons/a34fc5376669_skeleton.png,vessel_overlays/a34fc5376669_overlay.png
a384e688e228.png,False,0,,74.80232336940762,17.30845417472652,0.0,220.0,0.0005799723933140782,120.98731368386865,22.74003532916077,2.0,239.0,0.000378142000440779,20.681587638299238,12.0,0.9036124452120561,1.0,True,True,False,862110,190887,22931,0.2214183804850889,0.02659869390217026,preprocessed_green_images/a384e688e228_green_preprocessed.png,vessel_masks/a384e688e228_vessel_mask.png,vessel_skeletons/a384e688e228_skeleton.png,vessel_overlays/a384e688e228_overlay.png
a4012932e18d.png,False,0,,85.868900369658,23.647099214109122,0.0,255.0,5.123744178937266e-05,121.05792479149528,20.44836383160314,2.0,243.0,5.382809895849825e-05,12.625482621169175,9.417401904498071,0.9298459516114648,1.0,True,True,False,3474022,861670,115049,0.2480323958800491,0.03311694629452548,preprocessed_green_images/a4012932e18d_green_preprocessed.png,vessel_masks/a4012932e18d_vessel_mask.png,vessel_skeletons/a4012932e18d_skeleton.png,vessel_overlays/a4012932e18d_overlay.png
a419fcb2dfb5.png,False,0,,57.04193725969189,19.978755809604944,0.0,243.0,0.005285703226472384,117.28750956931626,33.04700949609125,39.0,227.0,0.0,13.753664831896351,12.0,0.8379989897163892,1.0,True,True,False,232514,63546,10384,0.27329967227779833,0.04465967640658197,preprocessed_green_images/a419fcb2dfb5_green_preprocessed.png,vessel_masks/a419fcb2dfb5_vessel_mask.png,vessel_skeletons/a419fcb2dfb5_skeleton.png,vessel_overlays/a419fcb2dfb5_overlay.png
a44345b27804.png,False,0,,74.18943420182147,19.878841442494195,0.0,208.0,0.0027416149949365,121.80959960561671,21.33831375887243,2.0,239.0,0.000484840310809381,19.565368428391483,12.0,0.9060389596110034,1.0,True,True,False,860077,193666,24961,0.2251728624297592,0.029021820139359614,preprocessed_green_images/a44345b27804_green_preprocessed.png,vessel_masks/a44345b27804_vessel_mask.png,vessel_skeletons/a44345b27804_skeleton.png,vessel_overlays/a44345b27804_overlay.png
a45c30da0c72.png,False,0,,42.556491801692374,21.149274506522698,0.0,242.0,0.20108071494233556,119.73101555119263,29.298663187076805,4.0,244.0,0.00017825175768965352,8.673800726537998,11.686721019353655,0.9186429584880614,1.0,True,True,False,392703,99405,14776,0.25313022818771436,0.03762639959460457,preprocessed_green_images/a45c30da0c72_green_preprocessed.png,vessel_masks/a45c30da0c72_vessel_mask.png,vessel_skeletons/a45c30da0c72_skeleton.png,vessel_overlays/a45c30da0c72_overlay.png
a484bdf85b4c.png,False,0,,77.06946300750572,13.898213186834356,0.0,175.0,0.0005772741762540934,121.08964557915785,21.503853204057503,3.0,239.0,0.0003315269365635958,19.964860652063333,12.0,0.9034752259528083,1.0,True,True,False,862675,191098,21967,0.22151795287912598,0.02546381893528849,preprocessed_green_images/a484bdf85b4c_green_preprocessed.png,vessel_masks/a484bdf85b4c_vessel_mask.png,vessel_skeletons/a484bdf85b4c_skeleton.png,vessel_overlays/a484bdf85b4c_overlay.png
a4ee03ecff60.png,False,0,,96.33815939421636,9.264789702235479,0.0,157.0,0.0009417644778934094,117.85727640324643,20.25785281473281,2.0,237.0,0.0007369827670984052,20.87516841227718,12.0,0.899736270735847,1.0,False,True,False,864335,209708,32129,0.24262351981581215,0.03717192986515645,preprocessed_green_images/a4ee03ecff60_green_preprocessed.png,vessel_masks/a4ee03ecff60_vessel_mask.png,vessel_skeletons/a4ee03ecff60_skeleton.png,vessel_overlays/a4ee03ecff60_overlay.png
a528be013a04.png,False,0,,60.126556582018424,21.27042512748663,0.0,226.0,0.03855641430587972,121.59249113685809,26.916664055905066,3.0,241.0,0.0004425747601943602,22.8545066855403,12.0,0.9081652097534656,1.0,True,True,False,858612,201127,24278,0.2342466678779239,0.02827586849473336,preprocessed_green_images/a528be013a04_green_preprocessed.png,vessel_masks/a528be013a04_vessel_mask.png,vessel_skeletons/a528be013a04_skeleton.png,vessel_overlays/a528be013a04_overlay.png
a53d6d2472a6.png,False,0,,76.00611598449025,19.335564153438156,0.0,248.0,0.0007504346605703999,122.16190134857864,22.32357211771449,4.0,239.0,0.0004036340987302924,22.644097962091486,12.0,0.9049435694079686,1.0,True,True,False,862167,191624,21975,0.22225856475601594,0.025488101493098204,preprocessed_green_images/a53d6d2472a6_green_preprocessed.png,vessel_masks/a53d6d2472a6_vessel_mask.png,vessel_skeletons/a53d6d2472a6_skeleton.png,vessel_overlays/a53d6d2472a6_overlay.png
a5bb85afc6e8.png,False,0,,99.45913033794929,16.783667616168074,0.0,253.0,0.0010973434081676685,122.25283557712608,23.759903686359298,1.0,239.0,0.0009859850919054104,23.09419029704911,12.0,0.8981189869288976,1.0,False,True,False,862082,184054,21455,0.21349941188889224,0.024887423702153622,preprocessed_green_images/a5bb85afc6e8_green_preprocessed.png,vessel_masks/a5bb85afc6e8_vessel_mask.png,vessel_skeletons/a5bb85afc6e8_skeleton.png,vessel_overlays/a5bb85afc6e8_overlay.png
a61723fc38c2.png,False,0,,80.53866726666264,16.063661359823364,0.0,228.0,0.0011737034751828984,122.20469411802911,23.134399669101743,2.0,239.0,0.0007990925834002144,21.40596346883402,12.0,0.9034280612928407,1.0,True,True,False,862228,181051,19434,0.2099804228115997,0.022539281953265263,preprocessed_green_images/a61723fc38c2_green_preprocessed.png,vessel_masks/a61723fc38c2_vessel_mask.png,vessel_skeletons/a61723fc38c2_skeleton.png,vessel_overlays/a61723fc38c2_overlay.png
a627eb8c08c5.png,False,0,,88.41391001675906,16.449323537009505,0.0,255.0,6.44579089854325e-05,121.0504318679902,31.54321095324935,4.0,227.0,4.297193932362168e-05,16.829658786574946,10.872849290918062,0.8279021267489659,1.0,True,True,False,232710,53859,6216,0.23144256800309398,0.026711357483563233,preprocessed_green_images/a627eb8c08c5_green_preprocessed.png,vessel_masks/a627eb8c08c5_vessel_mask.png,vessel_skeletons/a627eb8c08c5_skeleton.png,vessel_overlays/a627eb8c08c5_overlay.png
a62e995f167c.png,False,0,,71.14371682063181,12.704570581897217,0.0,247.0,2.370257199994853e-05,117.26302947313246,23.830419263208825,6.0,238.0,1.0158245142835085e-05,21.81074547338765,12.0,0.9006828989081066,1.0,True,True,False,1476633,392478,74507,0.2657925158113086,0.05045735805714758,preprocessed_green_images/a62e995f167c_green_preprocessed.png,vessel_masks/a62e995f167c_vessel_mask.png,vessel_skeletons/a62e995f167c_skeleton.png,vessel_overlays/a62e995f167c_overlay.png
a6356a3c5d11.png,False,1,mean_S,60.2634092551259,23.454215287479375,5.0,215.0,0.09990450688571294,124.81813884555817,19.268743747707425,15.0,251.0,0.0018997330244504478,9.616905502572966,10.490014711684662,0.9666491492652987,1.0,True,True,False,5034918,1370000,199439,0.2720997640875184,0.0396111714232486,preprocessed_green_images/a6356a3c5d11_green_preprocessed.png,vessel_masks/a6356a3c5d11_vessel_mask.png,vessel_skeletons/a6356a3c5d11_skeleton.png,vessel_overlays/a6356a3c5d11_overlay.png
a646c084928c.png,False,0,,77.4063901690422,11.948213537922278,0.0,168.0,0.0004925702057758504,120.82897590704364,21.706158034591883,3.0,238.0,0.00035200182158038365,19.3493853947451,12.0,0.9020508589059935,1.0,True,True,False,860791,198650,25710,0.2307761117390865,0.029867877336078097,preprocessed_green_images/a646c084928c_green_preprocessed.png,vessel_masks/a646c084928c_vessel_mask.png,vessel_skeletons/a646c084928c_skeleton.png,vessel_overlays/a646c084928c_overlay.png
a654b25124c3.png,False,0,,84.0232040609137,17.359014516795796,0.0,252.0,0.0010071065989847715,121.78189760696156,23.050380103899766,2.0,238.0,0.000531399564902103,21.80183006365438,12.0,0.9013123342882698,1.0,True,True,False,861875,184375,21328,0.2139231327048586,0.024746047860768672,preprocessed_green_images/a654b25124c3_green_preprocessed.png,vessel_masks/a654b25124c3_vessel_mask.png,vessel_skeletons/a654b25124c3_skeleton.png,vessel_overlays/a654b25124c3_overlay.png
a673193cd5a9.png,False,0,,89.7650547202429,15.731477733667816,0.0,234.0,0.002156873181873934,118.73106429657469,25.307046141593677,1.0,240.0,0.0019312346247572938,23.243467625290197,12.0,0.9003539525552825,1.0,True,True,False,864214,219009,30205,0.25341987054132425,0.03495083393696469,preprocessed_green_images/a673193cd5a9_green_preprocessed.png,vessel_masks/a673193cd5a9_vessel_mask.png,vessel_skeletons/a673193cd5a9_skeleton.png,vessel_overlays/a673193cd5a9_overlay.png
a6731dd737af.png,False,0,,42.53731717616647,20.85155317019208,0.0,217.0,0.21544224178357205,122.2621767847269,28.880095761334527,7.0,243.0,0.00021580736451380352,23.629242412289283,12.0,0.9178454370515831,1.0,True,True,False,857246,201512,23902,0.23506904669138148,0.02788231149518341,preprocessed_green_images/a6731dd737af_green_preprocessed.png,vessel_masks/a6731dd737af_vessel_mask.png,vessel_skeletons/a6731dd737af_skeleton.png,vessel_overlays/a6731dd737af_overlay.png
a6b6d27c1b32.png,False,0,,100.22357978102313,16.53809216454491,0.0,255.0,3.18142588800704e-05,118.6286362174877,23.00739561946572,3.0,236.0,2.3014570253667946e-05,19.713709431689818,11.885483772675927,0.8984471610427424,1.0,False,True,False,1477325,543609,103784,0.36796845650077,0.0702512988001963,preprocessed_green_images/a6b6d27c1b32_green_preprocessed.png,vessel_masks/a6b6d27c1b32_vessel_mask.png,vessel_skeletons/a6b6d27c1b32_skeleton.png,vessel_overlays/a6b6d27c1b32_overlay.png
a70d0f12a641.png,False,0,,87.50316701804245,18.104438071109936,0.0,252.0,0.0010836822944857378,122.40959018264972,24.23046289168259,3.0,240.0,0.0006490503581946664,23.566873811068767,12.0,0.902978684503063,1.0,True,True,False,862799,180669,17723,0.20939871279405747,0.020541284818364418,preprocessed_green_images/a70d0f12a641_green_preprocessed.png,vessel_masks/a70d0f12a641_vessel_mask.png,vessel_skeletons/a70d0f12a641_skeleton.png,vessel_overlays/a70d0f12a641_overlay.png
a73c3d516c59.png,False,0,,53.16146752093022,21.41441795661648,0.0,206.0,0.0663836091362418,119.72044759744739,27.775944645455606,3.0,242.0,0.0012854681012999774,9.900827704807751,11.234867302284858,0.9069228783429251,1.0,True,True,False,392853,102871,15023,0.2618562159382772,0.03824076690263279,preprocessed_green_images/a73c3d516c59_green_preprocessed.png,vessel_masks/a73c3d516c59_vessel_mask.png,vessel_skeletons/a73c3d516c59_skeleton.png,vessel_overlays/a73c3d516c59_overlay.png
a73d012c4c38.png,False,0,,91.00308337315442,14.341804407476522,0.0,212.0,0.0006824811620084712,118.83324555253651,19.51819589708412,2.0,236.0,0.0005417993551890078,21.35925726813157,12.0,0.9025070234147402,1.0,False,True,False,860097,214922,33989,0.24988111805993976,0.03951763580154331,preprocessed_green_images/a73d012c4c38_green_preprocessed.png,vessel_masks/a73d012c4c38_vessel_mask.png,vessel_skeletons/a73d012c4c38_skeleton.png,vessel_overlays/a73d012c4c38_overlay.png
a76132e79688.png,False,0,,84.41363376783742,15.167990713263677,0.0,231.0,0.0008699348880957925,120.64872353561925,21.749997227195376,3.0,239.0,0.0006139354070449668,20.771938851905123,12.0,0.9022561577412695,1.0,True,True,False,863283,195060,24116,0.2259513971663985,0.027935219389238524,preprocessed_green_images/a76132e79688_green_preprocessed.png,vessel_masks/a76132e79688_vessel_mask.png,vessel_skeletons/a76132e79688_skeleton.png,vessel_overlays/a76132e79688_overlay.png
a7673ac44509.png,False,1,mean_S,43.18764616712205,18.493586336123208,10.0,255.0,0.1766704821784444,122.8986291583648,16.72961811353616,36.0,245.0,0.0,8.92930116994843,11.732818586457412,0.9527036450731067,1.0,True,True,False,4557711,1230458,191716,0.2699727999427783,0.04206409752614854,preprocessed_green_images/a7673ac44509_green_preprocessed.png,vessel_masks/a7673ac44509_vessel_mask.png,vessel_skeletons/a7673ac44509_skeleton.png,vessel_overlays/a7673ac44509_overlay.png
a77eb914b383.png,False,0,,73.20213551587504,53.36383832094515,0.0,255.0,0.14581147566031394,121.14169883776599,29.838162229410262,2.0,243.0,0.0016781599828873518,19.74925091709437,12.0,0.9302561187982032,1.0,True,True,False,392692,89761,11619,0.22857863159931957,0.029588074114063948,preprocessed_green_images/a77eb914b383_green_preprocessed.png,vessel_masks/a77eb914b383_vessel_mask.png,vessel_skeletons/a77eb914b383_skeleton.png,vessel_overlays/a77eb914b383_overlay.png
a7b03e58a6e1.png,False,0,,69.52291763678527,18.112824874539317,0.0,232.0,0.0019706229700086745,121.0323149652383,21.73315080455709,3.0,239.0,0.00031469583080279953,22.379362447703937,12.0,0.9071067071243035,1.0,True,True,False,861149,202327,26818,0.23495004929460522,0.03114211361796855,preprocessed_green_images/a7b03e58a6e1_green_preprocessed.png,vessel_masks/a7b03e58a6e1_vessel_mask.png,vessel_skeletons/a7b03e58a6e1_skeleton.png,vessel_overlays/a7b03e58a6e1_overlay.png
a7c10ca6c117.png,False,0,,79.81565268678256,21.750568507646435,0.0,250.0,0.0006803597779658636,119.65336365926747,21.320576498808265,2.0,238.0,0.00043073972291012865,20.43104830330504,12.0,0.9052431983187785,1.0,True,True,False,861309,212391,32039,0.24659094471322138,0.03719803229735205,preprocessed_green_images/a7c10ca6c117_green_preprocessed.png,vessel_masks/a7c10ca6c117_vessel_mask.png,vessel_skeletons/a7c10ca6c117_skeleton.png,vessel_overlays/a7c10ca6c117_overlay.png
a821b6ecef33.png,False,0,,71.84569096039365,20.401776852112487,0.0,255.0,0.00029248821444547677,120.68459877499053,29.84822730814204,30.0,228.0,0.0,16.87688607812023,12.0,0.8415134522868464,1.0,True,True,False,232488,54946,6187,0.23633907986648772,0.026612126217267128,preprocessed_green_images/a821b6ecef33_green_preprocessed.png,vessel_masks/a821b6ecef33_vessel_mask.png,vessel_skeletons/a821b6ecef33_skeleton.png,vessel_overlays/a821b6ecef33_overlay.png
a82a12ad3fb1.png,False,0,,40.94718965231893,18.95403760511351,0.0,250.0,0.19003424613935252,119.61657564068288,28.04433914643161,5.0,246.0,0.0004914130033482285,7.437299764175924,11.335169714353132,0.9147400917228342,1.0,True,True,False,392745,103570,16627,0.2637080039211193,0.04233535754751811,preprocessed_green_images/a82a12ad3fb1_green_preprocessed.png,vessel_masks/a82a12ad3fb1_vessel_mask.png,vessel_skeletons/a82a12ad3fb1_skeleton.png,vessel_overlays/a82a12ad3fb1_overlay.png
a85cda5f725d.png,False,0,,83.87632596957447,11.015561703979996,0.0,186.0,0.0009001223748847299,117.70931267073037,20.86498194248516,3.0,237.0,0.0006762517326775741,16.855360108815027,11.286470624008281,0.9007731260286633,1.0,True,True,False,862105,215815,34340,0.2503349359996752,0.039832734991677346,preprocessed_green_images/a85cda5f725d_green_preprocessed.png,vessel_masks/a85cda5f725d_vessel_mask.png,vessel_skeletons/a85cda5f725d_skeleton.png,vessel_overlays/a85cda5f725d_overlay.png
a86128b601a7.png,False,0,,90.75070652173913,17.674457039011447,0.0,253.0,0.0012129972247918593,120.57413159111934,22.540595393143693,2.0,239.0,0.0009470397779833487,21.809653290844313,12.0,0.9013918206822311,1.0,False,True,False,864800,200961,24354,0.23237858464384828,0.028161424606845512,preprocessed_green_images/a86128b601a7_green_preprocessed.png,vessel_masks/a86128b601a7_vessel_mask.png,vessel_skeletons/a86128b601a7_skeleton.png,vessel_overlays/a86128b601a7_overlay.png
a88365134c3c.png,False,0,,83.22205306326738,22.196457930323717,0.0,255.0,0.0008117307283628471,122.79057347208239,23.511470364583626,2.0,238.0,0.0005457989160665782,21.203404838724246,12.0,0.9038243311631935,1.0,True,True,False,861123,178024,18554,0.2067346941145458,0.0215462831674453,preprocessed_green_images/a88365134c3c_green_preprocessed.png,vessel_masks/a88365134c3c_vessel_mask.png,vessel_skeletons/a88365134c3c_skeleton.png,vessel_overlays/a88365134c3c_overlay.png
a8854768549f.png,False,0,,90.49781931590819,25.79835405931709,0.0,255.0,1.7616214505868572e-05,119.75328762603216,24.274482324921138,6.0,237.0,9.48565396469846e-06,20.269376419105956,12.0,0.9012459773128585,1.0,False,True,False,1475913,353915,50309,0.23979394449401828,0.03408669752214392,preprocessed_green_images/a8854768549f_green_preprocessed.png,vessel_masks/a8854768549f_vessel_mask.png,vessel_skeletons/a8854768549f_skeleton.png,vessel_overlays/a8854768549f_overlay.png
a8a6588c8eb7.png,False,0,,106.55352394628439,29.779264404764838,0.0,255.0,1.5549754820931053e-05,118.9794864930097,23.665565835248877,5.0,236.0,8.788991855308856e-06,19.569138926020155,11.827655570408062,0.8976187272482018,1.0,False,True,False,1479123,324954,47015,0.21969369687307952,0.03178572708287276,preprocessed_green_images/a8a6588c8eb7_green_preprocessed.png,vessel_masks/a8a6588c8eb7_vessel_mask.png,vessel_skeletons/a8a6588c8eb7_skeleton.png,vessel_overlays/a8a6588c8eb7_overlay.png
a8aed92940fb.png,False,0,,76.0339658623326,18.999465520242786,0.0,231.0,6.013177448866516e-05,117.36648168987467,33.77784483328554,3.0,227.0,5.5836647739474795e-05,11.777308856737724,9.952348799376637,0.8281524108189241,1.0,True,True,False,232822,61099,8791,0.2624279492487823,0.03775845925213253,preprocessed_green_images/a8aed92940fb_green_preprocessed.png,vessel_masks/a8aed92940fb_vessel_mask.png,vessel_skeletons/a8aed92940fb_skeleton.png,vessel_overlays/a8aed92940fb_overlay.png
a8b3c0961d42.png,False,0,,36.627565833036215,15.973164319310007,0.0,233.0,0.3937095706208934,118.16661742983752,27.66274419032451,4.0,244.0,0.00010441603422808537,9.550818665662554,12.0,0.9157246368488681,1.0,True,True,False,392660,105445,18092,0.26854021290684055,0.04607548515254928,preprocessed_green_images/a8b3c0961d42_green_preprocessed.png,vessel_masks/a8b3c0961d42_vessel_mask.png,vessel_skeletons/a8b3c0961d42_skeleton.png,vessel_overlays/a8b3c0961d42_overlay.png
a8b637abd96b.png,False,0,,76.39931362172086,16.52388816035327,0.0,187.0,1.3820856363295031e-05,121.65858136971598,18.037592213790177,3.0,242.0,1.2093249317883151e-05,10.708574771001055,9.4923798086919,0.9303466475570191,1.0,True,True,False,3473012,887269,146983,0.2554753625959254,0.04232147772596236,preprocessed_green_images/a8b637abd96b_green_preprocessed.png,vessel_masks/a8b637abd96b_vessel_mask.png,vessel_skeletons/a8b637abd96b_skeleton.png,vessel_overlays/a8b637abd96b_overlay.png
a8c9fcdbc0be.png,False,1,mean_S,53.572349716368976,14.644505610440058,14.0,203.0,0.008538331546606368,123.94259143134602,18.322126054229752,38.0,245.0,0.0,9.32364986896787,10.967473306132128,0.9456180391280289,1.0,True,True,False,4557682,1156104,169079,0.25366052304658376,0.037097586009730385,preprocessed_green_images/a8c9fcdbc0be_green_preprocessed.png,vessel_masks/a8c9fcdbc0be_vessel_mask.png,vessel_skeletons/a8c9fcdbc0be_skeleton.png,vessel_overlays/a8c9fcdbc0be_overlay.png
a8dea22ef903.png,False,0,,86.8465795206466,22.456301367919814,0.0,253.0,0.0006278877322807413,121.81671133064614,23.1206038872147,3.0,238.0,0.00037139385273537377,22.932167937011624,12.0,0.9026423890854126,1.0,True,True,False,861619,190857,21969,0.2215097392234851,0.025497348596073208,preprocessed_green_images/a8dea22ef903_green_preprocessed.png,vessel_masks/a8dea22ef903_vessel_mask.png,vessel_skeletons/a8dea22ef903_skeleton.png,vessel_overlays/a8dea22ef903_overlay.png
a94da3d3b5c0.png,False,0,,55.79878823937592,13.436572358356816,0.0,246.0,0.003252684820262058,119.6467035394632,24.70298773848448,7.0,238.0,1.4230496088646504e-05,23.753053642244637,12.0,0.9051588177714514,1.0,True,True,False,1475704,388356,67833,0.26316659709535245,0.045966535294340874,preprocessed_green_images/a94da3d3b5c0_green_preprocessed.png,vessel_masks/a94da3d3b5c0_vessel_mask.png,vessel_skeletons/a94da3d3b5c0_skeleton.png,vessel_overlays/a94da3d3b5c0_overlay.png
a95d9d61ddd4.png,False,0,,62.86270557828491,17.019300406212814,0.0,206.0,0.0033738598300900547,121.52759471957906,27.50415408234462,2.0,241.0,0.0011033715418226492,22.616186139178314,12.0,0.9033690495421978,1.0,True,True,False,862810,198410,24608,0.22995792816494942,0.028520763551651,preprocessed_green_images/a95d9d61ddd4_green_preprocessed.png,vessel_masks/a95d9d61ddd4_vessel_mask.png,vessel_skeletons/a95d9d61ddd4_skeleton.png,vessel_overlays/a95d9d61ddd4_overlay.png
a963ac561580.png,False,0,,68.30733556169162,21.05545433524307,0.0,245.0,0.0006882720534805987,119.69508734195611,21.310873753655404,4.0,239.0,0.0003766894346751926,20.315215866222598,12.0,0.9071496257505726,1.0,True,True,False,860125,215359,31909,0.25038104926609506,0.037098096206946665,preprocessed_green_images/a963ac561580_green_preprocessed.png,vessel_masks/a963ac561580_vessel_mask.png,vessel_skeletons/a963ac561580_skeleton.png,vessel_overlays/a963ac561580_overlay.png
a96ff96bbae5.png,False,0,,88.29196685754148,11.505900305646962,0.0,220.0,0.0014552375848599854,118.04969636352297,21.956548134899727,2.0,238.0,0.0010995128418942112,20.55124176060299,12.0,0.9003052018184403,1.0,True,True,False,865838,212783,34565,0.24575382461846212,0.03992086279419476,preprocessed_green_images/a96ff96bbae5_green_preprocessed.png,vessel_masks/a96ff96bbae5_vessel_mask.png,vessel_skeletons/a96ff96bbae5_skeleton.png,vessel_overlays/a96ff96bbae5_overlay.png
a987aa7aac37.png,False,0,,87.8940644676862,14.676318320862586,0.0,205.0,0.0008621029286007281,121.13518445989946,21.50102764904643,3.0,237.0,0.0006396247534779596,19.629019591544047,12.0,0.901773380404369,1.0,True,True,False,863006,188129,21865,0.21799269066495483,0.0253358609326007,preprocessed_green_images/a987aa7aac37_green_preprocessed.png,vessel_masks/a987aa7aac37_vessel_mask.png,vessel_skeletons/a987aa7aac37_skeleton.png,vessel_overlays/a987aa7aac37_overlay.png
a9a3225cf4b5.png,False,0,,91.16701459433342,17.37054557954974,0.0,223.0,0.0008487649829140931,120.1598356027221,22.079888689083266,2.0,237.0,0.0007160363024583913,19.821562180117475,11.92862487204699,0.9003795763042457,1.0,False,True,False,858895,196699,23028,0.22901402383294814,0.026811193452051765,preprocessed_green_images/a9a3225cf4b5_green_preprocessed.png,vessel_masks/a9a3225cf4b5_vessel_mask.png,vessel_skeletons/a9a3225cf4b5_skeleton.png,vessel_overlays/a9a3225cf4b5_overlay.png
a9b3177f01c0.png,False,0,,85.7843227561509,28.82429888443175,0.0,255.0,4.3043336030715726e-05,117.16265646252647,29.527114133698976,13.0,226.0,2.1521668015357863e-05,12.538249816616421,9.390026792766488,0.8374466140129492,1.0,True,True,False,232324,54459,5838,0.23440970368967476,0.02512869957473184,preprocessed_green_images/a9b3177f01c0_green_preprocessed.png,vessel_masks/a9b3177f01c0_vessel_mask.png,vessel_skeletons/a9b3177f01c0_skeleton.png,vessel_overlays/a9b3177f01c0_overlay.png
a9bc2f892cb3.png,False,0,,45.52613004420362,18.357943395488487,0.0,238.0,0.11626876616895154,121.00611619237742,25.867356499593495,2.0,243.0,0.00012476828746613432,10.832492397894391,12.0,0.9105324950503807,1.0,True,True,False,392728,99780,14442,0.25406897394634453,0.036773543011957385,preprocessed_green_images/a9bc2f892cb3_green_preprocessed.png,vessel_masks/a9bc2f892cb3_vessel_mask.png,vessel_skeletons/a9bc2f892cb3_skeleton.png,vessel_overlays/a9bc2f892cb3_overlay.png
a9e3d186cd1b.png,False,0,,70.15952460806825,18.367194959468414,0.0,238.0,0.0003783872105122847,118.66662366812002,29.24022544332241,10.0,228.0,4.299854664912326e-05,18.77577549390564,12.0,0.8361771517743483,1.0,True,True,False,232566,54881,7066,0.23598032386505335,0.030382773062270496,preprocessed_green_images/a9e3d186cd1b_green_preprocessed.png,vessel_masks/a9e3d186cd1b_vessel_mask.png,vessel_skeletons/a9e3d186cd1b_skeleton.png,vessel_overlays/a9e3d186cd1b_overlay.png
aa10a4b2e709.png,False,0,,81.13109279217242,18.09408903383084,0.0,249.0,0.0006886052666110054,120.92152570773642,22.098156199753312,3.0,240.0,0.0003588179213875222,22.38383891843506,12.0,0.9029932062464997,1.0,True,True,False,861161,194055,24706,0.22534113830050362,0.028689176588349914,preprocessed_green_images/aa10a4b2e709_green_preprocessed.png,vessel_masks/aa10a4b2e709_vessel_mask.png,vessel_skeletons/aa10a4b2e709_skeleton.png,vessel_overlays/aa10a4b2e709_overlay.png
aa4407aab872.png,False,0,,85.0136585173894,15.977491255610094,0.0,225.0,0.0012071717343574038,122.21240898469102,23.134780279759518,2.0,240.0,0.0008530062974318376,22.45848493031332,12.0,0.9026967030057711,1.0,True,True,False,864003,178723,18701,0.20685460582891493,0.021644600771062138,preprocessed_green_images/aa4407aab872_green_preprocessed.png,vessel_masks/aa4407aab872_vessel_mask.png,vessel_skeletons/aa4407aab872_skeleton.png,vessel_overlays/aa4407aab872_overlay.png
aa60813e1a8d.png,False,1,mean_S,51.56145459142011,17.75106130887931,12.0,254.0,0.020214094585837207,123.99858781580203,18.04217145580761,37.0,245.0,0.0,9.51576283739561,11.223064726832012,0.9468411662138388,1.0,True,True,False,4556771,1174885,168547,0.2578327943186085,0.03698825330480728,preprocessed_green_images/aa60813e1a8d_green_preprocessed.png,vessel_masks/aa60813e1a8d_vessel_mask.png,vessel_skeletons/aa60813e1a8d_skeleton.png,vessel_overlays/aa60813e1a8d_overlay.png
aa6242f9e08c.png,False,1,mean_G,132.47318577040923,29.168926895796933,0.0,255.0,2.36421310881865e-05,118.29683573717516,23.521425081830902,3.0,237.0,2.2966641628524027e-05,18.174414173455627,11.26976566938225,0.8958738873290865,1.0,False,True,False,1480408,317680,42758,0.2145894915455739,0.028882578316247954,preprocessed_green_images/aa6242f9e08c_green_preprocessed.png,vessel_masks/aa6242f9e08c_vessel_mask.png,vessel_skeletons/aa6242f9e08c_skeleton.png,vessel_overlays/aa6242f9e08c_overlay.png
aa8a1e814811.png,False,0,,86.61830964006194,17.45412070048383,0.0,236.0,0.0011005007975148184,119.33391376624341,21.758597867886312,2.0,236.0,0.0009112796688281989,20.544649525899025,12.0,0.9010769605355057,1.0,True,True,False,861426,217178,31659,0.25211451709142746,0.03675185100055025,preprocessed_green_images/aa8a1e814811_green_preprocessed.png,vessel_masks/aa8a1e814811_vessel_mask.png,vessel_skeletons/aa8a1e814811_skeleton.png,vessel_overlays/aa8a1e814811_overlay.png
aa94cc4bfd84.png,False,0,,73.34784841362692,16.92512042820188,0.0,221.0,0.001625351297783179,121.79946720078259,21.455754129779926,3.0,237.0,0.0005820593282268567,19.56014415664034,12.0,0.9056508044999451,1.0,True,True,False,860737,196935,23705,0.2287981113859402,0.027540352047140997,preprocessed_green_images/aa94cc4bfd84_green_preprocessed.png,vessel_masks/aa94cc4bfd84_vessel_mask.png,vessel_skeletons/aa94cc4bfd84_skeleton.png,vessel_overlays/aa94cc4bfd84_overlay.png
aaaadb174012.png,False,0,,98.70381929597902,9.63026346231048,0.0,184.0,0.0029066249612469215,117.42100768377027,21.146335432475645,2.0,238.0,0.0025262973493470468,22.270271342172638,12.0,0.9009681269708535,1.0,False,True,False,867673,208846,35087,0.2406966679843674,0.040438045208275465,preprocessed_green_images/aaaadb174012_green_preprocessed.png,vessel_masks/aaaadb174012_vessel_mask.png,vessel_skeletons/aaaadb174012_skeleton.png,vessel_overlays/aaaadb174012_overlay.png
aabd867043cf.png,False,0,,91.4760458344922,11.545483368935864,0.0,203.0,0.0017957112967089783,118.11656082048772,21.346618525889866,3.0,238.0,0.0014333376802779891,20.847444346821316,12.0,0.9009094698403846,1.0,False,True,False,866509,214141,32171,0.24713072801321165,0.03712713889873042,preprocessed_green_images/aabd867043cf_green_preprocessed.png,vessel_masks/aabd867043cf_vessel_mask.png,vessel_skeletons/aabd867043cf_skeleton.png,vessel_overlays/aabd867043cf_overlay.png
aafb0c944f14.png,False,0,,83.60622800689397,16.998526386151372,0.0,236.0,0.0009684505487113228,122.71706514250721,23.405504407619468,2.0,240.0,0.0007457649135585397,23.12930653431677,12.0,0.9021877347834062,1.0,True,True,False,862202,185073,19268,0.21465155497203672,0.022347431344394934,preprocessed_green_images/aafb0c944f14_green_preprocessed.png,vessel_masks/aafb0c944f14_vessel_mask.png,vessel_skeletons/aafb0c944f14_skeleton.png,vessel_overlays/aafb0c944f14_overlay.png
aafe980edd0c.png,False,0,,78.13364037643933,14.7906945036769,0.0,174.0,0.0006315784585306048,121.40628838522571,21.281975308319623,3.0,239.0,0.0003703557504986451,21.48176743610082,12.0,0.9030972585977942,1.0,True,True,False,861334,194319,23078,0.2256023795647217,0.02679332291538474,preprocessed_green_images/aafe980edd0c_green_preprocessed.png,vessel_masks/aafe980edd0c_vessel_mask.png,vessel_skeletons/aafe980edd0c_skeleton.png,vessel_overlays/aafe980edd0c_overlay.png
ab03d50bba2f.png,False,0,,63.94220247116545,22.236636177519888,0.0,255.0,0.0005827072497704999,119.25487493425953,24.92209262216739,4.0,238.0,2.02798346787877e-05,21.404390633449104,12.0,0.904177002692739,1.0,True,True,False,1479302,378659,64988,0.255971397321169,0.0439315298701685,preprocessed_green_images/ab03d50bba2f_green_preprocessed.png,vessel_masks/ab03d50bba2f_vessel_mask.png,vessel_skeletons/ab03d50bba2f_skeleton.png,vessel_overlays/ab03d50bba2f_overlay.png
ab3c505b624f.png,False,0,,94.5327577690441,18.39838658479905,0.0,255.0,3.436204711895711e-05,118.17079225994888,27.799669756777018,5.0,225.0,3.436204711895711e-05,12.69840579868307,9.079362319473228,0.8342779672354378,1.0,False,True,False,232815,54586,6333,0.2344608380044241,0.027201855550544423,preprocessed_green_images/ab3c505b624f_green_preprocessed.png,vessel_masks/ab3c505b624f_vessel_mask.png,vessel_skeletons/ab3c505b624f_skeleton.png,vessel_overlays/ab3c505b624f_overlay.png
ab653b8554c0.png,False,0,,99.63446762818506,11.982409577826841,0.0,251.0,0.0008290950919889701,118.2379955147695,21.058800956320393,2.0,237.0,0.0007154568835764959,19.984000417767177,11.993600167106871,0.8994102295964219,1.0,False,True,False,862386,203860,30332,0.23639066496905098,0.035172185077216006,preprocessed_green_images/ab653b8554c0_green_preprocessed.png,vessel_masks/ab653b8554c0_vessel_mask.png,vessel_skeletons/ab653b8554c0_skeleton.png,vessel_overlays/ab653b8554c0_overlay.png
ab686895533e.png,False,0,,90.91715970847298,16.207643123701157,0.0,225.0,0.0009499767719094186,121.44327306387204,23.927205061481953,2.0,239.0,0.000761139925785961,23.44028227501245,12.0,0.9005851650650426,1.0,False,True,False,863179,179277,17817,0.20769388504585956,0.020641141640378183,preprocessed_green_images/ab686895533e_green_preprocessed.png,vessel_masks/ab686895533e_vessel_mask.png,vessel_skeletons/ab686895533e_skeleton.png,vessel_overlays/ab686895533e_overlay.png
ab724603ee93.png,False,0,,62.55449979703323,20.011450280312857,0.0,238.0,0.03619246535841763,121.49929893447528,24.263962340288362,4.0,240.0,1.8975190615955017e-05,23.84224525301398,12.0,0.9094014669248333,1.0,True,True,False,1475611,350964,47991,0.2378431714049299,0.03252279903036776,preprocessed_green_images/ab724603ee93_green_preprocessed.png,vessel_masks/ab724603ee93_vessel_mask.png,vessel_skeletons/ab724603ee93_skeleton.png,vessel_overlays/ab724603ee93_overlay.png
ab78a66dee6a.png,False,0,,93.10853667408396,11.612710664094834,0.0,222.0,0.001480381481143612,117.83832086402546,21.676979388356056,2.0,238.0,0.0012101714448038263,21.269403955347418,12.0,0.9000822345058149,1.0,False,True,False,865993,212861,33167,0.24579990831334664,0.03829938579180201,preprocessed_green_images/ab78a66dee6a_green_preprocessed.png,vessel_masks/ab78a66dee6a_vessel_mask.png,vessel_skeletons/ab78a66dee6a_skeleton.png,vessel_overlays/ab78a66dee6a_overlay.png
ab7991df166b.png,False,0,,41.25517394171978,20.064375318369606,0.0,149.0,0.3182620343325125,117.03024021553952,26.26770080252517,2.0,242.0,0.00011714104545836527,9.712857650521705,12.0,0.9126885271544064,1.0,True,True,False,392689,107123,21087,0.2727934828834014,0.05369898316479453,preprocessed_green_images/ab7991df166b_green_preprocessed.png,vessel_masks/ab7991df166b_vessel_mask.png,vessel_skeletons/ab7991df166b_skeleton.png,vessel_overlays/ab7991df166b_overlay.png
ab88081e5654.png,False,0,,46.46320607768735,15.121656469951965,0.0,240.0,0.05249108993572824,123.6675661459583,27.82432206358089,13.0,241.0,0.00032264667884047835,24.286756316271877,12.0,0.9102544860298788,1.0,True,True,False,1475298,330709,38875,0.22416420275768015,0.026350608487234445,preprocessed_green_images/ab88081e5654_green_preprocessed.png,vessel_masks/ab88081e5654_vessel_mask.png,vessel_skeletons/ab88081e5654_skeleton.png,vessel_overlays/ab88081e5654_overlay.png
abbb8791785e.png,False,0,,88.56317241443371,19.89007973904472,0.0,253.0,0.0005840266957093195,120.63770374171855,21.146639030933265,2.0,239.0,0.0004179912732710836,21.063091568819956,12.0,0.9037494692021468,1.0,True,True,False,861262,192976,23755,0.22406189986322397,0.02758161860154053,preprocessed_green_images/abbb8791785e_green_preprocessed.png,vessel_masks/abbb8791785e_vessel_mask.png,vessel_skeletons/abbb8791785e_skeleton.png,vessel_overlays/abbb8791785e_overlay.png
abe940882578.png,False,0,,82.8685386806188,12.533912486341482,0.0,164.0,0.0006890991247048997,118.91679070064211,20.534730302935863,2.0,237.0,0.0005359659858815886,19.071661571038145,12.0,0.9015912890924002,1.0,True,True,False,861995,217715,31026,0.2525710705978573,0.035993248220697334,preprocessed_green_images/abe940882578_green_preprocessed.png,vessel_masks/abe940882578_vessel_mask.png,vessel_skeletons/abe940882578_skeleton.png,vessel_overlays/abe940882578_overlay.png
ac0a48ccbf70.png,False,0,,45.50779288889341,18.11986050610719,0.0,252.0,0.09965019832278497,118.3499798876765,26.385280130083704,4.0,243.0,0.00010692627687795638,9.777941284985143,11.866039368314643,0.9093044120110113,1.0,True,True,False,392794,106136,16890,0.27020779339806617,0.042999638487349605,preprocessed_green_images/ac0a48ccbf70_green_preprocessed.png,vessel_masks/ac0a48ccbf70_vessel_mask.png,vessel_skeletons/ac0a48ccbf70_skeleton.png,vessel_overlays/ac0a48ccbf70_overlay.png
ac1667fac512.png,False,0,,75.32624008166674,16.98388606960785,0.0,235.0,0.0008247877128671524,122.08547747204307,23.318155129188888,3.0,239.0,0.00045241520115075866,19.549265437453894,12.0,0.9031436715733189,1.0,True,True,False,862040,183459,19360,0.2128195907382488,0.022458354600714586,preprocessed_green_images/ac1667fac512_green_preprocessed.png,vessel_masks/ac1667fac512_vessel_mask.png,vessel_skeletons/ac1667fac512_skeleton.png,vessel_overlays/ac1667fac512_overlay.png
ac17cc18a994.png,False,0,,82.81492279852031,12.168500758753916,0.0,190.0,0.0010259525418698768,119.79699934965042,22.207099029727836,3.0,239.0,0.0007535244657801355,19.879825261308724,12.0,0.9004089956976786,1.0,True,True,False,862613,201099,27607,0.2331277177598761,0.03200392296429569,preprocessed_green_images/ac17cc18a994_green_preprocessed.png,vessel_masks/ac17cc18a994_vessel_mask.png,vessel_skeletons/ac17cc18a994_skeleton.png,vessel_overlays/ac17cc18a994_overlay.png
ace2281f00c4.png,False,0,,89.11605465148659,19.912583587117005,0.0,255.0,3.1767832568652315e-05,120.24168561471431,24.47316563214108,4.0,237.0,2.095325126868557e-05,19.905977636341134,12.0,0.8995493114968458,1.0,True,True,False,1479484,349511,49808,0.23623844529579233,0.03366579158679648,preprocessed_green_images/ace2281f00c4_green_preprocessed.png,vessel_masks/ace2281f00c4_vessel_mask.png,vessel_skeletons/ace2281f00c4_skeleton.png,vessel_overlays/ace2281f00c4_overlay.png
ace287a5c991.png,False,0,,56.47449360144391,31.951181973695334,0.0,241.0,0.08853860390048444,121.2936207910433,28.717907349949595,3.0,239.0,0.0010946405887638962,14.076188701955141,12.0,0.9102083634515507,1.0,True,True,False,392823,91470,11709,0.23285296431217112,0.029807317799619676,preprocessed_green_images/ace287a5c991_green_preprocessed.png,vessel_masks/ace287a5c991_vessel_mask.png,vessel_skeletons/ace287a5c991_skeleton.png,vessel_overlays/ace287a5c991_overlay.png
acf976efd7ce.png,False,0,,85.56344365366476,17.272551187034306,0.0,252.0,0.0007473910836823089,121.11223496585175,21.329579777884828,4.0,238.0,0.0005457693029680117,21.30527784338876,12.0,0.9029967415547963,1.0,True,True,False,863002,195181,24048,0.2261651769057314,0.027865520589755294,preprocessed_green_images/acf976efd7ce_green_preprocessed.png,vessel_masks/acf976efd7ce_vessel_mask.png,vessel_skeletons/acf976efd7ce_skeleton.png,vessel_overlays/acf976efd7ce_overlay.png
ad029ba7fa8b.png,False,0,,122.2966611204501,26.578934497048074,0.0,195.0,3.430649421935573e-05,115.95926961473808,37.57787545197991,4.0,225.0,3.859480599677519e-05,13.313237206761437,9.325294882704576,0.816353369908487,1.0,False,True,False,233192,78666,14752,0.3373443342824797,0.06326117534049196,preprocessed_green_images/ad029ba7fa8b_green_preprocessed.png,vessel_masks/ad029ba7fa8b_vessel_mask.png,vessel_skeletons/ad029ba7fa8b_skeleton.png,vessel_overlays/ad029ba7fa8b_overlay.png
ad12cde115ab.png,False,0,,68.28002799345917,18.962210144891397,0.0,255.0,0.004421694118666277,119.97217439329457,25.37108137443539,4.0,239.0,2.0304733439459408e-05,21.955246226873438,12.0,0.9055198687203099,1.0,True,True,False,1477488,367491,54552,0.2487268932133459,0.036922127286312986,preprocessed_green_images/ad12cde115ab_green_preprocessed.png,vessel_masks/ad12cde115ab_vessel_mask.png,vessel_skeletons/ad12cde115ab_skeleton.png,vessel_overlays/ad12cde115ab_overlay.png
ad1aa75d5630.png,False,0,,94.26151618615431,12.801838154352673,0.0,243.0,3.0460728674782307e-05,119.11168053870814,23.592442860622835,2.0,236.0,2.3691677858164017e-05,19.90815571162614,11.963262284650456,0.897240276707674,1.0,False,True,False,1477312,551281,108275,0.37316491032361476,0.07329189771693453,preprocessed_green_images/ad1aa75d5630_green_preprocessed.png,vessel_masks/ad1aa75d5630_vessel_mask.png,vessel_skeletons/ad1aa75d5630_skeleton.png,vessel_overlays/ad1aa75d5630_overlay.png
ad20080452de.png,False,0,,76.8644029779628,14.977064650080028,0.0,196.0,0.0007995778972495915,122.13844900482768,21.56740726353044,2.0,235.0,0.0004637086933177137,18.89727164904946,12.0,0.9040898118962742,1.0,True,True,False,860454,185669,21450,0.21578027413435233,0.02492870043023799,preprocessed_green_images/ad20080452de_green_preprocessed.png,vessel_masks/ad20080452de_vessel_mask.png,vessel_skeletons/ad20080452de_skeleton.png,vessel_overlays/ad20080452de_overlay.png
ad312ca98202.png,False,0,,84.42908144110572,15.222424974749549,0.0,192.0,0.0012340614875481458,120.90511747338367,21.486326137361203,3.0,236.0,0.0008806448174052496,20.573156252164452,12.0,0.9026679598106823,1.0,True,True,False,863004,188670,22550,0.2186200759208532,0.026129658726958393,preprocessed_green_images/ad312ca98202_green_preprocessed.png,vessel_masks/ad312ca98202_vessel_mask.png,vessel_skeletons/ad312ca98202_skeleton.png,vessel_overlays/ad312ca98202_overlay.png
ad6b07d5c338.png,False,0,,93.35094922555076,20.664414253041713,0.0,255.0,3.1802117750385856e-05,119.13456220325072,22.91026950942128,4.0,238.0,2.165250570239037e-05,20.713985398997302,12.0,0.8995351844519633,1.0,False,True,False,1477889,344467,56127,0.23308042755579073,0.037977818361189505,preprocessed_green_images/ad6b07d5c338_green_preprocessed.png,vessel_masks/ad6b07d5c338_vessel_mask.png,vessel_skeletons/ad6b07d5c338_skeleton.png,vessel_overlays/ad6b07d5c338_overlay.png
ad93d88c87ea.png,False,0,,87.79283502997863,13.038224608758322,0.0,243.0,0.0004427543026561781,118.45023360505157,21.89258719664353,2.0,239.0,0.0002920787546318243,22.895238932530702,12.0,0.8997415584583747,1.0,True,True,False,862781,218787,31007,0.2535834701969561,0.0359384362891626,preprocessed_green_images/ad93d88c87ea_green_preprocessed.png,vessel_masks/ad93d88c87ea_vessel_mask.png,vessel_skeletons/ad93d88c87ea_skeleton.png,vessel_overlays/ad93d88c87ea_overlay.png
ad944bd56bb6.png,False,0,,90.96139806429149,26.043307182030578,1.0,255.0,1.757891071603636e-05,118.39076228241872,26.000712013953418,3.0,236.0,1.8931134617269926e-05,20.185005163485084,12.0,0.8972878570662113,1.0,False,True,False,1479045,334839,47939,0.22638864943257306,0.032412130800617965,preprocessed_green_images/ad944bd56bb6_green_preprocessed.png,vessel_masks/ad944bd56bb6_vessel_mask.png,vessel_skeletons/ad944bd56bb6_skeleton.png,vessel_overlays/ad944bd56bb6_overlay.png
addf66a50f42.png,False,0,,92.28795717654842,13.097630600103296,0.0,214.0,0.0016516823911919525,120.93659413375157,21.70511119355027,2.0,238.0,0.0013729320716700615,20.470374719956325,12.0,0.9010355353903371,1.0,False,True,False,864573,185262,22257,0.21428150081022654,0.025743343824061127,preprocessed_green_images/addf66a50f42_green_preprocessed.png,vessel_masks/addf66a50f42_vessel_mask.png,vessel_skeletons/addf66a50f42_skeleton.png,vessel_overlays/addf66a50f42_overlay.png
ae20112e7a1e.png,False,0,,46.55481835841529,20.897575436887934,0.0,226.0,0.11038268339193287,119.87918142263207,26.86454923210719,5.0,243.0,0.0006415821619791282,10.933783263648007,12.0,0.9113772083651639,1.0,True,True,False,392779,102103,16429,0.259950251922837,0.04182759261569483,preprocessed_green_images/ae20112e7a1e_green_preprocessed.png,vessel_masks/ae20112e7a1e_vessel_mask.png,vessel_skeletons/ae20112e7a1e_skeleton.png,vessel_overlays/ae20112e7a1e_overlay.png
ae2c3f6312ef.png,False,0,,90.51498988710841,15.014729540256479,0.0,252.0,0.0011936337987077264,119.91153101190277,21.645664844781223,1.0,239.0,0.0009829244375391462,20.908888852453412,12.0,0.9018429044049242,1.0,False,True,False,863749,194668,22822,0.22537565890090755,0.026422027695545813,preprocessed_green_images/ae2c3f6312ef_green_preprocessed.png,vessel_masks/ae2c3f6312ef_vessel_mask.png,vessel_skeletons/ae2c3f6312ef_skeleton.png,vessel_overlays/ae2c3f6312ef_overlay.png
ae2e888905ba.png,False,0,,91.87836685434107,18.570616238376065,0.0,246.0,1.5541926712382456e-05,118.81571126613996,24.775712081888287,2.0,237.0,1.5541926712382456e-05,19.729732378714452,11.891892951485781,0.896316552329846,1.0,False,True,False,1479868,336473,46682,0.22736690029110704,0.03154470533858425,preprocessed_green_images/ae2e888905ba_green_preprocessed.png,vessel_masks/ae2e888905ba_vessel_mask.png,vessel_skeletons/ae2e888905ba_skeleton.png,vessel_overlays/ae2e888905ba_overlay.png
ae49cc60f251.png,False,0,,85.62416242666889,15.671672396274145,0.0,217.0,0.0005606991594146486,119.5237428290748,21.575778618179527,3.0,238.0,0.0003660763106922086,20.083815569317746,12.0,0.9006798389872328,1.0,True,True,False,863208,193608,26351,0.2242889315205605,0.030526825515982244,preprocessed_green_images/ae49cc60f251_green_preprocessed.png,vessel_masks/ae49cc60f251_vessel_mask.png,vessel_skeletons/ae49cc60f251_skeleton.png,vessel_overlays/ae49cc60f251_overlay.png
ae57c8630249.png,False,0,,87.15109076406313,18.708450198910135,0.0,251.0,0.0006339423901950244,119.2031378987248,20.939099567419326,1.0,239.0,0.0004679098594296608,21.16751401402541,12.0,0.90234296679757,1.0,True,True,False,861277,217655,32905,0.2527119614247217,0.03820489807576424,preprocessed_green_images/ae57c8630249_green_preprocessed.png,vessel_masks/ae57c8630249_vessel_mask.png,vessel_skeletons/ae57c8630249_skeleton.png,vessel_overlays/ae57c8630249_overlay.png
ae58ccb5905e.png,False,0,,82.87554510469604,17.97078291941167,0.0,223.0,0.0006910553551572325,119.75488637589005,20.989024515359734,2.0,238.0,0.0004649550292249165,21.2528328906913,12.0,0.903370903972314,1.0,True,True,False,862449,216871,31053,0.2514595065911144,0.03600560728808312,preprocessed_green_images/ae58ccb5905e_green_preprocessed.png,vessel_masks/ae58ccb5905e_vessel_mask.png,vessel_skeletons/ae58ccb5905e_skeleton.png,vessel_overlays/ae58ccb5905e_overlay.png
ae5d31979f19.png,False,0,,65.77809069321097,15.401255712259193,2.0,182.0,4.72687728363656e-05,122.64645984272757,18.88624283121738,12.0,243.0,4.32336336917978e-06,11.061562341419519,10.577683541615722,0.9333157320894244,1.0,True,True,False,3469521,934704,139806,0.26940433564172117,0.04029547594610322,preprocessed_green_images/ae5d31979f19_green_preprocessed.png,vessel_masks/ae5d31979f19_vessel_mask.png,vessel_skeletons/ae5d31979f19_skeleton.png,vessel_overlays/ae5d31979f19_overlay.png
ae61e19fb766.png,False,0,,100.22558696998294,32.64055307888324,0.0,255.0,2.9067959537400322e-05,119.4567245682394,25.698193619115703,3.0,236.0,2.1631969888297917e-05,19.782927529003704,11.91317101160148,0.8964122515972474,1.0,False,True,False,1479292,320521,46376,0.216671894392723,0.031350132360615755,preprocessed_green_images/ae61e19fb766_green_preprocessed.png,vessel_masks/ae61e19fb766_vessel_mask.png,vessel_skeletons/ae61e19fb766_skeleton.png,vessel_overlays/ae61e19fb766_overlay.png
ae975c43bd8b.png,False,0,,92.88265675885361,14.866676382190752,0.0,205.0,0.0005412286121783406,119.46021272839616,21.09003928595053,3.0,238.0,0.0004366994810709358,19.233223469040844,11.693289387616337,0.8998938344467987,1.0,False,True,False,861004,208209,27991,0.24182117620824062,0.03250972120919299,preprocessed_green_images/ae975c43bd8b_green_preprocessed.png,vessel_masks/ae975c43bd8b_vessel_mask.png,vessel_skeletons/ae975c43bd8b_skeleton.png,vessel_overlays/ae975c43bd8b_overlay.png
aeab0a63bcaf.png,False,0,,97.80075631854643,14.932276865468223,0.0,240.0,2.2992516612093253e-05,117.70311115799781,25.27678452796893,2.0,237.0,2.1640015634911297e-05,20.24699453067167,12.0,0.8949547112892507,1.0,False,True,False,1478742,576164,114137,0.38963118650853223,0.07718520201630846,preprocessed_green_images/aeab0a63bcaf_green_preprocessed.png,vessel_masks/aeab0a63bcaf_vessel_mask.png,vessel_skeletons/aeab0a63bcaf_skeleton.png,vessel_overlays/aeab0a63bcaf_overlay.png
aeb6f4fd2eed.png,False,0,,89.08606271046476,30.554634156293808,0.0,255.0,1.8260850157550557e-05,119.16988474698239,26.776456993344958,3.0,237.0,1.8937177941163542e-05,20.236630393944914,12.0,0.8974805728848267,1.0,True,True,False,1478573,338294,48085,0.22879763122957067,0.03252122147503032,preprocessed_green_images/aeb6f4fd2eed_green_preprocessed.png,vessel_masks/aeb6f4fd2eed_vessel_mask.png,vessel_skeletons/aeb6f4fd2eed_skeleton.png,vessel_overlays/aeb6f4fd2eed_overlay.png
aebe87a423c8.png,False,0,,102.37873913752134,23.180805629990292,0.0,255.0,6.004924037710923e-05,118.13732403427954,33.644611525153856,3.0,226.0,6.004924037710923e-05,11.9179321884156,8.76717287536624,0.8240510032556994,1.0,False,True,False,233142,54732,6045,0.23475821602285302,0.025928404148544665,preprocessed_green_images/aebe87a423c8_green_preprocessed.png,vessel_masks/aebe87a423c8_vessel_mask.png,vessel_skeletons/aebe87a423c8_skeleton.png,vessel_overlays/aebe87a423c8_overlay.png
aec51513cf45.png,False,0,,71.10207319380191,17.32220310715716,0.0,255.0,9.028840696854524e-05,119.3814857172339,30.667919863030825,4.0,227.0,3.869503155794796e-05,15.447453279023218,11.858797027715784,0.8390225748457902,1.0,True,True,False,232588,56333,7148,0.24220080141709804,0.030732453952912447,preprocessed_green_images/aec51513cf45_green_preprocessed.png,vessel_masks/aec51513cf45_vessel_mask.png,vessel_skeletons/aec51513cf45_skeleton.png,vessel_overlays/aec51513cf45_overlay.png
aeccef0bdc26.png,False,0,,69.48407028675342,18.208135354790056,0.0,231.0,0.0037194103753318206,123.67459978308278,25.56946528933404,2.0,241.0,0.0008349222790707396,22.505840278263218,12.0,0.9047531616533945,1.0,True,True,False,861158,180390,18096,0.20947375510649613,0.02101356545488749,preprocessed_green_images/aeccef0bdc26_green_preprocessed.png,vessel_masks/aeccef0bdc26_vessel_mask.png,vessel_skeletons/aeccef0bdc26_skeleton.png,vessel_overlays/aeccef0bdc26_overlay.png
af345c68e836.png,False,0,,87.469045603168,13.123196399857655,0.0,237.0,0.000640503693030787,120.27512587113715,22.522775530610442,3.0,239.0,0.00044592029261637074,20.179854459827215,12.0,0.9004725409785521,1.0,True,True,False,863383,189692,21610,0.21970782375840153,0.025029448112830574,preprocessed_green_images/af345c68e836_green_preprocessed.png,vessel_masks/af345c68e836_vessel_mask.png,vessel_skeletons/af345c68e836_skeleton.png,vessel_overlays/af345c68e836_overlay.png
af5a0bc4e1fa.png,False,0,,47.16443416014989,19.662482092013168,0.0,252.0,0.08484543010752688,119.56963536575432,28.75695312755538,4.0,243.0,0.00025201612903225806,11.9636352715841,12.0,0.9038842573238747,1.0,True,True,False,392832,102384,14513,0.26063049853372433,0.03694454626914304,preprocessed_green_images/af5a0bc4e1fa_green_preprocessed.png,vessel_masks/af5a0bc4e1fa_vessel_mask.png,vessel_skeletons/af5a0bc4e1fa_skeleton.png,vessel_overlays/af5a0bc4e1fa_overlay.png
af6166d57f13.png,False,0,,85.51354572392835,19.45387772536857,0.0,255.0,1.6928769156595177e-05,120.36651259229565,24.30930476764305,5.0,238.0,1.151156302648472e-05,20.22166343895631,12.0,0.9004506045610686,1.0,True,True,False,1476776,346062,45581,0.23433614847478562,0.03086520907707059,preprocessed_green_images/af6166d57f13_green_preprocessed.png,vessel_masks/af6166d57f13_vessel_mask.png,vessel_skeletons/af6166d57f13_skeleton.png,vessel_overlays/af6166d57f13_overlay.png
af7a36454670.png,False,0,,95.85348750172356,9.016604832402555,0.0,170.0,0.0008840851919785781,117.97222257626828,20.846225904815384,2.0,239.0,0.0007427242569571016,19.778369587623207,11.911347835049282,0.8991847039791718,1.0,False,True,False,863039,206909,30303,0.23974466970785793,0.035111970606195086,preprocessed_green_images/af7a36454670_green_preprocessed.png,vessel_masks/af7a36454670_vessel_mask.png,vessel_skeletons/af7a36454670_skeleton.png,vessel_overlays/af7a36454670_overlay.png
af87d48ffe01.png,False,0,,91.9852464377039,19.953821639983786,0.0,241.0,2.775771173548661e-05,120.05467185984116,23.936386374023307,3.0,238.0,2.1664555500867596e-05,20.06603109809705,12.0,0.8987588684776056,1.0,False,True,False,1477067,338629,43233,0.22925771139697793,0.029269491499031526,preprocessed_green_images/af87d48ffe01_green_preprocessed.png,vessel_masks/af87d48ffe01_vessel_mask.png,vessel_skeletons/af87d48ffe01_skeleton.png,vessel_overlays/af87d48ffe01_overlay.png
afc345cc9145.png,False,1,mean_S,73.93416032811776,23.30602760805255,6.0,255.0,0.0007506190746145578,121.8368415140521,15.706959800284,9.0,243.0,0.00014605102764524798,10.059213367038158,9.451759984315906,0.941068453984697,1.0,True,True,False,4566897,1189317,193819,0.2604212444467217,0.04243997620266014,preprocessed_green_images/afc345cc9145_green_preprocessed.png,vessel_masks/afc345cc9145_vessel_mask.png,vessel_skeletons/afc345cc9145_skeleton.png,vessel_overlays/afc345cc9145_overlay.png
afc744fad65e.png,False,0,,100.22578811783114,16.811219890892914,0.0,231.0,0.0006541792659969448,120.74679318772046,21.36916487718206,2.0,238.0,0.0004964339110756957,20.817328366452355,12.0,0.8995832920639085,1.0,False,True,False,862149,186773,21030,0.2166365674610769,0.02439253539701374,preprocessed_green_images/afc744fad65e_green_preprocessed.png,vessel_masks/afc744fad65e_vessel_mask.png,vessel_skeletons/afc744fad65e_skeleton.png,vessel_overlays/afc744fad65e_overlay.png
b05922e7abd3.png,False,0,,93.47839717783965,12.976619163760162,0.0,230.0,0.0008604994834686816,117.36897129197686,20.919645563266535,2.0,237.0,0.0006531920708968188,19.35123968918319,11.740495875673275,0.9002792193709083,1.0,False,True,False,863452,205811,33348,0.23835835692082477,0.03862171840472892,preprocessed_green_images/b05922e7abd3_green_preprocessed.png,vessel_masks/b05922e7abd3_vessel_mask.png,vessel_skeletons/b05922e7abd3_skeleton.png,vessel_overlays/b05922e7abd3_overlay.png
b0619ca93a5f.png,False,0,,89.77588027190724,18.17566172709552,0.0,255.0,0.0010731352682953935,119.90524690214673,21.858114679990294,2.0,238.0,0.0008045620404156402,20.02446496613001,12.0,0.9021320370921087,1.0,True,True,False,863824,191778,25675,0.2220105021393247,0.029722489766433904,preprocessed_green_images/b0619ca93a5f_green_preprocessed.png,vessel_masks/b0619ca93a5f_vessel_mask.png,vessel_skeletons/b0619ca93a5f_skeleton.png,vessel_overlays/b0619ca93a5f_overlay.png
b085caa513a8.png,False,0,,44.956758559925845,17.83013395424903,0.0,158.0,0.1214508711440227,119.46458637847527,22.15818762716897,2.0,239.0,0.00012477654812045774,7.137548886493075,10.858863238159376,0.9113264925404523,1.0,True,True,False,392702,105549,19787,0.26877632403196317,0.05038680729917342,preprocessed_green_images/b085caa513a8_green_preprocessed.png,vessel_masks/b085caa513a8_vessel_mask.png,vessel_skeletons/b085caa513a8_skeleton.png,vessel_overlays/b085caa513a8_overlay.png
b086c7cd3868.png,False,0,,83.99405321904364,15.684733023947203,0.0,214.0,0.0004703996654935712,122.73983065612042,22.76759738530227,3.0,239.0,0.0003112768156846348,21.40222937734171,12.0,0.9016654529715075,1.0,True,True,False,860970,183948,20337,0.21365204362521342,0.02362103209171051,preprocessed_green_images/b086c7cd3868_green_preprocessed.png,vessel_masks/b086c7cd3868_vessel_mask.png,vessel_skeletons/b086c7cd3868_skeleton.png,vessel_overlays/b086c7cd3868_overlay.png
b09101adb478.png,False,0,,75.69304106123786,19.474448758349077,0.0,190.0,0.0008311991471780498,121.90764505587634,22.16483778071224,3.0,241.0,0.00032782959371218187,22.574805291010268,12.0,0.9052307781460246,1.0,True,True,False,860203,187128,20414,0.21753934827011764,0.023731607539150643,preprocessed_green_images/b09101adb478_green_preprocessed.png,vessel_masks/b09101adb478_vessel_mask.png,vessel_skeletons/b09101adb478_skeleton.png,vessel_overlays/b09101adb478_overlay.png
b0b3b16fc305.png,False,0,,56.54583595577118,16.531531979569916,0.0,187.0,0.014695328847900153,122.38715659611825,22.626101278036543,5.0,241.0,0.00032398235863801995,21.331900044431098,12.0,0.9106018597824684,1.0,True,True,False,861158,193329,23491,0.22449887244849379,0.027278385615647768,preprocessed_green_images/b0b3b16fc305_green_preprocessed.png,vessel_masks/b0b3b16fc305_vessel_mask.png,vessel_skeletons/b0b3b16fc305_skeleton.png,vessel_overlays/b0b3b16fc305_overlay.png
b0f0fa677d5f.png,False,0,,88.86562561366856,18.31583548036758,0.0,255.0,0.0006948616260924026,122.78543765243673,21.82212877355836,3.0,237.0,0.0003973957794709059,22.65931188163729,12.0,0.9027273421008442,1.0,True,True,False,860603,178027,18083,0.20686309483002036,0.021012011345533307,preprocessed_green_images/b0f0fa677d5f_green_preprocessed.png,vessel_masks/b0f0fa677d5f_vessel_mask.png,vessel_skeletons/b0f0fa677d5f_skeleton.png,vessel_overlays/b0f0fa677d5f_overlay.png
b0f8613305a3.png,False,0,,59.35543566134283,6.4010639736320805,0.0,147.0,2.1623628917769086e-05,120.47599546538086,16.891298862897305,7.0,244.0,1.0091026828292242e-05,12.618476375396936,11.771351824706079,0.9338644772562528,1.0,True,True,False,3468428,958191,176175,0.27626088821794775,0.05079390432783958,preprocessed_green_images/b0f8613305a3_green_preprocessed.png,vessel_masks/b0f8613305a3_vessel_mask.png,vessel_skeletons/b0f8613305a3_skeleton.png,vessel_overlays/b0f8613305a3_overlay.png
b10fca20c885.png,False,0,,81.4563189536187,12.52643311227933,0.0,198.0,0.0010953841023408335,119.40413883819811,21.91503529269462,3.0,239.0,0.0007769584911952424,19.823526027587924,12.0,0.9011667729760924,1.0,True,True,False,863624,221732,32793,0.2567459913110335,0.0379713856956268,preprocessed_green_images/b10fca20c885_green_preprocessed.png,vessel_masks/b10fca20c885_vessel_mask.png,vessel_skeletons/b10fca20c885_skeleton.png,vessel_overlays/b10fca20c885_overlay.png
b11dcdcbc8c8.png,False,1,mean_S,63.791137231247866,23.635293338369472,5.0,255.0,0.09504480194287256,126.26300923023199,19.14889369417235,19.0,225.0,0.0002734148683719712,9.629352054772147,10.181417512464604,0.9644274582955885,1.0,True,True,False,5039960,1213991,165558,0.24087314185033215,0.032849070230716114,preprocessed_green_images/b11dcdcbc8c8_green_preprocessed.png,vessel_masks/b11dcdcbc8c8_vessel_mask.png,vessel_skeletons/b11dcdcbc8c8_skeleton.png,vessel_overlays/b11dcdcbc8c8_overlay.png
b16dd4483ca5.png,False,0,,100.38938597737064,24.824092706507916,0.0,255.0,2.7052434380938853e-05,120.38822475162483,23.87795994629145,3.0,236.0,2.1641947504751083e-05,19.55211727979594,11.820846911918377,0.8987413800476863,1.0,False,True,False,1478610,314394,35701,0.21262807636902226,0.02414497399584745,preprocessed_green_images/b16dd4483ca5_green_preprocessed.png,vessel_masks/b16dd4483ca5_vessel_mask.png,vessel_skeletons/b16dd4483ca5_skeleton.png,vessel_overlays/b16dd4483ca5_overlay.png
b1c6f0997e27.png,False,0,,86.29159719093556,12.438894787270486,0.0,182.0,0.0006583744768999968,118.63097007473189,20.876840996510737,2.0,235.0,0.0005120690375888864,19.35017343978585,12.0,0.9005750157232871,1.0,True,True,False,861212,210402,32026,0.2443091828725099,0.03718712697918747,preprocessed_green_images/b1c6f0997e27_green_preprocessed.png,vessel_masks/b1c6f0997e27_vessel_mask.png,vessel_skeletons/b1c6f0997e27_skeleton.png,vessel_overlays/b1c6f0997e27_overlay.png
b200c23b299b.png,False,0,,76.25055656937482,12.7180040501493,0.0,163.0,0.0005661403958574301,119.08185485227564,21.741561329690892,2.0,239.0,0.00038400096522297,24.069703899534296,12.0,0.9015520941969272,1.0,True,True,False,861977,225638,33902,0.26176800541081724,0.03933051577942335,preprocessed_green_images/b200c23b299b_green_preprocessed.png,vessel_masks/b200c23b299b_vessel_mask.png,vessel_skeletons/b200c23b299b_skeleton.png,vessel_overlays/b200c23b299b_overlay.png
b21abe5d9722.png,False,0,,100.59766424736144,17.92347331722677,0.0,192.0,3.4336679728911914e-05,117.59006725697142,36.368796799836375,3.0,225.0,3.4336679728911914e-05,16.179700223992704,10.471880089597082,0.817610487755556,1.0,False,True,False,232987,59793,8641,0.25663663637885376,0.03708790619219098,preprocessed_green_images/b21abe5d9722_green_preprocessed.png,vessel_masks/b21abe5d9722_vessel_mask.png,vessel_skeletons/b21abe5d9722_skeleton.png,vessel_overlays/b21abe5d9722_overlay.png
b22cc1bf0b8a.png,False,0,,91.86030179986271,20.473522920759358,0.0,254.0,0.0008900420006748031,119.5899628858303,21.62221779812042,1.0,236.0,0.0007166874149224558,22.484918020314907,12.0,0.9020536699946673,1.0,False,True,False,859510,202323,25440,0.23539342183337017,0.0295982594734209,preprocessed_green_images/b22cc1bf0b8a_green_preprocessed.png,vessel_masks/b22cc1bf0b8a_vessel_mask.png,vessel_skeletons/b22cc1bf0b8a_skeleton.png,vessel_overlays/b22cc1bf0b8a_overlay.png
b294927b14b0.png,False,0,,89.19066943701192,13.502754028980839,0.0,202.0,0.000536532286380771,120.59926484647413,23.448043659842142,2.0,240.0,0.00041485649789269123,20.356730348006792,12.0,0.8985005477090557,1.0,True,True,False,862949,198433,23746,0.22994754035290613,0.027517269270837558,preprocessed_green_images/b294927b14b0_green_preprocessed.png,vessel_masks/b294927b14b0_vessel_mask.png,vessel_skeletons/b294927b14b0_skeleton.png,vessel_overlays/b294927b14b0_overlay.png
b2b79b37d314.png,False,0,,86.21058476403547,11.646248387722377,0.0,171.0,0.0008881817402803736,118.91611025033524,21.872051018913155,2.0,240.0,0.0006670048010449742,19.550193446940423,12.0,0.8997047206076081,1.0,True,True,False,863562,214305,30491,0.24816399980545692,0.035308408660872065,preprocessed_green_images/b2b79b37d314_green_preprocessed.png,vessel_masks/b2b79b37d314_vessel_mask.png,vessel_skeletons/b2b79b37d314_skeleton.png,vessel_overlays/b2b79b37d314_overlay.png
b2b7ccd34cbd.png,False,0,,80.50311355608692,12.229162559561356,0.0,180.0,0.0010494481410272764,119.72439520477575,21.736365940072112,3.0,238.0,0.000758385728432971,18.52017698785672,12.0,0.9019282845980314,1.0,True,True,False,862358,222358,30945,0.257848828444799,0.035884168755899525,preprocessed_green_images/b2b7ccd34cbd_green_preprocessed.png,vessel_masks/b2b7ccd34cbd_vessel_mask.png,vessel_skeletons/b2b7ccd34cbd_skeleton.png,vessel_overlays/b2b7ccd34cbd_overlay.png
b351ae99413a.png,False,0,,76.2212227404863,15.717223935789221,0.0,250.0,0.0008821680495403348,119.55664456615739,22.69017568060906,3.0,239.0,0.0005892697338793051,21.81059403660624,12.0,0.9029315790323239,1.0,True,True,False,863781,201816,26173,0.2336425552310134,0.030300504410261397,preprocessed_green_images/b351ae99413a_green_preprocessed.png,vessel_masks/b351ae99413a_vessel_mask.png,vessel_skeletons/b351ae99413a_skeleton.png,vessel_overlays/b351ae99413a_overlay.png
b35cad8fe2d7.png,False,1,mean_S,73.93014877629871,22.504338608754065,5.0,185.0,0.09294324614132012,124.0062518724348,19.88539408538319,11.0,251.0,0.005434304613699204,10.152046131810309,9.489249672608683,0.9653549830942072,1.0,True,True,False,5036891,1235608,204885,0.24531164164561037,0.04067687785977501,preprocessed_green_images/b35cad8fe2d7_green_preprocessed.png,vessel_masks/b35cad8fe2d7_vessel_mask.png,vessel_skeletons/b35cad8fe2d7_skeleton.png,vessel_overlays/b35cad8fe2d7_overlay.png
b3a994760537.png,False,0,,83.7471782380623,12.491067893957654,0.0,189.0,0.0007273746523832523,121.26483155138126,22.199863251771422,3.0,240.0,0.0004378146793007474,21.06122085843907,12.0,0.9016131608299773,1.0,True,True,False,863379,183871,19364,0.21296672724261304,0.0224281572750785,preprocessed_green_images/b3a994760537_green_preprocessed.png,vessel_masks/b3a994760537_vessel_mask.png,vessel_skeletons/b3a994760537_skeleton.png,vessel_overlays/b3a994760537_overlay.png
b3f31c371e59.png,False,0,,79.92592373578032,15.366483499525659,0.0,193.0,0.0006632276227347936,121.17846736444706,21.370131730810616,4.0,238.0,0.00035828205493890073,19.403648887602355,12.0,0.9043577284493555,1.0,True,True,False,862449,194013,22004,0.2249559104364432,0.025513392675972725,preprocessed_green_images/b3f31c371e59_green_preprocessed.png,vessel_masks/b3f31c371e59_vessel_mask.png,vessel_skeletons/b3f31c371e59_skeleton.png,vessel_overlays/b3f31c371e59_overlay.png
b43440c6ebe4.png,False,1,mean_S,57.766630675228654,16.957941957464197,4.0,216.0,0.010756772529038481,123.32536426654653,17.205738721990553,9.0,245.0,0.0010306046083245891,9.503557975152065,10.666611574484946,0.9508555523393424,1.0,True,True,False,4599242,1235826,205237,0.26870210352053664,0.04462409240479192,preprocessed_green_images/b43440c6ebe4_green_preprocessed.png,vessel_masks/b43440c6ebe4_vessel_mask.png,vessel_skeletons/b43440c6ebe4_skeleton.png,vessel_overlays/b43440c6ebe4_overlay.png
b460ca9fa26f.png,False,0,,92.2707286206701,11.14985121432315,0.0,164.0,0.0013581529120396262,117.43512185746226,20.95854824177478,2.0,238.0,0.0011173210231187035,19.33819800787144,11.735279203148576,0.8996956986518614,1.0,False,True,False,863673,214953,35939,0.24888238951547634,0.04161181373042807,preprocessed_green_images/b460ca9fa26f_green_preprocessed.png,vessel_masks/b460ca9fa26f_vessel_mask.png,vessel_skeletons/b460ca9fa26f_skeleton.png,vessel_overlays/b460ca9fa26f_overlay.png
b46b09a45f39.png,False,0,,82.66341676097886,17.773780632366368,0.0,167.0,0.0010784059073452197,121.01986238149131,21.461227123026724,2.0,239.0,0.0007711182025640549,20.903991441721473,12.0,0.9033095376288806,1.0,True,True,False,862384,182672,21776,0.2118221117274903,0.025250932299300543,preprocessed_green_images/b46b09a45f39_green_preprocessed.png,vessel_masks/b46b09a45f39_vessel_mask.png,vessel_skeletons/b46b09a45f39_skeleton.png,vessel_overlays/b46b09a45f39_overlay.png
b4b04d81acbb.png,False,0,,41.92013214713438,14.614422568895055,0.0,153.0,0.18142010357667204,123.5320391496964,24.61980652973481,7.0,240.0,0.00018541646988031891,19.34271474447468,12.0,0.9176526699909241,1.0,True,True,False,857529,207468,27233,0.24193700737817614,0.03175752656761462,preprocessed_green_images/b4b04d81acbb_green_preprocessed.png,vessel_masks/b4b04d81acbb_vessel_mask.png,vessel_skeletons/b4b04d81acbb_skeleton.png,vessel_overlays/b4b04d81acbb_overlay.png
b5204c0decc7.png,False,0,,89.49111897026962,19.637077569187,0.0,252.0,0.0005329314480641468,119.30897484424237,21.10200796648717,3.0,239.0,0.0003785090459017688,18.90501775199007,11.607240970105394,0.901386338036151,1.0,True,True,False,861274,193577,25087,0.22475658152922298,0.029127780474041944,preprocessed_green_images/b5204c0decc7_green_preprocessed.png,vessel_masks/b5204c0decc7_vessel_mask.png,vessel_skeletons/b5204c0decc7_skeleton.png,vessel_overlays/b5204c0decc7_overlay.png
b532dedd928c.png,False,0,,94.15522694559583,18.48768475112604,0.0,255.0,3.1114381878983995e-05,118.75843740868605,24.981145837237317,2.0,237.0,2.299758660620556e-05,20.10884218389114,12.0,0.8974732401242969,1.0,False,True,False,1478416,535999,108450,0.36254951245116396,0.07335553727773508,preprocessed_green_images/b532dedd928c_green_preprocessed.png,vessel_masks/b532dedd928c_vessel_mask.png,vessel_skeletons/b532dedd928c_skeleton.png,vessel_overlays/b532dedd928c_overlay.png
b549af91bd30.png,False,0,,84.78488177330195,9.396155484999483,0.0,191.0,0.0006966443995470073,119.47798035717804,21.7420826647984,3.0,239.0,0.00047988482764136606,20.063029635694903,12.0,0.9001825993117282,1.0,True,True,False,862707,198370,25793,0.22993901753434248,0.029897752075733707,preprocessed_green_images/b549af91bd30_green_preprocessed.png,vessel_masks/b549af91bd30_vessel_mask.png,vessel_skeletons/b549af91bd30_skeleton.png,vessel_overlays/b549af91bd30_overlay.png
b553e7909535.png,False,0,,102.2426863520284,21.60109702433343,0.0,255.0,0.0023625678412688114,117.78984269631675,26.09501708143827,1.0,239.0,0.002385741630785916,22.56312883287016,12.0,0.8973981433765148,1.0,False,True,False,863044,203345,27802,0.23561371146778148,0.03221388480772707,preprocessed_green_images/b553e7909535_green_preprocessed.png,vessel_masks/b553e7909535_vessel_mask.png,vessel_skeletons/b553e7909535_skeleton.png,vessel_overlays/b553e7909535_overlay.png
b598bc9753c2.png,False,0,,94.89773195446782,10.957749827367591,0.0,182.0,0.0011839017141693246,119.15811510811349,22.118257744704973,1.0,239.0,0.0010276683501293843,20.616482559612795,12.0,0.898871362985053,1.0,False,True,False,864092,193690,24300,0.2241543724510816,0.028122005527189235,preprocessed_green_images/b598bc9753c2_green_preprocessed.png,vessel_masks/b598bc9753c2_vessel_mask.png,vessel_skeletons/b598bc9753c2_skeleton.png,vessel_overlays/b598bc9753c2_overlay.png
b5a3ca5c0a80.png,False,0,,85.99611430215187,18.38532951345821,0.0,245.0,0.0008850111815305242,123.06921761763805,23.38761776693724,2.0,239.0,0.0005590765262093219,21.55531508585892,12.0,0.9024839595565681,1.0,True,True,False,862136,174698,17249,0.20263392318613305,0.020007284233577997,preprocessed_green_images/b5a3ca5c0a80_green_preprocessed.png,vessel_masks/b5a3ca5c0a80_vessel_mask.png,vessel_skeletons/b5a3ca5c0a80_skeleton.png,vessel_overlays/b5a3ca5c0a80_overlay.png
b5b913358b32.png,False,0,,84.63512443773246,15.923579636262755,0.0,248.0,0.000642094758814605,121.0642372922609,22.028015480661924,3.0,239.0,0.00039754242287619047,21.01078202641357,12.0,0.902613427949317,1.0,True,True,False,862801,187035,20418,0.21677652204853726,0.023664784811329612,preprocessed_green_images/b5b913358b32_green_preprocessed.png,vessel_masks/b5b913358b32_vessel_mask.png,vessel_skeletons/b5b913358b32_skeleton.png,vessel_overlays/b5b913358b32_overlay.png
b5bf7b84fc66.png,False,0,,84.41464337188293,10.34201169291312,0.0,168.0,0.0012527269656708855,118.55153068660542,22.187074982448703,3.0,239.0,0.000946196360035812,20.78658438486208,12.0,0.8999756895986747,1.0,True,True,False,864514,220302,33437,0.2548275678589358,0.038677222115547,preprocessed_green_images/b5bf7b84fc66_green_preprocessed.png,vessel_masks/b5bf7b84fc66_vessel_mask.png,vessel_skeletons/b5bf7b84fc66_skeleton.png,vessel_overlays/b5bf7b84fc66_overlay.png
b5e6ae31493c.png,False,0,,96.84658473100137,10.405086656361815,0.0,189.0,0.000649853260812804,117.42371825147697,20.786581228131464,2.0,238.0,0.0005338080356676604,19.53404172262724,11.813616689050896,0.8985616187295601,1.0,False,True,False,861733,201657,31894,0.23401331967094216,0.03701146410779209,preprocessed_green_images/b5e6ae31493c_green_preprocessed.png,vessel_masks/b5e6ae31493c_vessel_mask.png,vessel_skeletons/b5e6ae31493c_skeleton.png,vessel_overlays/b5e6ae31493c_overlay.png
b64e1eef3d63.png,False,0,,72.39827925812277,13.222993456201353,0.0,241.0,0.00018053995646755656,120.36946251158803,24.029428759385798,8.0,238.0,1.555213108147491e-05,20.971716299823612,12.0,0.9031146235631352,1.0,True,True,False,1478897,338501,41308,0.22888747492218864,0.02793162742232894,preprocessed_green_images/b64e1eef3d63_green_preprocessed.png,vessel_masks/b64e1eef3d63_vessel_mask.png,vessel_skeletons/b64e1eef3d63_skeleton.png,vessel_overlays/b64e1eef3d63_overlay.png
b66f23ffa730.png,False,0,,76.74645942764624,19.40270045632935,0.0,224.0,0.0015958164485407353,123.24498108748145,22.076641577548187,3.0,239.0,0.00031171924796568294,22.74573176038744,12.0,0.9067705755331142,1.0,True,True,False,859748,185485,19622,0.21574345040639814,0.022822966729785937,preprocessed_green_images/b66f23ffa730_green_preprocessed.png,vessel_masks/b66f23ffa730_vessel_mask.png,vessel_skeletons/b66f23ffa730_skeleton.png,vessel_overlays/b66f23ffa730_overlay.png
b67ae80f7eba.png,False,0,,40.31044175684278,18.69072519586066,0.0,245.0,0.18135964353914705,119.75469127943985,26.62176788073348,4.0,246.0,0.0001273074474856779,8.611149896263598,11.861309580119414,0.9154409540973082,1.0,True,True,False,392750,107813,19560,0.27450795671546785,0.049802673456397197,preprocessed_green_images/b67ae80f7eba_green_preprocessed.png,vessel_masks/b67ae80f7eba_vessel_mask.png,vessel_skeletons/b67ae80f7eba_skeleton.png,vessel_overlays/b67ae80f7eba_overlay.png
b6bf847fbcb2.png,False,0,,95.16064985926829,12.365964306071923,0.0,226.0,0.0010507040064758621,117.51405287615725,22.26832974649096,2.0,238.0,0.0009045796082242523,18.84020885806897,11.536083543227587,0.8982649381309686,1.0,False,True,False,862279,204600,29614,0.23727818954190003,0.03434387245891411,preprocessed_green_images/b6bf847fbcb2_green_preprocessed.png,vessel_masks/b6bf847fbcb2_vessel_mask.png,vessel_skeletons/b6bf847fbcb2_skeleton.png,vessel_overlays/b6bf847fbcb2_overlay.png
b6d9974443ce.png,False,0,,96.97642808879559,28.62999867557701,0.0,255.0,2.3672689224259502e-05,119.75604346846832,24.894085003938095,2.0,237.0,1.8938151379407603e-05,19.987763237823604,11.995105295129441,0.8998108400242172,1.0,False,True,False,1478497,339175,47129,0.2294052676468062,0.03187629058428931,preprocessed_green_images/b6d9974443ce_green_preprocessed.png,vessel_masks/b6d9974443ce_vessel_mask.png,vessel_skeletons/b6d9974443ce_skeleton.png,vessel_overlays/b6d9974443ce_overlay.png
b70e7c26f51e.png,False,0,,84.6564055408686,23.02350639487625,0.0,255.0,0.0007430550476077691,121.35265624764168,22.811191035503434,2.0,240.0,0.0004191294877912573,23.443428361226744,12.0,0.9030186882183897,1.0,True,True,False,861309,185321,20747,0.21516203824643654,0.024087754801122477,preprocessed_green_images/b70e7c26f51e_green_preprocessed.png,vessel_masks/b70e7c26f51e_vessel_mask.png,vessel_skeletons/b70e7c26f51e_skeleton.png,vessel_overlays/b70e7c26f51e_overlay.png
b72a86d61959.png,False,0,,91.50251065274654,19.357683859018042,0.0,226.0,0.000823943735420194,122.60797429202837,24.536487726000335,2.0,241.0,0.0006408451275490397,22.43852665507066,12.0,0.8999734989951486,1.0,False,True,False,862923,176083,17052,0.20405412765681294,0.019760743426702036,preprocessed_green_images/b72a86d61959_green_preprocessed.png,vessel_masks/b72a86d61959_vessel_mask.png,vessel_skeletons/b72a86d61959_skeleton.png,vessel_overlays/b72a86d61959_overlay.png
b72f59b85f7c.png,False,0,,80.34368394183022,18.465551698725527,0.0,248.0,2.843759775424228e-05,120.52344409100573,23.239504803749423,3.0,237.0,1.8958398502828186e-05,20.916279750002683,12.0,0.9015827868502617,1.0,True,True,False,1476918,367189,51350,0.2486184067091064,0.03476834868286526,preprocessed_green_images/b72f59b85f7c_green_preprocessed.png,vessel_masks/b72f59b85f7c_vessel_mask.png,vessel_skeletons/b72f59b85f7c_skeleton.png,vessel_overlays/b72f59b85f7c_overlay.png
b73d0bcd3d33.png,False,0,,51.15924354895723,11.936831064241307,1.0,104.0,0.004052108389588668,115.31275810637216,33.11654934428417,10.0,228.0,8.621507211890783e-06,12.273672934629277,12.0,0.8354286805316362,1.0,True,True,False,231978,62506,12025,0.26944796489322265,0.05183681211149333,preprocessed_green_images/b73d0bcd3d33_green_preprocessed.png,vessel_masks/b73d0bcd3d33_vessel_mask.png,vessel_skeletons/b73d0bcd3d33_skeleton.png,vessel_overlays/b73d0bcd3d33_overlay.png
b74de20d73de.png,False,0,,100.56561549658554,22.198704556374043,0.0,255.0,1.9615588575881214e-05,120.12655774829277,25.006828179386424,1.0,237.0,1.9615588575881214e-05,19.535093117230357,11.814037246892143,0.8965329869735937,1.0,False,True,False,1478416,326924,42215,0.22113126481315137,0.028554209370028463,preprocessed_green_images/b74de20d73de_green_preprocessed.png,vessel_masks/b74de20d73de_vessel_mask.png,vessel_skeletons/b74de20d73de_skeleton.png,vessel_overlays/b74de20d73de_overlay.png
b759cbef90c5.png,False,0,,85.97583190068627,13.16581138758487,0.0,227.0,0.0010542119823355777,119.45180629376138,22.32746706379401,2.0,238.0,0.000825992465280513,19.372070338574495,12.0,0.9000430469242406,1.0,True,True,False,863204,200417,26963,0.2321780251249994,0.031235953494191407,preprocessed_green_images/b759cbef90c5_green_preprocessed.png,vessel_masks/b759cbef90c5_vessel_mask.png,vessel_skeletons/b759cbef90c5_skeleton.png,vessel_overlays/b759cbef90c5_overlay.png
b77b88926843.png,False,0,,81.02457582485911,15.595087683108579,0.0,227.0,0.0009524074679882046,120.36181507286324,22.472841492861384,2.0,239.0,0.000752877523415767,21.153054431511453,12.0,0.9025795064667165,1.0,True,True,False,862026,185811,21275,0.21555150308691384,0.024680230062666324,preprocessed_green_images/b77b88926843_green_preprocessed.png,vessel_masks/b77b88926843_vessel_mask.png,vessel_skeletons/b77b88926843_skeleton.png,vessel_overlays/b77b88926843_overlay.png
b7983cb3f270.png,False,0,,81.68323542754509,12.657416743476375,0.0,196.0,0.0012151427619153427,120.88740255712328,22.78389451247114,3.0,239.0,0.0009142502684886865,20.912402698067343,12.0,0.9012003014200959,1.0,True,True,False,864096,196411,22757,0.22730229048624226,0.02633619412657853,preprocessed_green_images/b7983cb3f270_green_preprocessed.png,vessel_masks/b7983cb3f270_vessel_mask.png,vessel_skeletons/b7983cb3f270_skeleton.png,vessel_overlays/b7983cb3f270_overlay.png
b7a1bb106051.png,False,0,,80.79870090683526,15.673371962707359,0.0,218.0,0.0007230078985421468,122.29327892785936,22.336169312336686,2.0,239.0,0.00044564210760864265,23.200869213150273,12.0,0.9031935709745287,1.0,True,True,False,861678,189525,21469,0.219948751157625,0.024915339604817576,preprocessed_green_images/b7a1bb106051_green_preprocessed.png,vessel_masks/b7a1bb106051_vessel_mask.png,vessel_skeletons/b7a1bb106051_skeleton.png,vessel_overlays/b7a1bb106051_overlay.png
b7aca95b97b9.png,False,0,,43.870154140717695,23.684820459341317,0.0,255.0,0.0906486946160231,118.63062241889408,30.62983525252211,5.0,245.0,0.0015123816701378457,12.507489995102905,12.0,0.910357249706255,1.0,True,True,False,392758,104034,15151,0.26488066442949604,0.03857591697686616,preprocessed_green_images/b7aca95b97b9_green_preprocessed.png,vessel_masks/b7aca95b97b9_vessel_mask.png,vessel_skeletons/b7aca95b97b9_skeleton.png,vessel_overlays/b7aca95b97b9_overlay.png
b7bd4a6627b6.png,False,0,,92.65012311551952,20.40236231980189,0.0,252.0,0.0006631977513995679,121.46721642779158,22.691069872692175,3.0,239.0,0.0005156914214035169,21.512635557467554,12.0,0.9000117155814331,1.0,False,True,False,860980,190839,21021,0.2216532323631211,0.02441520128225975,preprocessed_green_images/b7bd4a6627b6_green_preprocessed.png,vessel_masks/b7bd4a6627b6_vessel_mask.png,vessel_skeletons/b7bd4a6627b6_skeleton.png,vessel_overlays/b7bd4a6627b6_overlay.png
b7ce561a7328.png,False,0,,82.2695002779909,17.106088524697338,0.0,212.0,0.0005989281970984482,121.0302331061043,21.325500668839727,3.0,236.0,0.0003865176155693474,21.15225889649599,12.0,0.9027676776228956,1.0,True,True,False,861539,189343,22503,0.21977298764188272,0.026119537246717794,preprocessed_green_images/b7ce561a7328_green_preprocessed.png,vessel_masks/b7ce561a7328_vessel_mask.png,vessel_skeletons/b7ce561a7328_skeleton.png,vessel_overlays/b7ce561a7328_overlay.png
b8297a2291f5.png,False,0,,87.23584600415408,15.07229610325431,0.0,253.0,0.0006413207728785097,118.68432173659923,21.352580280736188,2.0,237.0,0.00045924597840848075,22.629165362169637,12.0,0.9013688234370899,1.0,True,True,False,862283,200255,26349,0.232238139914622,0.03055725324516429,preprocessed_green_images/b8297a2291f5_green_preprocessed.png,vessel_masks/b8297a2291f5_vessel_mask.png,vessel_skeletons/b8297a2291f5_skeleton.png,vessel_overlays/b8297a2291f5_overlay.png
b82dfa63a75f.png,False,0,,112.75141521858053,26.51771295043827,0.0,255.0,2.363762840297429e-05,119.62738993307174,24.28224766638949,2.0,237.0,2.2286906779947187e-05,19.256459287535098,11.70258371501404,0.89561607878523,1.0,False,True,False,1480690,324851,41576,0.2193916349809886,0.0280788010994874,preprocessed_green_images/b82dfa63a75f_green_preprocessed.png,vessel_masks/b82dfa63a75f_vessel_mask.png,vessel_skeletons/b82dfa63a75f_skeleton.png,vessel_overlays/b82dfa63a75f_overlay.png
b835b6e31a59.png,False,0,,80.3716294005049,13.546464192801993,0.0,178.0,0.0012703322514125077,120.86154418768089,23.05669221298516,3.0,238.0,0.0008888858064933744,21.543226123336762,12.0,0.9011279410964095,1.0,True,True,False,865128,196396,23430,0.22701380604950944,0.027082697589258468,preprocessed_green_images/b835b6e31a59_green_preprocessed.png,vessel_masks/b835b6e31a59_vessel_mask.png,vessel_skeletons/b835b6e31a59_skeleton.png,vessel_overlays/b835b6e31a59_overlay.png
b842b43cb7fb.png,False,0,,81.05674408535224,19.425432432492197,0.0,255.0,2.1649268322384665e-05,121.58393150712735,25.021229121095743,5.0,238.0,1.4207332336564938e-05,20.123913513328795,12.0,0.8997146129546716,1.0,True,True,False,1478110,326881,38930,0.22114795245279445,0.026337687993451098,preprocessed_green_images/b842b43cb7fb_green_preprocessed.png,vessel_masks/b842b43cb7fb_vessel_mask.png,vessel_skeletons/b842b43cb7fb_skeleton.png,vessel_overlays/b842b43cb7fb_overlay.png
b8dab47a260e.png,False,0,,89.83058054136501,15.610812226765578,0.0,255.0,0.0005467278166058998,120.66316923373368,21.807509050810783,2.0,237.0,0.0004016302007338457,21.603213917634793,12.0,0.9001889402113047,1.0,True,True,False,861489,190027,22155,0.22057971721055056,0.025717101437162864,preprocessed_green_images/b8dab47a260e_green_preprocessed.png,vessel_masks/b8dab47a260e_vessel_mask.png,vessel_skeletons/b8dab47a260e_skeleton.png,vessel_overlays/b8dab47a260e_overlay.png
b8e9a8f4617d.png,False,0,,83.98554586226248,19.380686790113103,0.0,246.0,0.0011293382124454463,121.50826132932616,22.070906973868336,2.0,241.0,0.0007339538896077695,19.55449728254236,12.0,0.904148693090402,1.0,True,True,False,862452,177992,18875,0.20637902167309022,0.021885275934196917,preprocessed_green_images/b8e9a8f4617d_green_preprocessed.png,vessel_masks/b8e9a8f4617d_vessel_mask.png,vessel_skeletons/b8e9a8f4617d_skeleton.png,vessel_overlays/b8e9a8f4617d_overlay.png
b92eacd1392a.png,False,0,,98.17807986504286,13.95879655414253,0.0,243.0,0.0012201603771404802,117.92099577103505,20.69671985817473,2.0,237.0,0.000913964827952765,19.865671729623422,11.946268691849369,0.9007364263908993,1.0,False,True,False,865460,203378,30973,0.23499410717999678,0.03578790469807963,preprocessed_green_images/b92eacd1392a_green_preprocessed.png,vessel_masks/b92eacd1392a_vessel_mask.png,vessel_skeletons/b92eacd1392a_skeleton.png,vessel_overlays/b92eacd1392a_overlay.png
b9519abce0c1.png,False,0,,117.83264986052012,32.522948973647914,0.0,255.0,5.14211520909126e-05,116.41196055997635,38.00008744606138,3.0,225.0,5.9991344106064696e-05,12.118652443164493,8.847460977265797,0.818372739845423,1.0,False,True,False,233367,83086,14589,0.35603148688546365,0.06251526565452699,preprocessed_green_images/b9519abce0c1_green_preprocessed.png,vessel_masks/b9519abce0c1_vessel_mask.png,vessel_skeletons/b9519abce0c1_skeleton.png,vessel_overlays/b9519abce0c1_overlay.png
b963a11638f2.png,False,0,,34.51207910303715,10.017409267478321,0.0,107.0,0.2854650970326175,118.92104720361189,25.911368631809157,8.0,242.0,3.56503515379307e-05,7.602079638907329,11.973091490848518,0.9116495420284465,1.0,True,True,False,392703,111145,18804,0.28302559440595054,0.04788351502280349,preprocessed_green_images/b963a11638f2_green_preprocessed.png,vessel_masks/b963a11638f2_vessel_mask.png,vessel_skeletons/b963a11638f2_skeleton.png,vessel_overlays/b963a11638f2_overlay.png
b9bc81fcb075.png,False,0,,80.31490494569566,15.796897699851908,0.0,205.0,0.0011904224262615525,121.16086567333558,21.421703261953372,4.0,239.0,0.0006206871794515488,21.045770465888236,12.0,0.9039497418742088,1.0,True,True,False,863559,193140,23300,0.22365582432700024,0.026981364330636356,preprocessed_green_images/b9bc81fcb075_green_preprocessed.png,vessel_masks/b9bc81fcb075_vessel_mask.png,vessel_skeletons/b9bc81fcb075_skeleton.png,vessel_overlays/b9bc81fcb075_overlay.png
b9c7c5182075.png,False,0,,85.1081631280043,19.362952714814988,0.0,245.0,0.0011263246784580835,121.2221399936898,22.12074798024658,1.0,241.0,0.0008154544273491583,22.306001003924248,12.0,0.9040323506172719,1.0,True,True,False,862096,191085,24061,0.22165164900428722,0.027909884746014364,preprocessed_green_images/b9c7c5182075_green_preprocessed.png,vessel_masks/b9c7c5182075_vessel_mask.png,vessel_skeletons/b9c7c5182075_skeleton.png,vessel_overlays/b9c7c5182075_overlay.png
b9d0b83d70c3.png,False,0,,78.76900034381984,13.078927728299835,0.0,255.0,3.867973182052605e-05,116.41517964586556,30.51390631392281,14.0,226.0,2.5786487880350696e-05,14.484580225367134,10.792143170696201,0.831152377935955,1.0,True,True,False,232680,63352,9284,0.2722709300326629,0.039900292246862645,preprocessed_green_images/b9d0b83d70c3_green_preprocessed.png,vessel_masks/b9d0b83d70c3_vessel_mask.png,vessel_skeletons/b9d0b83d70c3_skeleton.png,vessel_overlays/b9d0b83d70c3_overlay.png
b9fe7da14a32.png,False,0,,47.446422206153436,22.093270078925904,0.0,210.0,0.1356389208567151,121.74599751499659,27.222771058773912,2.0,244.0,0.0003691859576938354,9.586764944202063,11.617246226022742,0.908962552067108,1.0,True,True,False,392756,99952,12974,0.2544887920235464,0.03303323182841255,preprocessed_green_images/b9fe7da14a32_green_preprocessed.png,vessel_masks/b9fe7da14a32_vessel_mask.png,vessel_skeletons/b9fe7da14a32_skeleton.png,vessel_overlays/b9fe7da14a32_overlay.png
ba0107fb1bfd.png,False,0,,94.97798657314095,15.934883111197356,0.0,255.0,0.0011217991389120747,119.35354501262458,22.78613803380515,2.0,239.0,0.0009192038351869839,22.518233035918808,12.0,0.8989733249244651,1.0,False,True,False,863791,211251,28744,0.24456263146988103,0.03327656805870865,preprocessed_green_images/ba0107fb1bfd_green_preprocessed.png,vessel_masks/ba0107fb1bfd_vessel_mask.png,vessel_skeletons/ba0107fb1bfd_skeleton.png,vessel_overlays/ba0107fb1bfd_overlay.png
ba2ea9182090.png,False,0,,75.65788276367958,16.748989014883147,0.0,196.0,0.0007463067680622488,120.03572290778759,24.153834784618955,3.0,239.0,0.00045381951214982776,21.139496742568294,12.0,0.900838152562226,1.0,True,True,False,861576,194385,23629,0.2256156160338728,0.02742532289664522,preprocessed_green_images/ba2ea9182090_green_preprocessed.png,vessel_masks/ba2ea9182090_vessel_mask.png,vessel_skeletons/ba2ea9182090_skeleton.png,vessel_overlays/ba2ea9182090_overlay.png
ba4e62c11cc0.png,False,0,,80.3210562600539,15.472445022047864,0.0,184.0,0.0008368094001202405,121.50697998853305,21.036466059603207,2.0,237.0,0.0005338867185233157,19.432314340813573,12.0,0.9040472515990259,1.0,True,True,False,861606,188163,21800,0.2183863622119623,0.025301587964800618,preprocessed_green_images/ba4e62c11cc0_green_preprocessed.png,vessel_masks/ba4e62c11cc0_vessel_mask.png,vessel_skeletons/ba4e62c11cc0_skeleton.png,vessel_overlays/ba4e62c11cc0_overlay.png
baaca2f7e1f0.png,False,0,,87.21081095509497,8.0240842998503,0.0,165.0,0.0006649931585782377,116.16565873201007,20.480976320098137,3.0,237.0,0.0005466174130721639,16.79710012206681,10.966767963929392,0.8991869245907503,1.0,True,True,False,861663,403855,84069,0.46869251667995493,0.0975659857740207,preprocessed_green_images/baaca2f7e1f0_green_preprocessed.png,vessel_masks/baaca2f7e1f0_vessel_mask.png,vessel_skeletons/baaca2f7e1f0_skeleton.png,vessel_overlays/baaca2f7e1f0_overlay.png
bab776139279.png,False,0,,84.53252582997155,11.763249359371443,0.0,244.0,2.9732341354308148e-05,118.27080621946523,23.806924644134693,3.0,237.0,2.027205092339192e-05,21.585159774112782,12.0,0.8997351217666671,1.0,True,True,False,1479870,598335,116942,0.40431591964159014,0.07902180596944326,preprocessed_green_images/bab776139279_green_preprocessed.png,vessel_masks/bab776139279_vessel_mask.png,vessel_skeletons/bab776139279_skeleton.png,vessel_overlays/bab776139279_overlay.png
bac1744955c2.png,False,0,,66.79850304244056,19.1449192253768,0.0,254.0,0.006973932411155965,124.27716406603649,25.097514027802344,3.0,239.0,0.0002618279313382433,22.847003079258176,12.0,0.908319192387187,1.0,True,True,False,859343,173353,17689,0.2017273661390155,0.02058433012196527,preprocessed_green_images/bac1744955c2_green_preprocessed.png,vessel_masks/bac1744955c2_vessel_mask.png,vessel_skeletons/bac1744955c2_skeleton.png,vessel_overlays/bac1744955c2_overlay.png
bacfa2b8e706.png,False,0,,68.82011467127336,15.432774710122033,0.0,199.0,0.0008428292090890702,121.34085291990914,23.114450618838006,3.0,241.0,0.0002952808539429294,19.62691405579661,12.0,0.9049322075996318,1.0,True,True,False,860198,194075,22929,0.22561666035029143,0.026655490945107985,preprocessed_green_images/bacfa2b8e706_green_preprocessed.png,vessel_masks/bacfa2b8e706_vessel_mask.png,vessel_skeletons/bacfa2b8e706_skeleton.png,vessel_overlays/bacfa2b8e706_overlay.png
badb5ff8d3c7.png,False,0,,68.87452562825867,15.334653223042148,0.0,126.0,0.00010670570365057516,119.68292342481473,16.130609813070684,8.0,242.0,1.0670570365057516e-05,11.390009800345386,10.43382386429294,0.9325726636428913,1.0,True,True,False,3467481,909994,175945,0.26243662185892297,0.05074144602378499,preprocessed_green_images/badb5ff8d3c7_green_preprocessed.png,vessel_masks/badb5ff8d3c7_vessel_mask.png,vessel_skeletons/badb5ff8d3c7_skeleton.png,vessel_overlays/badb5ff8d3c7_overlay.png
bb08949dd70a.png,False,0,,36.703850737451106,19.052237519096717,0.0,244.0,0.384271614243807,121.33760542291395,28.466896869013876,6.0,248.0,0.0016500977835723599,10.794943914883817,12.0,0.9190485498775053,1.0,True,True,False,392704,101981,15343,0.25968923158409385,0.039070139341590614,preprocessed_green_images/bb08949dd70a_green_preprocessed.png,vessel_masks/bb08949dd70a_vessel_mask.png,vessel_skeletons/bb08949dd70a_skeleton.png,vessel_overlays/bb08949dd70a_overlay.png
bb2f89488ecd.png,False,0,,79.73449821652927,18.262854378132868,0.0,243.0,0.0008019516481268618,119.97645632675926,20.732645283859235,2.0,238.0,0.0005532304123309945,17.799497997121183,12.0,0.9035101891858773,1.0,True,True,False,860401,197296,25414,0.2293070324186048,0.02953739012390734,preprocessed_green_images/bb2f89488ecd_green_preprocessed.png,vessel_masks/bb2f89488ecd_vessel_mask.png,vessel_skeletons/bb2f89488ecd_skeleton.png,vessel_overlays/bb2f89488ecd_overlay.png
bb752b179751.png,False,0,,84.57907912964015,18.765932047206963,0.0,242.0,0.0007756555624838163,123.79599678126165,23.768134969072833,2.0,240.0,0.0005457456801907091,23.20645018770541,12.0,0.9022556233433976,1.0,True,True,False,861207,179385,16982,0.2082948698744901,0.019718836470209833,preprocessed_green_images/bb752b179751_green_preprocessed.png,vessel_masks/bb752b179751_vessel_mask.png,vessel_skeletons/bb752b179751_skeleton.png,vessel_overlays/bb752b179751_overlay.png
bb85097857fa.png,False,0,,108.20188364152665,22.992856561543718,0.0,255.0,2.839660592948176e-05,119.5139440857307,22.91173913258358,2.0,237.0,2.569216726953112e-05,19.557259758317883,11.822903903327154,0.8986786983598615,1.0,False,True,False,1479050,338717,41862,0.22900983739562558,0.028303302795713466,preprocessed_green_images/bb85097857fa_green_preprocessed.png,vessel_masks/bb85097857fa_vessel_mask.png,vessel_skeletons/bb85097857fa_skeleton.png,vessel_overlays/bb85097857fa_overlay.png
bc34f52c37c7.png,False,0,,107.9502732118442,16.377352689838247,0.0,249.0,2.1648579954632695e-05,119.10363242876095,23.98532643182088,2.0,237.0,2.1648579954632695e-05,19.074887590457358,11.629955036182944,0.8964973496169814,1.0,False,True,False,1478157,316731,44003,0.2142742618003365,0.029768826991990703,preprocessed_green_images/bc34f52c37c7_green_preprocessed.png,vessel_masks/bc34f52c37c7_vessel_mask.png,vessel_skeletons/bc34f52c37c7_skeleton.png,vessel_overlays/bc34f52c37c7_overlay.png
bc7bf19b84e3.png,False,0,,85.55448343181374,11.950097088024187,0.0,183.0,0.001284929317322027,119.7274353805461,20.981001253609936,3.0,237.0,0.0009310243928390923,20.44712292826083,12.0,0.901879866887799,1.0,True,True,False,864639,196679,23831,0.22746949883130416,0.027561791684159516,preprocessed_green_images/bc7bf19b84e3_green_preprocessed.png,vessel_masks/bc7bf19b84e3_vessel_mask.png,vessel_skeletons/bc7bf19b84e3_skeleton.png,vessel_overlays/bc7bf19b84e3_overlay.png
bc8c6a778cde.png,False,0,,83.923971654383,17.37922212345961,0.0,255.0,6.880004128002477e-05,120.26555095933058,29.679379354185365,6.0,229.0,4.300002580001548e-05,17.67949879989303,11.6118909284565,0.8349986754060149,1.0,True,True,False,232558,52807,6304,0.22707023624214173,0.02710721626432976,preprocessed_green_images/bc8c6a778cde_green_preprocessed.png,vessel_masks/bc8c6a778cde_vessel_mask.png,vessel_skeletons/bc8c6a778cde_skeleton.png,vessel_overlays/bc8c6a778cde_overlay.png
bc92a61a1f9c.png,False,0,,101.55245096053112,13.056904017903726,0.0,237.0,0.0013578824904930862,118.89515017161644,20.657303478784925,1.0,237.0,0.0011830826132002848,20.176779214021376,12.0,0.9001206341602004,1.0,False,True,False,863845,206060,28312,0.23853816367519637,0.032774398184859554,preprocessed_green_images/bc92a61a1f9c_green_preprocessed.png,vessel_masks/bc92a61a1f9c_vessel_mask.png,vessel_skeletons/bc92a61a1f9c_skeleton.png,vessel_overlays/bc92a61a1f9c_overlay.png
bd06028eb7dd.png,False,0,,78.62718603164011,14.970001114852899,0.0,239.0,0.0008329394537585379,120.39894556120889,23.115976338101365,3.0,239.0,0.0005931363008683887,20.133410820973,12.0,0.9015931558029558,1.0,True,True,False,863208,200486,27570,0.2322568836248042,0.031938999638557564,preprocessed_green_images/bd06028eb7dd_green_preprocessed.png,vessel_masks/bd06028eb7dd_vessel_mask.png,vessel_skeletons/bd06028eb7dd_skeleton.png,vessel_overlays/bd06028eb7dd_overlay.png
bd34a0639575.png,False,0,,83.89545848713621,16.882591061049823,0.0,254.0,0.0008439836026042923,119.92931405464562,21.754234354076015,3.0,239.0,0.0006190758843278737,20.01134787465142,12.0,0.9027915728456687,1.0,True,True,False,862576,194897,25263,0.22594762664391313,0.029287854055758566,preprocessed_green_images/bd34a0639575_green_preprocessed.png,vessel_masks/bd34a0639575_vessel_mask.png,vessel_skeletons/bd34a0639575_skeleton.png,vessel_overlays/bd34a0639575_overlay.png
bd375ba756b1.png,False,0,,80.80582606475106,17.54075009171714,0.0,255.0,2.641684012596091e-05,118.48110484708376,22.91112883862544,3.0,236.0,1.625651700059133e-05,20.892128587619894,12.0,0.9018735949565048,1.0,True,True,False,1476331,354682,62145,0.24024558178348893,0.04209421870840618,preprocessed_green_images/bd375ba756b1_green_preprocessed.png,vessel_masks/bd375ba756b1_vessel_mask.png,vessel_skeletons/bd375ba756b1_skeleton.png,vessel_overlays/bd375ba756b1_overlay.png
bd500a73beae.png,False,0,,83.19686955317258,13.53001005051607,0.0,220.0,0.0019876952200662567,120.07997298950747,21.813857059372474,2.0,238.0,0.001445176780210774,22.3594086693259,12.0,0.9034087639972739,1.0,True,True,False,866330,202693,26897,0.23396742580771762,0.03104706058892108,preprocessed_green_images/bd500a73beae_green_preprocessed.png,vessel_masks/bd500a73beae_vessel_mask.png,vessel_skeletons/bd500a73beae_skeleton.png,vessel_overlays/bd500a73beae_overlay.png
bdc6c60e9133.png,False,0,,98.7054499626789,17.15909954527914,0.0,255.0,1.7578779978580933e-05,119.81152978656657,24.097060986837032,2.0,237.0,1.690267305632782e-05,19.31529137464061,11.726116549856243,0.8985768924795996,1.0,False,True,False,1479056,308843,34023,0.20881089018941812,0.023003185815817655,preprocessed_green_images/bdc6c60e9133_green_preprocessed.png,vessel_masks/bdc6c60e9133_vessel_mask.png,vessel_skeletons/bdc6c60e9133_skeleton.png,vessel_overlays/bdc6c60e9133_overlay.png
bdf47b9f10c4.png,False,0,,87.71499945542477,17.763774504441862,0.0,254.0,0.0009732833714535987,120.78039946330374,21.801711726006552,2.0,239.0,0.0007195344924674819,21.127643192499104,12.0,0.9028628374400705,1.0,True,True,False,863058,185083,22902,0.21445024552231715,0.026535875920274187,preprocessed_green_images/bdf47b9f10c4_green_preprocessed.png,vessel_masks/bdf47b9f10c4_vessel_mask.png,vessel_skeletons/bdf47b9f10c4_skeleton.png,vessel_overlays/bdf47b9f10c4_overlay.png
be197b663520.png,False,0,,72.62144609024907,22.87588180359919,0.0,240.0,0.003326335210472321,121.75311807618621,21.577953526257637,3.0,237.0,0.00043801200640868494,20.71451994552832,12.0,0.9075830839185826,1.0,True,True,False,860707,200635,25719,0.23310487773423477,0.029881248787334135,preprocessed_green_images/be197b663520_green_preprocessed.png,vessel_masks/be197b663520_vessel_mask.png,vessel_skeletons/be197b663520_skeleton.png,vessel_overlays/be197b663520_overlay.png
be3a7d9e981e.png,False,0,,63.69506734970047,16.582954486502064,0.0,240.0,0.005622418623066764,121.49739387710272,26.151280406228633,10.0,238.0,8.135659408754512e-06,22.55074531089141,12.0,0.9049471100125543,1.0,True,True,False,1474988,359130,55013,0.24347994695550065,0.037297252587817666,preprocessed_green_images/be3a7d9e981e_green_preprocessed.png,vessel_masks/be3a7d9e981e_vessel_mask.png,vessel_skeletons/be3a7d9e981e_skeleton.png,vessel_overlays/be3a7d9e981e_overlay.png
be521870a0ea.png,False,0,,42.364621802937144,21.538555100829814,0.0,245.0,0.3172408347893415,119.11943172382878,25.88060091024913,6.0,245.0,0.00020120929332239842,8.505370401675792,11.636404000409238,0.9200614239761127,1.0,True,True,False,392626,102341,17671,0.26065772516338703,0.04500720787721649,preprocessed_green_images/be521870a0ea_green_preprocessed.png,vessel_masks/be521870a0ea_vessel_mask.png,vessel_skeletons/be521870a0ea_skeleton.png,vessel_overlays/be521870a0ea_overlay.png
be6cbf6e5b10.png,False,0,,91.12664845672431,11.944780618302378,0.0,255.0,2.775493073113934e-05,118.79706339293874,23.220609777969894,3.0,237.0,2.166238496088924e-05,20.197101863294368,12.0,0.8986601540220458,1.0,False,True,False,1477215,344369,52828,0.2331204327061396,0.03576188977230803,preprocessed_green_images/be6cbf6e5b10_green_preprocessed.png,vessel_masks/be6cbf6e5b10_vessel_mask.png,vessel_skeletons/be6cbf6e5b10_skeleton.png,vessel_overlays/be6cbf6e5b10_overlay.png
be7f791a7877.png,False,0,,88.53758234211874,14.721774404453525,0.0,244.0,2.50084826069383e-05,118.62614886941381,23.694010366536798,2.0,237.0,2.1628957930325015e-05,20.10355254446264,12.0,0.8982126712359347,1.0,True,True,False,1479498,337117,54476,0.22785904408116808,0.03682059725663705,preprocessed_green_images/be7f791a7877_green_preprocessed.png,vessel_masks/be7f791a7877_vessel_mask.png,vessel_skeletons/be7f791a7877_skeleton.png,vessel_overlays/be7f791a7877_overlay.png
be8697eb2078.png,False,0,,88.55652872332288,20.14801488842286,0.0,255.0,0.0010709095081465616,118.95175691744957,21.836620495533495,2.0,239.0,0.0008738807025351812,21.766491663996934,12.0,0.9016363998737758,1.0,True,True,False,862818,192403,26078,0.22299372521203775,0.03022421878078575,preprocessed_green_images/be8697eb2078_green_preprocessed.png,vessel_masks/be8697eb2078_vessel_mask.png,vessel_skeletons/be8697eb2078_skeleton.png,vessel_overlays/be8697eb2078_overlay.png
beb00fa6e7c9.png,False,1,mean_S,55.14734791768437,18.042288591608784,5.0,180.0,0.09246287347305075,123.36061779686503,18.148531417798058,16.0,251.0,0.0022437820128282035,9.161698945614319,10.762693096673782,0.9665366857339369,1.0,True,True,False,5027672,1329582,251369,0.2644528123553008,0.04999709607150188,preprocessed_green_images/beb00fa6e7c9_green_preprocessed.png,vessel_masks/beb00fa6e7c9_vessel_mask.png,vessel_skeletons/beb00fa6e7c9_skeleton.png,vessel_overlays/beb00fa6e7c9_overlay.png
bebfbd907cac.png,False,0,,95.64823013712576,17.684908515332847,0.0,217.0,0.0012077895484556144,121.15887985617587,21.810936787215226,2.0,238.0,0.000906999047882377,20.622066284235895,12.0,0.9010236061755404,1.0,False,True,False,864389,184314,21295,0.21323038585636792,0.0246358988834888,preprocessed_green_images/bebfbd907cac_green_preprocessed.png,vessel_masks/bebfbd907cac_vessel_mask.png,vessel_skeletons/bebfbd907cac_skeleton.png,vessel_overlays/bebfbd907cac_overlay.png
bed8296c8dfe.png,False,0,,84.61000739119292,24.32484480641891,0.0,255.0,2.8401656222295705e-05,119.29666206154099,25.260593586253982,3.0,238.0,1.961066739158513e-05,20.365664638151667,12.0,0.9005683258480698,1.0,True,True,False,1478787,351651,56691,0.23779692410063114,0.03833614983090871,preprocessed_green_images/bed8296c8dfe_green_preprocessed.png,vessel_masks/bed8296c8dfe_vessel_mask.png,vessel_skeletons/bed8296c8dfe_skeleton.png,vessel_overlays/bed8296c8dfe_overlay.png
beeca5f14618.png,False,0,,40.772763266106345,20.302660331914428,0.0,233.0,0.27681292632190024,120.13951658692956,26.107597748632546,5.0,244.0,0.0005779772832012303,9.299755762836721,12.0,0.9166297362289598,1.0,True,True,False,392749,105790,17305,0.2693577832152342,0.04406121976122154,preprocessed_green_images/beeca5f14618_green_preprocessed.png,vessel_masks/beeca5f14618_vessel_mask.png,vessel_skeletons/beeca5f14618_skeleton.png,vessel_overlays/beeca5f14618_overlay.png
bf6cbccacf39.png,False,0,,55.87762320511883,32.08726593266891,0.0,171.0,0.23262778779416257,121.3440707065926,38.311765523440386,2.0,231.0,0.00010757453839765573,16.618286044700987,12.0,0.846394938658034,1.0,True,True,False,232397,58909,8262,0.25348433929870007,0.035551233449657264,preprocessed_green_images/bf6cbccacf39_green_preprocessed.png,vessel_masks/bf6cbccacf39_vessel_mask.png,vessel_skeletons/bf6cbccacf39_skeleton.png,vessel_overlays/bf6cbccacf39_overlay.png
bf7b4eae7ad0.png,False,0,,83.26928543814284,14.160455935341298,0.0,231.0,0.001103083308833232,120.47473673001197,21.387879261088138,3.0,238.0,0.0006829162142829033,20.756639641464048,12.0,0.9023315294949141,1.0,True,True,False,863942,189443,22801,0.2192774514955865,0.026391817969261825,preprocessed_green_images/bf7b4eae7ad0_green_preprocessed.png,vessel_masks/bf7b4eae7ad0_vessel_mask.png,vessel_skeletons/bf7b4eae7ad0_skeleton.png,vessel_overlays/bf7b4eae7ad0_overlay.png
bf811911acf9.png,False,0,,81.33405564163641,13.45081265689625,0.0,148.0,0.0017922804745496173,123.05388867047478,22.868947534349562,2.0,238.0,0.0012441895423325085,23.121238001806763,12.0,0.9026909154396859,1.0,True,True,False,864820,179587,19116,0.20765824102125297,0.022104021646122893,preprocessed_green_images/bf811911acf9_green_preprocessed.png,vessel_masks/bf811911acf9_vessel_mask.png,vessel_skeletons/bf811911acf9_skeleton.png,vessel_overlays/bf811911acf9_overlay.png
bf87aedf2489.png,False,0,,90.49362030651741,21.564100736078007,0.0,255.0,0.0007384145995115104,121.0439884125709,23.339475138513173,2.0,240.0,0.0005564191644670722,21.726694795181746,12.0,0.9007617551954736,1.0,False,True,False,862659,193802,22562,0.22465655606676566,0.026154019143137672,preprocessed_green_images/bf87aedf2489_green_preprocessed.png,vessel_masks/bf87aedf2489_vessel_mask.png,vessel_skeletons/bf87aedf2489_skeleton.png,vessel_overlays/bf87aedf2489_overlay.png
bfa30ebf63a8.png,False,0,,96.52560339751295,16.002862166027032,0.0,233.0,0.0018348050722064053,118.14429249523079,23.572180834581346,1.0,239.0,0.001673999331325768,22.604026406273256,12.0,0.8990962485926545,1.0,False,True,False,864397,212374,28323,0.24569034830060724,0.032766194237138724,preprocessed_green_images/bfa30ebf63a8_green_preprocessed.png,vessel_masks/bfa30ebf63a8_vessel_mask.png,vessel_skeletons/bfa30ebf63a8_skeleton.png,vessel_overlays/bfa30ebf63a8_overlay.png
bffca6eeb2bf.png,False,0,,83.51269808655154,13.858938768532587,0.0,222.0,0.0010029845756295644,118.71211092266455,23.39285503079549,3.0,239.0,0.0008741289183438217,19.850660245673833,12.0,0.8989055171129742,1.0,True,True,False,861429,216175,30880,0.2509492947184272,0.03584741168453814,preprocessed_green_images/bffca6eeb2bf_green_preprocessed.png,vessel_masks/bffca6eeb2bf_vessel_mask.png,vessel_skeletons/bffca6eeb2bf_skeleton.png,vessel_overlays/bffca6eeb2bf_overlay.png
c013e869acce.png,False,0,,107.74819588970439,18.208029848103106,0.0,255.0,1.7576343863591348e-05,120.45187833654778,24.700888465787106,5.0,237.0,1.5548304187023115e-05,18.977623000808475,11.59104920032339,0.8967775492462783,1.0,False,True,False,1479261,299221,29178,0.20227735335414102,0.01972471389430263,preprocessed_green_images/c013e869acce_green_preprocessed.png,vessel_masks/c013e869acce_vessel_mask.png,vessel_skeletons/c013e869acce_skeleton.png,vessel_overlays/c013e869acce_overlay.png
c06024f05a16.png,False,0,,85.76429008131288,19.7930186197111,0.0,250.0,0.0008236859598667717,119.86585636076981,20.83910426381747,2.0,237.0,0.0005800605351174449,19.856649813509435,12.0,0.9036605223243135,1.0,True,True,False,861979,218170,30603,0.2531036138931459,0.03550318511239833,preprocessed_green_images/c06024f05a16_green_preprocessed.png,vessel_masks/c06024f05a16_vessel_mask.png,vessel_skeletons/c06024f05a16_skeleton.png,vessel_overlays/c06024f05a16_overlay.png
c096131ad065.png,False,0,,73.20790975022392,14.674703152101351,0.0,184.0,0.0006005964143116201,120.49668974955013,21.51787582789757,3.0,240.0,0.0003949763653113169,18.61340684383803,12.0,0.9045477057439254,1.0,True,True,False,860811,192214,22629,0.22329407965279255,0.026288000501852322,preprocessed_green_images/c096131ad065_green_preprocessed.png,vessel_masks/c096131ad065_vessel_mask.png,vessel_skeletons/c096131ad065_skeleton.png,vessel_overlays/c096131ad065_overlay.png
c0a117de7d0a.png,False,0,,93.18524358284358,32.844678077798775,0.0,255.0,6.626080794913333e-05,119.57515733561235,24.723544108745052,3.0,237.0,2.0283920800755104e-05,20.93212761107074,12.0,0.8990198901331573,1.0,False,True,False,1479004,353237,51496,0.23883437772987767,0.03481802618518949,preprocessed_green_images/c0a117de7d0a_green_preprocessed.png,vessel_masks/c0a117de7d0a_vessel_mask.png,vessel_skeletons/c0a117de7d0a_skeleton.png,vessel_overlays/c0a117de7d0a_overlay.png
c12e9ca420a5.png,False,0,,87.48053993068238,19.17557827422932,0.0,255.0,1.9615641647930346e-05,117.77806592478957,24.117077541006815,5.0,237.0,1.4880831594981643e-05,20.2040697123248,12.0,0.8992612176512806,1.0,True,True,False,1478412,365844,55354,0.24745740700156654,0.037441525095846084,preprocessed_green_images/c12e9ca420a5_green_preprocessed.png,vessel_masks/c12e9ca420a5_vessel_mask.png,vessel_skeletons/c12e9ca420a5_skeleton.png,vessel_overlays/c12e9ca420a5_overlay.png
c1819db0aece.png,False,0,,80.11297139480727,13.722070460460904,0.0,193.0,0.0006152028083834417,117.04120005097725,20.684455508149902,4.0,237.0,0.00036147509645128776,19.96065759626908,12.0,0.9022532733572202,1.0,True,True,False,863130,222314,38875,0.2575672262579218,0.04503956530302504,preprocessed_green_images/c1819db0aece_green_preprocessed.png,vessel_masks/c1819db0aece_vessel_mask.png,vessel_skeletons/c1819db0aece_skeleton.png,vessel_overlays/c1819db0aece_overlay.png
c18a006f7f1d.png,False,0,,83.59924201860457,18.974616705156144,0.0,251.0,0.0008200043903917786,120.93361216579885,21.414789537280168,3.0,238.0,0.0005830626118649758,20.381140285612563,12.0,0.903033723886723,1.0,True,True,False,860971,193701,24163,0.22497970314911883,0.0280648244830546,preprocessed_green_images/c18a006f7f1d_green_preprocessed.png,vessel_masks/c18a006f7f1d_vessel_mask.png,vessel_skeletons/c18a006f7f1d_skeleton.png,vessel_overlays/c18a006f7f1d_overlay.png
c21eb81de9fc.png,False,0,,74.57817015274529,17.14414592916523,0.0,255.0,0.00010320627494151644,118.70986565983212,31.988913075450164,31.0,228.0,0.0,18.022240543320347,12.0,0.835392430525415,1.0,True,True,False,232544,55386,6872,0.23817428099628457,0.029551396724920874,preprocessed_green_images/c21eb81de9fc_green_preprocessed.png,vessel_masks/c21eb81de9fc_vessel_mask.png,vessel_skeletons/c21eb81de9fc_skeleton.png,vessel_overlays/c21eb81de9fc_overlay.png
c23ff6dcf15e.png,False,0,,88.08233799065832,22.08818587950173,0.0,255.0,2.5686262581199007e-05,120.48327689115108,24.448184439596567,4.0,238.0,2.0278628353578165e-05,20.016526375717653,12.0,0.9001633466166569,1.0,True,True,False,1479390,352440,46894,0.23823332589783627,0.03169819993375648,preprocessed_green_images/c23ff6dcf15e_green_preprocessed.png,vessel_masks/c23ff6dcf15e_vessel_mask.png,vessel_skeletons/c23ff6dcf15e_skeleton.png,vessel_overlays/c23ff6dcf15e_overlay.png
c24bcf7a1bc4.png,False,0,,85.16522345590761,15.22046093293026,0.0,228.0,0.0008030301623699138,120.0396884892821,20.41500322672726,2.0,238.0,0.0005697800718549533,19.57581020653156,12.0,0.9036980596541995,1.0,True,True,False,861736,213911,30145,0.24823263737385928,0.03498171133618649,preprocessed_green_images/c24bcf7a1bc4_green_preprocessed.png,vessel_masks/c24bcf7a1bc4_vessel_mask.png,vessel_skeletons/c24bcf7a1bc4_skeleton.png,vessel_overlays/c24bcf7a1bc4_overlay.png
c25e02b39c01.png,False,0,,80.04585677194764,19.410207152235003,0.0,229.0,0.0020594671128845413,120.43276640007235,25.780018315439584,2.0,241.0,0.0015735905811848662,23.657093849169318,12.0,0.9027809650477919,1.0,True,True,False,862359,196713,22539,0.22811033455904095,0.026136446653887768,preprocessed_green_images/c25e02b39c01_green_preprocessed.png,vessel_masks/c25e02b39c01_vessel_mask.png,vessel_skeletons/c25e02b39c01_skeleton.png,vessel_overlays/c25e02b39c01_overlay.png
c26f98f58350.png,False,0,,86.59938973058277,25.677548334826398,0.0,255.0,1.827153943810279e-05,118.65038356698346,23.828965749404354,3.0,237.0,1.7594815755210094e-05,20.57690304917654,12.0,0.8995907134010891,1.0,True,True,False,1477708,365777,55734,0.24752995855744167,0.03771651774234152,preprocessed_green_images/c26f98f58350_green_preprocessed.png,vessel_masks/c26f98f58350_vessel_mask.png,vessel_skeletons/c26f98f58350_skeleton.png,vessel_overlays/c26f98f58350_overlay.png
c2a58b2cfd0b.png,False,0,,90.67393905450473,12.127228659734435,0.0,224.0,0.0008505152849746929,117.79593418978872,20.979047557725956,3.0,238.0,0.0005947821176557716,18.953528523884906,11.581411409553962,0.9003345590804769,1.0,False,True,False,864182,208385,33674,0.24113554783598826,0.038966328852024223,preprocessed_green_images/c2a58b2cfd0b_green_preprocessed.png,vessel_masks/c2a58b2cfd0b_vessel_mask.png,vessel_skeletons/c2a58b2cfd0b_skeleton.png,vessel_overlays/c2a58b2cfd0b_overlay.png
c2f3281cf528.png,False,0,,91.10929299950695,12.544520070249396,0.0,193.0,0.0019883631106682263,118.84225883591847,21.703710051759803,2.0,239.0,0.0016050085504232489,21.60912739552402,12.0,0.9013379009240083,1.0,False,True,False,866039,212698,29199,0.24559863932224762,0.03371557170058161,preprocessed_green_images/c2f3281cf528_green_preprocessed.png,vessel_masks/c2f3281cf528_vessel_mask.png,vessel_skeletons/c2f3281cf528_skeleton.png,vessel_overlays/c2f3281cf528_overlay.png
c334f8688b77.png,False,0,,77.03872710653555,20.660163307224682,0.0,254.0,0.0011428584702188969,122.2972895438903,22.490075493178214,3.0,237.0,0.0004146346279147827,20.835201752073047,12.0,0.9056283341177095,1.0,True,True,False,860999,183418,20096,0.2130292834254163,0.023340329082844464,preprocessed_green_images/c334f8688b77_green_preprocessed.png,vessel_masks/c334f8688b77_vessel_mask.png,vessel_skeletons/c334f8688b77_skeleton.png,vessel_overlays/c334f8688b77_overlay.png
c365c598ad4e.png,False,0,,85.73615820584426,11.113957262196045,0.0,183.0,0.0007164195714698078,118.14141635453727,21.266001222470972,3.0,239.0,0.0004926833622567448,18.16582236832502,11.64533710681052,0.8999379679053635,1.0,True,True,False,862623,214725,35043,0.24892102343665773,0.04062377191426614,preprocessed_green_images/c365c598ad4e_green_preprocessed.png,vessel_masks/c365c598ad4e_vessel_mask.png,vessel_skeletons/c365c598ad4e_skeleton.png,vessel_overlays/c365c598ad4e_overlay.png
c373b73a80c8.png,False,0,,89.09917915108649,19.541152863433478,0.0,255.0,2.5685325027510334e-05,120.53489621776829,24.500385558427904,2.0,237.0,1.8926028967639195e-05,19.94776940233068,12.0,0.8994733914411559,1.0,True,True,False,1479444,347208,44438,0.2346881666355739,0.030036959830855376,preprocessed_green_images/c373b73a80c8_green_preprocessed.png,vessel_masks/c373b73a80c8_vessel_mask.png,vessel_skeletons/c373b73a80c8_skeleton.png,vessel_overlays/c373b73a80c8_overlay.png
c3789c1dab96.png,False,0,,84.04444138808421,13.051295432457332,0.0,212.0,6.447009876819131e-05,117.9420929572864,27.676105631152552,3.0,227.0,6.0172092183645224e-05,12.810283760158846,9.653496491789387,0.8358153908421073,1.0,True,True,False,232666,58607,7111,0.25189327190049254,0.03056312482270723,preprocessed_green_images/c3789c1dab96_green_preprocessed.png,vessel_masks/c3789c1dab96_vessel_mask.png,vessel_skeletons/c3789c1dab96_skeleton.png,vessel_overlays/c3789c1dab96_overlay.png
c38dec54a9f7.png,False,0,,87.59434523809524,20.14814624578887,0.0,255.0,0.0011059384843431536,118.8978668704836,22.79485893640046,1.0,238.0,0.0008720122290161201,23.517928622930445,12.0,0.901488306017864,1.0,True,True,False,863520,213502,30120,0.2472461552714471,0.034880489160644804,preprocessed_green_images/c38dec54a9f7_green_preprocessed.png,vessel_masks/c38dec54a9f7_vessel_mask.png,vessel_skeletons/c38dec54a9f7_skeleton.png,vessel_overlays/c38dec54a9f7_overlay.png
c3aa424eff9a.png,False,0,,76.27484200846006,14.956706319867815,0.0,248.0,2.300765545900611e-05,117.34886101955041,25.283045931039997,4.0,237.0,1.3533914975885946e-05,21.693855826338872,12.0,0.8981350437491691,1.0,True,True,False,1477769,654327,132280,0.4427802992213262,0.08951331365050966,preprocessed_green_images/c3aa424eff9a_green_preprocessed.png,vessel_masks/c3aa424eff9a_vessel_mask.png,vessel_skeletons/c3aa424eff9a_skeleton.png,vessel_overlays/c3aa424eff9a_overlay.png
c3b15bf9b4bc.png,False,0,,102.7915709184279,24.51616137123668,0.0,255.0,1.9554217777346235e-05,117.97996164676182,25.807770921186126,2.0,237.0,2.2925634635509382e-05,19.474057073956573,11.78962282958263,0.8946572339425246,1.0,False,True,False,1483056,631636,125306,0.42590165172454714,0.08449175216579818,preprocessed_green_images/c3b15bf9b4bc_green_preprocessed.png,vessel_masks/c3b15bf9b4bc_vessel_mask.png,vessel_skeletons/c3b15bf9b4bc_skeleton.png,vessel_overlays/c3b15bf9b4bc_overlay.png
c3c8fdda50c0.png,False,0,,95.33893706374721,13.050260794225384,0.0,233.0,0.0008607756248732876,118.82186231065543,20.985219718176307,3.0,238.0,0.0006499261447562777,19.117511930278283,11.647004772111313,0.899446366495361,1.0,False,True,False,863175,209645,28692,0.24287658933588208,0.033240072986358504,preprocessed_green_images/c3c8fdda50c0_green_preprocessed.png,vessel_masks/c3c8fdda50c0_vessel_mask.png,vessel_skeletons/c3c8fdda50c0_skeleton.png,vessel_overlays/c3c8fdda50c0_overlay.png
c446985355f1.png,False,0,,44.79451613316068,15.035123063909577,0.0,176.0,0.0673866176150636,120.41344474655702,23.408138148500694,4.0,241.0,0.00024432724493108227,18.74877371676832,12.0,0.9139142318145724,1.0,True,True,False,859503,220437,29950,0.25647030900415707,0.034845718979456736,preprocessed_green_images/c446985355f1_green_preprocessed.png,vessel_masks/c446985355f1_vessel_mask.png,vessel_skeletons/c446985355f1_skeleton.png,vessel_overlays/c446985355f1_overlay.png
c4aef0d88d1b.png,False,0,,80.80509832062128,18.100642759242064,0.0,252.0,0.002047430006597146,120.51501371511904,26.446766706814472,2.0,240.0,0.0018263677503732596,19.588004947118772,12.0,0.9006775122226813,1.0,True,True,False,864010,199025,22853,0.23035034316732445,0.02644992534808625,preprocessed_green_images/c4aef0d88d1b_green_preprocessed.png,vessel_masks/c4aef0d88d1b_vessel_mask.png,vessel_skeletons/c4aef0d88d1b_skeleton.png,vessel_overlays/c4aef0d88d1b_overlay.png
c546670d9684.png,False,0,,41.80174273667586,9.23529221654184,1.0,119.0,0.055557765077828024,121.11960153667471,18.50774549245209,8.0,246.0,3.7465812446142895e-06,11.504097926400977,12.0,0.941447015401288,1.0,True,True,False,3469830,970843,178119,0.27979555194346695,0.05133363882380405,preprocessed_green_images/c546670d9684_green_preprocessed.png,vessel_masks/c546670d9684_vessel_mask.png,vessel_skeletons/c546670d9684_skeleton.png,vessel_overlays/c546670d9684_overlay.png
c56293f53191.png,False,0,,88.5112329097151,14.65957916518647,0.0,231.0,0.0010065372801022984,118.98791807782654,21.018394410968785,3.0,238.0,0.0007216026760687364,20.040999927876285,12.0,0.901322113478399,1.0,True,True,False,863356,196049,25058,0.2270778218950236,0.029023948405987796,preprocessed_green_images/c56293f53191_green_preprocessed.png,vessel_masks/c56293f53191_vessel_mask.png,vessel_skeletons/c56293f53191_skeleton.png,vessel_overlays/c56293f53191_overlay.png
c58e5c0c5b33.png,False,0,,92.13206091996948,16.018146772096287,0.0,251.0,0.0006691825766660559,120.22428750031894,21.985791065476537,2.0,239.0,0.0004720230653433011,22.23103792732814,12.0,0.9004912987394482,1.0,False,True,False,862246,188528,21196,0.2186475785332724,0.024582311776453588,preprocessed_green_images/c58e5c0c5b33_green_preprocessed.png,vessel_masks/c58e5c0c5b33_vessel_mask.png,vessel_skeletons/c58e5c0c5b33_skeleton.png,vessel_overlays/c58e5c0c5b33_overlay.png
c597ef460944.png,False,1,mean_S,69.00220777532954,26.32882545439879,6.0,248.0,0.09454345956231405,126.14666894183732,18.503454619429974,24.0,237.0,0.00011924804287373894,9.70944623788645,9.750248915125287,0.9630940606438295,1.0,True,True,False,5039915,1309799,182136,0.25988513695171445,0.0361387047202185,preprocessed_green_images/c597ef460944_green_preprocessed.png,vessel_masks/c597ef460944_vessel_mask.png,vessel_skeletons/c597ef460944_skeleton.png,vessel_overlays/c597ef460944_overlay.png
c5a0e84e955d.png,False,0,,45.5047656051871,10.720122216566688,0.0,237.0,0.04055714454267685,120.00929048899665,24.414931515724444,8.0,238.0,1.084941419944207e-05,24.66759837694008,12.0,0.9120244798127656,1.0,True,True,False,1474734,380199,62034,0.2578085268258547,0.04206453502801183,preprocessed_green_images/c5a0e84e955d_green_preprocessed.png,vessel_masks/c5a0e84e955d_vessel_mask.png,vessel_skeletons/c5a0e84e955d_skeleton.png,vessel_overlays/c5a0e84e955d_overlay.png
c5a6f432a1ec.png,False,0,,83.85967447782251,19.459399811612933,0.0,196.0,3.87116754413131e-05,117.56263549086404,29.520675134709613,9.0,226.0,1.7205189085028043e-05,12.040552884302812,9.362027866803569,0.8302572549480828,1.0,True,True,False,232488,58217,6804,0.2504086232407694,0.029266026633632702,preprocessed_green_images/c5a6f432a1ec_green_preprocessed.png,vessel_masks/c5a6f432a1ec_vessel_mask.png,vessel_skeletons/c5a6f432a1ec_skeleton.png,vessel_overlays/c5a6f432a1ec_overlay.png
c5b58cc992af.png,False,0,,77.44742122744675,9.568115685924893,0.0,176.0,6.875008056650066e-05,115.71893678000404,31.710598464848434,6.0,225.0,5.585944046028179e-05,13.320993112284329,10.444182024696243,0.8268443226316629,1.0,True,True,False,232727,63481,9667,0.2727702415276268,0.04153793930227262,preprocessed_green_images/c5b58cc992af_green_preprocessed.png,vessel_masks/c5b58cc992af_vessel_mask.png,vessel_skeletons/c5b58cc992af_skeleton.png,vessel_overlays/c5b58cc992af_overlay.png
c5bec7f1e5f3.png,False,0,,85.94306905662175,16.638738729451017,0.0,202.0,0.0007008995458682378,119.85151623285672,21.099072003965134,2.0,237.0,0.0005451440912308517,18.669666052151378,11.828482504716394,0.9012797898962721,1.0,True,True,False,860323,200663,25976,0.23324146861120765,0.03019331111687122,preprocessed_green_images/c5bec7f1e5f3_green_preprocessed.png,vessel_masks/c5bec7f1e5f3_vessel_mask.png,vessel_skeletons/c5bec7f1e5f3_skeleton.png,vessel_overlays/c5bec7f1e5f3_overlay.png
c6229222bf22.png,False,0,,89.9671630800012,12.889033152792356,0.0,158.0,0.001126598136771098,121.13713119252671,21.917420404456205,4.0,238.0,0.0008533430902366899,20.299476672440758,12.0,0.9008920548506102,1.0,True,True,False,863662,183854,18939,0.21287725985397066,0.021928717484386254,preprocessed_green_images/c6229222bf22_green_preprocessed.png,vessel_masks/c6229222bf22_vessel_mask.png,vessel_skeletons/c6229222bf22_skeleton.png,vessel_overlays/c6229222bf22_overlay.png
c62cef02efa2.png,False,0,,78.48390604509743,17.86307508021168,0.0,218.0,0.0007009481368009377,121.87293342153211,21.72993268777476,3.0,238.0,0.0004375123304204528,21.429623383486447,12.0,0.9038558706051897,1.0,True,True,False,861690,187340,21716,0.21740997342431734,0.025201638640346295,preprocessed_green_images/c62cef02efa2_green_preprocessed.png,vessel_masks/c62cef02efa2_vessel_mask.png,vessel_skeletons/c62cef02efa2_skeleton.png,vessel_overlays/c62cef02efa2_overlay.png
c639d837f5e4.png,False,0,,103.39861987026862,15.147797286855775,1.0,251.0,2.1651216493896727e-05,120.47097891239173,23.99854683606344,3.0,237.0,2.0974615978462454e-05,19.322780066614683,11.729112026645874,0.8974866506271324,1.0,False,True,False,1477977,327715,37569,0.22173213791554267,0.025419204764350188,preprocessed_green_images/c639d837f5e4_green_preprocessed.png,vessel_masks/c639d837f5e4_vessel_mask.png,vessel_skeletons/c639d837f5e4_skeleton.png,vessel_overlays/c639d837f5e4_overlay.png
c64c0966b4cf.png,False,0,,89.38655543632524,12.823257939450825,0.0,165.0,0.002431144495598094,118.59109234195253,24.093325210486142,2.0,239.0,0.0020434536790243114,21.35412206209626,12.0,0.8995515242578143,1.0,True,True,False,866670,217998,31154,0.2515351864031292,0.035946784820058385,preprocessed_green_images/c64c0966b4cf_green_preprocessed.png,vessel_masks/c64c0966b4cf_vessel_mask.png,vessel_skeletons/c64c0966b4cf_skeleton.png,vessel_overlays/c64c0966b4cf_overlay.png
c6916bc42016.png,False,0,,80.18721687601825,20.773111436172897,0.0,255.0,0.0009591813746950302,122.01366775397113,22.178421068344765,3.0,238.0,0.0003843692917966768,22.77770914445847,12.0,0.904498882835154,1.0,True,True,False,861151,180700,20895,0.20983544117117672,0.024264037317497163,preprocessed_green_images/c6916bc42016_green_preprocessed.png,vessel_masks/c6916bc42016_vessel_mask.png,vessel_skeletons/c6916bc42016_skeleton.png,vessel_overlays/c6916bc42016_overlay.png
c6a8f8f998a2.png,False,0,,92.8896148292701,13.926813946675455,0.0,230.0,0.001041784963531732,119.23681313460233,21.113455615819312,2.0,239.0,0.0008134961561727207,19.46575507171395,11.78630202868558,0.9008197828309485,1.0,False,True,False,862942,194668,23944,0.22558642411656868,0.027746940118802885,preprocessed_green_images/c6a8f8f998a2_green_preprocessed.png,vessel_masks/c6a8f8f998a2_vessel_mask.png,vessel_skeletons/c6a8f8f998a2_skeleton.png,vessel_overlays/c6a8f8f998a2_overlay.png
c6d4e4a3bd4c.png,False,0,,84.48405225828107,15.454453959184864,0.0,246.0,0.0005110152828411521,119.57446247579936,22.03953520958392,2.0,237.0,0.0003925526490916123,19.67902414607489,12.0,0.9007239687461082,1.0,True,True,False,861031,213635,28706,0.24811534079493072,0.0333391016119048,preprocessed_green_images/c6d4e4a3bd4c_green_preprocessed.png,vessel_masks/c6d4e4a3bd4c_vessel_mask.png,vessel_skeletons/c6d4e4a3bd4c_skeleton.png,vessel_overlays/c6d4e4a3bd4c_overlay.png
c6f5b5b5be41.png,False,0,,71.7353574992536,18.654866194679464,0.0,213.0,0.00291705729212046,121.54483683182717,21.930853871837105,4.0,241.0,0.0003914967373335703,20.704288133945667,12.0,0.9059724710030542,1.0,True,True,False,860799,193920,23665,0.22527907211788117,0.02749189996735591,preprocessed_green_images/c6f5b5b5be41_green_preprocessed.png,vessel_masks/c6f5b5b5be41_vessel_mask.png,vessel_skeletons/c6f5b5b5be41_skeleton.png,vessel_overlays/c6f5b5b5be41_overlay.png
c704bd669f36.png,False,0,,71.28377008344027,16.643684762364096,0.0,166.0,0.0006340763794935518,121.44186994466348,21.13790752852192,4.0,239.0,0.00026594045953117835,20.770472672981164,12.0,0.9062315700841654,1.0,True,True,False,861095,188448,19058,0.21884693326520302,0.02213228505565588,preprocessed_green_images/c704bd669f36_green_preprocessed.png,vessel_masks/c704bd669f36_vessel_mask.png,vessel_skeletons/c704bd669f36_skeleton.png,vessel_overlays/c704bd669f36_overlay.png
c755a0c4edcc.png,False,0,,100.76295545024723,26.142738327264,0.0,255.0,3.518296494964776e-05,120.43340541330511,24.668787247090325,2.0,237.0,2.3680841793032148e-05,19.66373191675223,11.865492766700893,0.8988182557247183,1.0,False,True,False,1477988,333094,41539,0.22536989474880717,0.028105099635450357,preprocessed_green_images/c755a0c4edcc_green_preprocessed.png,vessel_masks/c755a0c4edcc_vessel_mask.png,vessel_skeletons/c755a0c4edcc_skeleton.png,vessel_overlays/c755a0c4edcc_overlay.png
c7c3d363bc86.png,False,1,mean_S,78.7219666210236,25.593932561285992,5.0,181.0,0.0937417395963565,127.20996328709492,21.18858779579005,13.0,250.0,0.0032382766763906254,10.240128729388614,9.09854334766446,0.9638511660219017,1.0,True,True,False,5039100,1118176,127606,0.2218999424500407,0.025323172788791648,preprocessed_green_images/c7c3d363bc86_green_preprocessed.png,vessel_masks/c7c3d363bc86_vessel_mask.png,vessel_skeletons/c7c3d363bc86_skeleton.png,vessel_overlays/c7c3d363bc86_overlay.png
c7d0deb71576.png,False,0,,61.8168937564778,13.180960606060458,0.0,173.0,0.0006085781539096483,118.60278733457925,20.735262612686437,3.0,238.0,0.00018886908224782187,19.991394634293357,12.0,0.9049424878045217,1.0,True,True,False,857737,213064,32027,0.24840248234598716,0.03733895121698143,preprocessed_green_images/c7d0deb71576_green_preprocessed.png,vessel_masks/c7d0deb71576_vessel_mask.png,vessel_skeletons/c7d0deb71576_skeleton.png,vessel_overlays/c7d0deb71576_overlay.png
c81c6911f5e0.png,False,0,,93.27268636115848,12.548768194693311,0.0,255.0,0.0005764524397740585,117.4261375366807,21.315431859904763,2.0,237.0,0.0004349490239743902,20.705470768876296,12.0,0.8996132217207425,1.0,False,True,False,862170,209247,31523,0.24269807578551794,0.03656239488731921,preprocessed_green_images/c81c6911f5e0_green_preprocessed.png,vessel_masks/c81c6911f5e0_vessel_mask.png,vessel_skeletons/c81c6911f5e0_skeleton.png,vessel_overlays/c81c6911f5e0_overlay.png
c85b79d70079.png,False,1,mean_S,55.81770267884086,17.019971423712654,5.0,180.0,0.0878226816485033,123.96582192694405,19.47586330718585,14.0,250.0,0.002069138047123234,9.173275851082542,10.707736768980496,0.9645512042248412,1.0,True,True,False,5000633,1341131,235796,0.2681922468615473,0.047153230401031226,preprocessed_green_images/c85b79d70079_green_preprocessed.png,vessel_masks/c85b79d70079_vessel_mask.png,vessel_skeletons/c85b79d70079_skeleton.png,vessel_overlays/c85b79d70079_overlay.png
c90c6b94cf40.png,False,0,,81.43055429986008,21.018053502978557,0.0,255.0,4.7357657948552365e-05,117.59833817673017,29.686127635117927,16.0,227.0,8.610483263373157e-06,12.584513166983335,9.795533773472439,0.8389249119915909,1.0,True,True,False,232275,54472,5782,0.2345151221612313,0.024892907114411795,preprocessed_green_images/c90c6b94cf40_green_preprocessed.png,vessel_masks/c90c6b94cf40_vessel_mask.png,vessel_skeletons/c90c6b94cf40_skeleton.png,vessel_overlays/c90c6b94cf40_overlay.png
c947bb6cf9f6.png,False,0,,99.56060598890643,15.288957988940465,0.0,241.0,3.109715494833478e-05,118.38608537521084,23.595001493793436,3.0,236.0,2.3660878765037335e-05,19.907093732653006,11.962837493061203,0.896869478460234,1.0,False,True,False,1479235,547717,107398,0.37027044384428437,0.07260374450307085,preprocessed_green_images/c947bb6cf9f6_green_preprocessed.png,vessel_masks/c947bb6cf9f6_vessel_mask.png,vessel_skeletons/c947bb6cf9f6_skeleton.png,vessel_overlays/c947bb6cf9f6_overlay.png
c94f37085d0f.png,False,0,,92.29670299115098,15.43644697277568,0.0,255.0,0.0014783130548018527,118.25537510455936,24.052333814293565,1.0,239.0,0.0013520308267662713,19.768432870273813,11.907373148109524,0.8985907083062299,1.0,False,True,False,863146,212747,31141,0.24647857952188854,0.03607848498400039,preprocessed_green_images/c94f37085d0f_green_preprocessed.png,vessel_masks/c94f37085d0f_vessel_mask.png,vessel_skeletons/c94f37085d0f_skeleton.png,vessel_overlays/c94f37085d0f_overlay.png
c97472ef2c66.png,False,0,,62.046155302459866,14.37784499204323,0.0,169.0,0.0019061059932619368,118.16613671469939,29.337439555668634,47.0,228.0,0.0,17.018719432944497,12.0,0.8369933804483962,1.0,True,True,False,232411,55234,7573,0.23765656530887092,0.03258451622341455,preprocessed_green_images/c97472ef2c66_green_preprocessed.png,vessel_masks/c97472ef2c66_vessel_mask.png,vessel_skeletons/c97472ef2c66_skeleton.png,vessel_overlays/c97472ef2c66_overlay.png
c98f623d08d1.png,False,0,,89.65093492634266,18.000105272232386,0.0,255.0,0.0009012875536480687,118.93587170861849,20.695970592824114,3.0,237.0,0.000690175153694467,19.563291723785596,11.856344696061559,0.9022604864364221,1.0,True,True,False,862100,214719,30477,0.24906507365734834,0.03535204732629625,preprocessed_green_images/c98f623d08d1_green_preprocessed.png,vessel_masks/c98f623d08d1_vessel_mask.png,vessel_skeletons/c98f623d08d1_skeleton.png,vessel_overlays/c98f623d08d1_overlay.png
c9c563864ab1.png,False,0,,107.83398800308943,32.33185949723156,0.0,255.0,2.365055028073203e-05,118.00116698572386,24.33268845290345,2.0,236.0,2.1623360256669287e-05,19.749039852285986,11.899615940914394,0.8959979304819828,1.0,False,True,False,1479881,330404,52107,0.22326389757014248,0.03521026352794583,preprocessed_green_images/c9c563864ab1_green_preprocessed.png,vessel_masks/c9c563864ab1_vessel_mask.png,vessel_skeletons/c9c563864ab1_skeleton.png,vessel_overlays/c9c563864ab1_overlay.png
c9e697117f3f.png,False,0,,78.5810239636254,12.926604679289486,0.0,149.0,0.0006077899181107477,120.73507666968241,22.571656432807803,3.0,239.0,0.0003398519961955135,21.01253395124106,12.0,0.9012800777010044,1.0,True,True,False,862140,202403,26911,0.2347681351056673,0.031214187950912846,preprocessed_green_images/c9e697117f3f_green_preprocessed.png,vessel_masks/c9e697117f3f_vessel_mask.png,vessel_skeletons/c9e697117f3f_skeleton.png,vessel_overlays/c9e697117f3f_overlay.png
ca05f7e7801b.png,False,0,,93.68127478044984,17.696071341230944,0.0,252.0,0.0007515192500092637,118.7234235465224,23.550511814546628,3.0,239.0,0.0006102475265868752,19.645264720017032,11.858105888006813,0.8986750281391819,1.0,False,True,False,863584,207217,30648,0.23995002223292697,0.03548930966761774,preprocessed_green_images/ca05f7e7801b_green_preprocessed.png,vessel_masks/ca05f7e7801b_vessel_mask.png,vessel_skeletons/ca05f7e7801b_skeleton.png,vessel_overlays/ca05f7e7801b_overlay.png
ca2b54b95ade.png,False,0,,103.6392168524141,12.164351895218724,0.0,183.0,0.001041358116113744,117.52927489077311,21.0521736046923,1.0,237.0,0.0009187092713270142,19.691558865156612,11.876623546062644,0.8982461119404185,1.0,False,True,False,864256,204675,30150,0.2368221915728673,0.03488549688981043,preprocessed_green_images/ca2b54b95ade_green_preprocessed.png,vessel_masks/ca2b54b95ade_vessel_mask.png,vessel_skeletons/ca2b54b95ade_skeleton.png,vessel_overlays/ca2b54b95ade_overlay.png
cad5b1a82e60.png,False,0,,70.74799559477326,18.547858928366015,0.0,255.0,0.0001440898796139203,119.57493011979078,21.793624451338548,4.0,238.0,1.894139262530408e-05,21.591365125242014,12.0,0.9058688729491612,1.0,True,True,False,1478244,374401,60211,0.2532741550109454,0.04073143540579228,preprocessed_green_images/cad5b1a82e60_green_preprocessed.png,vessel_masks/cad5b1a82e60_vessel_mask.png,vessel_skeletons/cad5b1a82e60_skeleton.png,vessel_overlays/cad5b1a82e60_overlay.png
cadde4030858.png,False,0,,91.5762749335318,14.898847408045834,0.0,201.0,0.00133457260688445,121.08862580690713,22.97330380158214,2.0,240.0,0.0011470611044427494,21.617332641266437,12.0,0.9000946277315625,1.0,False,True,False,863947,188867,20965,0.21860947488676968,0.024266534868458367,preprocessed_green_images/cadde4030858_green_preprocessed.png,vessel_masks/cadde4030858_vessel_mask.png,vessel_skeletons/cadde4030858_skeleton.png,vessel_overlays/cadde4030858_overlay.png
cae33655ca00.png,False,0,,99.37297103075534,21.746531656339986,0.0,254.0,0.0007604819176237615,119.25062414169615,21.644505390222804,2.0,238.0,0.0006465259116189776,20.304096853628135,12.0,0.8998249487908073,1.0,False,True,False,859981,195640,23284,0.22749339810995825,0.027075016773626392,preprocessed_green_images/cae33655ca00_green_preprocessed.png,vessel_masks/cae33655ca00_vessel_mask.png,vessel_skeletons/cae33655ca00_skeleton.png,vessel_overlays/cae33655ca00_overlay.png
cb02bb47fdc5.png,False,0,,86.21364621082016,19.6298565182007,0.0,214.0,4.0294042899916215e-05,121.69566600152714,18.839949433909815,2.0,242.0,3.7991526162778145e-05,11.307930486112296,8.85973697570535,0.9290721642289531,1.0,True,True,False,3474459,814281,114085,0.23436195390419054,0.032835327744549586,preprocessed_green_images/cb02bb47fdc5_green_preprocessed.png,vessel_masks/cb02bb47fdc5_vessel_mask.png,vessel_skeletons/cb02bb47fdc5_skeleton.png,vessel_overlays/cb02bb47fdc5_overlay.png
cb0cc98d7e35.png,False,0,,63.05215945714167,7.139446983643639,0.0,150.0,2.881658359806168e-05,119.09621972529727,16.39777363433546,3.0,242.0,1.6137286814914543e-05,12.58157923721627,11.427995298696137,0.9322751153530353,1.0,True,True,False,3470224,944599,197525,0.27220116050145465,0.056919956752071336,preprocessed_green_images/cb0cc98d7e35_green_preprocessed.png,vessel_masks/cb0cc98d7e35_vessel_mask.png,vessel_skeletons/cb0cc98d7e35_skeleton.png,vessel_overlays/cb0cc98d7e35_overlay.png
cb2201c226d6.png,False,0,,75.62967374123122,12.349587667120684,0.0,179.0,0.0008396237465078494,120.31856067151344,20.717374315702866,4.0,237.0,0.000506789471303771,19.404188579905217,12.0,0.9036550414139377,1.0,True,True,False,862291,194305,23899,0.2253357625210051,0.02771570154391035,preprocessed_green_images/cb2201c226d6_green_preprocessed.png,vessel_masks/cb2201c226d6_vessel_mask.png,vessel_skeletons/cb2201c226d6_skeleton.png,vessel_overlays/cb2201c226d6_overlay.png
cb28adab4e8a.png,False,0,,86.51222564331911,17.58829057353281,0.0,255.0,6.450392183844778e-05,117.7910588963809,33.28942599341736,4.0,227.0,6.020366038255126e-05,11.8396043094165,9.045866111027124,0.8283796794818781,1.0,True,True,False,232544,56734,6320,0.24397103343883308,0.027177652401265996,preprocessed_green_images/cb28adab4e8a_green_preprocessed.png,vessel_masks/cb28adab4e8a_vessel_mask.png,vessel_skeletons/cb28adab4e8a_skeleton.png,vessel_overlays/cb28adab4e8a_overlay.png
cb39761f0712.png,False,0,,76.67753396320055,14.814813637688959,0.0,187.0,0.0012360796100203617,123.07110704495804,22.75650677271479,2.0,240.0,0.0006679004271779816,22.169040784743085,12.0,0.9030672441390498,1.0,True,True,False,862404,176035,18012,0.2041212703095069,0.0208858029415448,preprocessed_green_images/cb39761f0712_green_preprocessed.png,vessel_masks/cb39761f0712_vessel_mask.png,vessel_skeletons/cb39761f0712_skeleton.png,vessel_overlays/cb39761f0712_overlay.png
cb68fce07789.png,False,0,,89.88138101023885,15.079333422836804,0.0,231.0,0.0006394210628315329,120.41050716186405,20.521101456574634,3.0,236.0,0.0004885594690600279,20.610202276800365,12.0,0.9016859976474694,1.0,True,True,False,861717,194070,23894,0.22521315002489217,0.027728360935202624,preprocessed_green_images/cb68fce07789_green_preprocessed.png,vessel_masks/cb68fce07789_vessel_mask.png,vessel_skeletons/cb68fce07789_skeleton.png,vessel_overlays/cb68fce07789_overlay.png
cbc23af521f3.png,False,0,,92.18775097346773,17.076403644726224,0.0,255.0,1.7579552546296765e-05,118.7393506789426,24.897257779560316,5.0,237.0,1.0818186182336472e-05,19.830566189772775,11.93222647590911,0.8972583086344392,1.0,False,True,False,1478991,327368,48976,0.22134549838369538,0.03311446790413194,preprocessed_green_images/cbc23af521f3_green_preprocessed.png,vessel_masks/cbc23af521f3_vessel_mask.png,vessel_skeletons/cbc23af521f3_skeleton.png,vessel_overlays/cbc23af521f3_overlay.png
cbe633765ea7.png,False,0,,96.49228939585339,7.055253014120546,0.0,158.0,0.0016608166317436726,116.28940972242287,20.490316571320356,2.0,237.0,0.0014007722739549974,19.44264143768175,11.7770565750727,0.8998907426259939,1.0,False,True,False,865237,396430,81544,0.4581750433696201,0.09424469827342104,preprocessed_green_images/cbe633765ea7_green_preprocessed.png,vessel_masks/cbe633765ea7_vessel_mask.png,vessel_skeletons/cbe633765ea7_skeleton.png,vessel_overlays/cbe633765ea7_overlay.png
cc671a73e1cb.png,False,0,,86.67314214625603,16.71391144501286,0.0,221.0,0.0009174014372622517,121.17892223864484,21.774040808453744,2.0,238.0,0.0006787843967622216,21.738315798952385,12.0,0.9030798314440948,1.0,True,True,False,863308,186264,21232,0.21575613801794957,0.02459377186357592,preprocessed_green_images/cc671a73e1cb_green_preprocessed.png,vessel_masks/cc671a73e1cb_vessel_mask.png,vessel_skeletons/cc671a73e1cb_skeleton.png,vessel_overlays/cc671a73e1cb_overlay.png
cc964bf04dbc.png,False,0,,79.8407775819003,19.383633875313162,0.0,255.0,0.0007395796024875922,121.90173010461098,21.607601771339812,3.0,237.0,0.0003174610557847684,22.42976383465784,12.0,0.903610797530545,1.0,True,True,False,859948,188959,22797,0.21973305362649834,0.02650974244954346,preprocessed_green_images/cc964bf04dbc_green_preprocessed.png,vessel_masks/cc964bf04dbc_vessel_mask.png,vessel_skeletons/cc964bf04dbc_skeleton.png,vessel_overlays/cc964bf04dbc_overlay.png
ccea49708830.png,False,0,,105.44883884103113,28.717301555186744,0.0,248.0,2.839019483785143e-05,119.8345656029807,24.46500013448462,3.0,237.0,2.2306581658311837e-05,19.35026801344369,11.740107205377475,0.8976650157029111,1.0,False,True,False,1479384,324490,38977,0.21934129340320024,0.026346776766546075,preprocessed_green_images/ccea49708830_green_preprocessed.png,vessel_masks/ccea49708830_vessel_mask.png,vessel_skeletons/ccea49708830_skeleton.png,vessel_overlays/ccea49708830_overlay.png
cd01f4f83336.png,False,0,,85.52494464150767,25.086717539023255,0.0,255.0,2.570880181422955e-05,121.79290545317514,24.608756711392736,2.0,237.0,2.435570698190168e-05,21.131583468217094,12.0,0.9000373555937767,1.0,True,True,False,1478093,362166,49230,0.2450224715224279,0.033306429297750545,preprocessed_green_images/cd01f4f83336_green_preprocessed.png,vessel_masks/cd01f4f83336_vessel_mask.png,vessel_skeletons/cd01f4f83336_skeleton.png,vessel_overlays/cd01f4f83336_overlay.png
cd1c98ec48b1.png,False,0,,90.01791339016917,13.90385106137978,0.0,247.0,0.0008963080699073854,119.62578209264714,21.219612973304002,2.0,237.0,0.0007175108642522852,20.448671569893058,12.0,0.9005702179283086,1.0,False,True,False,861311,189051,23749,0.21949214627469055,0.02757308335781152,preprocessed_green_images/cd1c98ec48b1_green_preprocessed.png,vessel_masks/cd1c98ec48b1_vessel_mask.png,vessel_skeletons/cd1c98ec48b1_skeleton.png,vessel_overlays/cd1c98ec48b1_overlay.png
cd314653a4d8.png,False,0,,101.25958614024616,25.71579869541257,0.0,255.0,2.7070889183961582e-05,119.63629515931895,23.96397897867368,3.0,237.0,2.2333483576768304e-05,19.610658677999062,11.844263471199625,0.8984060686064187,1.0,False,True,False,1477602,484950,88137,0.3282006927440542,0.05964867400017055,preprocessed_green_images/cd314653a4d8_green_preprocessed.png,vessel_masks/cd314653a4d8_vessel_mask.png,vessel_skeletons/cd314653a4d8_skeleton.png,vessel_overlays/cd314653a4d8_overlay.png
cd48cfab4e44.png,False,1,mean_S,58.2003010631498,19.25118099112554,12.0,255.0,0.04562389472218537,124.70848710833559,17.826143751565247,19.0,245.0,3.5083833917515712e-06,7.482366974002673,9.819586695098865,0.945207027366641,1.0,True,True,False,4560505,1142827,148514,0.25059220415282957,0.032565253190162055,preprocessed_green_images/cd48cfab4e44_green_preprocessed.png,vessel_masks/cd48cfab4e44_vessel_mask.png,vessel_skeletons/cd48cfab4e44_skeleton.png,vessel_overlays/cd48cfab4e44_overlay.png
cd563556cb57.png,False,0,,38.14388368303117,19.180066431875137,0.0,244.0,0.264338459971481,119.68239458138113,29.616911228715562,4.0,245.0,0.0011942350784273782,9.926878140139015,12.0,0.9147282202402135,1.0,True,True,False,392720,103324,15026,0.2630983907109391,0.038261356691790586,preprocessed_green_images/cd563556cb57_green_preprocessed.png,vessel_masks/cd563556cb57_vessel_mask.png,vessel_skeletons/cd563556cb57_skeleton.png,vessel_overlays/cd563556cb57_overlay.png
cd66754e1b3b.png,False,0,,81.8838284452312,16.2165780596427,0.0,232.0,4.7262634161431974e-05,117.67015837279047,36.78590331154715,3.0,226.0,3.43728248446778e-05,15.077279703265178,10.752349352841076,0.8221284675078099,1.0,True,True,False,232742,61513,7785,0.26429694683383315,0.033449055176977084,preprocessed_green_images/cd66754e1b3b_green_preprocessed.png,vessel_masks/cd66754e1b3b_vessel_mask.png,vessel_skeletons/cd66754e1b3b_skeleton.png,vessel_overlays/cd66754e1b3b_overlay.png
cd8da43e3069.png,False,0,,69.2704143017051,22.27834513735813,0.0,254.0,0.010218495686635902,121.72977885136754,21.880980504626383,4.0,240.0,0.0004340126270912311,19.223226458338935,12.0,0.9098883989499107,1.0,True,True,False,859422,195444,23534,0.2274133080139908,0.027383520552185073,preprocessed_green_images/cd8da43e3069_green_preprocessed.png,vessel_masks/cd8da43e3069_vessel_mask.png,vessel_skeletons/cd8da43e3069_skeleton.png,vessel_overlays/cd8da43e3069_overlay.png
cd941e5bc659.png,False,0,,74.56980861177324,14.159660900240839,0.0,225.0,0.000577324282003745,118.3192858835501,20.88255855630837,4.0,237.0,0.0003856572668515963,18.185547218334417,12.0,0.9035698054350552,1.0,True,True,False,860868,217818,32670,0.25302136912976203,0.03795006900012546,preprocessed_green_images/cd941e5bc659_green_preprocessed.png,vessel_masks/cd941e5bc659_vessel_mask.png,vessel_skeletons/cd941e5bc659_skeleton.png,vessel_overlays/cd941e5bc659_overlay.png
ce6f33a81ad5.png,False,0,,79.2815392012934,16.166083126707782,0.0,238.0,0.0008083698803240913,120.43237219393444,21.61093403343137,3.0,240.0,0.0004274139597115885,19.24902327753466,12.0,0.9030580230659524,1.0,True,True,False,860992,195710,24672,0.22730757080205158,0.028655318516316062,preprocessed_green_images/ce6f33a81ad5_green_preprocessed.png,vessel_masks/ce6f33a81ad5_vessel_mask.png,vessel_skeletons/ce6f33a81ad5_skeleton.png,vessel_overlays/ce6f33a81ad5_overlay.png
ce754234d760.png,False,0,,37.73036572281569,16.27221677107928,0.0,189.0,0.35141111162942573,123.3321931706862,27.720818817254603,5.0,244.0,0.0002414050473480431,20.190401100658345,12.0,0.9240680511438782,1.0,True,True,False,857480,201542,24601,0.23503988431217054,0.02868988197975463,preprocessed_green_images/ce754234d760_green_preprocessed.png,vessel_masks/ce754234d760_vessel_mask.png,vessel_skeletons/ce754234d760_skeleton.png,vessel_overlays/ce754234d760_overlay.png
ce8d2efd9d4f.png,False,0,,78.50525020460996,14.185069468592689,0.0,216.0,0.0006001892279384022,120.60040399584395,21.283418606226103,3.0,238.0,0.00037381224641424665,20.671591716760698,12.0,0.9027637501290054,1.0,True,True,False,861395,199863,24253,0.23202247517108876,0.028155491963617156,preprocessed_green_images/ce8d2efd9d4f_green_preprocessed.png,vessel_masks/ce8d2efd9d4f_vessel_mask.png,vessel_skeletons/ce8d2efd9d4f_skeleton.png,vessel_overlays/ce8d2efd9d4f_overlay.png
ceb32a193eff.png,False,1,mean_S,76.74249967997736,27.969657309849318,0.0,218.0,0.09179229213993778,125.88384923840736,24.57799303203554,15.0,250.0,0.003832309362974269,23.109637901177624,12.0,0.9672762770342328,1.0,True,True,False,1632697,352789,40913,0.2160774473156991,0.02505853811209306,preprocessed_green_images/ceb32a193eff_green_preprocessed.png,vessel_masks/ceb32a193eff_vessel_mask.png,vessel_skeletons/ceb32a193eff_skeleton.png,vessel_overlays/ceb32a193eff_overlay.png
cf6551521a35.png,False,0,,88.24224357963966,13.762192685408463,0.0,248.0,2.164755480721161e-05,117.82026914675487,25.36697405474803,3.0,237.0,1.894161045631016e-05,20.2779215874642,12.0,0.8961199237368306,1.0,True,True,False,1478227,558816,112080,0.3780312495983364,0.07582056071225868,preprocessed_green_images/cf6551521a35_green_preprocessed.png,vessel_masks/cf6551521a35_vessel_mask.png,vessel_skeletons/cf6551521a35_skeleton.png,vessel_overlays/cf6551521a35_overlay.png
cf8ae5501bd6.png,False,0,,81.7988851533785,14.456406254401086,0.0,224.0,0.0004738098141341648,121.54549561319467,23.2779756673024,3.0,239.0,0.00035071216634440633,20.345981601196954,12.0,0.9003046391139544,1.0,True,True,False,861105,179875,18091,0.2088885792092718,0.021009052322306803,preprocessed_green_images/cf8ae5501bd6_green_preprocessed.png,vessel_masks/cf8ae5501bd6_vessel_mask.png,vessel_skeletons/cf8ae5501bd6_skeleton.png,vessel_overlays/cf8ae5501bd6_overlay.png
cf8f1bc7a215.png,False,0,,72.92323561393027,18.12261317476073,0.0,239.0,6.446815917618289e-05,118.00444400510588,37.481206183386995,3.0,228.0,4.297877278412192e-05,17.345038600645985,12.0,0.8245742911467763,1.0,True,True,False,232673,56813,7316,0.2441753018184319,0.0314432701688636,preprocessed_green_images/cf8f1bc7a215_green_preprocessed.png,vessel_masks/cf8f1bc7a215_vessel_mask.png,vessel_skeletons/cf8f1bc7a215_skeleton.png,vessel_overlays/cf8f1bc7a215_overlay.png
cfb17a7cc8d4.png,False,0,,59.53872249651238,14.226506455662538,0.0,153.0,0.007193443033919904,121.58158139686033,23.89120783266561,3.0,240.0,0.0003284518197159298,19.707133592591557,12.0,0.9074986035230103,1.0,True,True,False,861618,203058,24948,0.23567056398543207,0.02895482684902126,preprocessed_green_images/cfb17a7cc8d4_green_preprocessed.png,vessel_masks/cfb17a7cc8d4_vessel_mask.png,vessel_skeletons/cfb17a7cc8d4_skeleton.png,vessel_overlays/cfb17a7cc8d4_overlay.png
cfdbaef73a8b.png,False,0,,45.806183729840505,27.280369915118815,0.0,255.0,0.09666119321291736,120.94866664120875,30.24709696728795,7.0,244.0,0.0021588319904278204,10.381221235537145,12.0,0.9125604871449788,1.0,True,True,False,392805,100722,14197,0.2564173062970176,0.036142615292575196,preprocessed_green_images/cfdbaef73a8b_green_preprocessed.png,vessel_masks/cfdbaef73a8b_vessel_mask.png,vessel_skeletons/cfdbaef73a8b_skeleton.png,vessel_overlays/cfdbaef73a8b_overlay.png
cfed7c1172ec.png,False,0,,87.88649021848242,11.092971087846285,0.0,178.0,0.0012952588898706128,118.09268502541946,21.361571065401034,3.0,238.0,0.000985321941223002,19.01100530735276,11.792269659076002,0.9009734656674304,1.0,True,True,False,864692,211219,33434,0.24427079237462587,0.038665790824941135,preprocessed_green_images/cfed7c1172ec_green_preprocessed.png,vessel_masks/cfed7c1172ec_vessel_mask.png,vessel_skeletons/cfed7c1172ec_skeleton.png,vessel_overlays/cfed7c1172ec_overlay.png
cffc50047828.png,False,0,,103.89635344701813,25.63179498408754,0.0,243.0,4.2910719956059424e-05,117.19815312261309,36.865974721877734,3.0,225.0,4.2910719956059424e-05,16.569437555027196,10.627775022010878,0.8198188257220992,1.0,False,True,False,233042,57494,7933,0.24671089331536805,0.03404107414114194,preprocessed_green_images/cffc50047828_green_preprocessed.png,vessel_masks/cffc50047828_vessel_mask.png,vessel_skeletons/cffc50047828_skeleton.png,vessel_overlays/cffc50047828_overlay.png
d02b79fc3200.png,False,0,,81.41196946557788,17.182390616120863,0.0,255.0,0.001709657998665746,123.313191679277,21.911314977783107,2.0,239.0,0.000462572320509155,22.81624171735382,12.0,0.9045169869344778,1.0,True,True,False,860406,183147,19190,0.21286113764897038,0.02230342419741378,preprocessed_green_images/d02b79fc3200_green_preprocessed.png,vessel_masks/d02b79fc3200_vessel_mask.png,vessel_skeletons/d02b79fc3200_skeleton.png,vessel_overlays/d02b79fc3200_overlay.png
d0926ed2c8e5.png,False,0,,91.10519853446249,17.405912787599856,0.0,255.0,0.0007587156739074784,121.11597113868743,21.336051067314816,3.0,239.0,0.0005652721356745793,20.332282845370035,12.0,0.9022613833811964,1.0,False,True,False,863301,190250,22102,0.22037504879526376,0.025601731030081048,preprocessed_green_images/d0926ed2c8e5_green_preprocessed.png,vessel_masks/d0926ed2c8e5_vessel_mask.png,vessel_skeletons/d0926ed2c8e5_skeleton.png,vessel_overlays/d0926ed2c8e5_overlay.png
d160ebef4117.png,False,0,,43.94244168433808,21.576139133071898,0.0,250.0,0.17402926029545415,119.15145397753163,27.131671140053136,4.0,245.0,0.0001120108752377049,7.671336940656855,11.162539959877135,0.9102080936362953,1.0,True,True,False,392819,107290,18737,0.2731283364603036,0.04769881293929265,preprocessed_green_images/d160ebef4117_green_preprocessed.png,vessel_masks/d160ebef4117_vessel_mask.png,vessel_skeletons/d160ebef4117_skeleton.png,vessel_overlays/d160ebef4117_overlay.png
d16e39b9d6f0.png,False,0,,60.90601079139368,15.01446910388889,0.0,245.0,0.005390282873112132,120.79050240955458,23.46295252424496,4.0,239.0,1.8948891456012516e-05,22.26525232603261,12.0,0.9079609561245101,1.0,True,True,False,1477659,396371,58282,0.2682425376896835,0.039442117565690056,preprocessed_green_images/d16e39b9d6f0_green_preprocessed.png,vessel_masks/d16e39b9d6f0_vessel_mask.png,vessel_skeletons/d16e39b9d6f0_skeleton.png,vessel_overlays/d16e39b9d6f0_overlay.png
d16e59a2b33a.png,False,0,,81.9418900313375,15.54626119432025,0.0,241.0,0.0011461829442415026,120.0514750876152,20.860472841568505,2.0,236.0,0.0007938678633017486,20.454895810505302,12.0,0.904551270457123,1.0,True,True,False,862864,189251,23878,0.21932888612805726,0.027672958890392924,preprocessed_green_images/d16e59a2b33a_green_preprocessed.png,vessel_masks/d16e59a2b33a_vessel_mask.png,vessel_skeletons/d16e59a2b33a_skeleton.png,vessel_overlays/d16e59a2b33a_overlay.png
d18f6431ebce.png,False,0,,82.26592545602777,17.025145806969135,0.0,252.0,0.000828034415615291,120.35011707293313,23.649973284636623,3.0,239.0,0.0006494387573453263,20.8764551295942,12.0,0.8996676156650526,1.0,True,True,False,862283,199680,27183,0.23157130547627636,0.03152445310878215,preprocessed_green_images/d18f6431ebce_green_preprocessed.png,vessel_masks/d18f6431ebce_vessel_mask.png,vessel_skeletons/d18f6431ebce_skeleton.png,vessel_overlays/d18f6431ebce_overlay.png
d1a60c3b9fe5.png,False,0,,111.87804375601807,9.606444375212181,0.0,191.0,0.0008471594696689135,116.77175186097327,20.54306572175643,1.0,238.0,0.0007534164135989926,17.13267116562813,10.853068466251251,0.8977737898147211,1.0,False,True,False,864064,346040,67228,0.4004795941041404,0.07780442189467447,preprocessed_green_images/d1a60c3b9fe5_green_preprocessed.png,vessel_masks/d1a60c3b9fe5_vessel_mask.png,vessel_skeletons/d1a60c3b9fe5_skeleton.png,vessel_overlays/d1a60c3b9fe5_overlay.png
d1afdb8cf70d.png,False,0,,84.18032303736022,16.735732183470475,0.0,245.0,0.0023693258978878325,119.77167326417984,26.863265143603453,2.0,239.0,0.002207518275593054,21.926717524932943,12.0,0.899292687553524,1.0,True,True,False,865225,219269,28862,0.25342425380681327,0.03335779710479933,preprocessed_green_images/d1afdb8cf70d_green_preprocessed.png,vessel_masks/d1afdb8cf70d_vessel_mask.png,vessel_skeletons/d1afdb8cf70d_skeleton.png,vessel_overlays/d1afdb8cf70d_overlay.png
d1b279cc02ae.png,False,0,,90.44145311650851,16.365117491876163,0.0,255.0,0.0006131293284840377,120.13239529190994,21.167182060317376,2.0,236.0,0.00048771651129412094,21.945627659810867,12.0,0.9013660522621719,1.0,False,True,False,861156,186219,20716,0.21624305003971406,0.024056036304688118,preprocessed_green_images/d1b279cc02ae_green_preprocessed.png,vessel_masks/d1b279cc02ae_vessel_mask.png,vessel_skeletons/d1b279cc02ae_skeleton.png,vessel_overlays/d1b279cc02ae_overlay.png
d1ca85af57c9.png,False,0,,95.89929040851649,14.344911390617803,0.0,209.0,0.0006978828182873121,120.42376789483995,22.10801955635849,2.0,238.0,0.000542540131160236,20.445183524875564,12.0,0.8989315971793649,1.0,False,True,False,862609,189170,21164,0.21929982181961932,0.024534870375801782,preprocessed_green_images/d1ca85af57c9_green_preprocessed.png,vessel_masks/d1ca85af57c9_vessel_mask.png,vessel_skeletons/d1ca85af57c9_skeleton.png,vessel_overlays/d1ca85af57c9_overlay.png
d1cf31577a59.png,False,1,mean_S,60.85741425465452,23.660242017410056,7.0,255.0,0.034278647626355796,124.96865566785625,17.82252695926979,18.0,245.0,2.2775491468826483e-05,7.173102795150695,9.45969318431321,0.9466407329383014,1.0,True,True,False,4566312,1152000,161584,0.25228236703930873,0.035386105899027485,preprocessed_green_images/d1cf31577a59_green_preprocessed.png,vessel_masks/d1cf31577a59_vessel_mask.png,vessel_skeletons/d1cf31577a59_skeleton.png,vessel_overlays/d1cf31577a59_overlay.png
d1f7ea924a01.png,False,0,,95.41468306681404,18.2208937650913,0.0,255.0,2.5012590797394636e-05,120.83858969548861,24.890811315397926,3.0,236.0,2.028047902491457e-05,19.239870519391534,11.695948207756613,0.8977364282874574,1.0,False,True,False,1479255,309034,35700,0.20891191849951496,0.024133770039648336,preprocessed_green_images/d1f7ea924a01_green_preprocessed.png,vessel_masks/d1f7ea924a01_vessel_mask.png,vessel_skeletons/d1f7ea924a01_skeleton.png,vessel_overlays/d1f7ea924a01_overlay.png
d1fa0f744620.png,False,0,,103.1170327492354,23.649034540750844,0.0,255.0,2.3634930807051852e-05,119.05196105773743,25.234341941857597,2.0,236.0,2.2284363332363177e-05,19.43678123702676,11.774712494810704,0.8961499523661943,1.0,False,True,False,1480859,312709,46939,0.2111673022212108,0.031697143347205914,preprocessed_green_images/d1fa0f744620_green_preprocessed.png,vessel_masks/d1fa0f744620_vessel_mask.png,vessel_skeletons/d1fa0f744620_skeleton.png,vessel_overlays/d1fa0f744620_overlay.png
d26bb2ed6e71.png,False,0,,93.53078213125744,16.101614284252605,0.0,255.0,1.8265717480765184e-05,117.05338325060767,23.736347495214325,4.0,236.0,1.758920942592203e-05,20.270326950390025,12.0,0.8968700023918694,1.0,False,True,False,1478179,587966,118812,0.3977637349739105,0.08037727501202493,preprocessed_green_images/d26bb2ed6e71_green_preprocessed.png,vessel_masks/d26bb2ed6e71_vessel_mask.png,vessel_skeletons/d26bb2ed6e71_skeleton.png,vessel_overlays/d26bb2ed6e71_overlay.png
d26bc6e1230d.png,False,0,,89.36955551392619,13.466748883988569,0.0,200.0,0.0013922712755008824,119.43155090231667,20.47593132123172,2.0,239.0,0.0010476725710995012,21.015246519935115,12.0,0.9021894662144248,1.0,True,True,False,864774,220325,32210,0.2547775488162225,0.03724672573412244,preprocessed_green_images/d26bc6e1230d_green_preprocessed.png,vessel_masks/d26bc6e1230d_vessel_mask.png,vessel_skeletons/d26bc6e1230d_skeleton.png,vessel_overlays/d26bc6e1230d_overlay.png
d27ac9e54901.png,False,0,,80.23754324998463,21.57620987800341,0.0,252.0,0.001138630926887359,121.52029629939145,21.335941593520268,2.0,240.0,0.0005281111842341982,20.72909393069935,12.0,0.9059511095485482,1.0,True,True,False,861561,188101,21726,0.21832580629810308,0.025217018876202615,preprocessed_green_images/d27ac9e54901_green_preprocessed.png,vessel_masks/d27ac9e54901_vessel_mask.png,vessel_skeletons/d27ac9e54901_skeleton.png,vessel_overlays/d27ac9e54901_overlay.png
d29b37d110f3.png,False,0,,100.22781573991858,20.484834953022066,0.0,255.0,6.005310410205596e-05,118.08823087844823,35.04402134013321,3.0,225.0,6.005310410205596e-05,12.080821264416349,8.83232850576654,0.8235082794326399,1.0,False,True,False,233127,58646,7474,0.25156245308351244,0.03205977857562616,preprocessed_green_images/d29b37d110f3_green_preprocessed.png,vessel_masks/d29b37d110f3_vessel_mask.png,vessel_skeletons/d29b37d110f3_skeleton.png,vessel_overlays/d29b37d110f3_overlay.png
d2afca74cbc3.png,False,0,,88.34360989197577,14.923273430772142,0.0,245.0,6.447924413131413e-05,115.66561923716756,29.32098374573031,4.0,227.0,5.588201158047225e-05,13.6767785164381,9.61794608284406,0.8299326786163151,1.0,True,True,False,232633,59909,8538,0.2575258024441932,0.036701585759544006,preprocessed_green_images/d2afca74cbc3_green_preprocessed.png,vessel_masks/d2afca74cbc3_vessel_mask.png,vessel_skeletons/d2afca74cbc3_skeleton.png,vessel_overlays/d2afca74cbc3_overlay.png
d2c5fb82fe5f.png,False,0,,109.5511619643622,22.2899530913764,0.0,255.0,2.1616684838192358e-05,120.27831481729173,24.813249601843534,2.0,237.0,2.1616684838192358e-05,19.515518440032977,11.806207376013191,0.8953057484440394,1.0,False,True,False,1480338,318975,42344,0.21547443894570023,0.02860427821213804,preprocessed_green_images/d2c5fb82fe5f_green_preprocessed.png,vessel_masks/d2c5fb82fe5f_vessel_mask.png,vessel_skeletons/d2c5fb82fe5f_skeleton.png,vessel_overlays/d2c5fb82fe5f_overlay.png
d2cd47ed2c1d.png,False,0,,80.15860123743964,16.016287747664464,0.0,255.0,3.869686168451738e-05,116.90840452839275,29.94026952865162,11.0,230.0,2.1498256491398548e-05,16.889171275635785,11.630459511370791,0.8344610524954279,1.0,True,True,False,232577,61723,8838,0.2653873770837185,0.03800031817419607,preprocessed_green_images/d2cd47ed2c1d_green_preprocessed.png,vessel_masks/d2cd47ed2c1d_vessel_mask.png,vessel_skeletons/d2cd47ed2c1d_skeleton.png,vessel_overlays/d2cd47ed2c1d_overlay.png
d2d523e9f669.png,False,0,,98.8729090048675,23.842751125264538,0.0,255.0,2.5013520822065982e-05,119.39224107625743,24.650264292955747,2.0,237.0,2.0957274202271497e-05,19.27810922285994,11.711243689143975,0.8975481438525991,1.0,False,True,False,1479200,337277,40609,0.228013115197404,0.027453353163872363,preprocessed_green_images/d2d523e9f669_green_preprocessed.png,vessel_masks/d2d523e9f669_vessel_mask.png,vessel_skeletons/d2d523e9f669_skeleton.png,vessel_overlays/d2d523e9f669_overlay.png
d2dc86021c67.png,False,0,,89.11082185476336,14.7616545210104,0.0,196.0,0.0008437504358215062,120.2395507435696,24.812891530845587,1.0,239.0,0.0007565861346002761,21.227642004774047,12.0,0.8974026143110773,1.0,True,True,False,860444,201286,23649,0.23393271380821995,0.027484647461078236,preprocessed_green_images/d2dc86021c67_green_preprocessed.png,vessel_masks/d2dc86021c67_vessel_mask.png,vessel_skeletons/d2dc86021c67_skeleton.png,vessel_overlays/d2dc86021c67_overlay.png
d2fb715b0c41.png,False,0,,77.1702952093927,18.44412797047954,0.0,220.0,0.0006295162848066652,122.29542117083048,21.697862830286603,2.0,237.0,0.0003002129417377442,24.921374708597373,12.0,0.904127232612819,1.0,True,True,False,859390,183638,20630,0.21368412478618554,0.024005399178487066,preprocessed_green_images/d2fb715b0c41_green_preprocessed.png,vessel_masks/d2fb715b0c41_vessel_mask.png,vessel_skeletons/d2fb715b0c41_skeleton.png,vessel_overlays/d2fb715b0c41_overlay.png
d30d079e6f9a.png,False,0,,91.2666451939982,16.362223897330498,0.0,254.0,0.0004116240779155543,120.72621650031162,24.33160882795741,2.0,239.0,0.0003372061655240416,22.90847606891028,12.0,0.8983839528808267,1.0,False,True,False,860008,182065,17388,0.2117015190556367,0.02021841657286909,preprocessed_green_images/d30d079e6f9a_green_preprocessed.png,vessel_masks/d30d079e6f9a_vessel_mask.png,vessel_skeletons/d30d079e6f9a_skeleton.png,vessel_overlays/d30d079e6f9a_overlay.png
d332d7b8a26e.png,False,0,,94.87123443961796,17.379950547931106,0.0,210.0,0.0014244157118491485,121.30277917275119,21.456598324251043,2.0,236.0,0.001110835973497305,20.201353061499624,12.0,0.9019331761347881,1.0,False,True,False,864214,179091,19850,0.20722992221833944,0.022968847993668235,preprocessed_green_images/d332d7b8a26e_green_preprocessed.png,vessel_masks/d332d7b8a26e_vessel_mask.png,vessel_skeletons/d332d7b8a26e_skeleton.png,vessel_overlays/d332d7b8a26e_overlay.png
d38cf0f4a9af.png,False,0,,88.66129805409987,13.211950668284105,0.0,207.0,0.0008463959280366625,119.46726728743421,21.641238287432174,2.0,239.0,0.0006588225486359247,21.800997283472004,12.0,0.9004927774380542,1.0,True,True,False,863662,195753,24433,0.2266546403569915,0.02829000233887794,preprocessed_green_images/d38cf0f4a9af_green_preprocessed.png,vessel_masks/d38cf0f4a9af_vessel_mask.png,vessel_skeletons/d38cf0f4a9af_skeleton.png,vessel_overlays/d38cf0f4a9af_overlay.png
d39752cb6e57.png,False,0,,83.04373341255464,14.196968542023308,0.0,228.0,0.0008541047508416297,120.58594254985083,21.352491707796442,3.0,238.0,0.0006115668528444821,19.30795784807936,12.0,0.901907392929279,1.0,True,True,False,861721,195689,25132,0.22709090297207565,0.029164892117054128,preprocessed_green_images/d39752cb6e57_green_preprocessed.png,vessel_masks/d39752cb6e57_vessel_mask.png,vessel_skeletons/d39752cb6e57_skeleton.png,vessel_overlays/d39752cb6e57_overlay.png
d3dfd0a2dee6.png,False,0,,86.0231941701195,24.37682674193151,0.0,255.0,2.507038340747165e-05,119.5520308704505,22.94099407424233,4.0,238.0,1.5584292388428324e-05,20.675805716412988,12.0,0.9023927260974999,1.0,True,True,False,1475845,344820,60359,0.23364242179903716,0.040897926272745445,preprocessed_green_images/d3dfd0a2dee6_green_preprocessed.png,vessel_masks/d3dfd0a2dee6_vessel_mask.png,vessel_skeletons/d3dfd0a2dee6_skeleton.png,vessel_overlays/d3dfd0a2dee6_overlay.png
d3e56584a481.png,False,0,,66.19096953432764,11.753074503017045,0.0,195.0,4.3006313326796374e-05,115.67879874765616,29.85471430483176,23.0,227.0,1.2901893998038912e-05,14.25047066958699,11.816546531450117,0.8335292472549996,1.0,True,True,False,232524,63195,10094,0.27177839706868967,0.04341057267206826,preprocessed_green_images/d3e56584a481_green_preprocessed.png,vessel_masks/d3e56584a481_vessel_mask.png,vessel_skeletons/d3e56584a481_skeleton.png,vessel_overlays/d3e56584a481_overlay.png
d436c06f0490.png,False,0,,71.91625495620423,15.207202754039614,0.0,214.0,0.0013402365970533376,118.2145319275947,20.940028799868184,2.0,240.0,0.0011439627799805351,20.13394829300594,12.0,0.9043357871303698,1.0,True,True,False,861042,223983,35054,0.2601301678663759,0.04071113836491135,preprocessed_green_images/d436c06f0490_green_preprocessed.png,vessel_masks/d436c06f0490_vessel_mask.png,vessel_skeletons/d436c06f0490_skeleton.png,vessel_overlays/d436c06f0490_overlay.png
d4bc001f7224.png,False,0,,35.223049964818294,12.903976284457046,0.0,244.0,0.33254154670328734,124.75230856564022,27.915865180235524,7.0,242.0,0.001296454296076985,26.55833429418532,12.0,0.9241868904705163,1.0,True,True,False,1470935,408333,66426,0.2776009816885178,0.04515903150037221,preprocessed_green_images/d4bc001f7224_green_preprocessed.png,vessel_masks/d4bc001f7224_vessel_mask.png,vessel_skeletons/d4bc001f7224_skeleton.png,vessel_overlays/d4bc001f7224_overlay.png
d516f77d4516.png,False,0,,66.46356367167976,15.749723097655696,0.0,242.0,7.371873125329282e-05,120.04308149707188,22.87387415592961,5.0,238.0,1.826060315448538e-05,21.75557808609824,12.0,0.9038958379315118,1.0,True,True,False,1478593,368704,67232,0.24936138612856953,0.045470254491939296,preprocessed_green_images/d516f77d4516_green_preprocessed.png,vessel_masks/d516f77d4516_vessel_mask.png,vessel_skeletons/d516f77d4516_skeleton.png,vessel_overlays/d516f77d4516_overlay.png
d51c2153d151.png,False,0,,61.038817676854,13.73667788365536,0.0,201.0,0.0005594670852629568,121.16265273292898,20.01746611844242,7.0,244.0,1.00882781989714e-05,12.404136937421905,11.53598209258174,0.9350357116245295,1.0,True,True,False,3469373,903620,138018,0.2604562841758439,0.03978182801330384,preprocessed_green_images/d51c2153d151_green_preprocessed.png,vessel_masks/d51c2153d151_vessel_mask.png,vessel_skeletons/d51c2153d151_skeleton.png,vessel_overlays/d51c2153d151_overlay.png
d51e5d7484ea.png,False,0,,79.02135731021366,13.988590943262885,0.0,173.0,0.0007786761113541653,121.59329085235443,20.853133762101315,3.0,238.0,0.0004200905399556004,20.954408379316646,12.0,0.9034581096591219,1.0,True,True,False,861719,198504,26066,0.23035815619708977,0.030248839819012927,preprocessed_green_images/d51e5d7484ea_green_preprocessed.png,vessel_masks/d51e5d7484ea_vessel_mask.png,vessel_skeletons/d51e5d7484ea_skeleton.png,vessel_overlays/d51e5d7484ea_overlay.png
d56d32a1d62d.png,False,0,,90.26732192251687,15.566163423418798,0.0,255.0,2.5035591137671392e-05,118.27624135933787,23.157194298184084,4.0,237.0,2.029912794946329e-05,20.14612327599112,12.0,0.8983354839064581,1.0,False,True,False,1477896,352392,55974,0.2384416765455756,0.037874112928108605,preprocessed_green_images/d56d32a1d62d_green_preprocessed.png,vessel_masks/d56d32a1d62d_vessel_mask.png,vessel_skeletons/d56d32a1d62d_skeleton.png,vessel_overlays/d56d32a1d62d_overlay.png
d57d1be1bbd1.png,False,1,mean_S,70.8455177496388,29.63386746088511,6.0,255.0,0.09420914052970615,125.21824121427655,18.832295754479162,15.0,251.0,0.0016696064360212726,9.731225277801373,9.595110755597101,0.9647366857913697,1.0,True,True,False,5039511,1277423,210757,0.2534815381889235,0.04182092270460368,preprocessed_green_images/d57d1be1bbd1_green_preprocessed.png,vessel_masks/d57d1be1bbd1_vessel_mask.png,vessel_skeletons/d57d1be1bbd1_skeleton.png,vessel_overlays/d57d1be1bbd1_overlay.png
d5c63a8d9e94.png,False,0,,83.30589718162355,13.157729039957536,0.0,148.0,0.001182819117878757,121.19425458067266,21.192592509809252,2.0,238.0,0.0009186832130047545,20.13328264247108,12.0,0.9025943816499357,1.0,True,True,False,863192,190557,24508,0.22075853344331273,0.02839229279233357,preprocessed_green_images/d5c63a8d9e94_green_preprocessed.png,vessel_masks/d5c63a8d9e94_vessel_mask.png,vessel_skeletons/d5c63a8d9e94_skeleton.png,vessel_overlays/d5c63a8d9e94_overlay.png
d6130f2ec903.png,False,0,,36.45782997534989,16.10875105445287,0.0,236.0,0.28135249658769124,117.44054433964186,28.317950112698338,8.0,246.0,0.00043799784056878605,9.799565879124414,12.0,0.9135396587145155,1.0,True,True,False,392696,105198,18151,0.2678866094892741,0.046221504675372296,preprocessed_green_images/d6130f2ec903_green_preprocessed.png,vessel_masks/d6130f2ec903_vessel_mask.png,vessel_skeletons/d6130f2ec903_skeleton.png,vessel_overlays/d6130f2ec903_overlay.png
d667af5742f6.png,False,0,,95.09010066278258,14.577385940026263,0.0,248.0,0.0009036364415723737,119.09509267486813,21.67347501866765,2.0,239.0,0.000732177219325308,18.08446890234347,11.233787560937389,0.8995615650990801,1.0,False,True,False,863179,205918,27097,0.23855770355858982,0.03139209827857258,preprocessed_green_images/d667af5742f6_green_preprocessed.png,vessel_masks/d667af5742f6_vessel_mask.png,vessel_skeletons/d667af5742f6_skeleton.png,vessel_overlays/d667af5742f6_overlay.png
d6803e467592.png,False,0,,85.64244177935679,13.937991006037395,0.0,207.0,0.0006556797678614609,119.32323966258068,20.365816023400367,2.0,236.0,0.0004940849314558881,20.520726380526927,12.0,0.901002589747683,1.0,True,True,False,860176,214318,31001,0.24915598668179537,0.03604029872956232,preprocessed_green_images/d6803e467592_green_preprocessed.png,vessel_masks/d6803e467592_vessel_mask.png,vessel_skeletons/d6803e467592_skeleton.png,vessel_overlays/d6803e467592_overlay.png
d69698f838db.png,False,0,,81.73520989600844,14.63647395940924,0.0,233.0,0.0011106344992290482,120.68362335810427,23.640049366734594,3.0,239.0,0.0008277589065235285,20.575529902794816,12.0,0.9008199485470775,1.0,True,True,False,862570,201577,24114,0.23369349733934638,0.027955991977462697,preprocessed_green_images/d69698f838db_green_preprocessed.png,vessel_masks/d69698f838db_vessel_mask.png,vessel_skeletons/d69698f838db_skeleton.png,vessel_overlays/d69698f838db_overlay.png
d6b109c82067.png,False,0,,82.56876403114,12.178608080994753,0.0,163.0,0.0010883007094237105,121.17521409621784,21.18538347234299,2.0,239.0,0.0007568267979272449,20.636857098612523,12.0,0.9027504780291522,1.0,True,True,False,862813,187993,23089,0.2178838288250177,0.02676014385504159,preprocessed_green_images/d6b109c82067_green_preprocessed.png,vessel_masks/d6b109c82067_vessel_mask.png,vessel_skeletons/d6b109c82067_skeleton.png,vessel_overlays/d6b109c82067_overlay.png
d6dbb0820ea5.png,False,0,,80.27070720171947,14.402039872908714,0.0,218.0,0.0012263814451614098,120.79566446944817,23.570979014675324,2.0,239.0,0.0009357093557038897,21.46272168596112,12.0,0.9007882925075397,1.0,True,True,False,863516,203404,25218,0.23555324973712125,0.02920385956948105,preprocessed_green_images/d6dbb0820ea5_green_preprocessed.png,vessel_masks/d6dbb0820ea5_vessel_mask.png,vessel_skeletons/d6dbb0820ea5_skeleton.png,vessel_overlays/d6dbb0820ea5_overlay.png
d6df4fe492ec.png,False,0,,71.21576459383493,14.918958160085067,0.0,189.0,0.0005551813050245069,120.79197193895328,23.577268089640786,3.0,241.0,0.0003681850914074659,21.61531040329043,12.0,0.9022156142814652,1.0,True,True,False,860980,194532,24333,0.2259425306046598,0.028261980533810308,preprocessed_green_images/d6df4fe492ec_green_preprocessed.png,vessel_masks/d6df4fe492ec_vessel_mask.png,vessel_skeletons/d6df4fe492ec_skeleton.png,vessel_overlays/d6df4fe492ec_overlay.png
d6f36ec5564a.png,False,0,,92.52647817968683,39.016724599856616,0.0,255.0,2.5013216442742045e-05,119.2241089548667,24.609609821812697,4.0,237.0,1.352065753661732e-05,21.255142288948907,12.0,0.8980766809646306,1.0,False,True,False,1479218,344958,60622,0.23320294912582187,0.04098246505924076,preprocessed_green_images/d6f36ec5564a_green_preprocessed.png,vessel_masks/d6f36ec5564a_vessel_mask.png,vessel_skeletons/d6f36ec5564a_skeleton.png,vessel_overlays/d6f36ec5564a_overlay.png
d6f6bdfd8011.png,False,0,,91.57198314326489,10.522860774733768,0.0,178.0,0.0009189953089571949,118.5385821777411,20.51921621178812,3.0,236.0,0.0007060291416421775,20.209685074324664,12.0,0.90051902309483,1.0,False,True,False,863987,207260,30150,0.23988786868320935,0.034896358394281395,preprocessed_green_images/d6f6bdfd8011_green_preprocessed.png,vessel_masks/d6f6bdfd8011_vessel_mask.png,vessel_skeletons/d6f6bdfd8011_skeleton.png,vessel_overlays/d6f6bdfd8011_overlay.png
d7078e8b0349.png,False,0,,87.75057722494749,13.957187836549707,0.0,255.0,2.3691437305349458e-05,121.47604694153698,23.963585431220512,4.0,237.0,1.8276251635555298e-05,19.986315192662733,12.0,0.9001716528272468,1.0,True,True,False,1477327,332298,35875,0.22493192096265754,0.024283723237983196,preprocessed_green_images/d7078e8b0349_green_preprocessed.png,vessel_masks/d7078e8b0349_vessel_mask.png,vessel_skeletons/d7078e8b0349_skeleton.png,vessel_overlays/d7078e8b0349_overlay.png
d74ccc796517.png,False,0,,92.34686794045747,11.689148319187145,0.0,212.0,0.0012060655821353856,118.89423848555272,21.358133725989692,1.0,238.0,0.0010564670628128233,21.993579851554877,12.0,0.8998288379266564,1.0,False,True,False,862308,190356,24148,0.22075174995477254,0.028003915074428162,preprocessed_green_images/d74ccc796517_green_preprocessed.png,vessel_masks/d74ccc796517_vessel_mask.png,vessel_skeletons/d74ccc796517_skeleton.png,vessel_overlays/d74ccc796517_overlay.png
d774692d9919.png,False,0,,73.66022893654089,15.52558824372888,0.0,170.0,0.0011815182741493069,121.77048428349025,22.73446050900182,2.0,238.0,0.000810845874416191,22.373739937760007,12.0,0.9043606981086555,1.0,True,True,False,863296,192263,21312,0.2227080862184002,0.024686781822225518,preprocessed_green_images/d774692d9919_green_preprocessed.png,vessel_masks/d774692d9919_vessel_mask.png,vessel_skeletons/d774692d9919_skeleton.png,vessel_overlays/d774692d9919_overlay.png
d78b7401096f.png,False,1,mean_S,58.51656268991396,20.784458145201725,12.0,255.0,0.0026990254481421426,124.34370820796637,19.315894008498933,15.0,244.0,1.9731320797075205e-06,9.764625911203444,10.704378125377914,0.9441821611377614,1.0,True,True,False,4561276,1104818,143366,0.2422168708931448,0.031431117082149816,preprocessed_green_images/d78b7401096f_green_preprocessed.png,vessel_masks/d78b7401096f_vessel_mask.png,vessel_skeletons/d78b7401096f_skeleton.png,vessel_overlays/d78b7401096f_overlay.png
d7a01fca9838.png,False,0,,68.61262292612597,17.9200330112636,0.0,255.0,4.734135267155861e-05,116.88985388737062,31.497576362912277,27.0,227.0,8.60751866755611e-06,12.087277247568014,10.736011083371565,0.8338035251648223,1.0,True,True,False,232355,61325,8301,0.26392804114393925,0.03572550622969164,preprocessed_green_images/d7a01fca9838_green_preprocessed.png,vessel_masks/d7a01fca9838_vessel_mask.png,vessel_skeletons/d7a01fca9838_skeleton.png,vessel_overlays/d7a01fca9838_overlay.png
d7ab5c040294.png,False,0,,96.62021908373018,19.703505454855108,0.0,235.0,3.4352603712657643e-05,117.96372365047944,34.58338947633499,3.0,225.0,3.4352603712657643e-05,15.651446360977426,10.26057854439097,0.8234595758128928,1.0,False,True,False,232879,56196,7169,0.24130986477956365,0.030784227002005334,preprocessed_green_images/d7ab5c040294_green_preprocessed.png,vessel_masks/d7ab5c040294_vessel_mask.png,vessel_skeletons/d7ab5c040294_skeleton.png,vessel_overlays/d7ab5c040294_overlay.png
d7ac4a0c9760.png,False,0,,90.83785258378028,14.083665648895684,0.0,255.0,0.0007946528895942174,120.02052544395148,22.25180547158182,3.0,239.0,0.0005942520879910109,20.374992192318764,12.0,0.8997002110976609,1.0,False,True,False,863270,188952,22438,0.21887937725161305,0.025991868129322228,preprocessed_green_images/d7ac4a0c9760_green_preprocessed.png,vessel_masks/d7ac4a0c9760_vessel_mask.png,vessel_skeletons/d7ac4a0c9760_skeleton.png,vessel_overlays/d7ac4a0c9760_overlay.png
d7bc00091cfc.png,False,0,,84.63148778711594,24.209614914248174,0.0,253.0,0.0011519950354224,121.39567845560883,21.605253322298818,3.0,238.0,0.0007687685462517323,20.90655819312719,12.0,0.9057048265733214,1.0,True,True,False,863719,193661,22045,0.2242175985476758,0.025523347292348553,preprocessed_green_images/d7bc00091cfc_green_preprocessed.png,vessel_masks/d7bc00091cfc_vessel_mask.png,vessel_skeletons/d7bc00091cfc_skeleton.png,vessel_overlays/d7bc00091cfc_overlay.png
d7bc62d60e8c.png,False,1,mean_S,72.74131488883856,27.586727489114207,5.0,255.0,0.09334786120496508,126.1953854487975,21.043832966701945,15.0,251.0,0.0027596074616196803,9.828279876547958,9.465417293833534,0.9650210912044801,1.0,True,True,False,5037673,1245355,174376,0.24720838371208295,0.03461439438407376,preprocessed_green_images/d7bc62d60e8c_green_preprocessed.png,vessel_masks/d7bc62d60e8c_vessel_mask.png,vessel_skeletons/d7bc62d60e8c_skeleton.png,vessel_overlays/d7bc62d60e8c_overlay.png
d7e5fe5245e0.png,False,0,,67.50364359216779,7.895192047918799,0.0,160.0,2.362881551341238e-05,120.14938828742667,16.627557294417908,4.0,242.0,1.3543345477199778e-05,9.632482982910112,9.852669318304685,0.9314269705838156,1.0,True,True,False,3470339,905712,181168,0.2609866067839482,0.05220469815773041,preprocessed_green_images/d7e5fe5245e0_green_preprocessed.png,vessel_masks/d7e5fe5245e0_vessel_mask.png,vessel_skeletons/d7e5fe5245e0_skeleton.png,vessel_overlays/d7e5fe5245e0_overlay.png
d807c53c1399.png,False,0,,86.05076447914091,19.098209298416748,0.0,255.0,0.000987735138416397,123.66540965473376,22.426404038226927,2.0,238.0,0.00047587709371412786,21.657993685806083,12.0,0.903334933953073,1.0,True,True,False,861567,178275,19500,0.20691948507777108,0.02263317884737925,preprocessed_green_images/d807c53c1399_green_preprocessed.png,vessel_masks/d807c53c1399_vessel_mask.png,vessel_skeletons/d807c53c1399_skeleton.png,vessel_overlays/d807c53c1399_overlay.png
d838d5b9f571.png,False,0,,100.81263274925591,14.385729960463811,0.0,253.0,0.001155801591253894,117.72627074478558,21.032003890342345,1.0,239.0,0.0009936650954868148,22.687082515515822,12.0,0.8991817526235725,1.0,False,True,False,863470,200050,32701,0.2316814712728873,0.03787161105770901,preprocessed_green_images/d838d5b9f571_green_preprocessed.png,vessel_masks/d838d5b9f571_vessel_mask.png,vessel_skeletons/d838d5b9f571_skeleton.png,vessel_overlays/d838d5b9f571_overlay.png
d844a7252f4e.png,False,1,mean_B,122.10781149204304,13.457171339585223,0.0,240.0,0.0006603632291429081,121.18777633009938,14.868368901096904,2.0,240.0,0.00038999215904318794,6.6341812559718845,6.653672502388754,0.930909689272486,1.0,False,True,False,5107795,2136643,415217,0.41831024933459543,0.0812908505529294,preprocessed_green_images/d844a7252f4e_green_preprocessed.png,vessel_masks/d844a7252f4e_vessel_mask.png,vessel_skeletons/d844a7252f4e_skeleton.png,vessel_overlays/d844a7252f4e_overlay.png
d865997a6280.png,False,0,,84.91978244294211,31.49792178206375,0.0,255.0,1.8299191785696132e-05,117.0587837814941,22.783747780947458,7.0,236.0,1.0166217658720073e-05,21.097653737100543,12.0,0.9018267618890844,1.0,True,True,False,1475475,656707,138397,0.4450817533336722,0.09379826835425879,preprocessed_green_images/d865997a6280_green_preprocessed.png,vessel_masks/d865997a6280_vessel_mask.png,vessel_skeletons/d865997a6280_skeleton.png,vessel_overlays/d865997a6280_overlay.png
d866c26d76f0.png,False,0,,118.60500413441999,35.17909317827371,0.0,255.0,1.4862294089670975e-05,116.92826646201738,25.495176836011773,2.0,236.0,1.688897055644429e-05,19.614163696620068,11.845665478648026,0.894480808391043,1.0,False,True,False,1480256,571341,118256,0.3859744530675775,0.07988888408491504,preprocessed_green_images/d866c26d76f0_green_preprocessed.png,vessel_masks/d866c26d76f0_vessel_mask.png,vessel_skeletons/d866c26d76f0_skeleton.png,vessel_overlays/d866c26d76f0_overlay.png
d881c04f01fe.png,False,0,,60.30617968716416,18.48847899258787,0.0,244.0,0.008383805406485598,122.1225260164028,25.024061015829908,3.0,242.0,0.0002509564811254004,24.2631535695379,12.0,0.9066701920509256,1.0,True,True,False,860707,196321,21847,0.22809271912509135,0.02538262149604918,preprocessed_green_images/d881c04f01fe_green_preprocessed.png,vessel_masks/d881c04f01fe_vessel_mask.png,vessel_skeletons/d881c04f01fe_skeleton.png,vessel_overlays/d881c04f01fe_overlay.png
d88c4843aec3.png,False,0,,82.84187561213362,16.492254297647232,0.0,249.0,0.0011079184331231724,121.62507785529219,23.114121448681736,1.0,241.0,0.0007351391902123452,21.165112201703845,12.0,0.9033496559184532,1.0,True,True,False,863782,177887,18636,0.20593969311701332,0.02157488810834215,preprocessed_green_images/d88c4843aec3_green_preprocessed.png,vessel_masks/d88c4843aec3_vessel_mask.png,vessel_skeletons/d88c4843aec3_skeleton.png,vessel_overlays/d88c4843aec3_overlay.png
d8da9de62743.png,False,0,,88.01693373443715,13.483867819370246,0.0,255.0,0.0017196784989199864,118.92955228100752,22.21863008734323,1.0,239.0,0.0015157274100992871,23.472841167375062,12.0,0.900691154524319,1.0,True,True,False,862952,213038,30782,0.24687120488740974,0.035670581909538424,preprocessed_green_images/d8da9de62743_green_preprocessed.png,vessel_masks/d8da9de62743_vessel_mask.png,vessel_skeletons/d8da9de62743_skeleton.png,vessel_overlays/d8da9de62743_overlay.png
d911dd40c63b.png,False,0,,80.68782971535859,19.099823550474483,0.0,255.0,0.0004583297950428259,119.14260803612663,21.112857295225158,3.0,237.0,0.0002977980394186889,20.213604214972484,12.0,0.9038498201840461,1.0,True,True,False,859643,196939,27050,0.22909393783233273,0.03146655064951381,preprocessed_green_images/d911dd40c63b_green_preprocessed.png,vessel_masks/d911dd40c63b_vessel_mask.png,vessel_skeletons/d911dd40c63b_skeleton.png,vessel_overlays/d911dd40c63b_overlay.png
d97911a32918.png,False,0,,99.68821664187067,8.19336887189637,0.0,181.0,0.0009375083086818356,117.10619622476617,21.07219190429764,2.0,238.0,0.0007594857691787496,21.10046834541128,12.0,0.8983025187402937,1.0,False,True,False,865059,357742,69371,0.4135463592656686,0.08019221810304268,preprocessed_green_images/d97911a32918_green_preprocessed.png,vessel_masks/d97911a32918_vessel_mask.png,vessel_skeletons/d97911a32918_skeleton.png,vessel_overlays/d97911a32918_overlay.png
d99b0f7dd9b9.png,False,0,,87.81222658921016,13.374188982806082,0.0,176.0,0.0012958268590198226,120.75868117221424,21.486120262044377,3.0,238.0,0.0010088937688082905,20.94809110853836,12.0,0.9016050372846619,1.0,True,True,False,864313,183939,21541,0.21281526484039925,0.024922684259058928,preprocessed_green_images/d99b0f7dd9b9_green_preprocessed.png,vessel_masks/d99b0f7dd9b9_vessel_mask.png,vessel_skeletons/d99b0f7dd9b9_skeleton.png,vessel_overlays/d99b0f7dd9b9_overlay.png
d99dd99be001.png,False,0,,84.03360408096864,18.094151636936072,0.0,254.0,0.0005496293197610913,121.1904076320621,23.306750742018913,3.0,239.0,0.0004113504845569267,22.028832633792785,12.0,0.9004321358577129,1.0,True,True,False,860580,189947,22796,0.22071974714727277,0.026489111994236446,preprocessed_green_images/d99dd99be001_green_preprocessed.png,vessel_masks/d99dd99be001_vessel_mask.png,vessel_skeletons/d99dd99be001_skeleton.png,vessel_overlays/d99dd99be001_overlay.png
d9ad2a0ec026.png,False,0,,90.86291773577366,7.860683446776626,0.0,171.0,0.0006400122659338081,117.06774605335448,20.52663550667123,3.0,236.0,0.0005134036688616029,16.446046965824767,10.578418786329907,0.8985864882097322,1.0,False,True,False,860921,207968,36407,0.24156455702671906,0.04228843296887868,preprocessed_green_images/d9ad2a0ec026_green_preprocessed.png,vessel_masks/d9ad2a0ec026_vessel_mask.png,vessel_skeletons/d9ad2a0ec026_skeleton.png,vessel_overlays/d9ad2a0ec026_overlay.png
d9c9b9786da3.png,False,0,,81.69189957256283,15.915229835886647,0.0,209.0,0.0004651351617823608,121.3789575636661,21.669570897506357,2.0,239.0,0.00023662736409875714,22.481955172547224,12.0,0.9023278654331346,1.0,True,True,False,862115,201601,25585,0.23384467269447812,0.02967701524738579,preprocessed_green_images/d9c9b9786da3_green_preprocessed.png,vessel_masks/d9c9b9786da3_vessel_mask.png,vessel_skeletons/d9c9b9786da3_skeleton.png,vessel_overlays/d9c9b9786da3_overlay.png
d9e58e4d8689.png,False,0,,78.11878322977573,12.743173264420966,1.0,183.0,1.700027546209054e-05,120.26069317326565,17.647131444418903,7.0,242.0,1.1525610482773246e-05,12.688812109477169,10.131633001144136,0.9302723270397586,1.0,True,True,False,3470532,867599,140421,0.24999020323108964,0.04046094374003755,preprocessed_green_images/d9e58e4d8689_green_preprocessed.png,vessel_masks/d9e58e4d8689_vessel_mask.png,vessel_skeletons/d9e58e4d8689_skeleton.png,vessel_overlays/d9e58e4d8689_overlay.png
da0a83f074f3.png,False,0,,76.43238934935141,25.96965128362561,0.0,229.0,0.006488010071454045,119.77962678903656,38.58884722631613,4.0,227.0,3.007686788091279e-05,14.271026690995773,10.914420512011517,0.8254324962582292,1.0,True,True,False,232737,57042,7072,0.24509209966614676,0.030386229950545036,preprocessed_green_images/da0a83f074f3_green_preprocessed.png,vessel_masks/da0a83f074f3_vessel_mask.png,vessel_skeletons/da0a83f074f3_skeleton.png,vessel_overlays/da0a83f074f3_overlay.png
da2bdf4236ac.png,False,0,,93.16744743248988,35.83283711161655,0.0,230.0,3.864468785826846e-05,117.49129850445058,39.59462649257457,3.0,225.0,3.0056979445319914e-05,13.340798146898292,9.336319258759318,0.8229544493835333,1.0,False,True,False,232891,58266,8352,0.25018570919443,0.035862270332473134,preprocessed_green_images/da2bdf4236ac_green_preprocessed.png,vessel_masks/da2bdf4236ac_vessel_mask.png,vessel_skeletons/da2bdf4236ac_skeleton.png,vessel_overlays/da2bdf4236ac_overlay.png
da3a2275c850.png,False,0,,93.88919369924501,14.030144499344779,0.0,213.0,0.0012393558134839128,120.35753094327974,24.00178666738552,2.0,238.0,0.001103583687849439,23.19000135044598,12.0,0.8978206331344585,1.0,False,True,False,861738,192905,22558,0.22385574269673614,0.026177330000533804,preprocessed_green_images/da3a2275c850_green_preprocessed.png,vessel_masks/da3a2275c850_vessel_mask.png,vessel_skeletons/da3a2275c850_skeleton.png,vessel_overlays/da3a2275c850_overlay.png
da6389d129aa.png,False,0,,59.19754209958729,13.374672262017194,0.0,177.0,5.477119046912101e-05,119.19625555315011,17.078045125649226,4.0,243.0,1.9602320799474888e-05,13.08718807421354,11.97287148749988,0.935000658309695,1.0,True,True,False,3468977,943932,194018,0.2721067334836754,0.05592945701283116,preprocessed_green_images/da6389d129aa_green_preprocessed.png,vessel_masks/da6389d129aa_vessel_mask.png,vessel_skeletons/da6389d129aa_skeleton.png,vessel_overlays/da6389d129aa_overlay.png
da9262d9f5d9.png,False,0,,86.958137356944,11.216654033798577,0.0,191.0,0.0011126899976123528,119.3716940937024,21.989762718439042,2.0,240.0,0.0008611756960687271,19.967358493890973,12.0,0.9001250724337961,1.0,True,True,False,862774,214907,29907,0.24908840553841446,0.03466377058186733,preprocessed_green_images/da9262d9f5d9_green_preprocessed.png,vessel_masks/da9262d9f5d9_vessel_mask.png,vessel_skeletons/da9262d9f5d9_skeleton.png,vessel_overlays/da9262d9f5d9_overlay.png
da949aa67a4f.png,False,0,,105.74461888383446,12.955664271065828,0.0,255.0,2.435506436502288e-05,119.8814686374424,23.54632845906693,3.0,236.0,2.232547566793764e-05,19.27036760175814,11.708147040703256,0.8966422125163968,1.0,False,True,False,1478132,322868,38648,0.2184297478168391,0.026146514654983452,preprocessed_green_images/da949aa67a4f_green_preprocessed.png,vessel_masks/da949aa67a4f_vessel_mask.png,vessel_skeletons/da949aa67a4f_skeleton.png,vessel_overlays/da949aa67a4f_overlay.png
da9574d35b82.png,False,1,mean_S,68.739117589401,29.663043458575018,5.0,255.0,0.09442256118999753,125.64145963114966,18.63175965849271,21.0,234.0,0.00011567744920708366,9.617311402408726,9.736780775238957,0.9638032612411579,1.0,True,True,False,5039876,1300600,193608,0.2580619046976553,0.03841523085091776,preprocessed_green_images/da9574d35b82_green_preprocessed.png,vessel_masks/da9574d35b82_vessel_mask.png,vessel_skeletons/da9574d35b82_skeleton.png,vessel_overlays/da9574d35b82_overlay.png
da9fe02dead3.png,False,0,,38.658847437538135,14.148405757642513,0.0,190.0,0.21650180878974992,123.45144849003096,26.102822546360386,7.0,242.0,0.00013182408367679534,20.678294953876325,12.0,0.9218675448993244,1.0,True,True,False,857203,196330,23587,0.22903559600234716,0.027516235944111254,preprocessed_green_images/da9fe02dead3_green_preprocessed.png,vessel_masks/da9fe02dead3_vessel_mask.png,vessel_skeletons/da9fe02dead3_skeleton.png,vessel_overlays/da9fe02dead3_overlay.png
daad7b617f21.png,False,0,,47.302551856867915,16.94531767874279,0.0,255.0,0.03926560288382229,117.96803050823294,25.904605564852606,5.0,243.0,7.128091809822511e-05,8.93442747149011,11.369099712430007,0.9044386943186921,1.0,True,True,False,392812,104889,17852,0.2670208649430262,0.04544667678176838,preprocessed_green_images/daad7b617f21_green_preprocessed.png,vessel_masks/daad7b617f21_vessel_mask.png,vessel_skeletons/daad7b617f21_skeleton.png,vessel_overlays/daad7b617f21_overlay.png
daff5427c9b2.png,False,0,,108.89388205709251,26.81683919057788,0.0,246.0,1.418833597168819e-05,117.55611047714022,24.441090079230108,3.0,236.0,1.6890876156771652e-05,19.20038204142483,11.680152816569933,0.8952254404263219,1.0,False,True,False,1480089,587219,116757,0.39674573623613174,0.07888512109744752,preprocessed_green_images/daff5427c9b2_green_preprocessed.png,vessel_masks/daff5427c9b2_vessel_mask.png,vessel_skeletons/daff5427c9b2_skeleton.png,vessel_overlays/daff5427c9b2_overlay.png
db3cd58aa315.png,False,0,,85.21852086527089,21.473932792226282,0.0,255.0,2.8401464163100142e-05,120.82196271699226,25.326146272571954,5.0,237.0,1.893430944206676e-05,19.89711470409067,12.0,0.8988870020319215,1.0,True,True,False,1478797,331503,43239,0.22417072796333776,0.029239307355911594,preprocessed_green_images/db3cd58aa315_green_preprocessed.png,vessel_masks/db3cd58aa315_vessel_mask.png,vessel_skeletons/db3cd58aa315_skeleton.png,vessel_overlays/db3cd58aa315_overlay.png
db52626d450c.png,False,0,,85.89106642852761,15.031524899469467,0.0,238.0,0.001412166158711271,118.9377535677452,22.10516292801145,2.0,239.0,0.0010776448309509782,20.545581867701472,12.0,0.9013087046292303,1.0,True,True,False,863921,196849,25526,0.22785532473455328,0.029546683087921233,preprocessed_green_images/db52626d450c_green_preprocessed.png,vessel_masks/db52626d450c_vessel_mask.png,vessel_skeletons/db52626d450c_skeleton.png,vessel_overlays/db52626d450c_overlay.png
db6207e62c7b.png,False,0,,93.94429400099123,20.066775407351415,0.0,242.0,2.5017563005380128e-05,118.84872893876174,24.17396204081366,2.0,237.0,2.4341412653883367e-05,20.448819209537746,12.0,0.8979895932769469,1.0,False,True,False,1478961,335360,38864,0.2267537818779535,0.02627790726057009,preprocessed_green_images/db6207e62c7b_green_preprocessed.png,vessel_masks/db6207e62c7b_vessel_mask.png,vessel_skeletons/db6207e62c7b_skeleton.png,vessel_overlays/db6207e62c7b_overlay.png
dc0f6e5b489b.png,False,0,,71.32743892044302,16.812713944990715,0.0,246.0,3.179465254533106e-05,118.85151085482967,24.069934740891235,4.0,237.0,1.8941495133388713e-05,21.017148974385353,12.0,0.9017458776850121,1.0,True,True,False,1478236,369277,61868,0.24980923208472802,0.04185258646116046,preprocessed_green_images/dc0f6e5b489b_green_preprocessed.png,vessel_masks/dc0f6e5b489b_vessel_mask.png,vessel_skeletons/dc0f6e5b489b_skeleton.png,vessel_overlays/dc0f6e5b489b_overlay.png
dccdf750c962.png,False,0,,84.76831311698463,14.308085558825262,0.0,236.0,0.0009483831745939844,119.70577888428915,21.996376331236586,4.0,239.0,0.0006623628520973858,20.25162488749822,12.0,0.9016661808515839,1.0,True,True,False,863575,196987,24448,0.22810641808760096,0.028310222042092464,preprocessed_green_images/dccdf750c962_green_preprocessed.png,vessel_masks/dccdf750c962_vessel_mask.png,vessel_skeletons/dccdf750c962_skeleton.png,vessel_overlays/dccdf750c962_overlay.png
dce73d90c00c.png,False,0,,85.91145326150566,16.102020214495784,0.0,249.0,0.001265234276514985,119.43929998080175,21.575546907979383,2.0,238.0,0.0008951474680279694,21.24853169749551,12.0,0.9022158317820981,1.0,True,True,False,864662,204256,26101,0.23622640985726215,0.030186361838498744,preprocessed_green_images/dce73d90c00c_green_preprocessed.png,vessel_masks/dce73d90c00c_vessel_mask.png,vessel_skeletons/dce73d90c00c_skeleton.png,vessel_overlays/dce73d90c00c_overlay.png
dcf109df1a2b.png,False,0,,92.42486111186243,15.84802618503364,0.0,255.0,2.5018797907617074e-05,122.11416483195482,25.459215432216528,3.0,237.0,2.2990246725918394e-05,20.058876174256852,12.0,0.8972901408543281,1.0,False,True,False,1478888,302459,29816,0.20451785395513386,0.020161094011175964,preprocessed_green_images/dcf109df1a2b_green_preprocessed.png,vessel_masks/dcf109df1a2b_vessel_mask.png,vessel_skeletons/dcf109df1a2b_skeleton.png,vessel_overlays/dcf109df1a2b_overlay.png
dd02d60bef14.png,False,0,,96.23077677805964,27.69880050783396,0.0,255.0,1.8269647822088817e-05,120.04181110402128,25.836725822451278,2.0,237.0,1.8269647822088817e-05,20.268111081690147,12.0,0.8989180005562909,1.0,False,True,False,1477861,334292,43816,0.22619989295339685,0.02964825514713495,preprocessed_green_images/dd02d60bef14_green_preprocessed.png,vessel_masks/dd02d60bef14_vessel_mask.png,vessel_skeletons/dd02d60bef14_skeleton.png,vessel_overlays/dd02d60bef14_overlay.png
dd285d9e97fe.png,False,0,,94.61930578880984,22.619935552879763,0.0,255.0,0.0008188096250200347,121.81061804447356,26.076609163149776,2.0,239.0,0.0007351865143796907,23.991527093968184,12.0,0.8976891858521485,1.0,False,True,False,861006,182185,18185,0.21159550572237593,0.021120642597147986,preprocessed_green_images/dd285d9e97fe_green_preprocessed.png,vessel_masks/dd285d9e97fe_vessel_mask.png,vessel_skeletons/dd285d9e97fe_skeleton.png,vessel_overlays/dd285d9e97fe_overlay.png
dd3176bacfe2.png,False,0,,40.9195428344468,23.104216880202717,0.0,250.0,0.39583418201075443,118.62968215333224,30.076950299890864,14.0,245.0,8.911112921622943e-05,6.962071629179203,11.14753595527641,0.9199404137028184,1.0,True,True,False,392768,110087,18139,0.2802850537722014,0.04618247922437673,preprocessed_green_images/dd3176bacfe2_green_preprocessed.png,vessel_masks/dd3176bacfe2_vessel_mask.png,vessel_skeletons/dd3176bacfe2_skeleton.png,vessel_overlays/dd3176bacfe2_overlay.png
dd90c321d7bc.png,False,0,,80.43292180011895,12.0601306664375,0.0,250.0,0.00020501106586132728,121.19299186924759,25.056778404872507,3.0,239.0,2.368114622160546e-05,20.821229308638305,12.0,0.9002457088859831,1.0,True,True,False,1477969,312127,32705,0.2111864321917442,0.022128339633645903,preprocessed_green_images/dd90c321d7bc_green_preprocessed.png,vessel_masks/dd90c321d7bc_vessel_mask.png,vessel_skeletons/dd90c321d7bc_skeleton.png,vessel_overlays/dd90c321d7bc_overlay.png
ddb222ff7c1d.png,False,0,,86.46920515542652,20.94857006802583,0.0,245.0,2.3697195876958744e-05,120.47172856825605,23.165592322573897,5.0,237.0,1.2864192047491888e-05,20.519748946102794,12.0,0.9006625120006454,1.0,True,True,False,1476968,353961,49986,0.23965380428011981,0.03384365808873314,preprocessed_green_images/ddb222ff7c1d_green_preprocessed.png,vessel_masks/ddb222ff7c1d_vessel_mask.png,vessel_skeletons/ddb222ff7c1d_skeleton.png,vessel_overlays/ddb222ff7c1d_overlay.png
de18071c36e6.png,False,0,,75.32333555474342,17.98490614037071,0.0,255.0,6.0193047702990305e-05,118.91937571210525,27.08478772709952,16.0,228.0,1.71980136294258e-05,14.231699640146019,10.997272251192324,0.8369904545986163,1.0,True,True,False,232585,53508,7564,0.23005782832082894,0.03252144377324419,preprocessed_green_images/de18071c36e6_green_preprocessed.png,vessel_masks/de18071c36e6_vessel_mask.png,vessel_skeletons/de18071c36e6_skeleton.png,vessel_overlays/de18071c36e6_overlay.png
de2eb5c8aa83.png,False,1,mean_G,29.930181059424108,12.767662541511454,0.0,230.0,0.5175190057306239,126.05737765124671,32.38063987924306,1.0,243.0,0.011040938663416638,29.665648207922878,12.0,0.9361904973132243,1.0,True,True,False,1470346,376166,49962,0.25583502114468293,0.03397975714559702,preprocessed_green_images/de2eb5c8aa83_green_preprocessed.png,vessel_masks/de2eb5c8aa83_vessel_mask.png,vessel_skeletons/de2eb5c8aa83_skeleton.png,vessel_overlays/de2eb5c8aa83_overlay.png
de4cdabbce6d.png,False,0,,97.68449795443789,18.46343635693545,0.0,255.0,2.9034220542588813e-05,119.19530712466012,23.22447738239046,3.0,236.0,2.025643293668987e-05,19.5810111163108,11.83240444652432,0.8994832321972197,1.0,False,True,False,1481011,331114,49318,0.22357295117997097,0.0333002253190557,preprocessed_green_images/de4cdabbce6d_green_preprocessed.png,vessel_masks/de4cdabbce6d_vessel_mask.png,vessel_skeletons/de4cdabbce6d_skeleton.png,vessel_overlays/de4cdabbce6d_overlay.png
de55ed25e0e8.png,False,0,,80.58645635894005,19.382266161180493,0.0,253.0,0.0006945218716319174,121.58432285278924,21.512997081891548,3.0,238.0,0.000407654142044821,21.307987566215726,12.0,0.9042457565739905,1.0,True,True,False,861024,187473,22741,0.21773260675660608,0.026411575054818448,preprocessed_green_images/de55ed25e0e8_green_preprocessed.png,vessel_masks/de55ed25e0e8_vessel_mask.png,vessel_skeletons/de55ed25e0e8_skeleton.png,vessel_overlays/de55ed25e0e8_overlay.png
de6210f88536.png,False,0,,88.6372154309582,14.253105502008218,0.0,212.0,0.0007446612313356229,120.1085581525906,21.596226077435848,2.0,237.0,0.0005729947792520215,19.35370601123279,11.862618810630167,0.9003406757107402,1.0,True,True,False,862137,194856,24314,0.2260151228865018,0.028202014297031678,preprocessed_green_images/de6210f88536_green_preprocessed.png,vessel_masks/de6210f88536_vessel_mask.png,vessel_skeletons/de6210f88536_skeleton.png,vessel_overlays/de6210f88536_overlay.png
dea7538bb91a.png,False,0,,46.18900149433451,16.609406085058087,0.0,227.0,0.04474857249049812,118.327730215342,24.87335391211209,3.0,240.0,0.00011201144553316175,10.025664135220403,11.904576632369537,0.9053927426277818,1.0,True,True,False,392817,103291,18550,0.26294941410376843,0.04722300715091251,preprocessed_green_images/dea7538bb91a_green_preprocessed.png,vessel_masks/dea7538bb91a_vessel_mask.png,vessel_skeletons/dea7538bb91a_skeleton.png,vessel_overlays/dea7538bb91a_overlay.png
dec5595e6154.png,False,0,,84.23837252532763,13.398235196335692,0.0,190.0,0.0004670508411562413,121.128986197602,22.021103724126412,3.0,239.0,0.00033344176968119716,20.111024070736015,12.0,0.9001869096844087,1.0,True,True,False,860720,199220,23015,0.23145738451528952,0.026739241565201226,preprocessed_green_images/dec5595e6154_green_preprocessed.png,vessel_masks/dec5595e6154_vessel_mask.png,vessel_skeletons/dec5595e6154_skeleton.png,vessel_overlays/dec5595e6154_overlay.png
dee1031a76ae.png,False,0,,57.845721446382136,33.584095682966804,0.0,216.0,0.11352678537317158,121.20250572434995,27.09925293182433,1.0,246.0,0.001135955539820845,9.366504913405839,10.604760059017256,0.9180113499040926,1.0,True,True,False,392621,101120,15183,0.25755117530646604,0.03867088107869931,preprocessed_green_images/dee1031a76ae_green_preprocessed.png,vessel_masks/dee1031a76ae_vessel_mask.png,vessel_skeletons/dee1031a76ae_skeleton.png,vessel_overlays/dee1031a76ae_overlay.png
dee31065f8fe.png,False,0,,73.25894908127479,16.37979803620533,0.0,155.0,0.0016318469772584508,122.3270902823976,23.898109583187143,4.0,241.0,0.0005250189493594305,22.399009015887522,12.0,0.9035397495899545,1.0,True,True,False,862826,188215,20637,0.2181378400743603,0.023917916242672334,preprocessed_green_images/dee31065f8fe_green_preprocessed.png,vessel_masks/dee31065f8fe_vessel_mask.png,vessel_skeletons/dee31065f8fe_skeleton.png,vessel_overlays/dee31065f8fe_overlay.png
df0886f1e76b.png,False,0,,97.65727088314281,21.566671371118073,0.0,255.0,1.96027138267404e-05,119.80923720432855,25.985468410123183,6.0,237.0,1.6898891229948622e-05,19.49543444847666,11.798173779390664,0.896054815083421,1.0,False,True,False,1479387,336722,42797,0.22760913810923036,0.028928873918724445,preprocessed_green_images/df0886f1e76b_green_preprocessed.png,vessel_masks/df0886f1e76b_vessel_mask.png,vessel_skeletons/df0886f1e76b_skeleton.png,vessel_overlays/df0886f1e76b_overlay.png
df6d13d04da1.png,False,0,,91.13425884034366,15.795852847024051,0.0,253.0,0.0008596148090402244,120.9842229940581,23.465557041367905,2.0,241.0,0.000715765637217029,20.602788169502904,12.0,0.8992196944413479,1.0,False,True,False,862014,185963,20134,0.21573083499803947,0.023356929237808202,preprocessed_green_images/df6d13d04da1_green_preprocessed.png,vessel_masks/df6d13d04da1_vessel_mask.png,vessel_skeletons/df6d13d04da1_skeleton.png,vessel_overlays/df6d13d04da1_overlay.png
df9cb3729eb1.png,False,0,,71.63722156699951,14.822992846074197,0.0,255.0,3.247919808859919e-05,121.21145649580579,24.53385374740376,2.0,238.0,2.0976148765553645e-05,20.75531635163142,12.0,0.9022313616009323,1.0,True,True,False,1477869,366641,51925,0.24808761805004367,0.035135049182302355,preprocessed_green_images/df9cb3729eb1_green_preprocessed.png,vessel_masks/df9cb3729eb1_vessel_mask.png,vessel_skeletons/df9cb3729eb1_skeleton.png,vessel_overlays/df9cb3729eb1_overlay.png
dfc7ec7db0e0.png,False,0,,78.05519246340124,19.445411161379095,0.0,253.0,0.0009132239481056129,123.01464997347578,22.943862436361666,3.0,238.0,0.0003047957635715549,21.092197024764673,12.0,0.9046913619746872,1.0,True,True,False,859592,182589,19155,0.21241356364414746,0.022283827676386005,preprocessed_green_images/dfc7ec7db0e0_green_preprocessed.png,vessel_masks/dfc7ec7db0e0_vessel_mask.png,vessel_skeletons/dfc7ec7db0e0_skeleton.png,vessel_overlays/dfc7ec7db0e0_overlay.png
dfea19863428.png,False,0,,36.929067342870454,16.708642831430968,0.0,199.0,0.29600209786114906,118.96277824029167,26.406821297794888,3.0,241.0,0.00018076230774910192,8.228831265508742,12.0,0.9137997887550039,1.0,True,True,False,392781,110832,18618,0.28217250834434454,0.047400459798208165,preprocessed_green_images/dfea19863428_green_preprocessed.png,vessel_masks/dfea19863428_vessel_mask.png,vessel_skeletons/dfea19863428_skeleton.png,vessel_overlays/dfea19863428_overlay.png
e01b7bac822b.png,False,0,,43.99465844554712,15.598335718014798,0.0,180.0,0.0940837743880148,121.37170955355874,25.871780122147218,3.0,242.0,0.00018278641000505283,21.86017018257489,12.0,0.9157675384858966,1.0,True,True,False,858926,216433,27431,0.25198096227148786,0.03193639498629684,preprocessed_green_images/e01b7bac822b_green_preprocessed.png,vessel_masks/e01b7bac822b_vessel_mask.png,vessel_skeletons/e01b7bac822b_skeleton.png,vessel_overlays/e01b7bac822b_overlay.png
e0313be77035.png,False,0,,99.32951318657315,31.81482695647063,0.0,255.0,2.2316311397751732e-05,119.36931398982512,24.59159902772482,3.0,236.0,2.0287555816137938e-05,19.487784292736286,11.795113717094514,0.8971644508452707,1.0,False,True,False,1478739,335898,43233,0.22715164745097005,0.029236396686636384,preprocessed_green_images/e0313be77035_green_preprocessed.png,vessel_masks/e0313be77035_vessel_mask.png,vessel_skeletons/e0313be77035_skeleton.png,vessel_overlays/e0313be77035_overlay.png
e03a74e7d74f.png,False,1,mean_G,30.82491126984968,18.459488804279676,0.0,246.0,0.6353975232980315,122.79884436874254,30.776143646452873,1.0,244.0,0.005248424046583838,28.702634910573295,12.0,0.9351116106284474,1.0,True,True,False,1472442,405375,72952,0.2753079578007147,0.049544905673703954,preprocessed_green_images/e03a74e7d74f_green_preprocessed.png,vessel_masks/e03a74e7d74f_vessel_mask.png,vessel_skeletons/e03a74e7d74f_skeleton.png,vessel_overlays/e03a74e7d74f_overlay.png
e04f3c6619a3.png,False,0,,89.53989485383707,13.248716705422275,0.0,193.0,0.0009056707311401918,120.00648850879396,20.82806762478635,2.0,238.0,0.0007336049182919911,21.25837150089943,12.0,0.9001414123565322,1.0,True,True,False,860136,193479,24807,0.22494000948687184,0.028840787968414296,preprocessed_green_images/e04f3c6619a3_green_preprocessed.png,vessel_masks/e04f3c6619a3_vessel_mask.png,vessel_skeletons/e04f3c6619a3_skeleton.png,vessel_overlays/e04f3c6619a3_overlay.png
e067b06fd655.png,False,0,,71.93760441610515,14.328113465038632,0.0,171.0,0.000990792819884539,119.88258524994895,20.272872748162836,3.0,237.0,0.0005777691151083143,20.095532315232237,12.0,0.9056167881178389,1.0,True,True,False,861936,210600,26383,0.24433368602773292,0.03060900113233465,preprocessed_green_images/e067b06fd655_green_preprocessed.png,vessel_masks/e067b06fd655_vessel_mask.png,vessel_skeletons/e067b06fd655_skeleton.png,vessel_overlays/e067b06fd655_overlay.png
e06cccc08c59.png,False,0,,86.9662183155415,24.225801843446014,0.0,254.0,0.0007825469991931071,120.701069364966,22.284738129237088,2.0,238.0,0.0006028510216006159,21.68125142598688,12.0,0.902944841511608,1.0,True,True,False,862568,185729,23648,0.21532099498242457,0.027415809536175697,preprocessed_green_images/e06cccc08c59_green_preprocessed.png,vessel_masks/e06cccc08c59_vessel_mask.png,vessel_skeletons/e06cccc08c59_skeleton.png,vessel_overlays/e06cccc08c59_overlay.png
e087bd4b88f2.png,False,0,,92.9369380044418,18.823366146280037,0.0,255.0,3.317805102648827e-05,119.12360110503224,23.67697728594126,3.0,237.0,2.2344401711716593e-05,19.88499199196282,11.953996796785129,0.9001716590685782,1.0,False,True,False,1476880,340567,50509,0.23059896538649044,0.03419979957748768,preprocessed_green_images/e087bd4b88f2_green_preprocessed.png,vessel_masks/e087bd4b88f2_vessel_mask.png,vessel_skeletons/e087bd4b88f2_skeleton.png,vessel_overlays/e087bd4b88f2_overlay.png
e0d229db881a.png,False,0,,84.38986066952455,13.869403280281793,0.0,169.0,0.0005246802874597929,120.60838188367188,21.80445254176392,3.0,239.0,0.0003540431143257452,19.867306487774503,12.0,0.9011902226671398,1.0,True,True,False,861477,201365,24508,0.23374390726624159,0.028448815232443813,preprocessed_green_images/e0d229db881a_green_preprocessed.png,vessel_masks/e0d229db881a_vessel_mask.png,vessel_skeletons/e0d229db881a_skeleton.png,vessel_overlays/e0d229db881a_overlay.png
e12df54e0d1e.png,False,0,,81.50862340052626,14.352752478975178,0.0,237.0,0.0008693923040283385,121.38074758489292,24.718745842731153,3.0,239.0,0.0005734289664867764,19.874847473106048,12.0,0.9002989505609199,1.0,True,True,False,864972,182725,20823,0.21124961270422626,0.024073611631359165,preprocessed_green_images/e12df54e0d1e_green_preprocessed.png,vessel_masks/e12df54e0d1e_vessel_mask.png,vessel_skeletons/e12df54e0d1e_skeleton.png,vessel_overlays/e12df54e0d1e_overlay.png
e12f9f19d1be.png,False,0,,84.29570349751282,15.158885193689683,0.0,171.0,3.4365146868046425e-05,116.09747673909122,33.859516525785395,9.0,226.0,2.577386015103482e-05,13.729854549731847,9.9989903978916,0.8256263821382052,1.0,True,True,False,232794,95263,17720,0.40921587326133835,0.07611880031272283,preprocessed_green_images/e12f9f19d1be_green_preprocessed.png,vessel_masks/e12f9f19d1be_vessel_mask.png,vessel_skeletons/e12f9f19d1be_skeleton.png,vessel_overlays/e12f9f19d1be_overlay.png
e135d7ba9a0e.png,False,0,,94.81427337203,14.433137589747666,0.0,207.0,0.0008407954898154883,119.78606966326488,21.491042775010722,3.0,238.0,0.000652021846785289,19.459363031005225,11.78374521240209,0.9000090733866035,1.0,False,True,False,863468,189197,22614,0.21911292601462937,0.02618973719929401,preprocessed_green_images/e135d7ba9a0e_green_preprocessed.png,vessel_masks/e135d7ba9a0e_vessel_mask.png,vessel_skeletons/e135d7ba9a0e_skeleton.png,vessel_overlays/e135d7ba9a0e_overlay.png
e160a3b19911.png,False,0,,78.68487664003645,21.953876500915236,0.0,255.0,6.876012600293091e-05,118.38243092830467,36.9877045207733,4.0,227.0,3.4380063001465454e-05,17.80531335167252,12.0,0.827528741811445,1.0,True,True,False,232693,60189,8185,0.2586627014994005,0.03517510195837434,preprocessed_green_images/e160a3b19911_green_preprocessed.png,vessel_masks/e160a3b19911_vessel_mask.png,vessel_skeletons/e160a3b19911_skeleton.png,vessel_overlays/e160a3b19911_overlay.png
e16af45285e5.png,False,0,,84.90922181855254,12.300317405079142,0.0,208.0,0.0009210001946264562,118.25533948414721,20.27684005974444,3.0,236.0,0.0006302190011028833,20.394512192000477,12.0,0.902194853370682,1.0,True,True,False,863192,215169,32711,0.2492713092799748,0.03789539291374341,preprocessed_green_images/e16af45285e5_green_preprocessed.png,vessel_masks/e16af45285e5_vessel_mask.png,vessel_skeletons/e16af45285e5_skeleton.png,vessel_overlays/e16af45285e5_overlay.png
e1ab92228e60.png,False,0,,79.97837724785676,8.510091272889113,0.0,171.0,1.930139883287034e-05,119.6432136425744,16.524894395017313,6.0,242.0,1.094706202461303e-05,11.492647829545295,9.48787004311974,0.9291126819193966,1.0,True,True,False,3471251,1477916,289284,0.4257588978728418,0.08333710238758303,preprocessed_green_images/e1ab92228e60_green_preprocessed.png,vessel_masks/e1ab92228e60_vessel_mask.png,vessel_skeletons/e1ab92228e60_skeleton.png,vessel_overlays/e1ab92228e60_overlay.png
e1b8acb1cea1.png,False,0,,84.69576416115034,22.618915815085877,0.0,255.0,0.0005514385099526508,120.70603441255511,22.20765845902228,3.0,239.0,0.00032923438463417756,21.173377724139474,12.0,0.90460499847311,1.0,True,True,False,859570,187703,23003,0.21836848656886582,0.02676105494607769,preprocessed_green_images/e1b8acb1cea1_green_preprocessed.png,vessel_masks/e1b8acb1cea1_vessel_mask.png,vessel_skeletons/e1b8acb1cea1_skeleton.png,vessel_overlays/e1b8acb1cea1_overlay.png
e1c02f6c3362.png,False,0,,80.00644627237735,18.98534263864281,0.0,244.0,2.5043267320634365e-05,120.20405863373409,23.461117612548335,5.0,237.0,1.759797163071604e-05,21.659009167764996,12.0,0.9005458752846397,1.0,True,True,False,1477443,371679,54898,0.2515690960666503,0.0371574402531942,preprocessed_green_images/e1c02f6c3362_green_preprocessed.png,vessel_masks/e1c02f6c3362_vessel_mask.png,vessel_skeletons/e1c02f6c3362_skeleton.png,vessel_overlays/e1c02f6c3362_overlay.png
e1dc02a3dc2a.png,False,0,,84.47026291721176,17.61066529773433,0.0,237.0,0.0010963566690206884,120.59343343714183,22.833772441594757,3.0,240.0,0.0007513574215358255,21.41968903299954,12.0,0.9022439685016297,1.0,True,True,False,863770,201866,24928,0.23370341641872258,0.028859534366787454,preprocessed_green_images/e1dc02a3dc2a_green_preprocessed.png,vessel_masks/e1dc02a3dc2a_vessel_mask.png,vessel_skeletons/e1dc02a3dc2a_skeleton.png,vessel_overlays/e1dc02a3dc2a_overlay.png
e2265c383348.png,False,0,,69.76136358748252,17.259850324993483,0.0,253.0,7.312614259597807e-05,120.65869878481557,30.658486966641014,19.0,227.0,1.720615119905366e-05,13.48212922583797,11.191841593670075,0.8333895956699708,1.0,True,True,False,232475,51794,5946,0.22279384880094633,0.025576943757393267,preprocessed_green_images/e2265c383348_green_preprocessed.png,vessel_masks/e2265c383348_vessel_mask.png,vessel_skeletons/e2265c383348_skeleton.png,vessel_overlays/e2265c383348_overlay.png
e246cd89e1cc.png,False,0,,70.17552144551163,11.79441138992216,0.0,187.0,0.0008635698703370125,119.90525769156761,22.170005472126334,3.0,239.0,0.0005610306271719652,20.205121617111683,12.0,0.9026909397536371,1.0,True,True,False,862698,207724,29835,0.24078414462534978,0.03458336521007351,preprocessed_green_images/e246cd89e1cc_green_preprocessed.png,vessel_masks/e246cd89e1cc_vessel_mask.png,vessel_skeletons/e246cd89e1cc_skeleton.png,vessel_overlays/e246cd89e1cc_overlay.png
e251bdf05b85.png,False,0,,36.187693608869324,21.672995876919074,0.0,228.0,0.5450955816418032,120.02976991114372,25.960525465420403,4.0,248.0,0.0003362680361946686,8.408216168381632,12.0,0.9255168034087266,1.0,True,True,False,392544,108887,19676,0.2773880125540067,0.05012431727398712,preprocessed_green_images/e251bdf05b85_green_preprocessed.png,vessel_masks/e251bdf05b85_vessel_mask.png,vessel_skeletons/e251bdf05b85_skeleton.png,vessel_overlays/e251bdf05b85_overlay.png
e29e54ff921e.png,False,0,,78.66644476042244,13.279732657041201,0.0,209.0,0.0009394288736363784,119.999135957394,21.141333655906948,3.0,237.0,0.0006204869720931635,20.40659660710175,12.0,0.9035538924337312,1.0,True,True,False,862226,195678,27588,0.2269451396733571,0.03199625156281532,preprocessed_green_images/e29e54ff921e_green_preprocessed.png,vessel_masks/e29e54ff921e_vessel_mask.png,vessel_skeletons/e29e54ff921e_skeleton.png,vessel_overlays/e29e54ff921e_overlay.png
e2c39ed0c941.png,False,0,,82.71737665990703,13.064735706422367,0.0,194.0,0.0013704776845188198,120.78464021482412,21.79187064366808,2.0,237.0,0.0010400325575409318,19.675931140554024,12.0,0.9017053821273037,1.0,True,True,False,862473,197516,25157,0.22901122701812116,0.029168449331167468,preprocessed_green_images/e2c39ed0c941_green_preprocessed.png,vessel_masks/e2c39ed0c941_vessel_mask.png,vessel_skeletons/e2c39ed0c941_skeleton.png,vessel_overlays/e2c39ed0c941_overlay.png
e2c3b037413b.png,False,0,,76.39931362172086,16.52388816035327,0.0,187.0,1.3820856363295031e-05,121.66559689399288,18.0359880293757,3.0,242.0,1.1805314810314505e-05,10.708574771001055,9.4923798086919,0.9303462155754701,1.0,True,True,False,3473012,885706,146923,0.2550253209605956,0.042304201655508245,preprocessed_green_images/e2c3b037413b_green_preprocessed.png,vessel_masks/e2c3b037413b_vessel_mask.png,vessel_skeletons/e2c3b037413b_skeleton.png,vessel_overlays/e2c3b037413b_overlay.png
e2ec22b3d07e.png,False,0,,36.95532919153402,20.12331568694405,0.0,255.0,0.46023643407890813,119.39026906412147,30.573131755511426,4.0,247.0,0.001102951477776674,9.429402080310702,12.0,0.9256772132325306,1.0,True,True,False,392583,106009,16159,0.2700295224194629,0.04116072270067731,preprocessed_green_images/e2ec22b3d07e_green_preprocessed.png,vessel_masks/e2ec22b3d07e_vessel_mask.png,vessel_skeletons/e2ec22b3d07e_skeleton.png,vessel_overlays/e2ec22b3d07e_overlay.png
e30a890600e1.png,False,0,,40.71116724898392,17.663367366762195,0.0,229.0,0.17270629819396766,120.50908618634831,26.193530585931896,14.0,244.0,0.0004762098786810769,8.820842657519607,11.909566640875939,0.9135430894911666,1.0,True,True,False,392684,106822,17737,0.27203043668700533,0.04516863432174471,preprocessed_green_images/e30a890600e1_green_preprocessed.png,vessel_masks/e30a890600e1_vessel_mask.png,vessel_skeletons/e30a890600e1_skeleton.png,vessel_overlays/e30a890600e1_overlay.png
e322acd46152.png,False,0,,42.25814760944662,14.029338930891708,0.0,248.0,0.0989402002100333,120.59430332172813,24.688730727384076,8.0,239.0,9.497629662996963e-06,27.13881281970262,12.0,0.9149683084687172,1.0,True,True,False,1474052,382065,55839,0.25919370551378107,0.03788129591086339,preprocessed_green_images/e322acd46152_green_preprocessed.png,vessel_masks/e322acd46152_vessel_mask.png,vessel_skeletons/e322acd46152_skeleton.png,vessel_overlays/e322acd46152_overlay.png
e33766353db2.png,False,0,,91.11992680946838,25.357535247690702,0.0,255.0,4.295218991740294e-05,117.8672390761843,34.82127530770291,4.0,225.0,3.865697092566265e-05,20.390100468424748,12.0,0.8266727360656518,1.0,False,True,False,232817,54890,7122,0.23576457045662474,0.030590549659174373,preprocessed_green_images/e33766353db2_green_preprocessed.png,vessel_masks/e33766353db2_vessel_mask.png,vessel_skeletons/e33766353db2_skeleton.png,vessel_overlays/e33766353db2_overlay.png
e3b47ed5b511.png,False,0,,88.03794754793243,13.449162949047201,0.0,186.0,0.0007817431134222397,120.56756055613783,21.924354526990722,2.0,238.0,0.0005837015246886057,20.187742255938765,12.0,0.9005959679776511,1.0,True,True,False,863455,195931,24032,0.22691512586064125,0.027832371113723355,preprocessed_green_images/e3b47ed5b511_green_preprocessed.png,vessel_masks/e3b47ed5b511_vessel_mask.png,vessel_skeletons/e3b47ed5b511_skeleton.png,vessel_overlays/e3b47ed5b511_overlay.png
e3cd96cb094c.png,False,0,,84.87152523310603,20.344850841533546,0.0,255.0,2.977477413465371e-05,119.52464437754143,25.65587058883753,4.0,237.0,1.5564086479478074e-05,20.641539511190793,12.0,0.8999158247748591,1.0,True,True,False,1477761,547448,106112,0.37045773978336144,0.07180592802219032,preprocessed_green_images/e3cd96cb094c_green_preprocessed.png,vessel_masks/e3cd96cb094c_vessel_mask.png,vessel_skeletons/e3cd96cb094c_skeleton.png,vessel_overlays/e3cd96cb094c_overlay.png
e42d9a94a66d.png,False,1,mean_S,51.16949535502954,17.404377537171477,4.0,144.0,0.09525120970250811,127.0852806366234,21.03362185175752,24.0,250.0,3.091063118312335e-05,9.419392625726548,11.219357463176882,0.9656169656682655,1.0,True,True,False,5014456,1256495,156833,0.2505745388931521,0.03127617432479216,preprocessed_green_images/e42d9a94a66d_green_preprocessed.png,vessel_masks/e42d9a94a66d_vessel_mask.png,vessel_skeletons/e42d9a94a66d_skeleton.png,vessel_overlays/e42d9a94a66d_overlay.png
e47452069ea1.png,False,0,,71.92639539996618,20.45611422249198,0.0,251.0,1.894131574496871e-05,119.19805107390495,24.769023383813234,4.0,237.0,1.4882462371046846e-05,20.992357898716115,12.0,0.9016694196582353,1.0,True,True,False,1478250,367639,54995,0.24869879925587687,0.037202773549805515,preprocessed_green_images/e47452069ea1_green_preprocessed.png,vessel_masks/e47452069ea1_vessel_mask.png,vessel_skeletons/e47452069ea1_skeleton.png,vessel_overlays/e47452069ea1_overlay.png
e4a44f9158dc.png,False,0,,81.48592768043353,12.877420709286415,0.0,185.0,0.0008444319687096198,121.39591564031838,22.10210849461757,3.0,239.0,0.0005730074073386705,20.31489888313696,12.0,0.9018302923188226,1.0,True,True,False,862118,186565,19522,0.21640309099218435,0.022644231996084063,preprocessed_green_images/e4a44f9158dc_green_preprocessed.png,vessel_masks/e4a44f9158dc_vessel_mask.png,vessel_skeletons/e4a44f9158dc_skeleton.png,vessel_overlays/e4a44f9158dc_overlay.png
e4ae1ee6aada.png,False,0,,102.11031754015357,11.16651551757368,0.0,229.0,0.0008752790891547487,117.62740051360498,21.69771033823323,2.0,238.0,0.0007446231617115695,20.54831780111316,12.0,0.8983000977254988,1.0,False,True,False,864867,201703,28384,0.2332185179917837,0.032818918978293775,preprocessed_green_images/e4ae1ee6aada_green_preprocessed.png,vessel_masks/e4ae1ee6aada_vessel_mask.png,vessel_skeletons/e4ae1ee6aada_skeleton.png,vessel_overlays/e4ae1ee6aada_overlay.png
e4b0df29b96f.png,False,0,,95.13659203954208,8.867464084471479,0.0,169.0,0.000863884426835234,117.66797926214787,20.987375257057593,2.0,238.0,0.0006591889200750782,19.99609269254592,11.998437077018368,0.8988536406369217,1.0,False,True,False,864699,210178,35054,0.2430649277956838,0.0405389621128277,preprocessed_green_images/e4b0df29b96f_green_preprocessed.png,vessel_masks/e4b0df29b96f_vessel_mask.png,vessel_skeletons/e4b0df29b96f_skeleton.png,vessel_overlays/e4b0df29b96f_overlay.png
e4c799738a19.png,False,0,,94.3913130050242,9.711985536933685,0.0,185.0,0.001023361348429071,117.64255284665786,21.25173466675843,2.0,237.0,0.0008230881433632007,19.301295002716156,11.720518001086463,0.8989890821875338,1.0,False,True,False,863820,211075,33740,0.2443506749091246,0.03905906323076567,preprocessed_green_images/e4c799738a19_green_preprocessed.png,vessel_masks/e4c799738a19_vessel_mask.png,vessel_skeletons/e4c799738a19_skeleton.png,vessel_overlays/e4c799738a19_overlay.png
e4d3d437b0a8.png,False,0,,85.02536860893022,15.109166548317047,0.0,232.0,0.0005237225408555837,121.43777978802592,21.259180669419745,3.0,240.0,0.0003878566045360643,20.786827327394562,12.0,0.9022951005182097,1.0,True,True,False,861143,192437,23560,0.22346695032067845,0.027358986834939144,preprocessed_green_images/e4d3d437b0a8_green_preprocessed.png,vessel_masks/e4d3d437b0a8_vessel_mask.png,vessel_skeletons/e4d3d437b0a8_skeleton.png,vessel_overlays/e4d3d437b0a8_overlay.png
